data;horario;n_da_ocorrencia;tipo_de_ocorrencia;km;trecho;sentido;tipo_de_acidente;automovel;bicicleta;caminhao;moto;onibus;outros;tracao_animal;transporte_de_cargas_especiais;trator_maquinas;utilitarios;ilesos;levemente_feridos;moderadamente_feridos;gravemente_feridos;mortos
"18/04/2010";"06:35:00";"1399";"com vítima";"221.100";"BR-116/SC";"Norte";"Capotamento";1;0;0;0;0;0;0;0;0;0;0;1;0;0;0
"19/04/2010";"03:27:00";"1431";"com vítima";"119.400";"BR-116/PR";"Norte";"Colisão Traseira";1;0;1;0;0;0;0;0;0;0;1;2;0;0;0
"19/04/2010";"02:26:00";"1451";"sem vítima";"139.5";"BR-116/SC";"Sul";"Colisão Traseira";2;0;0;0;0;0;0;0;0;0;3;0;0;0;0
"19/04/2010";"02:35:00";"1452";"sem vítima";"150";"BR-116/PR";"Norte";"Queda de Moto";0;0;0;1;0;0;0;0;0;0;1;0;0;0;0
"19/04/2010";"03:14:00";"1455";"sem vítima";"177.800";"BR-116/PR";"Sul";"Choque - Objeto sobre a pista";0;0;0;0;0;0;0;0;0;1;1;0;0;0;0
"19/04/2010";"07:28:00";"1478";"sem vítima";"171.199";"BR-116/PR";"Norte";"Tombamento";0;0;1;0;0;0;0;0;0;0;1;0;0;0;0
"20/04/2010";"05:49:00";"1504";"com vítima";"116.300";"BR-116/PR";"Norte";"Colisão Transversal";0;0;0;2;0;0;0;0;0;0;0;1;0;1;0
"20/04/2010";"08:22:00";"1512";"sem vítima";"98.1999";"BR-116/SC";"Sul";"Objeto lançado contra veículo";0;0;2;0;0;0;0;0;0;0;2;0;0;0;0
"21/04/2010";"03:31:00";"1576";"sem vítima";"153";"BR-116/SC";"Sul";"Tombamento";0;0;1;0;0;0;0;0;0;0;1;0;0;0;0
"21/04/2010";"05:55:00";"1579";"com vítima";"101";"BR-116/SC";"Norte";"Colisão Lateral";0;0;2;0;0;0;0;0;0;0;1;1;0;0;0
"21/04/2010";"09:48:00";"1589";"com vítima";"184.199";"BR-116/PR";"Norte";"Saida de Pista";0;0;1;0;0;0;0;0;0;0;0;1;0;0;0
"21/04/2010";"11:51:00";"1602";"sem vítima";"176.199";"BR-116/SC";"Sul";"Saida de Pista";0;0;1;0;0;0;0;0;0;0;1;0;0;0;0
"21/04/2010";"12:02:00";"1604";"sem vítima";"176.399";"BR-116/SC";"Norte";"Outros";0;0;1;0;0;0;0;0;0;0;1;0;0;0;0
"21/04/2010";"12:08:00";"1605";"sem vítima";"203.699";"BR-116/SC";"Sul";"Saida de Pista";1;0;0;0;0;0;0;0;0;0;1;0;0;0;0
"21/04/2010";"12:30:00";"1606";"sem vítima";"272";"BR-116/SC";"Sul";"Outros";1;0;0;0;0;0;0;0;0;0;1;0;0;0;0
"21/04/2010";"01:35:00";"1610";"com vítima";"115.5";"BR-116/PR";"Sul";"Colisão Traseira";2;0;0;0;0;0;0;0;0;0;3;1;0;0;0
"21/04/2010";"03:52:00";"1621";"com vítima";"196.800";"BR-116/SC";"Sul";"Saida de Pista";0;0;1;0;0;0;0;0;0;0;0;1;0;0;0
"21/04/2010";"06:00:00";"1635";"sem vítima";"275.700";"BR-116/SC";"Norte";"Colisão Traseira";0;0;2;0;0;0;0;0;0;0;2;0;0;0;0
"21/04/2010";"06:02:00";"1634";"com vítima";"123.5";"BR-116/PR";"Norte";"Engavetamento";3;0;0;0;0;0;0;0;0;0;8;1;0;0;0
"21/04/2010";"06:16:00";"1636";"sem vítima";"187";"BR-116/PR";"Norte";"Choque - Veiculo parado na pista";1;0;1;0;0;0;0;0;0;0;5;0;0;0;0
"21/04/2010";"06:52:00";"1639";"com vítima";"4.5";"BR-116/SC";"Norte";"Colisão Transversal";1;0;1;0;0;0;0;0;0;0;5;1;0;0;0
"21/04/2010";"07:40:00";"1644";"com vítima";"114.199";"BR-116/SC";"Norte";"Saida de Pista";0;0;0;0;0;0;0;0;0;1;0;3;0;0;0
"21/04/2010";"10:03:00";"1651";"sem vítima";"183.300";"BR-116/SC";"Norte";"Saida de Pista";1;0;0;0;0;0;0;0;0;1;4;0;0;0;0
"22/04/2010";"07:23:00";"1671";"com vítima";"20.5";"BR-116/SC";"Sul";"Saida de Pista";1;0;0;0;0;0;0;0;0;0;0;1;0;0;0
"22/04/2010";"07:25:00";"1672";"sem vítima";"1.29999";"BR-116/SC";"Sul";"Saida de Pista";1;0;0;0;0;0;0;0;0;0;1;0;0;0;0
"22/04/2010";"09:32:00";"1678";"sem vítima";"162.199";"BR-116/SC";"Sul";"Saida de Pista";0;0;1;0;0;0;0;0;0;0;1;0;0;0;0
"22/04/2010";"12:09:00";"1691";"com vítima";"99";"BR-116/SC";"Norte";"Saida de Pista";1;0;0;0;0;0;0;0;0;0;0;1;0;0;0
"22/04/2010";"12:33:00";"1695";"sem vítima";"119.400";"BR-116/PR";"Sul";"Colisão Transversal";2;0;0;0;0;0;0;0;0;0;2;0;0;0;0
"22/04/2010";"01:05:00";"1697";"sem vítima";"170.100";"BR-116/SC";"Sul";"Saida de Pista";1;0;0;0;0;0;0;0;0;0;1;0;0;0;0
"22/04/2010";"01:21:00";"1698";"com vítima";"140.5";"BR-116/SC";"Sul";"Saida de Pista";1;0;0;0;0;0;0;0;0;0;0;0;1;0;0
"22/04/2010";"03:42:00";"1712";"sem vítima";"212";"BR-116/SC";"Sul";"Saida de Pista";1;0;0;0;0;0;0;0;0;0;1;0;0;0;0
"22/04/2010";"04:55:00";"1719";"sem vítima";"298.299";"BR-116/SC";"Sul";"Saida de Pista";0;0;0;0;0;0;0;0;0;1;2;0;0;0;0
"22/04/2010";"05:53:00";"1724";"com vítima";"131.899";"BR-116/PR";"Sul";"Colisão Transversal";1;0;0;0;0;0;0;0;0;1;3;1;0;0;0
"22/04/2010";"07:02:00";"1735";"com vítima";"120.900";"BR-116/PR";"Norte";"Colisão Transversal";0;0;1;1;0;0;0;0;0;0;2;0;0;0;1
"23/04/2010";"06:01:00";"1760";"sem vítima";"72";"BR-116/SC";"Sul";"Outros - Sequência";1;0;0;0;0;0;0;0;0;0;3;0;0;0;0
"23/04/2010";"08:58:00";"1776";"sem vítima";"126.300";"BR-116/PR";"Norte";"Choque - Veiculo parado na pista";1;0;0;0;0;0;0;0;0;1;3;0;0;0;0
"23/04/2010";"10:06:00";"1782";"com vítima";"113.099";"BR-116/SC";"Sul";"Saida de Pista";1;0;0;0;0;0;0;0;0;0;0;1;0;0;0
"23/04/2010";"11:19:00";"1786";"sem vítima";"129.199";"BR-116/PR";"Norte";"Colisão Lateral";0;0;2;0;0;0;0;0;0;0;3;0;0;0;0
"23/04/2010";"11:55:00";"1791";"sem vítima";"94";"BR-116/SC";"Norte";"Saida de Pista";1;0;0;0;0;0;0;0;0;0;3;0;0;0;0
"23/04/2010";"03:00:00";"1807";"com vítima";"152.600";"BR-116/PR";"Sul";"Colisão Transversal";1;0;1;0;0;0;0;0;0;0;1;1;1;0;0
"23/04/2010";"03:42:00";"1812";"com vítima";"9.5";"BR-116/SC";"Sul";"Colisão Transversal";2;0;0;0;0;0;0;0;0;0;2;2;0;0;0
"23/04/2010";"04:33:00";"1816";"sem vítima";"275.700";"BR-116/SC";"Sul";"Atropelamento de Animal";1;0;0;0;0;0;0;0;0;0;1;0;0;0;0
"23/04/2010";"04:45:00";"1820";"sem vítima";"118.300";"BR-116/PR";"Sul";"Colisão Transversal";2;0;0;0;0;0;0;0;0;0;8;0;0;0;0
"23/04/2010";"06:54:00";"1830";"sem vítima";"116.599";"BR-116/PR";"Sul";"Choque - Veiculo parado na pista";1;0;0;0;0;0;0;0;0;1;3;0;0;0;0
"23/04/2010";"07:22:00";"1831";"com vítima";"11";"BR-116/SC";"Norte";"Saida de Pista";1;0;0;0;0;0;0;0;0;0;0;1;0;0;0
"23/04/2010";"08:38:00";"1835";"sem vítima";"127.599";"BR-116/PR";"Sul";"Colisão Transversal";2;0;0;0;0;0;0;0;0;0;5;0;0;0;0
"23/04/2010";"09:22:00";"1837";"sem vítima";"163.5";"BR-116/PR";"Norte";"Saida de Pista";0;0;1;0;0;0;0;0;0;0;1;0;0;0;0
"23/04/2010";"10:02:00";"1839";"sem vítima";"209";"BR-116/PR";"Norte";"Colisão Transversal";1;0;1;0;0;0;0;0;0;0;2;0;0;0;0
"24/04/2010";"06:40:00";"1851";"sem vítima";"175";"BR-116/PR";"Norte";"Outros";0;0;1;0;0;0;0;0;0;1;2;0;0;0;0
"24/04/2010";"02:07:00";"1876";"sem vítima";"7";"BR-116/SC";"Norte";"Saida de Pista";0;0;1;0;0;0;0;0;0;0;1;0;0;0;0
"24/04/2010";"03:07:00";"1880";"sem vítima";"149.5";"BR-116/PR";"Sul";"Saida de Pista";0;0;1;0;0;0;0;0;0;0;3;0;0;0;0
"24/04/2010";"04:14:00";"1885";"sem vítima";"152.600";"BR-116/PR";"Sul";"Colisão Transversal";2;0;0;0;0;0;0;0;0;0;7;0;0;0;0
"24/04/2010";"04:46:00";"1889";"sem vítima";"148.699";"BR-116/PR";"Norte";"Colisão Lateral";2;0;0;0;0;0;0;0;0;0;2;0;0;0;0
"24/04/2010";"05:39:00";"1894";"sem vítima";"128.399";"BR-116/PR";"Norte";"Choque - Elemento de Drenagem";1;0;0;0;0;0;0;0;0;0;1;0;0;0;0
"24/04/2010";"07:28:00";"1902";"sem vítima";"12";"BR-116/SC";"Sul";"Atropelamento de Animal";1;0;0;0;0;0;0;0;0;0;1;0;0;0;0
"24/04/2010";"08:50:00";"1907";"com vítima";"163.800";"BR-116/PR";"Norte";"Colisão Frontal";1;0;1;0;0;0;0;0;0;0;1;2;0;0;0
"25/04/2010";"01:08:00";"1917";"sem vítima";"117.599";"BR-116/SC";"Sul";"Saida de Pista";1;0;0;0;0;0;0;0;0;0;1;0;0;0;0
"25/04/2010";"02:11:00";"1943";"sem vítima";"206";"BR-116/PR";"Norte";"Objeto lançado contra veículo";1;0;0;0;0;1;0;0;0;0;2;0;0;0;0
"25/04/2010";"02:42:00";"1946";"sem vítima";"169.100";"BR-116/PR";"Norte";"Saida de Pista";1;0;0;0;0;0;0;0;0;0;3;0;0;0;0
"25/04/2010";"06:00:00";"1973";"sem vítima";"129.600";"BR-116/PR";"Norte";"Colisão Transversal";1;0;0;0;0;1;0;0;0;0;2;0;0;0;0
"25/04/2010";"07:50:00";"1982";"com vítima";"127.5";"BR-116/PR";"Sul";"Colisão Transversal";2;0;0;0;0;0;0;0;0;0;2;2;0;0;0
"26/04/2010";"11:04:00";"2030";"sem vítima";"21";"BR-116/SC";"Norte";"Objeto lançado contra veículo";0;0;1;0;0;0;0;0;0;0;1;0;0;0;0
"26/04/2010";"01:17:00";"2039";"sem vítima";"39";"BR-116/SC";"Sul";"Objeto lançado contra veículo";0;0;1;0;0;0;0;0;0;0;1;0;0;0;0
"26/04/2010";"01:53:00";"2044";"sem vítima";"201";"BR-116/SC";"Sul";"Saida de Pista";0;0;0;0;0;0;0;0;0;1;1;0;0;0;0
"26/04/2010";"03:11:00";"2050";"sem vítima";"274.899";"BR-116/SC";"Norte";"Saida de Pista";0;0;1;0;0;0;0;0;0;0;1;0;0;0;0
"26/04/2010";"03:34:00";"2052";"sem vítima";"233";"BR-116/SC";"Sul";"Choque - Defensa, barreira ou "submarino"";0;0;0;0;0;1;0;0;0;0;1;0;0;0;0
"26/04/2010";"04:22:00";"2054";"sem vítima";"73";"BR-116/SC";"Sul";"Objeto lançado contra veículo";0;0;1;0;0;0;0;0;0;0;1;0;0;0;0
"26/04/2010";"05:33:00";"2061";"sem vítima";"42";"BR-116/SC";"Sul";"Choque - Suporte de Sinalização";0;0;0;0;0;0;0;0;0;1;3;0;0;0;0
"26/04/2010";"06:14:00";"2065";"sem vítima";"209";"BR-116/PR";"Sul";"Colisão Transversal";1;0;1;0;0;0;0;0;0;0;2;0;0;0;0
"26/04/2010";"06:34:00";"2066";"sem vítima";"233";"BR-116/SC";"Sul";"Colisão Traseira";1;0;0;0;0;0;0;0;0;1;2;0;0;0;0
"26/04/2010";"06:46:00";"2069";"sem vítima";"255.600";"BR-116/SC";"Sul";"Engavetamento";1;0;3;0;0;0;0;0;0;0;5;0;0;0;0
"26/04/2010";"07:01:00";"2072";"sem vítima";"255.399";"BR-116/SC";"Sul";"Choque - Veiculo parado na pista";0;0;2;0;0;0;0;0;0;0;2;0;0;0;0
"27/04/2010";"06:45:00";"2106";"sem vítima";"119.400";"BR-116/PR";"Norte";"Colisão Transversal";2;0;0;0;0;0;0;0;0;0;2;0;0;0;0
"27/04/2010";"06:51:00";"2107";"sem vítima";"208";"BR-116/PR";"Norte";"Atropelamento de Animal";1;0;0;0;0;0;0;0;0;0;1;0;0;0;0
"27/04/2010";"09:17:00";"2115";"sem vítima";"5.5";"BR-116/SC";"Sul";"Colisão Transversal";2;0;0;0;0;0;0;0;0;0;2;0;0;0;0
"27/04/2010";"02:56:00";"2141";"com vítima";"126.300";"BR-116/SC";"Sul";"Colisão Lateral";1;0;0;1;0;0;0;0;0;0;1;0;1;0;0
"28/04/2010";"04:58:00";"2196";"com vítima";"157.5";"BR-116/PR";"Sul";"Colisão Lateral";0;0;1;1;0;0;0;0;0;0;1;0;0;1;0
"28/04/2010";"04:13:00";"2234";"sem vítima";"205";"BR-116/PR";"Norte";"Objeto lançado contra veículo";0;0;0;0;0;0;0;0;0;1;2;0;0;0;0
"28/04/2010";"08:52:00";"2256";"sem vítima";"142.5";"BR-116/PR";"Sul";"Saida de Pista";1;0;0;0;0;0;0;0;0;0;3;0;0;0;0
"28/04/2010";"11:55:00";"2264";"sem vítima";"176";"BR-116/PR";"Norte";"Colisão Lateral";0;0;2;0;0;0;0;0;0;0;2;0;0;0;0
"29/04/2010";"03:11:00";"2270";"com vítima";"5.40000";"BR-116/SC";"Sul";"Colisão Traseira";1;0;1;0;0;0;0;0;0;0;1;1;0;0;0
"29/04/2010";"04:34:00";"2271";"sem vítima";"2.29999";"BR-116/SC";"Sul";"Choque - Defensa, barreira ou "submarino"";1;0;0;0;0;0;0;0;0;0;1;0;0;0;0
"29/04/2010";"06:37:00";"2275";"sem vítima";"119.400";"BR-116/PR";"Sul";"Colisão Transversal";1;0;0;0;0;0;0;0;0;1;2;0;0;0;0
"29/04/2010";"08:29:00";"2281";"sem vítima";"134.399";"BR-116/PR";"Sul";"Colisão Traseira";1;0;0;0;0;0;0;0;0;1;2;0;0;0;0
"29/04/2010";"01:11:00";"2294";"sem vítima";"82";"BR-116/SC";"Norte";"Choque - Cancela de Pedagio";0;0;1;0;0;0;0;0;0;0;1;0;0;0;0
"29/04/2010";"02:00:00";"2297";"sem vítima";"129.800";"BR-116/SC";"Norte";"Colisão Transversal";0;0;2;0;0;0;0;0;0;0;2;0;0;0;0
"29/04/2010";"02:33:00";"2300";"com vítima";"216.600";"BR-116/SC";"Sul";"Queda de Moto";0;0;0;1;0;0;0;0;0;0;0;1;0;0;0
"29/04/2010";"06:20:00";"2315";"sem vítima";"117.5";"BR-116/PR";"Sul";"Colisão Traseira";0;0;1;0;0;0;0;0;0;1;3;0;0;0;0
"29/04/2010";"07:49:00";"2323";"sem vítima";"152";"BR-116/SC";"Sul";"Choque - Objeto sobre a pista";1;0;0;0;0;0;0;0;0;0;1;0;0;0;0
"30/04/2010";"03:21:00";"2354";"sem vítima";"204";"BR-116/PR";"Sul";"Choque - Outros";0;0;1;0;0;0;0;0;0;0;1;0;0;0;0
"30/04/2010";"08:19:00";"2359";"sem vítima";"117.599";"BR-116/PR";"Norte";"Colisão Traseira";2;0;0;0;0;0;0;0;0;0;5;0;0;0;0
"30/04/2010";"10:19:00";"2366";"sem vítima";"132.5";"BR-116/PR";"Sul";"Colisão Traseira";2;0;0;0;0;0;0;0;0;0;3;0;0;0;0
"30/04/2010";"12:21:00";"2377";"sem vítima";"142";"BR-116/PR";"Norte";"Colisão Lateral";1;0;1;0;0;0;0;0;0;0;2;0;0;0;0
"30/04/2010";"12:35:00";"2378";"sem vítima";"126";"BR-116/PR";"Sul";"Choque - Veiculo parado na pista";1;0;1;0;0;0;0;0;0;0;2;0;0;0;0
"30/04/2010";"06:30:00";"2403";"sem vítima";"120.699";"BR-116/PR";"Norte";"Choque - Veiculo parado na pista";2;0;0;0;0;0;0;0;0;0;2;0;0;0;0
"30/04/2010";"07:14:00";"2406";"sem vítima";"159";"BR-116/SC";"Sul";"Saida de Pista";1;0;0;0;0;0;0;0;0;0;1;0;0;0;0
"30/04/2010";"08:37:00";"2412";"sem vítima";"152.399";"BR-116/PR";"Sul";"Atropelamento de Animal";1;0;0;0;0;0;0;0;0;0;4;0;0;0;0
"30/04/2010";"09:02:00";"2416";"com vítima";"159.5";"BR-116/PR";"Sul";"Atropelamento - Usuário";0;0;0;1;0;0;0;0;0;0;1;0;1;0;0
"30/04/2010";"10:33:00";"2420";"sem vítima";"124";"BR-116/SC";"Norte";"Choque - Objeto sobre a pista";1;0;0;0;0;0;0;0;0;0;1;0;0;0;0
"30/04/2010";"11:21:00";"2424";"com vítima";"59.9000";"BR-116/SC";"Norte";"Colisão Lateral";2;0;0;0;0;0;0;0;0;0;4;0;1;0;0
"01/05/2010";"12:16:00";"1";"sem vítima";"123.300";"BR-116/PR";"Sul";"Colisão Traseira";1;0;0;0;0;1;0;0;0;0;2;0;0;0;0
"01/05/2010";"05:12:00";"8";"sem vítima";"158.899";"BR-116/PR";"Norte";"Colisão Traseira";0;0;2;0;0;0;0;0;0;0;2;0;0;0;0
"01/05/2010";"05:33:00";"9";"sem vítima";"127";"BR-116/PR";"Sul";"Colisão Traseira";1;0;1;0;0;0;0;0;0;0;3;0;0;0;0
"01/05/2010";"06:01:00";"12";"sem vítima";"44.7999";"BR-116/SC";"Norte";"Saida de Pista";0;0;1;0;0;0;0;0;0;0;1;0;0;0;0
"01/05/2010";"02:28:00";"40";"sem vítima";"262.700";"BR-116/SC";"Norte";"Saida de Pista";1;0;0;0;0;0;0;0;0;0;1;0;0;0;0
"01/05/2010";"06:09:00";"55";"sem vítima";"205.199";"BR-116/SC";"Sul";"Outros";0;0;1;0;0;0;0;0;0;0;2;0;0;0;0
"01/05/2010";"08:52:00";"60";"com vítima";"309.600";"BR-116/SC";"Sul";"Saida de Pista";1;0;0;0;0;0;0;0;0;0;0;0;1;0;0
"02/05/2010";"02:20:00";"82";"com vítima";"155";"BR-116/SC";"Sul";"Tombamento";0;0;1;0;0;0;0;0;0;0;0;0;1;0;0
"02/05/2010";"04:55:00";"86";"com vítima";"235.399";"BR-116/SC";"Sul";"Atropelamento - Usuário";0;0;0;0;0;1;0;0;0;0;1;0;0;1;0
"02/05/2010";"05:00:00";"88";"com vítima";"116.199";"BR-116/PR";"Norte";"Colisão Transversal";2;0;0;0;0;0;0;0;0;0;6;1;0;0;0
"02/05/2010";"09:08:00";"103";"sem vítima";"145.899";"BR-116/PR";"Norte";"Saida de Pista";1;0;0;0;0;0;0;0;0;0;1;0;0;0;0
"02/05/2010";"04:10:00";"131";"sem vítima";"118.699";"BR-116/PR";"Sul";"Colisão Transversal";2;0;0;0;0;0;0;0;0;0;3;0;0;0;0
"02/05/2010";"04:23:00";"133";"sem vítima";"118.900";"BR-116/PR";"Sul";"Colisão Traseira";1;0;0;1;0;0;0;0;0;0;3;0;0;0;0
"02/05/2010";"06:13:00";"144";"sem vítima";"124.099";"BR-116/PR";"Norte";"Engavetamento";5;0;0;0;0;0;0;0;0;0;18;0;0;0;0
"02/05/2010";"06:45:00";"148";"com vítima";"123.400";"BR-116/PR";"Sul";"Colisão Traseira";1;0;0;1;0;0;0;0;0;0;3;1;0;0;0
"02/05/2010";"08:50:00";"167";"sem vítima";"206.300";"BR-116/SC";"Norte";"Tombamento";1;0;0;0;0;0;0;0;0;0;1;0;0;0;0
"02/05/2010";"09:19:00";"170";"com vítima";"125";"BR-116/PR";"Norte";"Choque - Outros";1;0;0;0;0;0;0;0;0;0;0;2;0;0;0
"03/05/2010";"12:20:00";"179";"sem vítima";"192.100";"BR-116/SC";"Norte";"Atropelamento de Animal";0;0;2;0;0;0;0;0;0;0;2;0;0;0;0
"03/05/2010";"07:52:00";"194";"sem vítima";"118.099";"BR-116/PR";"Norte";"Colisão Transversal";2;0;0;0;0;0;0;0;0;0;4;0;0;0;0
"03/05/2010";"07:59:00";"195";"com vítima";"120.599";"BR-116/PR";"Norte";"Colisão Transversal";0;0;0;1;0;0;0;0;0;1;1;0;1;0;0
"03/05/2010";"01:17:00";"215";"sem vítima";"127.5";"BR-116/PR";"Sul";"Colisão Transversal";0;0;1;0;1;0;0;0;0;0;29;0;0;0;0
"03/05/2010";"04:02:00";"229";"sem vítima";"134";"BR-116/PR";"Sul";"Choque - Cancela de Pedagio";1;0;0;0;0;0;0;0;0;0;1;0;0;0;0
"03/05/2010";"04:23:00";"230";"sem vítima";"145";"BR-116/SC";"Sul";"Colisão Traseira";1;0;1;0;0;0;0;0;0;0;3;0;0;0;0
"03/05/2010";"08:27:00";"238";"sem vítima";"122.5";"BR-116/PR";"Sul";"Colisão Lateral";2;0;0;0;0;0;0;0;0;0;5;0;0;0;0
"04/05/2010";"09:25:00";"262";"sem vítima";"127.5";"BR-116/PR";"Sul";"Colisão Lateral";1;0;1;0;0;0;0;0;0;0;4;0;0;0;0
"04/05/2010";"12:07:00";"268";"com vítima";"225.800";"BR-116/SC";"Norte";"Colisão Traseira";2;0;0;0;0;0;0;0;0;0;2;1;0;0;0
"04/05/2010";"04:18:00";"285";"sem vítima";"306";"BR-116/SC";"Norte";"Objeto lançado contra veículo";1;0;0;0;0;0;0;0;0;0;1;0;0;0;0
"04/05/2010";"06:21:00";"292";"com vítima";"219.800";"BR-116/SC";"Sul";"Colisão Transversal";1;1;0;0;0;0;0;0;0;0;2;0;1;0;0
"04/05/2010";"10:48:00";"311";"sem vítima";"122.900";"BR-116/PR";"Sul";"Queda de Moto";0;0;0;1;0;0;0;0;0;0;2;0;0;0;0
"04/05/2010";"11:00:00";"313";"sem vítima";"247.399";"BR-116/SC";"Sul";"Saida de Pista";1;0;0;0;0;0;0;0;0;0;1;0;0;0;0
"05/05/2010";"09:30:00";"335";"com vítima";"127.5";"BR-116/PR";"Sul";"Colisão Transversal";2;0;0;0;0;0;0;0;0;0;2;0;2;0;0
"05/05/2010";"02:11:00";"351";"sem vítima";"121";"BR-116/PR";"Norte";"Colisão Traseira";1;0;0;0;0;0;0;0;0;1;5;0;0;0;0
"05/05/2010";"03:03:00";"356";"com vítima";"85.1999";"BR-116/SC";"Sul";"Saida de Pista";0;0;1;0;0;0;0;0;0;0;0;1;0;0;0
"05/05/2010";"03:34:00";"358";"sem vítima";"125.300";"BR-116/PR";"Sul";"Colisão Lateral";1;0;0;0;1;0;0;0;0;0;41;0;0;0;0
"05/05/2010";"05:05:00";"370";"sem vítima";"179.199";"BR-116/SC";"Norte";"Colisão Lateral";0;0;0;0;2;0;0;0;0;0;5;0;0;0;0
"05/05/2010";"07:49:00";"383";"sem vítima";"158";"BR-116/SC";"Norte";"Colisão Lateral";0;0;1;0;0;0;0;0;0;0;1;0;0;0;0
"05/05/2010";"11:23:00";"391";"com vítima";"167";"BR-116/SC";"Sul";"Colisão Frontal";1;0;1;0;0;0;0;0;0;0;1;1;0;0;0
"06/05/2010";"06:23:00";"397";"com vítima";"129.300";"BR-116/PR";"Norte";"Colisão Transversal";0;1;0;1;0;0;0;0;0;0;0;1;0;0;1
"06/05/2010";"11:25:00";"411";"sem vítima";"125.800";"BR-116/PR";"Norte";"Colisão Lateral";2;0;0;0;0;0;0;0;0;0;3;0;0;0;0
"06/05/2010";"02:42:00";"422";"sem vítima";"130";"BR-116/SC";"Sul";"Colisão Traseira";0;0;2;0;0;0;0;0;0;0;5;0;0;0;0
"06/05/2010";"03:13:00";"428";"sem vítima";"12.3000";"BR-116/SC";"Norte";"Colisão Transversal";0;0;2;0;0;0;0;0;0;0;3;0;0;0;0
"06/05/2010";"06:18:00";"437";"com vítima";"141.899";"BR-116/PR";"Norte";"Atropelamento - Morador";1;0;0;0;0;0;0;0;0;0;1;0;0;0;1
"06/05/2010";"07:30:00";"443";"sem vítima";"93.1999";"BR-116/SC";"Sul";"Colisão Traseira";1;0;1;0;0;0;0;0;0;0;5;0;0;0;0
"07/05/2010";"08:15:00";"467";"sem vítima";"203.699";"BR-116/PR";"Norte";"Colisão Lateral";0;0;2;0;0;0;0;0;0;0;2;0;0;0;0
"07/05/2010";"09:11:00";"474";"sem vítima";"266.200";"BR-116/SC";"Norte";"Choque - Talude";1;0;1;0;0;0;0;0;0;0;2;0;0;0;0
"07/05/2010";"11:23:00";"483";"sem vítima";"82";"BR-116/SC";"Norte";"Colisão Traseira";1;0;1;0;0;0;0;0;0;0;2;0;0;0;0
"07/05/2010";"02:02:00";"497";"sem vítima";"59.2999";"BR-116/SC";"Norte";"Saida de Pista";1;0;0;0;0;0;0;0;0;0;1;0;0;0;0
"07/05/2010";"04:26:00";"505";"sem vítima";"119.5";"BR-116/PR";"Sul";"Colisão Traseira";2;0;0;0;0;0;0;0;0;0;6;0;0;0;0
"07/05/2010";"04:50:00";"509";"sem vítima";"254.600";"BR-116/SC";"Sul";"Colisão Frontal";2;0;0;0;0;0;0;0;0;0;5;0;0;0;0
"07/05/2010";"06:32:00";"516";"sem vítima";"117.400";"BR-116/PR";"Sul";"Colisão Lateral";1;0;1;0;0;0;0;0;0;0;5;0;0;0;0
"07/05/2010";"06:34:00";"517";"sem vítima";"153";"BR-116/PR";"Norte";"Colisão Traseira";2;0;0;1;0;0;0;0;0;0;3;0;0;0;0
"07/05/2010";"06:41:00";"518";"sem vítima";"246.100";"BR-116/SC";"Norte";"Colisão Transversal";1;0;0;0;0;0;0;0;0;1;5;0;0;0;0
"07/05/2010";"07:00:00";"520";"sem vítima";"141";"BR-116/SC";"Sul";"Saida de Pista";1;0;0;0;0;0;0;0;0;0;1;0;0;0;0
"07/05/2010";"07:22:00";"523";"sem vítima";"115.099";"BR-116/PR";"Sul";"Engavetamento";4;0;0;0;0;0;0;0;0;1;5;0;0;0;0
"07/05/2010";"07:43:00";"525";"com vítima";"128";"BR-116/PR";"Norte";"Colisão Transversal";2;0;0;0;0;0;0;0;0;0;0;1;1;0;0
"07/05/2010";"08:17:00";"530";"sem vítima";"139.800";"BR-116/SC";"Norte";"Colisão Transversal";2;0;0;0;0;0;0;0;0;0;3;0;0;0;0
"08/05/2010";"01:39:00";"550";"sem vítima";"142";"BR-116/PR";"Sul";"Saida de Pista";1;0;0;0;0;0;0;0;0;0;5;0;0;0;0
"08/05/2010";"02:56:00";"554";"sem vítima";"116.199";"BR-116/PR";"Sul";"Saida de Pista";1;0;0;0;0;0;0;0;0;0;1;0;0;0;0
"08/05/2010";"09:25:00";"563";"sem vítima";"209.399";"BR-116/PR";"Norte";"Colisão Transversal";1;0;0;0;0;1;0;0;0;0;2;0;0;0;0
"08/05/2010";"05:45:00";"595";"sem vítima";"266.899";"BR-116/SC";"Norte";"Atropelamento de Animal";0;0;0;0;1;0;0;0;0;0;1;0;0;0;0
"08/05/2010";"07:24:00";"604";"com vítima";"226.199";"BR-116/SC";"Norte";"Saida de Pista";1;0;0;0;0;0;0;0;0;0;2;1;0;0;0
"08/05/2010";"07:35:00";"607";"sem vítima";"163.300";"BR-116/PR";"Sul";"Saida de Pista";1;0;0;0;0;0;0;0;0;0;1;0;0;0;0