data;horario;n_da_ocorrencia;tipo_de_ocorrencia;km;trecho;sentido;tipo_de_acidente;automovel;bicicleta;caminhao;moto;onibus;outros;tracao_animal;transporte_de_cargas_especiais;trator_maquinas;utilitarios;ilesos;levemente_feridos;moderadamente_feridos;gravemente_feridos;mortos
"08/05/2010";"08:28:00";"611";"sem vítima";"141.800";"BR-116/PR";"Norte";"Saida de Pista";1;0;0;0;0;0;0;0;0;0;1;0;0;0;0
"09/05/2010";"04:14:00";"632";"com vítima";"6.40000";"BR-116/SC";"Sul";"Saida de Pista";1;0;0;0;0;0;0;0;0;0;0;2;0;0;0
"09/05/2010";"06:38:00";"636";"com vítima";"180.800";"BR-116/SC";"Norte";"Saida de Pista";1;0;0;0;0;0;0;0;0;0;1;2;0;0;0
"09/05/2010";"07:48:00";"638";"com vítima";"116.300";"BR-116/PR";"Sul";"Atropelamento - Morador";1;0;0;0;0;0;0;0;0;0;3;0;0;1;0
"09/05/2010";"10:43:00";"651";"com vítima";"160.699";"BR-116/PR";"Norte";"Colisão Frontal";2;0;0;0;0;0;0;0;0;0;0;5;0;0;0
"09/05/2010";"02:53:00";"665";"sem vítima";"112";"BR-116/SC";"Norte";"Atropelamento de Animal";1;0;0;0;0;0;0;0;0;0;1;0;0;0;0
"09/05/2010";"05:27:00";"685";"sem vítima";"117.400";"BR-116/PR";"Sul";"Saida de Pista";1;0;0;0;0;0;0;0;0;0;1;0;0;0;0
"09/05/2010";"05:47:00";"686";"sem vítima";"12.3000";"BR-116/SC";"Sul";"Colisão Transversal";2;0;0;0;0;0;0;0;0;0;5;0;0;0;0
"09/05/2010";"08:44:00";"702";"sem vítima";"61";"BR-116/SC";"Norte";"Atropelamento de Animal";1;0;0;0;0;0;0;0;0;0;1;0;0;0;0
"09/05/2010";"08:52:00";"703";"com vítima";"197.699";"BR-116/PR";"Norte";"Colisão Lateral";0;0;3;0;0;0;0;0;0;0;3;0;0;0;1
"09/05/2010";"09:17:00";"706";"com vítima";"122";"BR-116/PR";"Sul";"Colisão Lateral";1;0;0;1;0;0;0;0;0;0;1;1;0;0;0
"10/05/2010";"12:23:00";"717";"sem vítima";"133";"BR-116/PR";"Sul";"Choque - Veiculo parado na pista";1;0;1;0;0;0;0;0;0;0;2;0;0;0;0
"10/05/2010";"08:13:00";"737";"sem vítima";"178.199";"BR-116/SC";"Norte";"Colisão Traseira";2;0;0;0;0;0;0;0;0;0;2;0;0;0;0
"10/05/2010";"02:35:00";"764";"sem vítima";"116.199";"BR-116/PR";"Norte";"Colisão Transversal";3;0;0;0;0;0;0;0;0;0;3;0;0;0;0
"10/05/2010";"06:48:00";"798";"sem vítima";"186";"BR-116/PR";"Sul";"Colisão Lateral";1;0;1;0;0;0;0;0;0;0;3;0;0;0;0
"11/05/2010";"08:29:00";"826";"com vítima";"211";"BR-116/SC";"Sul";"Saida de Pista";0;0;0;1;0;0;0;0;0;0;0;0;1;0;0
"11/05/2010";"10:47:00";"839";"sem vítima";"229";"BR-116/SC";"Sul";"Objeto lançado contra veículo";1;0;0;0;0;0;0;0;0;0;1;0;0;0;0
"11/05/2010";"11:38:00";"840";"sem vítima";"121.800";"BR-116/PR";"Sul";"Colisão Traseira";0;0;2;0;0;0;0;0;0;1;4;0;0;0;0
"11/05/2010";"12:44:00";"847";"sem vítima";"210";"BR-116/SC";"Sul";"Saida de Pista";1;0;0;0;0;0;0;0;0;0;5;0;0;0;0
"11/05/2010";"05:17:00";"862";"sem vítima";"184.699";"BR-116/SC";"Norte";"Colisão Transversal";0;0;2;0;0;0;0;0;0;0;4;0;0;0;0
"11/05/2010";"05:38:00";"863";"sem vítima";"127.800";"BR-116/PR";"Norte";"Colisão Traseira";1;0;1;0;0;0;0;0;0;0;3;0;0;0;0
"11/05/2010";"08:09:00";"874";"com vítima";"161.399";"BR-116/PR";"Norte";"Saida de Pista";2;0;0;0;0;0;0;0;0;0;1;1;0;0;0
"11/05/2010";"08:21:00";"875";"com vítima";"246.199";"BR-116/SC";"Norte";"Colisão Lateral";2;0;0;0;0;0;0;0;0;0;0;4;0;0;0
"11/05/2010";"11:26:00";"887";"sem vítima";"158";"BR-116/PR";"Norte";"Choque - Suporte de Sinalização";1;0;0;0;0;0;0;0;0;0;1;0;0;0;0
"12/05/2010";"01:38:00";"918";"sem vítima";"247.899";"BR-116/SC";"Sul";"Colisão Traseira";2;0;0;0;0;0;0;0;0;0;2;0;0;0;0
"12/05/2010";"05:33:00";"933";"sem vítima";"23.9500";"BR-116/SC";"Sul";"Colisão Traseira";2;0;0;0;0;0;0;0;0;0;3;0;0;0;0
"12/05/2010";"05:54:00";"936";"com vítima";"7";"BR-116/SC";"Sul";"Colisão Transversal";1;0;1;0;0;0;0;0;0;0;1;1;0;0;0
"13/05/2010";"07:32:00";"975";"com vítima";"115.699";"BR-116/PR";"Norte";"Atropelamento - Usuário";0;0;0;1;0;0;0;0;0;0;1;1;0;0;0
"13/05/2010";"07:40:00";"977";"com vítima";"52.0999";"BR-116/SC";"Norte";"Colisão Traseira";0;0;1;1;0;0;0;0;0;0;2;0;0;0;1
"13/05/2010";"12:08:00";"989";"sem vítima";"67.5999";"BR-116/SC";"Norte";"Saida de Pista";0;0;1;0;0;0;0;0;0;0;1;0;0;0;0
"13/05/2010";"12:43:00";"991";"com vítima";"254.600";"BR-116/SC";"Norte";"Colisão Transversal";1;0;0;0;0;0;0;0;0;1;2;0;0;0;1
"13/05/2010";"02:00:00";"994";"com vítima";"129.899";"BR-116/SC";"Sul";"Capotamento";2;0;0;0;0;0;0;0;0;0;1;0;1;1;0
"13/05/2010";"05:02:00";"1013";"sem vítima";"124.800";"BR-116/SC";"Sul";"Engavetamento";1;0;2;0;0;0;0;0;0;0;3;0;0;0;0
"13/05/2010";"09:29:00";"1026";"sem vítima";"68";"BR-116/SC";"Sul";"Objeto lançado contra veículo";0;0;1;0;0;0;0;0;0;0;1;0;0;0;0
"13/05/2010";"09:49:00";"1027";"sem vítima";"68";"BR-116/SC";"Sul";"Objeto lançado contra veículo";1;0;0;0;0;0;0;0;0;0;3;0;0;0;0
"14/05/2010";"03:28:00";"1073";"sem vítima";"46";"BR-116/SC";"Norte";"Objeto lançado contra veículo";1;0;0;0;0;0;0;0;0;0;1;0;0;0;0
"14/05/2010";"06:10:00";"1085";"sem vítima";"183.5";"BR-116/SC";"Sul";"Objeto lançado contra veículo";1;0;0;0;0;0;0;0;0;0;1;0;0;0;0
"14/05/2010";"08:05:00";"1090";"sem vítima";"152.5";"BR-116/PR";"Norte";"Colisão Traseira";2;0;0;0;0;0;0;0;0;0;7;0;0;0;0
"14/05/2010";"08:52:00";"1092";"com vítima";"128.199";"BR-116/PR";"Norte";"Colisão Traseira";0;0;0;1;1;0;0;0;0;0;5;1;0;0;0
"14/05/2010";"10:38:00";"1099";"com vítima";"211.300";"BR-116/PR";"Norte";"Saida de Pista";1;0;0;0;0;0;0;0;0;0;0;1;0;0;0
"15/05/2010";"06:54:00";"1120";"com vítima";"133.800";"BR-116/SC";"Norte";"Saida de Pista";1;0;0;0;0;0;0;0;0;0;0;1;0;0;0
"15/05/2010";"10:20:00";"1134";"sem vítima";"128.5";"BR-116/PR";"Norte";"Objeto lançado contra veículo";0;0;0;0;0;0;0;0;0;1;3;0;0;0;0
"15/05/2010";"05:53:00";"1171";"sem vítima";"20";"BR-116/SC";"Norte";"Colisão Transversal";1;0;1;0;0;0;0;0;0;0;5;0;0;0;0
"15/05/2010";"07:33:00";"1178";"sem vítima";"124.400";"BR-116/PR";"Norte";"Saida de Pista";1;0;0;0;0;0;0;0;0;0;1;0;0;0;0
"15/05/2010";"10:13:00";"1188";"com vítima";"122.5";"BR-116/PR";"Norte";"Colisão Frontal";1;1;0;0;0;0;0;0;0;0;3;0;0;1;0
"16/05/2010";"05:33:00";"1204";"sem vítima";"155.5";"BR-116/PR";"Sul";"Saida de Pista";1;0;0;0;0;0;0;0;0;0;1;0;0;0;0
"16/05/2010";"02:08:00";"1229";"sem vítima";"14";"BR-116/SC";"Sul";"Choque - Objeto sobre a pista";1;0;0;0;0;0;0;0;0;0;2;0;0;0;0
"16/05/2010";"03:00:00";"1231";"com vítima";"131.899";"BR-116/PR";"Norte";"Colisão Transversal";2;0;0;0;0;0;0;0;0;0;4;1;0;0;0
"16/05/2010";"05:01:00";"1240";"sem vítima";"119.699";"BR-116/PR";"Norte";"Colisão Traseira";1;0;1;0;0;0;0;0;0;0;4;0;0;0;0
"16/05/2010";"07:11:00";"1250";"sem vítima";"124";"BR-116/PR";"Norte";"Colisão Traseira";2;0;0;0;0;0;0;0;0;0;3;0;0;0;0
"16/05/2010";"08:00:00";"1254";"com vítima";"284.5";"BR-116/SC";"Norte";"Saida de Pista";1;0;0;0;0;0;0;0;0;0;1;1;0;0;0
"16/05/2010";"09:36:00";"1256";"sem vítima";"155.399";"BR-116/SC";"Norte";"Saida de Pista";1;0;0;0;0;0;0;0;0;0;2;0;0;0;0
"17/05/2010";"07:07:00";"1276";"sem vítima";"5.80000";"BR-116/SC";"Sul";"Colisão Transversal";1;0;1;0;0;0;0;0;0;0;3;0;0;0;0
"17/05/2010";"08:08:00";"1280";"sem vítima";"144";"BR-116/PR";"Norte";"Colisão Traseira";1;0;0;0;0;1;0;0;0;0;2;0;0;0;0
"17/05/2010";"08:47:00";"1283";"sem vítima";"124";"BR-116/PR";"Norte";"Colisão Lateral";1;0;0;0;0;0;0;0;0;1;2;0;0;0;0
"17/05/2010";"10:21:00";"1288";"sem vítima";"166.100";"BR-116/PR";"Norte";"Colisão Transversal";1;0;1;0;0;0;0;0;0;0;5;0;0;0;0
"17/05/2010";"08:33:00";"1326";"sem vítima";"106.199";"BR-116/SC";"Norte";"Saida de Pista";1;0;0;0;0;0;0;0;0;0;1;0;0;0;0
"17/05/2010";"09:39:00";"1331";"sem vítima";"163.399";"BR-116/SC";"Sul";"Saida de Pista";1;0;0;0;0;0;0;0;0;0;3;0;0;0;0
"18/05/2010";"12:18:00";"1336";"sem vítima";"20.2999";"BR-116/SC";"Norte";"Tombamento";1;0;0;0;0;0;0;0;0;0;1;0;0;0;0
"18/05/2010";"03:25:00";"1339";"com vítima";"1.39999";"BR-116/SC";"Sul";"Choque - Defensa, barreira ou "submarino"";1;0;0;0;0;0;0;0;0;0;0;1;0;0;0
"18/05/2010";"08:56:00";"1353";"sem vítima";"161.399";"BR-116/SC";"Sul";"Saida de Pista";1;0;0;0;0;0;0;0;0;0;1;0;0;0;0
"18/05/2010";"09:18:00";"1354";"sem vítima";"141.5";"BR-116/PR";"Norte";"Objeto lançado contra veículo";1;0;0;0;0;0;0;0;0;0;1;0;0;0;0
"18/05/2010";"09:50:00";"1359";"sem vítima";"184.5";"BR-116/SC";"Norte";"Colisão Transversal";2;0;0;0;0;0;0;0;0;0;5;0;0;0;0
"18/05/2010";"01:37:00";"1382";"sem vítima";"193.5";"BR-116/PR";"Sul";"Colisão Traseira";0;0;2;0;0;0;0;0;0;0;2;0;0;0;0
"18/05/2010";"03:37:00";"1394";"sem vítima";"158.699";"BR-116/PR";"Norte";"Colisão Traseira";0;0;1;0;0;0;0;0;0;1;4;0;0;0;0
"18/05/2010";"08:41:00";"1417";"sem vítima";"105";"BR-116/SC";"Sul";"Choque - Objeto sobre a pista";1;0;0;0;0;0;0;0;0;0;2;0;0;0;0
"18/05/2010";"11:28:00";"1424";"sem vítima";"68.3000";"BR-116/SC";"Norte";"Saida de Pista";1;0;0;0;0;0;0;0;0;0;1;0;0;0;0
"19/05/2010";"08:03:00";"1442";"com vítima";"12.3000";"BR-116/SC";"Norte";"Colisão Transversal";1;0;1;0;0;0;0;0;0;0;1;0;1;0;0
"19/05/2010";"10:04:00";"1448";"sem vítima";"245.100";"BR-116/SC";"Sul";"Colisão Transversal";1;0;0;0;0;0;0;0;0;1;4;0;0;0;0
"20/05/2010";"12:18:00";"1499";"sem vítima";"42";"BR-116/SC";"Norte";"Choque - Objeto sobre a pista";0;0;1;0;0;0;0;0;0;0;1;0;0;0;0
"20/05/2010";"06:19:00";"1508";"sem vítima";"142.5";"BR-116/PR";"Norte";"Atropelamento de Animal";1;0;0;0;0;0;0;0;0;0;3;0;0;0;0
"20/05/2010";"06:49:00";"1554";"com vítima";"1.79999";"BR-116/SC";"Sul";"Colisão Transversal";2;0;0;0;0;0;0;0;0;0;0;4;0;0;0
"20/05/2010";"11:36:00";"1574";"sem vítima";"158.300";"BR-116/PR";"Norte";"Choque - Veiculo parado na pista";2;0;0;0;0;0;0;0;0;0;4;0;0;0;0
"21/05/2010";"01:59:00";"1583";"sem vítima";"134";"BR-116/SC";"Norte";"Colisão Lateral";0;0;1;0;0;0;0;0;0;1;2;0;0;0;0
"21/05/2010";"05:10:00";"1588";"sem vítima";"154.800";"BR-116/SC";"Sul";"Saida de Pista";0;0;1;0;0;0;0;0;0;0;1;0;0;0;0
"21/05/2010";"09:40:00";"1598";"com vítima";"125.050";"BR-116/PR";"Norte";"Saida de Pista";1;0;0;0;0;0;0;0;0;0;0;1;0;0;0
"21/05/2010";"04:51:00";"1634";"com vítima";"1.60000";"BR-116/SC";"Norte";"Colisão Transversal";2;0;0;0;0;0;0;0;0;0;2;2;0;0;0
"21/05/2010";"07:39:00";"1647";"com vítima";"129.699";"BR-116/PR";"Sul";"Colisão Frontal";2;0;0;0;0;0;0;0;0;0;0;3;0;1;0
"21/05/2010";"07:44:00";"1648";"sem vítima";"82";"BR-116/SC";"Sul";"Outros";1;0;0;0;0;0;0;0;0;0;1;0;0;0;0
"21/05/2010";"09:04:00";"1651";"sem vítima";"128.399";"BR-116/PR";"Sul";"Colisão Lateral";1;0;1;0;0;0;0;0;0;0;3;0;0;0;0
"21/05/2010";"10:03:00";"1654";"sem vítima";"104.900";"BR-116/SC";"Norte";"Saida de Pista";0;0;1;0;0;0;0;0;0;0;1;0;0;0;0
"21/05/2010";"11:22:00";"1657";"com vítima";"187.600";"BR-116/PR";"Norte";"Saida de Pista";1;0;0;0;0;0;0;0;0;0;0;3;0;0;0
"22/05/2010";"02:51:00";"1663";"sem vítima";"124.199";"BR-116/PR";"Sul";"Colisão Frontal";2;0;0;0;0;0;0;0;0;0;2;0;0;0;0
"22/05/2010";"04:46:00";"1666";"com vítima";"142.300";"BR-116/PR";"Sul";"Colisão Transversal";1;0;1;0;0;0;0;0;0;0;2;1;0;0;0
"22/05/2010";"06:25:00";"1668";"sem vítima";"143.699";"BR-116/PR";"Sul";"Choque - Elemento de Drenagem";0;0;0;0;1;0;0;0;0;0;4;0;0;0;0
"22/05/2010";"06:48:00";"1670";"sem vítima";"210.899";"BR-116/SC";"Norte";"Tombamento";0;0;1;0;0;0;0;0;0;0;1;0;0;0;0
"22/05/2010";"09:13:00";"1676";"sem vítima";"191.199";"BR-116/PR";"Norte";"Colisão Traseira";0;0;2;0;0;0;0;0;0;0;2;0;0;0;0
"22/05/2010";"09:35:00";"1679";"sem vítima";"160.399";"BR-116/PR";"Sul";"Colisão Lateral";2;0;0;0;0;0;0;0;0;0;6;0;0;0;0
"22/05/2010";"09:42:00";"1680";"sem vítima";"134.5";"BR-116/PR";"Sul";"Colisão Transversal";1;0;0;0;1;0;0;0;0;0;59;0;0;0;0
"22/05/2010";"06:01:00";"1701";"sem vítima";"135.5";"BR-116/SC";"Sul";"Saida de Pista";0;0;1;0;0;0;0;0;0;0;1;0;0;0;0
"22/05/2010";"06:13:00";"1702";"sem vítima";"154";"BR-116/PR";"Norte";"Colisão Lateral";1;0;1;0;0;0;0;0;0;0;5;0;0;0;0
"22/05/2010";"11:11:00";"1716";"com vítima";"35.2000";"BR-116/SC";"Norte";"Colisão Frontal";1;0;2;0;0;0;0;0;0;0;1;0;1;1;1
"23/05/2010";"12:57:00";"1718";"sem vítima";"129";"BR-116/PR";"Norte";"Saida de Pista";1;0;0;0;0;0;0;0;0;0;1;0;0;0;0
"23/05/2010";"07:26:00";"1729";"com vítima";"186.179";"BR-116/PR";"Norte";"Saida de Pista";0;0;1;0;0;0;0;0;0;0;0;0;1;0;1
"23/05/2010";"03:46:00";"1758";"com vítima";"119.5";"BR-116/PR";"Sul";"Colisão Transversal";1;0;0;0;0;0;0;0;0;1;3;0;1;0;0
"23/05/2010";"04:33:00";"1761";"sem vítima";"117.5";"BR-116/PR";"Sul";"Engavetamento";4;0;0;0;0;0;0;0;0;0;6;0;0;0;0
"23/05/2010";"06:13:00";"1771";"sem vítima";"131.5";"BR-116/PR";"Norte";"Choque - Objeto sobre a pista";1;0;0;0;0;0;0;0;0;0;4;0;0;0;0
"23/05/2010";"06:39:00";"1773";"com vítima";"116.699";"BR-116/PR";"Norte";"Engavetamento";4;0;0;0;0;0;0;0;0;0;8;1;0;0;0
"23/05/2010";"07:00:00";"1776";"sem vítima";"142.600";"BR-116/PR";"Norte";"Atropelamento de Animal";1;0;0;0;0;0;0;0;0;0;1;0;0;0;0
"24/05/2010";"07:40:00";"1799";"sem vítima";"166.899";"BR-116/PR";"Norte";"Colisão Lateral";2;0;0;0;0;0;0;0;0;0;3;0;0;0;0
"24/05/2010";"02:16:00";"1811";"com vítima";"211.300";"BR-116/PR";"Norte";"Colisão Transversal";2;0;0;0;0;0;0;0;0;0;2;2;0;0;0
"24/05/2010";"03:00:00";"1816";"sem vítima";"245.600";"BR-116/SC";"Sul";"Colisão Transversal";2;0;0;0;0;0;0;0;0;0;2;0;0;0;0
"24/05/2010";"03:44:00";"1820";"sem vítima";"79";"BR-116/SC";"Norte";"Colisão Lateral";0;0;2;0;0;0;0;0;0;0;2;0;0;0;0
"24/05/2010";"05:53:00";"1832";"sem vítima";"122.099";"BR-116/PR";"Norte";"Objeto lançado contra veículo";1;0;0;0;0;0;0;0;0;0;2;0;0;0;0
"24/05/2010";"07:46:00";"1843";"com vítima";"124.300";"BR-116/PR";"Sul";"Colisão Lateral";1;1;0;0;0;0;0;0;0;0;1;1;0;0;0
"25/05/2010";"01:19:00";"1855";"sem vítima";"204.300";"BR-116/SC";"Norte";"Saida de Pista";0;0;1;0;0;0;0;0;0;0;1;0;0;0;0
"25/05/2010";"02:57:00";"1883";"sem vítima";"12.1999";"BR-116/SC";"Norte";"Colisão Transversal";2;0;0;0;0;0;0;0;0;0;4;0;0;0;0
"26/05/2010";"11:45:00";"1939";"com vítima";"126.300";"BR-116/PR";"Norte";"Colisão Transversal";0;0;0;1;0;1;0;0;0;0;1;1;0;0;0
"26/05/2010";"11:01:00";"1977";"sem vítima";"141.800";"BR-116/PR";"Norte";"Choque - Objeto sobre a pista";1;0;0;0;0;0;0;0;0;0;4;0;0;0;0
"27/05/2010";"01:53:00";"1983";"com vítima";"211.800";"BR-116/SC";"Norte";"Capotamento";0;0;1;0;0;0;0;0;0;0;0;1;0;0;1
"27/05/2010";"02:14:00";"1984";"com vítima";"308.600";"BR-116/SC";"Sul";"Saida de Pista";1;0;0;0;0;0;0;0;0;0;0;1;0;0;0
"27/05/2010";"07:34:00";"1995";"sem vítima";"195.300";"BR-116/PR";"Sul";"Saida de Pista";0;0;1;0;0;0;0;0;0;0;1;0;0;0;0
"27/05/2010";"01:43:00";"2019";"sem vítima";"12.3000";"BR-116/SC";"Sul";"Colisão Transversal";1;0;1;0;0;0;0;0;0;0;2;0;0;0;0
"27/05/2010";"01:47:00";"2020";"com vítima";"151";"BR-116/SC";"Sul";"Colisão Traseira";1;0;1;0;0;0;0;0;0;0;1;1;0;0;0
"27/05/2010";"06:27:00";"2046";"com vítima";"129.600";"BR-116/PR";"Norte";"Colisão Transversal";1;0;1;0;0;0;0;0;0;0;2;0;1;0;0
"27/05/2010";"06:35:00";"2047";"sem vítima";"4.5";"BR-116/SC";"Norte";"Colisão Traseira";0;0;1;0;0;0;0;0;0;1;4;0;0;0;0
"27/05/2010";"10:29:00";"2062";"sem vítima";"205";"BR-116/PR";"Norte";"Saida de Pista";1;0;0;0;0;0;0;0;0;0;2;0;0;0;0
"28/05/2010";"12:20:00";"2070";"sem vítima";"167.399";"BR-116/PR";"Sul";"Atropelamento de Animal";1;0;0;0;0;0;0;0;0;0;3;0;0;0;0
"28/05/2010";"02:36:00";"2080";"sem vítima";"135";"BR-116/SC";"Sul";"Saida de Pista";1;0;0;0;0;0;0;0;0;0;1;0;0;0;0
"28/05/2010";"06:46:00";"2086";"sem vítima";"116.099";"BR-116/PR";"Norte";"Queda de Moto";0;0;0;1;0;0;0;0;0;0;1;0;0;0;0
"28/05/2010";"09:21:00";"2100";"sem vítima";"108";"BR-116/SC";"Norte";"Saida de Pista";1;0;0;0;0;0;0;0;0;0;2;0;0;0;0
"28/05/2010";"12:53:00";"2111";"sem vítima";"14.5";"BR-116/SC";"Norte";"Colisão Traseira";1;0;1;0;0;0;0;0;0;0;5;0;0;0;0
"28/05/2010";"05:33:00";"2125";"sem vítima";"129.399";"BR-116/PR";"Sul";"Saida de Pista";1;0;0;0;0;0;0;0;0;0;1;0;0;0;0
"28/05/2010";"08:19:00";"2144";"sem vítima";"90.9000";"BR-116/SC";"Norte";"Colisão Transversal";1;0;0;0;0;1;0;0;0;0;4;0;0;0;0
"28/05/2010";"11:14:00";"2155";"sem vítima";"0.10000";"BR-116/SC";"Sul";"Choque - Defensa, barreira ou "submarino"";1;0;0;0;0;0;0;0;0;0;1;0;0;0;0
"29/05/2010";"09:48:00";"2183";"sem vítima";"204.699";"BR-116/PR";"Norte";"Objeto lançado contra veículo";1;0;0;0;0;0;0;0;0;0;5;0;0;0;0
"29/05/2010";"12:15:00";"2194";"sem vítima";"128";"BR-116/PR";"Sul";"Objeto lançado contra veículo";1;0;0;0;0;0;0;0;0;0;5;0;0;0;0
"29/05/2010";"12:51:00";"2197";"sem vítima";"190.5";"BR-116/PR";"Sul";"Colisão Traseira";0;0;2;0;0;0;0;0;0;0;3;0;0;0;0
"29/05/2010";"01:04:00";"2198";"sem vítima";"127.900";"BR-116/PR";"Sul";"Colisão Traseira";1;0;0;1;0;0;0;0;0;0;2;0;0;0;0
"29/05/2010";"04:24:00";"2215";"sem vítima";"220.5";"BR-116/SC";"Norte";"Colisão Transversal";1;0;1;0;0;0;0;0;0;0;2;0;0;0;0
"29/05/2010";"07:44:00";"2227";"sem vítima";"120";"BR-116/PR";"Norte";"Colisão Traseira";2;0;0;0;0;0;0;0;0;0;3;0;0;0;0
"29/05/2010";"08:59:00";"2230";"com vítima";"223.300";"BR-116/SC";"Norte";"Colisão Lateral";1;0;1;0;0;0;0;0;0;0;2;1;0;0;0
"30/05/2010";"02:36:00";"2249";"sem vítima";"162";"BR-116/PR";"Norte";"Colisão Lateral";1;0;0;0;0;1;0;0;0;0;3;0;0;0;0
"30/05/2010";"04:52:00";"2252";"sem vítima";"15";"BR-116/SC";"Norte";"Saida de Pista";1;0;0;0;0;0;0;0;0;0;5;0;0;0;0
"30/05/2010";"07:56:00";"2259";"sem vítima";"151.970";"BR-116/SC";"Norte";"Choque - Cancela de Pedagio";0;0;1;0;0;0;0;0;0;0;1;0;0;0;0
"30/05/2010";"11:30:00";"2269";"sem vítima";"238.699";"BR-116/SC";"Sul";"Saida de Pista";0;0;0;0;0;0;0;0;0;1;2;0;0;0;0
"30/05/2010";"02:45:00";"2277";"sem vítima";"124.5";"BR-116/SC";"Sul";"Choque - Objeto sobre a pista";1;0;1;0;0;0;0;0;0;1;3;0;0;0;0
"30/05/2010";"03:13:00";"2282";"com vítima";"95";"BR-116/SC";"Norte";"Saida de Pista";1;0;0;0;0;0;0;0;0;0;1;0;1;0;0
"30/05/2010";"04:08:00";"2284";"sem vítima";"209";"BR-116/PR";"Sul";"Colisão Transversal";2;0;0;0;0;0;0;0;0;0;2;0;0;0;0
"30/05/2010";"05:48:00";"2289";"sem vítima";"124.599";"BR-116/PR";"Norte";"Choque - Veiculo parado na pista";3;0;0;0;0;0;0;0;0;0;7;0;0;0;0
"30/05/2010";"07:17:00";"2296";"sem vítima";"119.5";"BR-116/PR";"Sul";"Colisão Transversal";1;0;0;0;0;0;0;0;0;1;6;0;0;0;0
"31/05/2010";"07:50:00";"2324";"sem vítima";"103.5";"BR-116/SC";"Norte";"Choque - Arvore";0;0;0;0;0;0;0;0;0;1;1;0;0;0;0
"31/05/2010";"10:39:00";"2336";"sem vítima";"191";"BR-116/PR";"Sul";"Atropelamento de Animal";1;0;0;0;0;0;0;0;0;0;2;0;0;0;0
"31/05/2010";"06:58:00";"2378";"com vítima";"244.399";"BR-116/SC";"Sul";"Colisão Traseira";1;0;1;0;0;0;0;0;0;0;4;1;0;0;0
"01/06/2010";"05:02:00";"4";"sem vítima";"204";"BR-116/PR";"Norte";"Colisão Traseira";0;0;2;0;0;0;0;0;0;0;2;0;0;0;0
"01/06/2010";"07:12:00";"11";"sem vítima";"199";"BR-116/PR";"Norte";"Objeto lançado contra veículo";0;0;1;0;0;0;0;0;0;0;1;0;0;0;0
"01/06/2010";"10:20:00";"24";"sem vítima";"295.200";"BR-116/SC";"Norte";"Choque - Veiculo parado na pista";2;0;0;0;0;0;0;0;0;0;3;0;0;0;0
"01/06/2010";"12:18:00";"30";"sem vítima";"122.949";"BR-116/PR";"Sul";"Engavetamento";3;0;0;0;0;0;0;0;0;0;6;0;0;0;0
"01/06/2010";"04:13:00";"44";"sem vítima";"130";"BR-116/PR";"Sul";"Choque - Poste";0;0;1;0;0;0;0;0;0;0;1;0;0;0;0
"01/06/2010";"04:29:00";"45";"sem vítima";"220.5";"BR-116/SC";"Norte";"Colisão Transversal";1;0;0;1;0;0;0;0;0;0;2;0;0;0;0
"01/06/2010";"05:40:00";"52";"sem vítima";"129.5";"BR-116/PR";"Sul";"Objeto lançado contra veículo";1;0;0;0;0;0;0;0;0;0;4;0;0;0;0
"01/06/2010";"11:44:00";"72";"com vítima";"52.5999";"BR-116/SC";"Sul";"Colisão Transversal";1;0;1;0;0;0;0;0;0;0;1;2;0;0;0
"02/06/2010";"12:12:00";"73";"com vítima";"129.5";"BR-116/PR";"Norte";"Atropelamento - Morador";0;0;0;1;0;0;0;0;0;0;1;1;0;1;0
"02/06/2010";"07:51:00";"82";"sem vítima";"184.300";"BR-116/PR";"Norte";"Saida de Pista";0;0;1;0;0;0;0;0;0;0;1;0;0;0;0
"02/06/2010";"08:10:00";"86";"sem vítima";"121.099";"BR-116/PR";"Norte";"Choque - Veiculo parado na pista";1;0;1;0;0;0;0;0;0;0;4;0;0;0;0
"02/06/2010";"08:44:00";"89";"sem vítima";"120.699";"BR-116/PR";"Norte";"Choque - Veiculo parado na pista";0;0;1;0;1;0;0;0;0;1;74;0;0;0;0
"02/06/2010";"01:44:00";"104";"sem vítima";"246.899";"BR-116/SC";"Sul";"Colisão Traseira";1;0;0;1;0;0;0;0;0;0;3;0;0;0;0
"02/06/2010";"07:25:00";"126";"sem vítima";"111.599";"BR-116/SC";"Norte";"Atropelamento de Animal";1;0;0;0;0;0;0;0;0;0;3;0;0;0;0
"02/06/2010";"10:18:00";"138";"sem vítima";"31.7999";"BR-116/SC";"Sul";"Colisão Traseira";2;0;0;0;0;0;0;0;0;0;4;0;0;0;0
"02/06/2010";"10:57:00";"142";"com vítima";"210";"BR-116/SC";"Sul";"Choque - Talude";1;0;0;0;0;0;0;0;0;0;1;3;0;0;0