data;horario;n_da_ocorrencia;tipo_de_ocorrencia;km;trecho;sentido;tipo_de_acidente;automovel;bicicleta;caminhao;moto;onibus;outros;tracao_animal;transporte_de_cargas_especiais;trator_maquinas;utilitarios;ilesos;levemente_feridos;moderadamente_feridos;gravemente_feridos;mortos
"03/06/2010";"01:02:00";"149";"com vítima";"129.399";"BR-116/PR";"Norte";"Colisão Lateral";2;0;0;0;0;0;0;0;0;0;4;1;0;0;0
"03/06/2010";"01:47:00";"151";"sem vítima";"190.100";"BR-116/PR";"Norte";"Saida de Pista";0;0;1;0;0;0;0;0;0;0;1;0;0;0;0
"03/06/2010";"06:07:00";"158";"sem vítima";"184.5";"BR-116/SC";"Sul";"Saida de Pista";1;0;0;0;0;0;0;0;0;0;3;0;0;0;0
"03/06/2010";"06:44:00";"162";"sem vítima";"134.5";"BR-116/PR";"Sul";"Choque - Objeto sobre a pista";1;0;0;0;0;0;0;0;0;0;2;0;0;0;0
"03/06/2010";"10:41:00";"179";"com vítima";"202.300";"BR-116/PR";"Norte";"Colisão Frontal";1;0;1;0;0;0;0;0;0;0;0;4;2;2;0
"03/06/2010";"01:43:00";"190";"com vítima";"117";"BR-116/PR";"Sul";"Choque - Defensa, barreira ou "submarino"";1;0;0;0;0;0;0;0;0;0;0;0;0;1;0
"04/06/2010";"05:31:00";"223";"sem vítima";"129.5";"BR-116/PR";"Norte";"Atropelamento de Animal";1;0;0;0;0;0;0;0;0;0;1;0;0;0;0
"04/06/2010";"07:22:00";"228";"sem vítima";"205.399";"BR-116/SC";"Norte";"Colisão Lateral";0;0;2;0;0;0;0;0;0;0;2;0;0;0;0
"04/06/2010";"11:17:00";"238";"sem vítima";"308.899";"BR-116/SC";"Sul";"Choque - Defensa, barreira ou "submarino"";0;0;0;0;0;0;0;0;0;1;1;0;0;0;0
"04/06/2010";"01:01:00";"243";"sem vítima";"115.5";"BR-116/PR";"Sul";"Colisão Lateral";2;0;0;0;0;0;0;0;0;0;2;0;0;0;0
"04/06/2010";"04:45:00";"257";"com vítima";"174.800";"BR-116/PR";"Sul";"Saida de Pista";1;0;0;0;0;0;0;0;0;0;0;1;0;0;0
"04/06/2010";"05:55:00";"262";"sem vítima";"245.5";"BR-116/SC";"Norte";"Colisão Lateral";1;0;0;0;0;1;0;0;0;0;4;0;0;0;0
"04/06/2010";"07:31:00";"273";"sem vítima";"115.900";"BR-116/PR";"Sul";"Colisão Traseira";2;0;0;0;0;0;0;0;0;0;5;0;0;0;0
"05/06/2010";"05:45:00";"286";"com vítima";"38.7000";"BR-116/SC";"Sul";"Saida de Pista";1;0;0;0;0;0;0;0;0;0;0;0;0;1;0
"05/06/2010";"03:28:00";"318";"sem vítima";"117";"BR-116/PR";"Sul";"Colisão Lateral";1;0;1;0;0;0;0;0;0;0;2;0;0;0;0
"05/06/2010";"07:40:00";"333";"sem vítima";"127.900";"BR-116/SC";"Sul";"Objeto lançado contra veículo";0;0;3;0;0;0;0;0;0;0;4;0;0;0;0
"05/06/2010";"09:55:00";"342";"sem vítima";"211";"BR-116/SC";"Norte";"Saida de Pista";0;0;0;1;0;0;0;0;0;0;2;0;0;0;0
"05/06/2010";"09:55:00";"341";"sem vítima";"117.400";"BR-116/PR";"Sul";"Saida de Pista";1;0;0;0;0;0;0;0;0;0;1;0;0;0;0
"06/06/2010";"04:35:00";"366";"sem vítima";"119.400";"BR-116/PR";"Sul";"Colisão Transversal";2;0;0;0;0;0;0;0;0;0;3;0;0;0;0
"06/06/2010";"02:41:00";"387";"com vítima";"159.800";"BR-116/PR";"Sul";"Engavetamento";3;0;0;0;0;0;0;0;0;2;16;1;0;0;0
"06/06/2010";"06:57:00";"408";"com vítima";"127.800";"BR-116/PR";"Norte";"Colisão Lateral";4;0;0;1;0;0;0;0;0;0;11;1;1;0;0
"07/06/2010";"06:49:00";"438";"sem vítima";"187";"BR-116/PR";"Norte";"Objeto lançado contra veículo";1;0;0;0;0;0;0;0;0;0;3;0;0;0;0
"07/06/2010";"06:44:00";"487";"com vítima";"4.19999";"BR-116/SC";"Sul";"Colisão Transversal";2;0;0;0;0;0;0;0;0;0;1;3;0;0;0
"08/06/2010";"07:18:00";"509";"sem vítima";"190.399";"BR-116/PR";"Sul";"Outros";0;0;1;0;0;0;0;0;0;0;1;0;0;0;0
"08/06/2010";"02:34:00";"530";"com vítima";"119.5";"BR-116/PR";"Sul";"Colisão Transversal";1;0;0;1;0;0;0;0;0;0;1;1;1;0;0
"08/06/2010";"03:28:00";"537";"sem vítima";"130.5";"BR-116/PR";"Norte";"Objeto lançado contra veículo";0;0;1;0;0;0;0;0;0;0;2;0;0;0;0
"08/06/2010";"04:30:00";"543";"sem vítima";"206";"BR-116/PR";"Sul";"Objeto lançado contra veículo";0;0;1;0;0;0;0;0;0;0;1;0;0;0;0
"08/06/2010";"04:48:00";"546";"sem vítima";"64";"BR-116/SC";"Sul";"Objeto lançado contra veículo";1;0;0;0;0;0;0;0;0;0;1;0;0;0;0
"08/06/2010";"05:03:00";"548";"sem vítima";"152";"BR-116/SC";"Sul";"Choque - Cancela de Pedagio";1;0;0;0;0;0;0;0;0;0;1;0;0;0;0
"09/06/2010";"06:59:00";"577";"sem vítima";"19.5";"BR-116/SC";"Norte";"Saida de Pista";1;0;0;0;0;0;0;0;0;0;1;0;0;0;0
"09/06/2010";"02:24:00";"607";"sem vítima";"268";"BR-116/SC";"Norte";"Colisão Transversal";1;0;1;0;0;0;0;0;0;0;3;0;0;0;0
"09/06/2010";"05:35:00";"621";"com vítima";"141.100";"BR-116/PR";"Norte";"Colisão Transversal";1;0;1;0;0;0;0;0;0;0;2;1;0;0;0
"09/06/2010";"06:17:00";"624";"sem vítima";"132";"BR-116/PR";"Norte";"Objeto lançado contra veículo";1;0;0;0;0;0;0;0;0;0;1;0;0;0;0
"09/06/2010";"06:22:00";"625";"sem vítima";"128";"BR-116/PR";"Sul";"Objeto lançado contra veículo";1;0;0;0;0;0;0;0;0;0;1;0;0;0;0
"10/06/2010";"06:10:00";"700";"sem vítima";"210";"BR-116/PR";"Norte";"Colisão Transversal";1;0;1;0;0;0;0;0;0;0;4;0;0;0;0
"10/06/2010";"11:16:00";"715";"sem vítima";"261.399";"BR-116/SC";"Sul";"Choque - Outros";0;0;2;0;0;0;0;0;0;0;2;0;0;0;0
"10/06/2010";"11:49:00";"720";"com vítima";"207.5";"BR-116/SC";"Sul";"Colisão Transversal";1;0;1;0;0;0;0;0;0;0;3;2;0;0;0
"11/06/2010";"01:28:00";"723";"sem vítima";"209";"BR-116/PR";"Sul";"Choque - Objeto não identificado";1;0;0;0;0;0;0;0;0;0;4;0;0;0;0
"11/06/2010";"02:19:00";"726";"sem vítima";"211";"BR-116/SC";"Norte";"Tombamento";0;0;1;0;0;0;0;0;0;0;1;0;0;0;0
"11/06/2010";"04:07:00";"729";"sem vítima";"114.099";"BR-116/SC";"Norte";"Atropelamento de Animal";0;0;1;0;0;0;0;0;0;0;1;0;0;0;0
"11/06/2010";"12:41:00";"749";"com vítima";"122.400";"BR-116/PR";"Sul";"Colisão Transversal";1;0;0;1;0;0;0;0;0;0;2;1;0;0;0
"11/06/2010";"02:44:00";"760";"sem vítima";"26";"BR-116/SC";"Norte";"Objeto lançado contra veículo";0;0;2;0;0;0;0;0;0;0;2;0;0;0;0
"11/06/2010";"05:46:00";"776";"sem vítima";"131";"BR-116/PR";"Sul";"Objeto lançado contra veículo";1;0;0;0;0;0;0;0;0;0;1;0;0;0;0
"11/06/2010";"07:30:00";"785";"sem vítima";"48";"BR-116/SC";"Sul";"Objeto lançado contra veículo";1;0;0;0;0;0;0;0;0;0;1;0;0;0;0
"11/06/2010";"08:01:00";"787";"com vítima";"185";"BR-116/PR";"Sul";"Colisão Traseira";0;0;1;0;0;0;0;0;0;1;1;1;0;1;0
"11/06/2010";"08:46:00";"790";"sem vítima";"158";"BR-116/PR";"Sul";"Atropelamento de Animal";1;0;0;0;0;0;0;0;0;0;3;0;0;0;0
"11/06/2010";"08:54:00";"791";"sem vítima";"48";"BR-116/SC";"Norte";"Atropelamento de Animal";0;0;0;0;0;0;0;0;0;1;2;0;0;0;0
"11/06/2010";"09:02:00";"794";"sem vítima";"155.5";"BR-116/PR";"Sul";"Saida de Pista";1;0;0;0;0;0;0;0;0;0;1;0;0;0;0
"11/06/2010";"09:32:00";"799";"sem vítima";"155.5";"BR-116/PR";"Sul";"Choque - Veiculo parado na pista";1;0;0;0;0;0;0;0;0;0;1;0;0;0;0
"12/06/2010";"09:55:00";"821";"sem vítima";"126.400";"BR-116/PR";"Sul";"Atropelamento de Animal";1;0;0;0;0;0;0;0;0;0;3;0;0;0;0
"12/06/2010";"12:50:00";"829";"com vítima";"132.740";"BR-116/PR";"Norte";"Colisão Lateral";0;0;1;1;0;0;0;0;0;0;1;0;0;0;2
"12/06/2010";"05:22:00";"852";"sem vítima";"145.600";"BR-116/PR";"Norte";"Atropelamento de Animal";1;0;0;0;0;0;0;0;0;0;1;0;0;0;0
"12/06/2010";"06:36:00";"866";"sem vítima";"148.199";"BR-116/PR";"Sul";"Objeto lançado contra veículo";0;0;0;0;0;0;0;0;0;1;2;0;0;0;0
"12/06/2010";"08:03:00";"872";"sem vítima";"148.199";"BR-116/PR";"Sul";"Saida de Pista";1;0;0;0;0;0;0;0;0;0;2;0;0;0;0
"13/06/2010";"12:49:00";"891";"com vítima";"117.199";"BR-116/PR";"Sul";"Choque - Defensa, barreira ou "submarino"";1;0;0;0;0;0;0;0;0;0;0;1;0;0;0
"13/06/2010";"01:13:00";"892";"sem vítima";"234.399";"BR-116/SC";"Norte";"Saida de Pista";0;0;1;0;0;0;0;0;0;0;1;0;0;0;0
"13/06/2010";"01:48:00";"894";"com vítima";"128.199";"BR-116/PR";"Sul";"Colisão Transversal";1;0;1;0;0;0;0;0;0;0;1;1;0;0;0
"13/06/2010";"09:27:00";"907";"sem vítima";"204";"BR-116/PR";"Sul";"Choque - Veiculo parado na pista";1;0;0;0;0;0;0;0;0;1;5;0;0;0;0
"13/06/2010";"10:40:00";"909";"sem vítima";"204";"BR-116/PR";"Sul";"Outros";0;0;1;0;0;0;0;0;0;0;1;0;0;0;0
"13/06/2010";"04:51:00";"931";"sem vítima";"135.5";"BR-116/PR";"Norte";"Colisão Transversal";3;0;0;0;0;0;0;0;0;0;6;0;0;0;0
"13/06/2010";"05:48:00";"937";"sem vítima";"120.099";"BR-116/PR";"Norte";"Choque - Veiculo parado na pista";2;0;0;0;0;0;0;0;0;0;2;0;0;0;0
"13/06/2010";"06:00:00";"938";"sem vítima";"128.399";"BR-116/PR";"Norte";"Choque - Veiculo parado na pista";2;0;0;0;0;0;0;0;0;0;2;0;0;0;0
"13/06/2010";"06:37:00";"945";"sem vítima";"119.099";"BR-116/PR";"Norte";"Choque - Veiculo parado na pista";1;0;0;0;0;0;0;0;0;1;7;0;0;0;0
"13/06/2010";"07:05:00";"949";"sem vítima";"174";"BR-116/PR";"Sul";"Choque - Objeto sobre a pista";1;0;0;0;0;0;0;0;0;0;3;0;0;0;0
"13/06/2010";"08:45:00";"964";"sem vítima";"264.600";"BR-116/SC";"Norte";"Saida de Pista";1;0;0;0;0;0;0;0;0;0;1;0;0;0;0
"14/06/2010";"12:16:00";"992";"sem vítima";"83.8000";"BR-116/SC";"Sul";"Saida de Pista";1;0;0;0;0;0;0;0;0;0;2;0;0;0;0
"14/06/2010";"02:44:00";"1003";"sem vítima";"201.699";"BR-116/SC";"Norte";"Saida de Pista";0;0;1;0;0;0;0;0;0;0;2;0;0;0;0
"14/06/2010";"06:24:00";"1022";"sem vítima";"25";"BR-116/SC";"Norte";"Objeto lançado contra veículo";1;0;0;0;0;0;0;0;0;0;1;0;0;0;0
"14/06/2010";"07:00:00";"1026";"sem vítima";"174.699";"BR-116/SC";"Sul";"Colisão Traseira";1;0;0;0;0;0;0;0;0;1;3;0;0;0;0
"15/06/2010";"01:41:00";"1042";"sem vítima";"115.800";"BR-116/PR";"Norte";"Colisão Transversal";0;0;2;0;0;0;0;0;0;0;2;0;0;0;0
"15/06/2010";"10:40:00";"1069";"sem vítima";"119.400";"BR-116/PR";"Norte";"Colisão Transversal";1;0;0;1;0;0;0;0;0;0;3;0;0;0;0
"16/06/2010";"01:38:00";"1143";"sem vítima";"133";"BR-116/PR";"Sul";"Choque - Suporte de Sinalização";1;0;0;0;0;0;0;0;0;0;1;0;0;0;0
"16/06/2010";"05:18:00";"1155";"sem vítima";"119";"BR-116/PR";"Norte";"Colisão Traseira";2;0;0;0;0;0;0;0;0;0;5;0;0;0;0
"16/06/2010";"06:34:00";"1160";"sem vítima";"161.399";"BR-116/SC";"Sul";"Saida de Pista";0;0;1;0;0;0;0;0;0;0;1;0;0;0;0
"16/06/2010";"07:00:00";"1163";"sem vítima";"117.5";"BR-116/PR";"Sul";"Colisão Lateral";1;0;1;0;0;0;0;0;0;0;2;0;0;0;0
"16/06/2010";"07:12:00";"1164";"sem vítima";"133";"BR-116/PR";"Sul";"Choque - Objeto sobre a pista";1;0;0;0;0;0;0;0;0;0;1;0;0;0;0
"16/06/2010";"07:40:00";"1168";"sem vítima";"304.5";"BR-116/SC";"Sul";"Saida de Pista";1;0;0;0;0;0;0;0;0;0;1;0;0;0;0
"16/06/2010";"07:57:00";"1169";"com vítima";"121";"BR-116/PR";"Sul";"Queda de Moto";0;0;0;1;0;0;0;0;0;0;0;1;0;0;0
"17/06/2010";"06:58:00";"1183";"sem vítima";"117.800";"BR-116/SC";"Sul";"Colisão Traseira";1;0;1;0;0;0;0;0;0;0;4;0;0;0;0
"17/06/2010";"02:46:00";"1210";"sem vítima";"82";"BR-116/SC";"Norte";"Choque - Objeto sobre a pista";1;0;0;0;0;0;0;0;0;0;2;0;0;0;0
"17/06/2010";"05:05:00";"1223";"sem vítima";"140";"BR-116/SC";"Norte";"Tombamento";0;0;1;0;0;0;0;0;0;0;1;0;0;0;0
"17/06/2010";"05:07:00";"1224";"sem vítima";"113.5";"BR-116/SC";"Sul";"Colisão Lateral";1;0;1;0;0;0;0;0;0;0;5;0;0;0;0
"17/06/2010";"06:14:00";"1229";"sem vítima";"236";"BR-116/SC";"Norte";"Colisão Traseira";2;0;0;0;0;0;0;0;0;0;6;0;0;0;0
"17/06/2010";"06:17:00";"1231";"sem vítima";"122.5";"BR-116/PR";"Norte";"Colisão Lateral";1;0;0;0;1;0;0;0;0;0;2;0;0;0;0
"17/06/2010";"09:50:00";"1251";"sem vítima";"131";"BR-116/PR";"Sul";"Choque - Objeto sobre a pista";0;0;1;0;0;0;0;0;0;0;1;0;0;0;0
"18/06/2010";"09:56:00";"1276";"sem vítima";"1.20000";"BR-116/SC";"Norte";"Outros";0;0;1;0;0;0;0;0;0;0;1;0;0;0;0
"18/06/2010";"12:38:00";"1287";"sem vítima";"126.199";"BR-116/PR";"Norte";"Colisão Lateral";2;0;0;0;0;0;0;0;0;0;3;0;0;0;0
"18/06/2010";"04:11:00";"1306";"com vítima";"4.5";"BR-116/SC";"Norte";"Tombamento";0;0;1;0;0;0;0;0;0;0;0;1;0;0;0
"18/06/2010";"04:29:00";"1307";"sem vítima";"4.90000";"BR-116/SC";"Norte";"Colisão Traseira";2;0;1;0;0;0;0;0;0;0;3;0;0;0;0
"18/06/2010";"06:11:00";"1313";"sem vítima";"190.199";"BR-116/PR";"Sul";"Colisão Lateral";2;0;2;0;0;0;0;0;0;0;7;0;0;0;0
"18/06/2010";"06:55:00";"1316";"sem vítima";"200.199";"BR-116/PR";"Norte";"Colisão Lateral";3;0;0;0;0;0;0;0;0;0;3;0;0;0;0
"18/06/2010";"08:00:00";"1321";"sem vítima";"83.8000";"BR-116/SC";"Sul";"Colisão Lateral";1;0;1;0;0;0;0;0;0;0;3;0;0;0;0
"19/06/2010";"12:10:00";"1335";"sem vítima";"214.100";"BR-116/SC";"Norte";"Saida de Pista";1;0;0;0;0;0;0;0;0;0;2;0;0;0;0
"19/06/2010";"07:33:00";"1349";"sem vítima";"118.400";"BR-116/PR";"Norte";"Colisão Frontal";2;0;0;0;0;0;0;0;0;0;3;0;0;0;0
"19/06/2010";"07:22:00";"1389";"sem vítima";"117.300";"BR-116/PR";"Norte";"Colisão Transversal";2;0;0;0;0;0;0;0;0;0;3;0;0;0;0
"19/06/2010";"08:10:00";"1394";"sem vítima";"210.399";"BR-116/SC";"Sul";"Colisão Lateral";0;0;2;0;0;0;0;0;0;0;2;0;0;0;0
"20/06/2010";"08:20:00";"1425";"sem vítima";"251.300";"BR-116/SC";"Sul";"Colisão Transversal";1;0;1;0;0;0;0;0;0;0;3;0;0;0;0
"20/06/2010";"12:18:00";"1431";"com vítima";"82.6999";"BR-116/SC";"Norte";"Queda de Moto";0;0;0;1;0;0;0;0;0;0;0;1;0;0;0
"20/06/2010";"12:24:00";"1433";"sem vítima";"59.4000";"BR-116/SC";"Norte";"Saida de Pista";1;0;0;0;0;0;0;0;0;0;3;0;0;0;0
"20/06/2010";"01:56:00";"1443";"sem vítima";"96.8000";"BR-116/SC";"Norte";"Saida de Pista";1;0;0;0;0;0;0;0;0;0;2;0;0;0;0
"20/06/2010";"03:40:00";"1449";"com vítima";"167";"BR-116/SC";"Norte";"Saida de Pista";1;0;0;0;0;0;0;0;0;0;0;1;0;0;0
"20/06/2010";"06:27:00";"1454";"com vítima";"179";"BR-116/SC";"Norte";"Saida de Pista";0;0;1;0;0;0;0;0;0;0;1;1;0;0;0
"20/06/2010";"08:52:00";"1466";"sem vítima";"190";"BR-116/PR";"Norte";"Colisão Traseira";2;0;0;0;0;0;0;0;0;0;7;0;0;0;0
"20/06/2010";"09:19:00";"1468";"sem vítima";"105.5";"BR-116/SC";"Sul";"Choque - Objeto sobre a pista";1;0;0;0;0;0;0;0;0;0;1;0;0;0;0
"20/06/2010";"09:52:00";"1472";"sem vítima";"214.100";"BR-116/SC";"Sul";"Saida de Pista";1;0;0;0;0;0;0;0;0;0;1;0;0;0;0
"20/06/2010";"10:34:00";"1474";"com vítima";"175.649";"BR-116/PR";"Norte";"Colisão Frontal";1;0;1;0;0;0;0;0;0;0;1;0;0;0;2
"21/06/2010";"07:06:00";"1486";"com vítima";"1.60000";"BR-116/SC";"Sul";"Colisão Transversal";1;0;0;1;0;0;0;0;0;0;1;1;0;1;0
"21/06/2010";"07:10:00";"1487";"sem vítima";"130.100";"BR-116/PR";"Sul";"Colisão Lateral";1;0;0;0;0;0;0;0;0;1;17;0;0;0;0
"21/06/2010";"07:18:00";"1488";"sem vítima";"123.599";"BR-116/PR";"Norte";"Queda de Moto";0;0;0;1;0;0;0;0;0;0;1;0;0;0;0
"21/06/2010";"07:39:00";"1489";"sem vítima";"194.050";"BR-116/PR";"Norte";"Saida de Pista";1;0;0;0;0;0;0;0;0;0;1;0;0;0;0
"21/06/2010";"10:36:00";"1499";"com vítima";"178.100";"BR-116/SC";"Norte";"Colisão Traseira";0;0;1;1;0;0;0;0;0;0;1;1;0;0;0
"21/06/2010";"11:10:00";"1505";"sem vítima";"141.059";"BR-116/PR";"Norte";"Colisão Transversal";1;0;0;0;1;0;0;0;0;0;36;0;0;0;0
"21/06/2010";"11:40:00";"1507";"com vítima";"116.099";"BR-116/PR";"Norte";"Engavetamento";3;0;0;0;0;0;0;0;0;0;2;1;0;0;0
"21/06/2010";"04:28:00";"1523";"sem vítima";"154.899";"BR-116/PR";"Sul";"Saida de Pista";1;0;0;0;0;0;0;0;0;0;2;0;0;0;0
"21/06/2010";"05:50:00";"1537";"com vítima";"255.100";"BR-116/SC";"Norte";"Saida de Pista";0;0;1;0;0;0;0;0;0;0;0;2;0;0;0
"22/06/2010";"04:58:00";"1557";"sem vítima";"211.399";"BR-116/SC";"Sul";"Tombamento";0;0;1;0;0;0;0;0;0;0;1;0;0;0;0
"22/06/2010";"07:51:00";"1568";"sem vítima";"94.5";"BR-116/SC";"Norte";"Colisão Lateral";1;0;1;0;0;0;0;0;0;0;3;0;0;0;0
"22/06/2010";"08:24:00";"1574";"sem vítima";"4.5";"BR-116/SC";"Norte";"Saida de Pista";1;0;0;0;0;0;0;0;0;0;2;0;0;0;0
"22/06/2010";"10:11:00";"1582";"sem vítima";"99";"BR-116/SC";"Sul";"Outros";1;0;0;0;0;0;0;0;0;0;2;0;0;0;0
"22/06/2010";"06:58:00";"1611";"com vítima";"128.199";"BR-116/PR";"Norte";"Choque - Veiculo parado na pista";1;0;1;0;0;0;0;0;0;0;3;2;0;0;0
"23/06/2010";"07:25:00";"1628";"sem vítima";"153.5";"BR-116/PR";"Sul";"Colisão Transversal";1;0;0;1;0;0;0;0;0;0;2;0;0;0;0
"23/06/2010";"02:20:00";"1648";"sem vítima";"201";"BR-116/PR";"Norte";"Objeto lançado contra veículo";1;0;0;0;0;0;0;0;0;0;1;0;0;0;0
"24/06/2010";"07:21:00";"1700";"com vítima";"116.199";"BR-116/PR";"Norte";"Colisão Traseira";1;0;1;0;0;0;0;0;0;0;2;0;0;1;0
"24/06/2010";"10:38:00";"1718";"com vítima";"180.100";"BR-116/SC";"Sul";"Colisão Transversal";0;0;1;0;1;0;0;0;0;0;2;2;2;0;0
"24/06/2010";"07:48:00";"1745";"sem vítima";"146";"BR-116/PR";"Sul";"Objeto lançado contra veículo";0;0;0;0;0;0;0;0;0;1;1;0;0;0;0
"25/06/2010";"06:45:00";"1762";"com vítima";"1.20000";"BR-116/SC";"Norte";"Choque - Defensa, barreira ou "submarino"";1;0;0;0;0;0;0;0;0;0;1;1;0;0;0
"25/06/2010";"06:50:00";"1763";"sem vítima";"117.900";"BR-116/PR";"Sul";"Queda de Moto";1;0;0;1;0;0;0;0;0;0;2;0;0;0;0
"25/06/2010";"07:37:00";"1765";"sem vítima";"141.300";"BR-116/SC";"Norte";"Saida de Pista";1;0;0;0;0;0;0;0;0;0;2;0;0;0;0
"25/06/2010";"08:42:00";"1771";"com vítima";"125.900";"BR-116/PR";"Norte";"Engavetamento";1;0;2;0;0;0;0;0;0;0;6;1;0;0;0
"25/06/2010";"09:33:00";"1773";"sem vítima";"163.699";"BR-116/PR";"Sul";"Saida de Pista";1;0;0;0;0;0;0;0;0;0;1;0;0;0;0
"25/06/2010";"10:18:00";"1775";"com vítima";"152.5";"BR-116/PR";"Norte";"Colisão Transversal";1;0;0;1;0;0;0;0;0;0;1;0;1;0;0
"25/06/2010";"10:50:00";"1778";"sem vítima";"116";"BR-116/PR";"Norte";"Colisão Traseira";2;0;0;0;0;0;0;0;0;0;2;0;0;0;0
"25/06/2010";"03:15:00";"1799";"sem vítima";"145.5";"BR-116/PR";"Norte";"Objeto lançado contra veículo";1;0;0;0;0;0;0;0;0;0;1;0;0;0;0
"25/06/2010";"10:41:00";"1825";"com vítima";"245.300";"BR-116/SC";"Sul";"Colisão Transversal";1;0;1;0;0;0;0;0;0;0;1;1;0;0;0
"26/06/2010";"03:47:00";"1836";"com vítima";"144.199";"BR-116/PR";"Norte";"Saida de Pista";1;0;0;0;0;0;0;0;0;0;0;1;0;0;0
"26/06/2010";"07:28:00";"1845";"sem vítima";"127.199";"BR-116/PR";"Sul";"Saida de Pista";1;0;0;0;0;0;0;0;0;0;1;0;0;0;0
"26/06/2010";"11:58:00";"1855";"com vítima";"133";"BR-116/SC";"Norte";"Colisão Transversal";1;0;0;0;0;0;0;0;0;1;3;0;1;0;0
"26/06/2010";"02:03:00";"1864";"sem vítima";"155";"BR-116/SC";"Sul";"Colisão Lateral";0;0;2;0;0;0;0;0;0;0;2;0;0;0;0
"26/06/2010";"10:56:00";"1905";"sem vítima";"308.600";"BR-116/SC";"Norte";"Saida de Pista";0;0;0;0;0;0;0;0;0;1;2;0;0;0;0
"27/06/2010";"04:34:00";"1945";"com vítima";"242.600";"BR-116/SC";"Sul";"Colisão Traseira";2;0;0;0;0;0;0;0;0;0;4;2;0;0;0
"27/06/2010";"06:42:00";"1959";"com vítima";"12";"BR-116/SC";"Norte";"Saida de Pista";1;0;0;0;0;0;0;0;0;0;0;1;0;0;0
"27/06/2010";"10:33:00";"1971";"com vítima";"125.800";"BR-116/PR";"Norte";"Colisão Transversal";2;0;0;0;0;0;0;0;0;0;2;1;0;0;0
"28/06/2010";"11:55:00";"2012";"sem vítima";"116.199";"BR-116/PR";"Sul";"Colisão Traseira";2;0;0;0;0;0;0;0;0;0;3;0;0;0;0
"29/06/2010";"08:48:00";"2088";"sem vítima";"121";"BR-116/SC";"Norte";"Colisão Lateral";0;0;2;0;0;0;0;0;0;0;2;0;0;0;0
"29/06/2010";"01:59:00";"2103";"sem vítima";"118";"BR-116/PR";"Norte";"Choque - Veiculo parado na pista";3;0;0;0;0;0;0;0;0;0;4;0;0;0;0
"29/06/2010";"05:15:00";"2119";"sem vítima";"141";"BR-116/PR";"Norte";"Choque - Veiculo parado na pista";2;0;0;0;0;0;0;0;0;0;3;0;0;0;0
"30/06/2010";"02:07:00";"2153";"sem vítima";"193.399";"BR-116/PR";"Sul";"Saida de Pista";1;0;0;0;0;0;0;0;0;0;1;0;0;0;0
"30/06/2010";"04:11:00";"2156";"sem vítima";"206.050";"BR-116/PR";"Norte";"Tombamento";0;0;1;0;0;0;0;0;0;0;1;0;0;0;0
"30/06/2010";"07:33:00";"2165";"sem vítima";"153.5";"BR-116/PR";"Sul";"Colisão Traseira";1;0;0;0;0;0;0;0;0;1;4;0;0;0;0
"30/06/2010";"08:55:00";"2172";"sem vítima";"146";"BR-116/PR";"Norte";"Objeto lançado contra veículo";1;0;0;0;0;0;0;0;0;0;1;0;0;0;0
"30/06/2010";"12:10:00";"2184";"sem vítima";"135.800";"BR-116/PR";"Sul";"Choque - Objeto sobre a pista";1;0;0;0;0;0;0;0;0;0;1;0;0;0;0
"30/06/2010";"01:09:00";"2189";"sem vítima";"117.400";"BR-116/PR";"Norte";"Colisão Traseira";1;0;0;0;0;0;0;0;0;1;2;0;0;0;0
"30/06/2010";"02:45:00";"2194";"sem vítima";"216";"BR-116/SC";"Sul";"Choque - Objeto sobre a pista";0;0;0;0;0;0;0;0;0;1;1;0;0;0;0
"30/06/2010";"06:54:00";"2217";"sem vítima";"179.899";"BR-116/SC";"Sul";"Colisão Transversal";2;0;0;0;0;0;0;0;0;0;3;0;0;0;0
"30/06/2010";"11:37:00";"2231";"sem vítima";"204";"BR-116/PR";"Norte";"Choque - Cancela de Pedagio";0;0;2;0;0;0;0;0;0;0;2;0;0;0;0
"01/07/2010";"07:14:00";"6";"com vítima";"125.099";"BR-116/PR";"Norte";"Colisão Traseira";1;0;0;1;0;0;0;0;0;0;1;1;0;0;0
"01/07/2010";"07:38:00";"8";"sem vítima";"81.9000";"BR-116/SC";"Sul";"Choque - Outros";0;0;1;0;0;0;0;0;0;0;1;0;0;0;0
"01/07/2010";"07:45:00";"10";"com vítima";"150.899";"BR-116/PR";"Norte";"Choque - Veiculo parado no acostamento";0;0;1;0;0;0;0;0;0;1;1;1;0;0;0
"01/07/2010";"08:10:00";"13";"sem vítima";"153.5";"BR-116/PR";"Sul";"Colisão Transversal";2;0;0;0;0;0;0;0;0;0;3;0;0;0;0
"01/07/2010";"11:45:00";"32";"sem vítima";"205";"BR-116/PR";"Sul";"Colisão Traseira";1;0;1;0;0;0;0;0;0;0;5;0;0;0;0