data;horario;n_da_ocorrencia;tipo_de_ocorrencia;km;trecho;sentido;tipo_de_acidente;automovel;bicicleta;caminhao;moto;onibus;outros;tracao_animal;transporte_de_cargas_especiais;trator_maquinas;utilitarios;ilesos;levemente_feridos;moderadamente_feridos;gravemente_feridos;mortos
"01/07/2010";"03:23:00";"38";"sem vítima";"155";"BR-116/PR";"Sul";"Objeto lançado contra veículo";1;0;0;0;0;0;0;0;0;0;1;0;0;0;0
"01/07/2010";"09:49:00";"67";"sem vítima";"139.899";"BR-116/SC";"Sul";"Colisão Traseira";2;0;0;0;0;0;0;0;0;0;3;0;0;0;0
"01/07/2010";"10:36:00";"71";"com vítima";"249.899";"BR-116/SC";"Norte";"Colisão Traseira";1;0;1;0;0;0;0;0;0;0;1;0;0;1;0
"02/07/2010";"10:38:00";"108";"sem vítima";"82";"BR-116/SC";"Norte";"Objeto lançado contra veículo";1;0;0;0;0;0;0;0;0;0;2;0;0;0;0
"02/07/2010";"04:40:00";"132";"sem vítima";"206";"BR-116/SC";"Sul";"Colisão Lateral";0;0;1;0;1;0;0;0;0;0;4;0;0;0;0
"02/07/2010";"05:38:00";"139";"com vítima";"12.3000";"BR-116/SC";"Sul";"Colisão Transversal";1;0;1;0;0;0;0;0;0;0;2;3;0;2;0
"02/07/2010";"07:51:00";"148";"sem vítima";"187";"BR-116/PR";"Norte";"Objeto lançado contra veículo";1;0;0;0;0;0;0;0;0;1;5;0;0;0;0
"03/07/2010";"06:03:00";"172";"com vítima";"20.2000";"BR-116/SC";"Norte";"Queda de Moto";0;0;0;1;0;0;0;0;0;0;0;1;0;0;0
"03/07/2010";"07:16:00";"220";"sem vítima";"176";"BR-116/PR";"Sul";"Choque - Objeto sobre a pista";1;0;0;0;0;0;0;0;0;0;3;0;0;0;0
"03/07/2010";"07:58:00";"226";"sem vítima";"174";"BR-116/PR";"Norte";"Objeto lançado contra veículo";0;0;1;0;0;0;0;0;0;0;1;0;0;0;0
"03/07/2010";"10:09:00";"236";"com vítima";"54.5";"BR-116/SC";"Sul";"Colisão Frontal";1;0;1;2;0;0;0;0;0;0;2;0;1;0;1
"04/07/2010";"02:23:00";"245";"com vítima";"143.949";"BR-116/SC";"Sul";"Saida de Pista";1;0;0;0;0;0;0;0;0;0;0;2;0;0;0
"04/07/2010";"04:18:00";"251";"sem vítima";"23.5";"BR-116/SC";"Norte";"Atropelamento de Animal";1;0;0;0;0;0;0;0;0;0;1;0;0;0;0
"04/07/2010";"06:51:00";"257";"sem vítima";"51";"BR-116/SC";"Sul";"Colisão Lateral";0;0;2;0;0;0;0;0;0;0;2;0;0;0;0
"04/07/2010";"02:46:00";"286";"com vítima";"135";"BR-116/SC";"Norte";"Capotamento";0;0;0;0;0;0;0;0;0;1;0;1;1;0;0
"04/07/2010";"02:55:00";"289";"sem vítima";"135";"BR-116/SC";"Sul";"Colisão Traseira";0;0;2;0;0;0;0;0;0;0;2;0;0;0;0
"04/07/2010";"06:31:00";"307";"sem vítima";"204";"BR-116/PR";"Norte";"Choque - Objeto sobre a pista";1;0;0;0;0;0;0;0;0;0;4;0;0;0;0
"04/07/2010";"06:55:00";"311";"com vítima";"64.4000";"BR-116/SC";"Sul";"Atropelamento - Ciclista";1;1;0;0;0;0;0;0;0;0;2;1;0;0;0
"04/07/2010";"07:12:00";"313";"sem vítima";"123.800";"BR-116/PR";"Norte";"Engavetamento";3;0;0;0;0;0;0;0;0;0;12;0;0;0;0
"04/07/2010";"08:00:00";"271";"sem vítima";"174.300";"BR-116/PR";"Sul";"Saida de Pista";0;0;1;0;0;0;0;0;0;0;1;0;0;0;0
"04/07/2010";"10:03:00";"326";"com vítima";"268.600";"BR-116/SC";"Norte";"Colisão Traseira";1;0;0;0;0;1;0;0;0;0;1;1;0;0;0
"05/07/2010";"01:02:00";"359";"sem vítima";"118.699";"BR-116/PR";"Norte";"Colisão Traseira";3;0;0;0;0;0;0;0;0;0;4;0;0;0;0
"05/07/2010";"02:10:00";"363";"com vítima";"6.59999";"BR-116/SC";"Sul";"Atropelamento - Morador";1;0;0;0;0;0;0;0;0;0;4;0;0;1;0
"05/07/2010";"02:26:00";"365";"sem vítima";"6.59999";"BR-116/SC";"Norte";"Colisão Traseira";1;0;1;0;0;0;0;0;0;0;2;0;0;0;0
"05/07/2010";"04:32:00";"381";"sem vítima";"131";"BR-116/PR";"Norte";"Objeto lançado contra veículo";1;0;0;0;0;0;0;0;0;0;1;0;0;0;0
"05/07/2010";"07:11:00";"390";"sem vítima";"155";"BR-116/PR";"Sul";"Choque - Veiculo parado no acostamento";1;0;1;0;0;0;0;0;0;0;3;0;0;0;0
"05/07/2010";"09:58:00";"393";"sem vítima";"25.8999";"BR-116/SC";"Sul";"Objeto lançado contra veículo";0;0;1;0;0;0;0;0;0;0;1;0;0;0;0
"06/07/2010";"06:01:00";"449";"sem vítima";"246.199";"BR-116/SC";"Norte";"Colisão Traseira";1;0;1;0;0;0;0;0;0;0;3;0;0;0;0
"07/07/2010";"08:15:00";"471";"com vítima";"117.400";"BR-116/PR";"Norte";"Colisão Lateral";1;0;0;1;0;0;0;0;0;0;1;1;0;0;0
"07/07/2010";"08:17:00";"472";"sem vítima";"60.7000";"BR-116/SC";"Norte";"Colisão Traseira";2;0;0;0;0;0;0;0;0;0;5;0;0;0;0
"07/07/2010";"10:03:00";"476";"sem vítima";"7.09999";"BR-116/SC";"Norte";"Colisão Transversal";2;0;0;0;0;0;0;0;0;0;5;0;0;0;0
"07/07/2010";"04:10:00";"501";"com vítima";"117.099";"BR-116/PR";"Norte";"Colisão Traseira";1;0;0;1;0;0;0;0;0;0;1;1;0;0;0
"07/07/2010";"06:00:00";"518";"sem vítima";"42";"BR-116/SC";"Norte";"Colisão Lateral";0;0;2;0;0;0;0;0;0;0;2;0;0;0;0
"07/07/2010";"06:29:00";"522";"com vítima";"144.800";"BR-116/SC";"Sul";"Capotamento";0;0;1;0;0;0;0;0;0;0;0;1;0;0;0
"07/07/2010";"06:44:00";"523";"com vítima";"95.1999";"BR-116/SC";"Sul";"Colisão Traseira";1;0;1;0;0;0;0;0;0;0;2;1;0;0;0
"07/07/2010";"06:59:00";"525";"sem vítima";"181.899";"BR-116/SC";"Sul";"Colisão Traseira";2;0;0;0;0;0;0;0;0;0;2;0;0;0;0
"08/07/2010";"08:17:00";"549";"com vítima";"119.199";"BR-116/PR";"Sul";"Colisão Lateral";1;0;0;1;0;0;0;0;0;0;1;1;0;0;0
"08/07/2010";"10:05:00";"557";"sem vítima";"147.5";"BR-116/SC";"Sul";"Colisão Lateral";0;0;2;0;0;0;0;0;0;0;8;0;0;0;0
"08/07/2010";"02:31:00";"576";"sem vítima";"26";"BR-116/SC";"Sul";"Objeto lançado contra veículo";0;0;1;0;0;0;0;0;0;0;2;0;0;0;0
"08/07/2010";"04:34:00";"588";"sem vítima";"9";"BR-116/SC";"Sul";"Colisão Lateral";1;0;1;0;0;0;0;0;0;0;2;0;0;0;0
"08/07/2010";"05:14:00";"590";"com vítima";"190.300";"BR-116/PR";"Sul";"Saida de Pista";0;0;1;0;0;0;0;0;0;0;0;1;0;0;0
"09/07/2010";"01:38:00";"644";"sem vítima";"126.199";"BR-116/PR";"Sul";"Colisão Traseira";2;0;0;0;0;0;0;0;0;0;2;0;0;0;0
"09/07/2010";"03:28:00";"654";"sem vítima";"117.300";"BR-116/PR";"Sul";"Choque - Veiculo parado na pista";2;0;0;0;0;0;0;0;0;0;4;0;0;0;0
"09/07/2010";"04:19:00";"656";"sem vítima";"221.100";"BR-116/SC";"Norte";"Colisão Transversal";1;0;0;0;0;0;0;0;0;1;5;0;0;0;0
"09/07/2010";"05:28:00";"664";"com vítima";"153.300";"BR-116/PR";"Norte";"Colisão Traseira";0;0;1;1;0;0;0;0;0;0;1;1;0;0;0
"09/07/2010";"08:01:00";"675";"sem vítima";"202.800";"BR-116/PR";"Sul";"Choque - Defensa, barreira ou "submarino"";0;0;2;0;0;0;0;0;0;0;2;0;0;0;0
"09/07/2010";"09:40:00";"688";"sem vítima";"107.699";"BR-116/SC";"Sul";"Colisão Lateral";0;0;2;0;0;0;0;0;0;0;2;0;0;0;0
"10/07/2010";"01:05:00";"695";"sem vítima";"32.9500";"BR-116/SC";"Sul";"Saida de Pista";1;0;0;0;0;0;0;0;0;0;1;0;0;0;0
"10/07/2010";"02:04:00";"697";"com vítima";"162.300";"BR-116/SC";"Sul";"Saida de Pista";0;0;1;0;0;0;0;0;0;0;0;1;0;0;0
"10/07/2010";"08:26:00";"704";"sem vítima";"202";"BR-116/SC";"Norte";"Saida de Pista";0;0;1;0;0;0;0;0;0;0;1;0;0;0;0
"10/07/2010";"08:51:00";"708";"sem vítima";"202";"BR-116/PR";"Sul";"Objeto lançado contra veículo";1;0;0;0;0;0;0;0;0;0;1;0;0;0;0
"10/07/2010";"03:35:00";"735";"sem vítima";"118.699";"BR-116/PR";"Norte";"Colisão Traseira";2;0;0;0;0;0;0;0;0;0;4;0;0;0;0
"10/07/2010";"04:45:00";"742";"sem vítima";"119.099";"BR-116/PR";"Norte";"Colisão Traseira";1;0;0;0;1;0;0;0;0;0;3;0;0;0;0
"10/07/2010";"07:26:00";"760";"com vítima";"86.1999";"BR-116/SC";"Sul";"Colisão Transversal";2;0;2;0;0;0;0;0;0;0;2;6;0;1;0
"10/07/2010";"07:58:00";"763";"sem vítima";"153";"BR-116/PR";"Sul";"Atropelamento de Animal";1;0;0;0;0;0;0;0;0;0;1;0;0;0;0
"10/07/2010";"09:30:00";"775";"sem vítima";"140.600";"BR-116/PR";"Sul";"Colisão Frontal";2;0;0;0;0;0;0;0;0;0;2;0;0;0;0
"10/07/2010";"10:38:00";"777";"com vítima";"157.5";"BR-116/PR";"Sul";"Saida de Pista";1;0;0;0;0;0;0;0;0;0;0;0;1;0;0
"10/07/2010";"11:06:00";"778";"sem vítima";"129.699";"BR-116/PR";"Sul";"Colisão Lateral";2;0;0;0;0;0;0;0;0;0;2;0;0;0;0
"11/07/2010";"05:07:00";"789";"com vítima";"172.5";"BR-116/SC";"Sul";"Saida de Pista";1;0;0;0;0;0;0;0;0;0;4;1;0;0;0
"11/07/2010";"05:12:00";"790";"sem vítima";"221.300";"BR-116/SC";"Sul";"Objeto lançado contra veículo";0;0;1;0;0;0;0;0;0;0;1;0;0;0;0
"11/07/2010";"07:23:00";"793";"sem vítima";"8.60000";"BR-116/SC";"Norte";"Saida de Pista";1;0;0;0;0;0;0;0;0;0;1;0;0;0;0
"11/07/2010";"07:32:00";"794";"sem vítima";"1.20000";"BR-116/SC";"Sul";"Saida de Pista";1;0;0;0;0;0;0;0;0;0;5;0;0;0;0
"11/07/2010";"04:24:00";"829";"com vítima";"116.599";"BR-116/PR";"Sul";"Colisão Transversal";1;1;0;0;0;0;0;0;0;0;1;0;0;0;1
"11/07/2010";"04:48:00";"832";"sem vítima";"80.1999";"BR-116/SC";"Norte";"Saida de Pista";1;0;0;0;0;0;0;0;0;0;4;0;0;0;0
"11/07/2010";"06:52:00";"842";"com vítima";"209";"BR-116/PR";"Norte";"Tombamento";0;1;0;0;0;0;0;0;0;0;0;1;0;0;0
"11/07/2010";"06:58:00";"844";"sem vítima";"209";"BR-116/PR";"Norte";"Colisão Transversal";2;0;0;0;0;0;0;0;0;0;2;0;0;0;0
"11/07/2010";"07:50:00";"852";"sem vítima";"243";"BR-116/SC";"Sul";"Saida de Pista";1;0;0;0;0;0;0;0;0;0;2;0;0;0;0
"12/07/2010";"09:58:00";"887";"sem vítima";"9";"BR-116/SC";"Sul";"Colisão Lateral";0;0;2;0;0;0;0;0;0;0;2;0;0;0;0
"12/07/2010";"10:45:00";"892";"sem vítima";"119.400";"BR-116/PR";"Sul";"Colisão Traseira";2;0;0;0;0;0;0;0;0;0;5;0;0;0;0
"12/07/2010";"10:59:00";"893";"com vítima";"21.7000";"BR-116/SC";"Sul";"Colisão Transversal";1;0;1;0;0;0;0;0;0;0;1;1;0;0;0
"12/07/2010";"12:45:00";"899";"sem vítima";"118.099";"BR-116/PR";"Norte";"Colisão Traseira";0;0;2;0;0;0;0;0;0;0;2;0;0;0;0
"12/07/2010";"01:21:00";"904";"sem vítima";"131";"BR-116/PR";"Norte";"Atropelamento de Animal";1;0;0;0;0;0;0;0;0;0;1;0;0;0;0
"12/07/2010";"04:09:00";"924";"sem vítima";"1.5";"BR-116/SC";"Sul";"Colisão Transversal";0;0;0;0;0;0;0;0;0;2;17;0;0;0;0
"12/07/2010";"09:46:00";"945";"sem vítima";"125.099";"BR-116/PR";"Norte";"Choque - Defensa, barreira ou "submarino"";1;0;0;0;0;0;0;0;0;0;4;0;0;0;0
"13/07/2010";"06:54:00";"958";"sem vítima";"125.800";"BR-116/PR";"Sul";"Saida de Pista";1;0;0;0;0;0;0;0;0;0;1;0;0;0;0
"13/07/2010";"10:08:00";"972";"sem vítima";"125.800";"BR-116/PR";"Norte";"Choque - Veiculo parado na pista";1;0;1;0;0;0;0;0;0;0;2;0;0;0;0
"13/07/2010";"01:48:00";"978";"sem vítima";"155";"BR-116/SC";"Norte";"Tombamento";0;0;1;0;0;0;0;0;0;0;1;0;0;0;0
"13/07/2010";"05:44:00";"993";"sem vítima";"152";"BR-116/SC";"Sul";"Choque - Cancela de Pedagio";0;0;1;0;0;0;0;0;0;0;1;0;0;0;0
"13/07/2010";"11:01:00";"1011";"com vítima";"12";"BR-116/SC";"Sul";"Colisão Transversal";1;0;1;0;0;0;0;0;0;0;1;1;0;1;0
"14/07/2010";"10:00:00";"1048";"sem vítima";"204";"BR-116/PR";"Sul";"Objeto lançado contra veículo";0;0;0;0;0;0;0;0;0;1;1;0;0;0;0
"14/07/2010";"10:39:00";"1052";"sem vítima";"220";"BR-116/SC";"Norte";"Colisão Transversal";1;0;0;0;0;0;0;0;0;1;2;0;0;0;0
"14/07/2010";"03:55:00";"1066";"sem vítima";"190.399";"BR-116/PR";"Sul";"Choque - Veiculo parado na pista";0;0;2;0;0;0;0;0;0;0;3;0;0;0;0
"14/07/2010";"04:21:00";"1070";"sem vítima";"141";"BR-116/PR";"Norte";"Objeto lançado contra veículo";0;0;0;0;0;0;0;0;0;1;1;0;0;0;0
"14/07/2010";"06:53:00";"1084";"sem vítima";"140.5";"BR-116/PR";"Norte";"Saida de Pista";1;0;0;0;0;0;0;0;0;0;1;0;0;0;0
"14/07/2010";"07:48:00";"1090";"com vítima";"128.100";"BR-116/PR";"Norte";"Choque - Veiculo parado na pista";3;0;0;0;0;0;0;0;0;0;4;2;0;0;0
"15/07/2010";"06:42:00";"1105";"sem vítima";"176.199";"BR-116/SC";"Norte";"Saida de Pista";0;0;1;0;0;0;0;0;0;0;1;0;0;0;0
"15/07/2010";"07:55:00";"1110";"sem vítima";"3.79999";"BR-116/SC";"Sul";"Colisão Traseira";1;0;0;1;0;0;0;0;0;0;2;0;0;0;0
"15/07/2010";"11:25:00";"1121";"sem vítima";"4";"BR-116/SC";"Norte";"Colisão Traseira";2;0;0;0;0;0;0;0;0;0;2;0;0;0;0
"15/07/2010";"02:19:00";"1129";"sem vítima";"142.699";"BR-116/SC";"Sul";"Colisão Traseira";1;0;2;0;0;0;0;0;0;0;3;0;0;0;0
"15/07/2010";"04:32:00";"1136";"sem vítima";"108";"BR-116/SC";"Norte";"Saida de Pista";1;0;0;0;0;0;0;0;0;0;1;0;0;0;0
"15/07/2010";"04:52:00";"1138";"com vítima";"129.300";"BR-116/SC";"Sul";"Colisão Lateral";1;0;1;0;0;0;0;0;0;0;0;2;0;0;0
"15/07/2010";"05:11:00";"1142";"sem vítima";"166.800";"BR-116/PR";"Sul";"Colisão Transversal";1;0;1;0;0;0;0;0;0;0;2;0;0;0;0
"15/07/2010";"05:42:00";"1146";"sem vítima";"173.100";"BR-116/PR";"Sul";"Saida de Pista";1;0;0;0;0;0;0;0;0;0;1;0;0;0;0
"15/07/2010";"08:30:00";"1159";"sem vítima";"233.100";"BR-116/SC";"Sul";"Choque - Defensa, barreira ou "submarino"";0;0;1;0;0;0;0;0;0;0;1;0;0;0;0
"16/07/2010";"03:52:00";"1172";"sem vítima";"4.5";"BR-116/SC";"Sul";"Saida de Pista";1;0;0;0;0;0;0;0;0;0;1;0;0;0;0
"16/07/2010";"05:50:00";"1176";"sem vítima";"209.399";"BR-116/PR";"Norte";"Colisão Transversal";2;0;0;0;0;0;0;0;0;0;2;0;0;0;0
"16/07/2010";"12:14:00";"1194";"sem vítima";"118.300";"BR-116/PR";"Norte";"Colisão Traseira";2;0;0;0;0;0;0;0;0;0;2;0;0;0;0
"16/07/2010";"01:26:00";"1201";"sem vítima";"204";"BR-116/PR";"Sul";"Objeto lançado contra veículo";1;0;0;0;0;0;0;0;0;0;1;0;0;0;0
"16/07/2010";"02:43:00";"1207";"sem vítima";"162";"BR-116/PR";"Norte";"Objeto lançado contra veículo";0;0;1;0;0;0;0;0;0;0;1;0;0;0;0
"16/07/2010";"02:44:00";"1208";"sem vítima";"205";"BR-116/PR";"Norte";"Objeto lançado contra veículo";1;0;0;0;0;0;0;0;0;0;1;0;0;0;0
"16/07/2010";"04:24:00";"1224";"sem vítima";"152.100";"BR-116/PR";"Sul";"Colisão Transversal";1;0;0;0;0;0;0;0;0;1;3;0;0;0;0
"16/07/2010";"05:34:00";"1227";"com vítima";"138";"BR-116/SC";"Norte";"Colisão Transversal";1;0;1;0;0;0;0;0;0;0;1;1;0;0;0
"16/07/2010";"05:40:00";"1228";"sem vítima";"140";"BR-116/PR";"Norte";"Objeto lançado contra veículo";0;0;0;0;0;0;0;0;0;1;3;0;0;0;0
"16/07/2010";"06:20:00";"1231";"sem vítima";"245.600";"BR-116/SC";"Sul";"Colisão Transversal";2;0;0;0;0;0;0;0;0;0;8;0;0;0;0
"16/07/2010";"06:24:00";"1232";"com vítima";"167.899";"BR-116/SC";"Sul";"Colisão Frontal";2;0;0;0;0;0;0;0;0;0;2;1;1;0;0
"16/07/2010";"06:35:00";"1235";"sem vítima";"233.100";"BR-116/SC";"Norte";"Colisão Traseira";2;0;0;0;0;0;0;0;0;0;5;0;0;0;0
"16/07/2010";"07:02:00";"1238";"sem vítima";"191";"BR-116/PR";"Sul";"Objeto lançado contra veículo";1;0;0;0;0;0;0;0;0;0;1;0;0;0;0
"16/07/2010";"07:40:00";"1243";"sem vítima";"238.899";"BR-116/SC";"Norte";"Colisão Lateral";1;0;1;0;0;0;0;0;0;0;8;0;0;0;0
"16/07/2010";"08:10:00";"1247";"sem vítima";"130.199";"BR-116/PR";"Sul";"Atropelamento de Animal";1;0;0;0;0;0;0;0;0;0;3;0;0;0;0
"16/07/2010";"08:30:00";"1250";"sem vítima";"119";"BR-116/PR";"Sul";"Colisão Transversal";2;0;0;1;0;0;0;0;0;0;3;0;0;0;0
"16/07/2010";"11:43:00";"1259";"com vítima";"116.199";"BR-116/PR";"Sul";"Queda de Moto";0;0;0;1;0;0;0;0;0;0;0;1;0;0;0
"17/07/2010";"03:12:00";"1263";"sem vítima";"142";"BR-116/SC";"Norte";"Atropelamento de Animal";0;0;1;0;0;0;0;0;0;0;1;0;0;0;0
"17/07/2010";"07:16:00";"1267";"sem vítima";"59.9000";"BR-116/SC";"Sul";"Tombamento";0;0;1;0;0;0;0;0;0;0;2;0;0;0;0
"17/07/2010";"09:06:00";"1273";"sem vítima";"190.199";"BR-116/PR";"Sul";"Saida de Pista";0;0;1;0;0;0;0;0;0;0;1;0;0;0;0
"17/07/2010";"10:26:00";"1279";"sem vítima";"224.899";"BR-116/SC";"Norte";"Saida de Pista";1;0;0;0;0;0;0;0;0;0;2;0;0;0;0
"17/07/2010";"12:15:00";"1287";"sem vítima";"245.5";"BR-116/SC";"Sul";"Saida de Pista";1;0;0;0;0;0;0;0;0;0;1;0;0;0;0
"17/07/2010";"09:25:00";"1325";"com vítima";"145";"BR-116/PR";"Sul";"Choque - Veiculo parado na pista";2;0;0;0;0;0;0;0;0;0;3;1;0;0;0
"17/07/2010";"10:03:00";"1329";"com vítima";"112.800";"BR-116/SC";"Norte";"Saida de Pista";0;0;1;0;0;0;0;0;0;0;0;1;0;0;0
"18/07/2010";"04:43:00";"1339";"com vítima";"170.600";"BR-116/PR";"Norte";"Saida de Pista";1;0;0;0;0;0;0;0;0;0;1;1;0;0;0
"18/07/2010";"07:08:00";"1342";"com vítima";"124.900";"BR-116/PR";"Sul";"Saida de Pista";0;0;0;1;0;0;0;0;0;0;0;0;1;0;0
"18/07/2010";"08:06:00";"1345";"com vítima";"56.5999";"BR-116/SC";"Norte";"Colisão Traseira";0;0;0;1;0;1;0;0;0;0;1;0;0;0;1
"18/07/2010";"12:02:00";"1360";"sem vítima";"191";"BR-116/PR";"Sul";"Colisão Lateral";1;0;1;0;0;0;0;0;0;0;2;0;0;0;0
"18/07/2010";"04:14:00";"1369";"sem vítima";"72.8000";"BR-116/SC";"Norte";"Saida de Pista";0;0;1;0;0;0;0;0;0;0;3;0;0;0;0
"18/07/2010";"06:44:00";"1382";"sem vítima";"212";"BR-116/SC";"Sul";"Objeto lançado contra veículo";0;0;0;0;0;0;0;0;0;1;1;0;0;0;0
"19/07/2010";"05:31:00";"1415";"sem vítima";"117.599";"BR-116/PR";"Norte";"Colisão Lateral";2;0;0;0;0;0;0;0;0;0;2;0;0;0;0
"19/07/2010";"06:26:00";"1416";"sem vítima";"234.100";"BR-116/SC";"Sul";"Colisão Lateral";2;0;0;0;0;0;0;0;0;0;2;0;0;0;0
"19/07/2010";"01:49:00";"1451";"sem vítima";"140";"BR-116/SC";"Sul";"Objeto lançado contra veículo";0;0;0;0;0;0;0;0;0;1;1;0;0;0;0
"19/07/2010";"04:00:00";"1459";"sem vítima";"308.5";"BR-116/SC";"Norte";"Saida de Pista";1;0;0;0;0;0;0;0;0;0;1;0;0;0;0
"19/07/2010";"06:38:00";"1482";"sem vítima";"221.199";"BR-116/SC";"Norte";"Saida de Pista";1;0;0;0;0;0;0;0;0;0;4;0;0;0;0
"19/07/2010";"07:07:00";"1483";"sem vítima";"261.299";"BR-116/SC";"Sul";"Colisão Lateral";2;0;0;0;0;0;0;0;0;0;4;0;0;0;0
"19/07/2010";"10:24:00";"1492";"sem vítima";"166.800";"BR-116/PR";"Norte";"Saida de Pista";0;0;1;0;0;0;0;0;0;0;1;0;0;0;0
"20/07/2010";"07:51:00";"1510";"sem vítima";"131";"BR-116/PR";"Sul";"Objeto lançado contra veículo";1;0;0;0;0;0;0;0;0;0;1;0;0;0;0
"20/07/2010";"01:18:00";"1537";"sem vítima";"245.5";"BR-116/SC";"Sul";"Colisão Transversal";1;0;1;0;0;0;0;0;0;0;6;0;0;0;0
"21/07/2010";"06:38:00";"1588";"com vítima";"122";"BR-116/PR";"Sul";"Colisão Transversal";1;0;0;1;0;0;0;0;0;0;2;1;0;0;0
"21/07/2010";"07:05:00";"1591";"sem vítima";"233";"BR-116/SC";"Sul";"Colisão Traseira";0;0;2;0;0;0;0;0;0;0;3;0;0;0;0
"21/07/2010";"07:08:00";"1592";"sem vítima";"141";"BR-116/PR";"Sul";"Colisão Transversal";2;0;0;0;0;0;0;0;0;0;2;0;0;0;0
"21/07/2010";"08:49:00";"1596";"sem vítima";"120";"BR-116/SC";"Sul";"Objeto lançado contra veículo";0;0;1;0;0;0;0;0;0;0;3;0;0;0;0
"21/07/2010";"01:50:00";"1617";"sem vítima";"136.699";"BR-116/PR";"Norte";"Objeto lançado contra veículo";1;0;0;0;1;0;0;0;0;0;2;0;0;0;0
"21/07/2010";"04:45:00";"1631";"com vítima";"308.700";"BR-116/SC";"Sul";"Tombamento";0;0;1;0;0;0;0;0;0;0;0;1;0;0;0
"21/07/2010";"04:59:00";"1633";"com vítima";"7.80000";"BR-116/SC";"Sul";"Choque - Veiculo parado no acostamento";0;0;2;0;0;0;0;0;0;0;0;1;0;1;0
"21/07/2010";"07:35:00";"1639";"sem vítima";"9.19999";"BR-116/SC";"Sul";"Colisão Lateral";1;0;2;0;0;0;0;0;0;0;3;0;0;0;0
"22/07/2010";"03:07:00";"1655";"sem vítima";"123.5";"BR-116/PR";"Norte";"Atropelamento de Animal";1;0;0;0;0;0;0;0;0;0;1;0;0;0;0
"22/07/2010";"09:28:00";"1673";"sem vítima";"186";"BR-116/SC";"Sul";"Tombamento";0;0;1;0;0;1;0;0;0;0;2;0;0;0;0
"22/07/2010";"02:36:00";"1688";"sem vítima";"204";"BR-116/PR";"Sul";"Objeto lançado contra veículo";1;0;1;0;0;0;0;0;0;0;3;0;0;0;0
"22/07/2010";"04:47:00";"1695";"com vítima";"59.9799";"BR-116/SC";"Sul";"Colisão Lateral";1;0;1;0;0;0;0;0;0;0;1;2;0;0;0
"22/07/2010";"06:24:00";"1709";"sem vítima";"233";"BR-116/SC";"Norte";"Colisão Traseira";0;0;2;0;0;0;0;0;0;0;2;0;0;0;0
"23/07/2010";"12:02:00";"1725";"sem vítima";"120";"BR-116/SC";"Sul";"Choque - Objeto sobre a pista";0;0;0;0;1;0;0;0;0;0;27;0;0;0;0
"23/07/2010";"11:04:00";"1752";"com vítima";"134.199";"BR-116/PR";"Norte";"Queda de Moto";0;0;0;1;0;0;0;0;0;0;0;1;0;0;0
"23/07/2010";"11:46:00";"1755";"sem vítima";"128.100";"BR-116/PR";"Sul";"Choque - Veiculo parado na pista";2;0;0;0;0;0;0;0;0;0;5;0;0;0;0
"23/07/2010";"05:04:00";"1782";"com vítima";"152.399";"BR-116/PR";"Sul";"Colisão Transversal";1;0;1;0;0;0;0;0;0;0;1;3;0;1;0
"23/07/2010";"05:07:00";"1783";"com vítima";"72";"BR-116/SC";"Norte";"Saida de Pista";1;0;0;0;0;0;0;0;0;0;1;2;0;0;0
"23/07/2010";"05:09:00";"1784";"sem vítima";"245.600";"BR-116/SC";"Norte";"Colisão Transversal";2;0;0;0;0;0;0;0;0;0;10;0;0;0;0
"23/07/2010";"06:03:00";"1787";"com vítima";"145";"BR-116/SC";"Sul";"Colisão Transversal";1;0;1;0;0;0;0;0;0;0;2;0;0;0;1
"23/07/2010";"08:11:00";"1790";"com vítima";"117.449";"BR-116/PR";"Sul";"Colisão Traseira";0;0;0;1;0;1;0;0;0;0;1;0;0;0;1
"24/07/2010";"08:15:00";"1809";"sem vítima";"127.099";"BR-116/PR";"Sul";"Colisão Transversal";1;0;0;0;0;0;0;0;0;1;6;0;0;0;0
"24/07/2010";"11:13:00";"1822";"sem vítima";"247";"BR-116/SC";"Norte";"Choque - Outros";1;0;0;0;0;0;0;0;0;0;1;0;0;0;0
"24/07/2010";"11:28:00";"1825";"sem vítima";"198";"BR-116/SC";"Norte";"Colisão Traseira";2;0;0;0;0;0;0;0;0;0;7;0;0;0;0
"24/07/2010";"04:02:00";"1839";"sem vítima";"188";"BR-116/PR";"Norte";"Colisão Transversal";2;0;0;0;0;0;0;0;0;0;2;0;0;0;0
"24/07/2010";"07:14:00";"1855";"com vítima";"141.800";"BR-116/PR";"Sul";"Colisão Transversal";1;0;1;1;0;0;0;0;0;0;2;0;0;1;0
"24/07/2010";"09:56:00";"1867";"sem vítima";"47.2999";"BR-116/SC";"Sul";"Choque - Defensa, barreira ou "submarino"";1;0;0;0;0;0;0;0;0;0;1;0;0;0;0