data;horario;n_da_ocorrencia;tipo_de_ocorrencia;km;trecho;sentido;tipo_de_acidente;automovel;bicicleta;caminhao;moto;onibus;outros;tracao_animal;transporte_de_cargas_especiais;trator_maquinas;utilitarios;ilesos;levemente_feridos;moderadamente_feridos;gravemente_feridos;mortos
"23/08/2010";"06:17:00";"1903";"sem vítima";"130.600";"BR-116/PR";"Norte";"Choque - Objeto sobre a pista";1;0;0;0;0;0;0;0;0;0;1;0;0;0;0
"23/08/2010";"06:20:00";"1905";"sem vítima";"130.600";"BR-116/PR";"Sul";"Choque - Objeto sobre a pista";1;0;0;0;0;0;0;0;0;0;1;0;0;0;0
"23/08/2010";"06:37:00";"1906";"sem vítima";"130.600";"BR-116/PR";"Norte";"Choque - Objeto sobre a pista";0;0;0;0;0;0;0;0;0;1;1;0;0;0;0
"23/08/2010";"06:38:00";"1908";"com vítima";"149.199";"BR-116/PR";"Sul";"Colisão Frontal";1;0;1;0;0;0;0;0;0;0;1;0;0;0;1
"23/08/2010";"08:11:00";"1914";"sem vítima";"150.100";"BR-116/PR";"Norte";"Colisão Traseira";3;0;0;0;0;0;0;0;0;0;3;0;0;0;0
"23/08/2010";"07:53:00";"1952";"sem vítima";"74";"BR-116/SC";"Sul";"Colisão Lateral";0;0;2;0;0;0;0;0;0;0;3;0;0;0;0
"24/08/2010";"01:13:00";"1996";"sem vítima";"148";"BR-116/SC";"Norte";"Objeto lançado contra veículo";1;0;0;0;0;0;0;0;0;0;1;0;0;0;0
"24/08/2010";"03:23:00";"2012";"sem vítima";"150";"BR-116/PR";"Norte";"Objeto lançado contra veículo";1;0;0;0;0;0;0;0;0;0;1;0;0;0;0
"24/08/2010";"03:27:00";"2013";"sem vítima";"131.5";"BR-116/PR";"Sul";"Objeto lançado contra veículo";1;0;0;0;0;0;0;0;0;0;1;0;0;0;0
"24/08/2010";"04:43:00";"2019";"sem vítima";"267.700";"BR-116/SC";"Norte";"Saida de Pista";1;0;0;0;0;0;0;0;0;0;1;0;0;0;0
"24/08/2010";"04:45:00";"2020";"sem vítima";"208.899";"BR-116/SC";"Sul";"Colisão Transversal";2;0;0;0;0;0;0;0;0;0;8;0;0;0;0
"24/08/2010";"06:49:00";"2032";"sem vítima";"93";"BR-116/SC";"Sul";"Colisão Traseira";1;0;2;0;0;0;0;0;0;0;4;0;0;0;0
"24/08/2010";"08:11:00";"2039";"sem vítima";"134";"BR-116/PR";"Sul";"Atropelamento de Animal";1;0;0;0;0;0;0;0;0;0;1;0;0;0;0
"25/08/2010";"05:36:00";"2068";"com vítima";"105.699";"BR-116/SC";"Norte";"Tombamento";0;0;1;0;0;0;0;0;0;0;0;1;0;0;0
"25/08/2010";"07:12:00";"2071";"sem vítima";"115.699";"BR-116/PR";"Norte";"Colisão Traseira";1;0;0;0;1;0;0;0;0;0;151;0;0;0;0
"25/08/2010";"11:19:00";"2091";"sem vítima";"236";"BR-116/SC";"Sul";"Colisão Lateral";1;0;1;0;0;0;0;0;0;0;2;0;0;0;0
"25/08/2010";"12:54:00";"2101";"sem vítima";"202";"BR-116/SC";"Norte";"Saida de Pista";0;0;1;0;0;0;0;0;0;0;1;0;0;0;0
"25/08/2010";"12:56:00";"2102";"sem vítima";"2";"BR-116/SC";"Sul";"Objeto lançado contra veículo";0;0;1;0;0;0;0;0;0;0;1;0;0;0;0
"25/08/2010";"03:40:00";"2118";"sem vítima";"129.300";"BR-116/SC";"Norte";"Choque - Veiculo parado no acostamento";1;0;0;0;0;0;0;0;1;0;2;0;0;0;0
"25/08/2010";"03:43:00";"2119";"sem vítima";"164";"BR-116/SC";"Norte";"Choque - Veiculo parado na pista";1;0;1;0;0;0;0;0;0;0;2;0;0;0;0
"25/08/2010";"03:46:00";"2120";"com vítima";"118.099";"BR-116/PR";"Norte";"Colisão Transversal";1;0;0;1;0;0;0;0;0;0;1;0;1;0;0
"25/08/2010";"09:49:00";"2157";"sem vítima";"82";"BR-116/SC";"Sul";"Choque - Cancela de Pedagio";0;0;0;0;1;0;0;0;0;0;1;0;0;0;0
"26/08/2010";"01:03:00";"2199";"sem vítima";"139.5";"BR-116/PR";"Norte";"Colisão Transversal";2;0;0;0;0;0;0;0;0;0;3;0;0;0;0
"26/08/2010";"02:05:00";"2203";"sem vítima";"119.5";"BR-116/PR";"Norte";"Colisão Lateral";1;0;0;0;0;0;0;0;0;1;2;0;0;0;0
"26/08/2010";"03:53:00";"2213";"sem vítima";"264";"BR-116/SC";"Sul";"Objeto lançado contra veículo";0;0;0;0;0;0;0;0;0;1;1;0;0;0;0
"26/08/2010";"05:06:00";"2221";"sem vítima";"204.5";"BR-116/PR";"Sul";"Choque - Objeto sobre a pista";1;0;0;0;0;0;0;0;0;0;1;0;0;0;0
"26/08/2010";"08:34:00";"2236";"sem vítima";"117";"BR-116/PR";"Sul";"Saida de Pista";1;0;0;0;0;0;0;0;0;0;1;0;0;0;0
"27/08/2010";"05:53:00";"2251";"com vítima";"116.099";"BR-116/PR";"Sul";"Colisão Transversal";0;0;0;1;0;1;0;0;0;0;1;1;0;0;0
"27/08/2010";"01:32:00";"2282";"com vítima";"152.399";"BR-116/PR";"Norte";"Colisão Transversal";2;0;0;0;0;0;0;0;0;0;1;1;0;0;0
"27/08/2010";"06:35:00";"2305";"sem vítima";"143.699";"BR-116/PR";"Sul";"Capotamento";0;0;0;0;0;0;0;0;0;1;5;0;0;0;0
"28/08/2010";"03:07:00";"2332";"com vítima";"202.5";"BR-116/PR";"Norte";"Saida de Pista";0;0;0;1;0;0;0;0;0;0;0;0;1;0;1
"28/08/2010";"06:34:00";"2338";"com vítima";"251.300";"BR-116/SC";"Sul";"Colisão Transversal";0;0;2;0;0;0;0;0;0;0;0;0;0;2;0
"28/08/2010";"10:34:00";"2348";"com vítima";"69";"BR-116/SC";"Sul";"Atropelamento - Ciclista";1;1;0;0;0;0;0;0;0;0;1;1;0;0;0
"28/08/2010";"02:27:00";"2371";"com vítima";"168.100";"BR-116/SC";"Sul";"Choque - Talude";1;0;0;0;0;0;0;0;0;0;0;0;0;1;0
"28/08/2010";"09:15:00";"2410";"sem vítima";"2";"BR-116/SC";"Sul";"Choque - Objeto sobre a pista";1;0;0;0;0;0;0;0;0;0;1;0;0;0;0
"29/08/2010";"12:18:00";"2420";"sem vítima";"142";"BR-116/PR";"Norte";"Choque - Objeto sobre a pista";1;0;0;0;0;0;0;0;0;0;1;0;0;0;0
"29/08/2010";"01:28:00";"2422";"com vítima";"119.5";"BR-116/PR";"Norte";"Colisão Transversal";2;0;0;0;0;0;0;0;0;0;6;4;0;0;0
"29/08/2010";"02:08:00";"2423";"com vítima";"168.199";"BR-116/SC";"Norte";"Saida de Pista";1;0;0;0;0;0;0;0;0;0;0;1;0;0;0
"29/08/2010";"05:35:00";"2425";"com vítima";"266.450";"BR-116/SC";"Norte";"Colisão Frontal";1;0;1;0;0;0;0;0;0;0;1;0;0;0;2
"29/08/2010";"10:46:00";"2444";"sem vítima";"176.600";"BR-116/PR";"Norte";"Colisão Lateral";1;0;1;0;0;0;0;0;0;0;6;0;0;0;0
"29/08/2010";"03:28:00";"2465";"sem vítima";"166.800";"BR-116/PR";"Sul";"Colisão Transversal";2;0;0;0;0;0;0;0;0;0;5;0;0;0;0
"29/08/2010";"06:41:00";"2498";"sem vítima";"123.900";"BR-116/PR";"Norte";"Engavetamento";3;0;0;0;0;0;0;0;0;0;5;0;0;0;0
"30/08/2010";"07:05:00";"2547";"com vítima";"157.600";"BR-116/PR";"Norte";"Colisão Transversal";2;0;0;0;0;0;0;0;0;0;4;3;0;0;0
"30/08/2010";"09:42:00";"2564";"com vítima";"37";"BR-116/SC";"Norte";"Colisão Traseira";1;0;1;0;0;0;0;0;0;0;1;0;0;1;0
"30/08/2010";"10:00:00";"2566";"com vítima";"119.400";"BR-116/PR";"Norte";"Colisão Lateral";0;0;1;1;0;0;0;0;0;0;1;1;0;0;0
"30/08/2010";"02:27:00";"2575";"sem vítima";"166.899";"BR-116/SC";"Norte";"Tombamento";0;0;0;1;0;0;0;0;0;0;1;0;0;0;0
"30/08/2010";"03:10:00";"2579";"sem vítima";"187";"BR-116/PR";"Sul";"Choque - Objeto não identificado";0;0;1;0;0;0;0;0;0;0;1;0;0;0;0
"30/08/2010";"03:46:00";"2581";"com vítima";"168.5";"BR-116/PR";"Sul";"Colisão Transversal";0;0;0;1;0;0;0;0;0;1;2;0;0;0;1
"30/08/2010";"06:17:00";"2594";"sem vítima";"81";"BR-116/SC";"Sul";"Choque - Cancela de Pedagio";0;0;1;0;0;0;0;0;0;0;1;0;0;0;0
"30/08/2010";"07:29:00";"2600";"sem vítima";"115";"BR-116/PR";"Norte";"Colisão Lateral";1;0;1;0;0;0;0;0;0;0;2;0;0;0;0
"31/08/2010";"07:42:00";"2626";"com vítima";"69.4000";"BR-116/SC";"Sul";"Colisão Traseira";0;0;1;1;0;0;0;0;0;0;2;1;0;0;0
"31/08/2010";"11:18:00";"2644";"com vítima";"217.199";"BR-116/SC";"Sul";"Colisão Transversal";0;0;1;1;0;0;0;0;0;0;1;1;0;0;0
"31/08/2010";"01:37:00";"2659";"sem vítima";"4.5";"BR-116/SC";"Sul";"Outros";0;0;1;0;0;0;0;0;0;0;1;0;0;0;0
"31/08/2010";"03:31:00";"2670";"com vítima";"176.100";"BR-116/SC";"Sul";"Colisão Frontal";0;0;2;0;0;0;0;0;0;0;0;1;0;0;1
"31/08/2010";"08:52:00";"2696";"sem vítima";"210";"BR-116/SC";"Norte";"Saida de Pista";1;0;1;0;0;0;0;0;0;0;2;0;0;0;0
"01/09/2010";"03:59:00";"6";"sem vítima";"288.799";"BR-116/SC";"Sul";"Colisão Frontal";0;0;2;0;0;0;0;0;0;0;2;0;0;0;0
"01/09/2010";"06:39:00";"10";"com vítima";"122.199";"BR-116/PR";"Norte";"Colisão Lateral";0;0;0;2;0;0;0;0;0;0;3;1;0;0;0
"01/09/2010";"06:27:00";"75";"sem vítima";"130";"BR-116/PR";"Sul";"Colisão Transversal";2;0;0;0;0;0;0;0;0;0;4;0;0;0;0
"01/09/2010";"07:03:00";"78";"sem vítima";"146";"BR-116/PR";"Norte";"Atropelamento de Animal";1;0;0;0;0;0;0;0;0;0;1;0;0;0;0
"02/09/2010";"04:06:00";"149";"sem vítima";"210.800";"BR-116/SC";"Sul";"Choque - Objeto sobre a pista";0;0;1;0;0;0;0;0;0;0;1;0;0;0;0
"02/09/2010";"07:02:00";"166";"com vítima";"166.800";"BR-116/PR";"Sul";"Tombamento";0;1;0;0;0;0;0;0;0;0;0;1;0;0;0
"02/09/2010";"09:31:00";"184";"sem vítima";"142";"BR-116/PR";"Sul";"Choque - Veiculo parado no acostamento";1;0;0;0;0;0;0;0;0;1;2;0;0;0;0
"03/09/2010";"06:33:00";"196";"com vítima";"122";"BR-116/PR";"Sul";"Colisão Transversal";3;0;0;0;1;0;0;0;0;0;64;1;0;0;0
"03/09/2010";"08:38:00";"201";"sem vítima";"130";"BR-116/PR";"Norte";"Colisão Lateral";1;0;0;0;0;0;0;0;0;1;6;0;0;0;0
"03/09/2010";"06:47:00";"261";"sem vítima";"135.100";"BR-116/SC";"Norte";"Tombamento";0;0;1;0;0;0;0;0;0;0;1;0;0;0;0
"03/09/2010";"07:13:00";"265";"sem vítima";"133.5";"BR-116/SC";"Norte";"Colisão Lateral";1;0;1;0;0;0;0;0;0;0;2;0;0;0;0
"03/09/2010";"07:27:00";"267";"sem vítima";"119.400";"BR-116/PR";"Norte";"Colisão Transversal";1;0;1;0;0;0;0;0;0;0;3;0;0;0;0
"03/09/2010";"09:23:00";"278";"com vítima";"5.5";"BR-116/SC";"Norte";"Colisão Transversal";2;0;0;0;0;0;0;0;0;0;0;4;0;0;0
"04/09/2010";"05:00:00";"291";"com vítima";"124.400";"BR-116/SC";"Norte";"Saida de Pista";1;0;0;0;0;0;0;0;0;0;1;1;0;0;0
"04/09/2010";"07:42:00";"301";"com vítima";"211";"BR-116/SC";"Norte";"Saida de Pista";1;0;0;0;0;0;0;0;0;0;0;1;0;0;0
"04/09/2010";"08:04:00";"307";"sem vítima";"235.899";"BR-116/SC";"Norte";"Saida de Pista";1;0;0;0;0;0;0;0;0;0;1;0;0;0;0
"04/09/2010";"12:41:00";"323";"sem vítima";"12";"BR-116/SC";"Norte";"Objeto lançado contra veículo";0;0;1;0;0;0;0;0;0;0;1;0;0;0;0
"04/09/2010";"01:40:00";"331";"sem vítima";"12";"BR-116/SC";"Norte";"Objeto lançado contra veículo";1;0;0;0;0;0;0;0;0;0;1;0;0;0;0
"04/09/2010";"03:12:00";"341";"sem vítima";"81.5999";"BR-116/SC";"Norte";"Choque - Veiculo parado na pista";1;0;1;0;0;0;0;0;0;0;3;0;0;0;0
"04/09/2010";"07:59:00";"364";"com vítima";"117.400";"BR-116/PR";"Norte";"Queda de Moto";0;0;0;1;0;0;0;0;0;0;0;1;0;0;0
"04/09/2010";"08:42:00";"366";"sem vítima";"179.800";"BR-116/SC";"Norte";"Colisão Transversal";1;0;1;0;0;0;0;0;0;0;2;0;0;0;0
"04/09/2010";"09:34:00";"370";"sem vítima";"139.5";"BR-116/SC";"Norte";"Colisão Transversal";1;0;1;0;0;0;0;0;0;0;2;0;0;0;0
"04/09/2010";"10:37:00";"372";"sem vítima";"70";"BR-116/SC";"Norte";"Atropelamento de Animal";1;0;0;0;0;0;0;0;0;0;1;0;0;0;0
"05/09/2010";"09:37:00";"414";"sem vítima";"130.300";"BR-116/PR";"Sul";"Atropelamento de Animal";1;0;0;0;0;0;0;0;0;0;3;0;0;0;0
"05/09/2010";"09:43:00";"415";"sem vítima";"204";"BR-116/PR";"Norte";"Choque - Suporte de Sinalização";0;0;1;0;0;0;0;0;0;0;1;0;0;0;0
"05/09/2010";"12:02:00";"431";"sem vítima";"142";"BR-116/PR";"Sul";"Engavetamento";3;0;0;0;0;0;0;0;0;0;3;0;0;0;0
"05/09/2010";"02:49:00";"441";"sem vítima";"128";"BR-116/PR";"Sul";"Tombamento";0;0;0;1;0;0;0;0;0;0;1;0;0;0;0
"05/09/2010";"02:57:00";"442";"sem vítima";"120.699";"BR-116/PR";"Sul";"Colisão Transversal";1;0;0;0;0;0;0;0;0;1;4;0;0;0;0
"05/09/2010";"03:27:00";"446";"com vítima";"166.800";"BR-116/PR";"Norte";"Colisão Transversal";2;0;0;0;0;0;0;0;0;0;2;3;0;0;0
"05/09/2010";"07:36:00";"464";"com vítima";"126.300";"BR-116/PR";"Norte";"Colisão Transversal";2;0;0;0;0;0;0;0;0;0;0;1;0;1;0
"05/09/2010";"07:53:00";"467";"sem vítima";"137";"BR-116/PR";"Norte";"Colisão Lateral";1;0;1;0;0;0;0;0;0;0;2;0;0;0;0
"05/09/2010";"08:32:00";"470";"sem vítima";"119.400";"BR-116/PR";"Norte";"Colisão Traseira";2;0;0;0;0;0;0;0;0;0;2;0;0;0;0
"05/09/2010";"08:55:00";"473";"sem vítima";"115.800";"BR-116/PR";"Norte";"Colisão Lateral";2;0;0;0;0;0;0;0;0;1;3;0;0;0;0
"05/09/2010";"09:20:00";"474";"com vítima";"187";"BR-116/SC";"Norte";"Saida de Pista";1;0;0;0;0;0;0;0;0;0;2;1;0;0;0
"05/09/2010";"11:48:00";"482";"com vítima";"119.5";"BR-116/PR";"Norte";"Colisão Transversal";3;0;0;1;0;0;0;0;0;0;10;3;2;1;0
"06/09/2010";"02:44:00";"539";"sem vítima";"72.6999";"BR-116/SC";"Sul";"Colisão Lateral";2;0;0;0;0;0;0;0;0;0;2;0;0;0;0
"06/09/2010";"07:07:00";"556";"sem vítima";"233";"BR-116/SC";"Norte";"Choque - Suporte de Sinalização";0;0;1;0;0;0;0;0;0;0;1;0;0;0;0
"07/09/2010";"10:07:00";"605";"sem vítima";"127.5";"BR-116/SC";"Norte";"Choque - Objeto sobre a pista";0;0;1;0;0;0;0;0;0;0;1;0;0;0;0
"07/09/2010";"03:00:00";"638";"sem vítima";"147.5";"BR-116/PR";"Norte";"Colisão Lateral";1;0;1;0;0;0;0;0;0;0;2;0;0;0;0
"07/09/2010";"07:22:00";"663";"com vítima";"210.949";"BR-116/PR";"Sul";"Atropelamento - Andarilho";0;0;0;1;0;0;0;0;0;0;0;1;0;0;1
"07/09/2010";"07:24:00";"664";"sem vítima";"129";"BR-116/PR";"Sul";"Choque - Veiculo parado no acostamento";2;0;0;0;0;0;0;0;0;0;6;0;0;0;0
"08/09/2010";"12:24:00";"683";"com vítima";"2.5";"BR-116/SC";"Sul";"Queda de Moto";0;0;0;1;0;0;0;0;0;0;0;0;1;0;0
"08/09/2010";"03:24:00";"693";"com vítima";"116.900";"BR-116/PR";"Norte";"Colisão Traseira";2;0;0;0;0;0;0;0;0;0;3;2;0;0;0
"08/09/2010";"06:27:00";"699";"sem vítima";"120.800";"BR-116/PR";"Norte";"Colisão Traseira";2;0;0;0;0;0;0;0;0;0;2;0;0;0;0
"08/09/2010";"07:32:00";"704";"com vítima";"156.899";"BR-116/PR";"Norte";"Choque - Talude";0;0;0;0;0;0;0;0;0;1;0;1;0;0;0
"08/09/2010";"07:33:00";"705";"com vítima";"239";"BR-116/SC";"Sul";"Tombamento";0;0;1;0;0;0;0;0;0;0;0;1;0;0;0
"08/09/2010";"11:35:00";"720";"sem vítima";"196";"BR-116/PR";"Sul";"Objeto lançado contra veículo";1;0;1;0;0;0;0;0;0;0;6;0;0;0;0
"08/09/2010";"01:36:00";"728";"sem vítima";"234";"BR-116/SC";"Sul";"Saida de Pista";0;0;1;0;0;0;0;0;0;0;1;0;0;0;0
"08/09/2010";"02:05:00";"731";"sem vítima";"195.899";"BR-116/SC";"Sul";"Colisão Lateral";1;0;1;0;0;0;0;0;0;0;2;0;0;0;0
"08/09/2010";"03:25:00";"747";"com vítima";"167.300";"BR-116/PR";"Norte";"Colisão Traseira";0;0;0;2;0;0;0;0;0;0;1;0;1;0;0
"08/09/2010";"04:58:00";"755";"sem vítima";"144.800";"BR-116/PR";"Norte";"Choque - Arvore";0;0;1;0;0;0;0;0;0;0;1;0;0;0;0
"08/09/2010";"06:54:00";"768";"sem vítima";"126.099";"BR-116/PR";"Norte";"Choque - Veiculo parado no acostamento";3;0;0;0;0;0;0;0;0;0;6;0;0;0;0
"08/09/2010";"07:28:00";"771";"sem vítima";"152";"BR-116/PR";"Sul";"Colisão Transversal";2;0;1;0;0;0;0;0;0;0;6;0;0;0;0
"09/09/2010";"10:31:00";"805";"com vítima";"122";"BR-116/PR";"Norte";"Colisão Lateral";0;0;1;1;0;0;0;0;0;1;4;1;0;0;0
"09/09/2010";"12:06:00";"808";"sem vítima";"117.199";"BR-116/PR";"Norte";"Colisão Transversal";1;0;0;0;0;0;0;0;0;1;9;0;0;0;0
"09/09/2010";"12:46:00";"809";"sem vítima";"122.400";"BR-116/PR";"Norte";"Colisão Lateral";1;0;1;0;0;0;0;0;0;0;3;0;0;0;0
"09/09/2010";"04:38:00";"828";"sem vítima";"120";"BR-116/PR";"Sul";"Colisão Traseira";1;0;0;0;0;1;0;0;0;0;2;0;0;0;0
"09/09/2010";"11:01:00";"866";"sem vítima";"204.300";"BR-116/PR";"Norte";"Choque - Cancela de Pedagio";0;0;0;0;1;0;0;0;0;0;1;0;0;0;0
"10/09/2010";"05:47:00";"882";"sem vítima";"204";"BR-116/PR";"Sul";"Atropelamento de Animal";1;0;0;0;0;0;0;0;0;0;1;0;0;0;0
"10/09/2010";"03:27:00";"930";"sem vítima";"70";"BR-116/SC";"Norte";"Objeto lançado contra veículo";0;0;1;0;0;0;0;0;0;0;1;0;0;0;0
"11/09/2010";"09:38:00";"983";"sem vítima";"130";"BR-116/PR";"Sul";"Objeto lançado contra veículo";1;0;0;0;0;0;0;0;0;0;1;0;0;0;0
"11/09/2010";"10:52:00";"984";"sem vítima";"126.300";"BR-116/PR";"Sul";"Colisão Traseira";1;0;1;0;0;0;0;0;0;0;3;0;0;0;0
"11/09/2010";"10:55:00";"985";"com vítima";"309";"BR-116/SC";"Norte";"Colisão Frontal";1;0;1;0;0;0;0;0;0;0;1;0;1;0;0
"11/09/2010";"01:56:00";"991";"com vítima";"117.800";"BR-116/PR";"Sul";"Colisão Traseira";1;0;0;1;0;0;0;0;0;0;1;1;0;0;0
"11/09/2010";"02:17:00";"994";"sem vítima";"233";"BR-116/SC";"Sul";"Choque - Defensa, barreira ou "submarino"";0;0;1;0;0;0;0;0;0;0;1;0;0;0;0
"11/09/2010";"02:17:00";"993";"sem vítima";"134";"BR-116/PR";"Sul";"Colisão Lateral";1;0;1;0;0;0;0;0;0;0;5;0;0;0;0
"11/09/2010";"03:03:00";"1000";"sem vítima";"117.900";"BR-116/PR";"Norte";"Colisão Traseira";1;0;1;0;0;0;0;0;0;0;2;0;0;0;0
"11/09/2010";"05:52:00";"1018";"com vítima";"203.300";"BR-116/SC";"Sul";"Saida de Pista";1;0;0;0;0;0;0;0;0;0;0;1;0;0;0
"11/09/2010";"08:14:00";"1030";"com vítima";"271.899";"BR-116/SC";"Sul";"Colisão Transversal";0;0;1;1;0;0;0;0;0;0;1;1;0;0;0
"11/09/2010";"09:19:00";"1035";"sem vítima";"176.199";"BR-116/SC";"Norte";"Choque - Defensa, barreira ou "submarino"";1;0;0;0;0;0;0;0;0;0;2;0;0;0;0
"12/09/2010";"11:09:00";"1065";"com vítima";"122.400";"BR-116/PR";"Sul";"Colisão Transversal";1;0;0;0;0;0;0;0;0;1;2;1;0;0;0
"12/09/2010";"03:24:00";"1082";"com vítima";"67.1999";"BR-116/SC";"Sul";"Capotamento";1;0;0;0;0;0;0;0;0;0;1;2;0;0;0
"12/09/2010";"04:17:00";"1086";"com vítima";"123";"BR-116/PR";"Norte";"Objeto lançado contra veículo";3;0;0;0;0;0;0;0;0;0;3;1;0;0;0
"12/09/2010";"07:13:00";"1098";"sem vítima";"141.600";"BR-116/SC";"Sul";"Colisão Lateral";1;0;1;0;0;0;0;0;0;0;2;0;0;0;0
"12/09/2010";"10:03:00";"1115";"com vítima";"117.199";"BR-116/PR";"Norte";"Objeto lançado contra veículo";0;0;0;0;1;0;0;0;0;0;6;1;0;0;0
"13/09/2010";"08:06:00";"1137";"sem vítima";"118.099";"BR-116/PR";"Norte";"Colisão Transversal";1;0;0;0;0;1;0;0;0;0;2;0;0;0;0
"13/09/2010";"10:52:00";"1152";"sem vítima";"140.5";"BR-116/PR";"Sul";"Colisão Traseira";2;0;0;0;0;0;0;0;0;0;4;0;0;0;0
"13/09/2010";"04:57:00";"1183";"com vítima";"141.100";"BR-116/PR";"Norte";"Colisão Transversal";2;0;0;0;0;0;0;0;0;0;1;3;0;0;0
"14/09/2010";"06:03:00";"1278";"com vítima";"127";"BR-116/PR";"Sul";"Atropelamento - Morador";1;0;0;0;0;0;0;0;0;0;1;1;0;0;0
"15/09/2010";"12:27:00";"1303";"sem vítima";"203.100";"BR-116/SC";"Norte";"Choque - Objeto sobre a pista";1;0;0;0;0;0;0;0;0;0;2;0;0;0;0
"15/09/2010";"08:59:00";"1321";"sem vítima";"158.399";"BR-116/PR";"Norte";"Colisão Lateral";1;0;1;0;0;0;0;0;0;0;2;0;0;0;0
"15/09/2010";"09:49:00";"1330";"sem vítima";"9.19999";"BR-116/SC";"Norte";"Choque - Objeto sobre a pista";1;0;0;0;0;0;0;0;0;0;1;0;0;0;0
"15/09/2010";"10:24:00";"1333";"sem vítima";"146";"BR-116/SC";"Sul";"Objeto lançado contra veículo";1;0;0;0;0;0;0;0;0;0;1;0;0;0;0
"15/09/2010";"11:42:00";"1341";"sem vítima";"204";"BR-116/PR";"Sul";"Choque - Objeto sobre a pista";0;0;1;0;0;0;0;0;0;0;1;0;0;0;0
"15/09/2010";"11:48:00";"1342";"sem vítima";"139.5";"BR-116/SC";"Sul";"Colisão Traseira";1;0;1;0;0;0;0;0;0;0;2;0;0;0;0
"15/09/2010";"01:34:00";"1349";"sem vítima";"203.199";"BR-116/SC";"Norte";"Colisão Lateral";1;0;1;0;0;0;0;0;0;0;2;0;0;0;0
"15/09/2010";"03:42:00";"1359";"sem vítima";"129.399";"BR-116/PR";"Norte";"Objeto lançado contra veículo";1;0;0;0;0;0;0;0;0;0;1;0;0;0;0
"15/09/2010";"04:05:00";"1361";"sem vítima";"36";"BR-116/SC";"Sul";"Objeto lançado contra veículo";1;0;0;0;0;0;0;0;0;0;1;0;0;0;0
"15/09/2010";"07:49:00";"1385";"com vítima";"119.400";"BR-116/PR";"Sul";"Colisão Transversal";1;0;0;1;0;0;0;0;0;0;1;1;0;0;0
"15/09/2010";"08:43:00";"1391";"sem vítima";"128.100";"BR-116/PR";"Norte";"Choque - Veiculo parado na pista";3;0;0;0;0;0;0;0;0;0;4;0;0;0;0
"16/09/2010";"02:30:00";"1407";"sem vítima";"122.300";"BR-116/PR";"Sul";"Tombamento";0;0;1;0;0;0;0;0;0;0;1;0;0;0;0
"16/09/2010";"12:40:00";"1441";"sem vítima";"220.600";"BR-116/SC";"Norte";"Colisão Transversal";2;0;0;0;0;0;0;0;0;0;2;0;0;0;0
"16/09/2010";"03:44:00";"1456";"sem vítima";"233";"BR-116/SC";"Norte";"Choque - Cancela de Pedagio";0;0;1;0;0;0;0;0;0;0;2;0;0;0;0
"16/09/2010";"09:22:00";"1492";"sem vítima";"55";"BR-116/SC";"Norte";"Atropelamento de Animal";1;0;0;0;0;0;0;0;0;0;2;0;0;0;0
"16/09/2010";"09:40:00";"1497";"sem vítima";"117.599";"BR-116/PR";"Sul";"Colisão Transversal";2;0;0;0;0;0;0;0;0;0;2;0;0;0;0
"16/09/2010";"11:34:00";"1505";"com vítima";"118.300";"BR-116/PR";"Sul";"Queda de Moto";0;0;0;1;0;1;0;0;0;0;1;0;0;0;1
"17/09/2010";"03:24:00";"1516";"sem vítima";"86.5999";"BR-116/SC";"Sul";"Saida de Pista";1;0;0;0;0;0;0;0;0;0;2;0;0;0;0
"17/09/2010";"05:11:00";"1519";"sem vítima";"203";"BR-116/PR";"Norte";"Objeto lançado contra veículo";0;0;0;0;1;0;0;0;0;0;1;0;0;0;0
"17/09/2010";"09:13:00";"1537";"sem vítima";"42";"BR-116/SC";"Norte";"Colisão Lateral";1;0;1;0;0;0;0;0;0;0;2;0;0;0;0
"17/09/2010";"10:24:00";"1540";"com vítima";"146.5";"BR-116/PR";"Sul";"Saida de Pista";1;0;0;0;0;0;0;0;0;0;0;1;0;0;0
"17/09/2010";"10:38:00";"1542";"sem vítima";"71.9000";"BR-116/SC";"Sul";"Tombamento";0;0;1;0;0;0;0;0;0;0;1;0;0;0;0
"17/09/2010";"01:54:00";"1557";"sem vítima";"119";"BR-116/PR";"Sul";"Colisão Lateral";0;0;2;0;0;0;0;0;0;0;2;0;0;0;0
"17/09/2010";"02:15:00";"1561";"sem vítima";"120";"BR-116/PR";"Norte";"Objeto lançado contra veículo";1;0;0;0;0;0;0;0;0;0;1;0;0;0;0
"17/09/2010";"10:24:00";"1617";"sem vítima";"116.699";"BR-116/PR";"Norte";"Choque - Defensa, barreira ou "submarino"";1;0;0;0;0;0;0;0;0;0;1;0;0;0;0