data;horario;n_da_ocorrencia;tipo_de_ocorrencia;km;trecho;sentido;tipo_de_acidente;automovel;bicicleta;caminhao;moto;onibus;outros;tracao_animal;transporte_de_cargas_especiais;trator_maquinas;utilitarios;ilesos;levemente_feridos;moderadamente_feridos;gravemente_feridos;mortos
"18/09/2010";"01:16:00";"1638";"sem vítima";"53";"BR-116/SC";"Norte";"Objeto lançado contra veículo";0;0;1;0;0;0;0;0;0;0;1;0;0;0;0
"18/09/2010";"03:51:00";"1642";"com vítima";"117.400";"BR-116/PR";"Norte";"Colisão Transversal";0;1;0;1;0;0;0;0;0;0;0;0;2;1;0
"18/09/2010";"09:43:00";"1663";"sem vítima";"305.299";"BR-116/SC";"Sul";"Colisão Traseira";1;0;1;0;0;0;0;0;0;0;4;0;0;0;0
"18/09/2010";"05:15:00";"1700";"com vítima";"171.100";"BR-116/PR";"Norte";"Saida de Pista";0;0;1;0;0;0;0;0;0;0;0;0;1;0;0
"18/09/2010";"06:35:00";"1711";"sem vítima";"233.100";"BR-116/SC";"Sul";"Choque - Cancela de Pedagio";0;0;1;0;0;0;0;0;0;0;1;0;0;0;0
"18/09/2010";"07:00:00";"1713";"com vítima";"210.300";"BR-116/PR";"Sul";"Colisão Transversal";1;0;0;1;0;0;0;0;0;0;2;1;0;0;0
"18/09/2010";"11:50:00";"1729";"com vítima";"129.600";"BR-116/PR";"Sul";"Colisão Traseira";1;0;0;1;0;0;0;0;0;0;1;1;0;0;0
"19/09/2010";"08:39:00";"1754";"sem vítima";"134";"BR-116/PR";"Sul";"Choque - Outros";0;0;1;0;0;0;0;0;0;0;1;0;0;0;0
"19/09/2010";"10:50:00";"1762";"com vítima";"125.400";"BR-116/PR";"Sul";"Atropelamento - Usuário";0;0;0;1;0;0;0;0;0;0;0;2;0;0;0
"19/09/2010";"12:53:00";"1770";"sem vítima";"174.899";"BR-116/PR";"Norte";"Colisão Traseira";0;0;2;0;0;0;0;0;0;0;2;0;0;0;0
"19/09/2010";"07:14:00";"1808";"sem vítima";"127.599";"BR-116/PR";"Norte";"Colisão Lateral";1;0;0;0;0;0;0;0;0;1;7;0;0;0;0
"19/09/2010";"08:15:00";"1816";"com vítima";"52";"BR-116/SC";"Sul";"Colisão Traseira";2;0;0;0;0;0;0;0;0;0;6;1;0;0;0
"19/09/2010";"08:20:00";"1818";"com vítima";"214";"BR-116/SC";"Sul";"Saida de Pista";1;0;0;0;0;0;0;0;0;0;3;2;0;0;0
"19/09/2010";"09:50:00";"1826";"com vítima";"214";"BR-116/SC";"Sul";"Saida de Pista";0;0;0;1;0;0;0;0;0;0;0;1;0;0;0
"20/09/2010";"09:25:00";"1856";"com vítima";"203.399";"BR-116/SC";"Norte";"Saida de Pista";1;0;0;0;0;0;0;0;0;0;1;1;0;0;0
"20/09/2010";"10:11:00";"1860";"com vítima";"53.2999";"BR-116/SC";"Sul";"Saida de Pista";1;0;0;0;0;0;0;0;0;0;0;3;0;0;0
"20/09/2010";"10:15:00";"1863";"com vítima";"53.2999";"BR-116/SC";"Sul";"Colisão Traseira";3;0;0;0;0;0;0;0;0;0;2;2;0;0;0
"20/09/2010";"11:11:00";"1862";"com vítima";"176";"BR-116/SC";"Norte";"Colisão Frontal";0;0;2;0;0;0;0;0;0;0;2;1;0;0;0
"20/09/2010";"11:28:00";"1864";"com vítima";"174";"BR-116/SC";"Sul";"Colisão Frontal";2;0;0;0;0;0;0;0;0;0;3;1;0;0;0
"20/09/2010";"01:20:00";"1871";"sem vítima";"59.7999";"BR-116/SC";"Norte";"Saida de Pista";0;0;1;0;0;0;0;0;0;0;1;0;0;0;0
"20/09/2010";"01:51:00";"1876";"sem vítima";"118";"BR-116/PR";"Norte";"Colisão Lateral";0;0;1;0;0;0;0;0;0;1;8;0;0;0;0
"20/09/2010";"02:00:00";"1877";"sem vítima";"8";"BR-116/SC";"Norte";"Outros";0;0;1;0;0;0;0;0;0;0;1;0;0;0;0
"20/09/2010";"02:10:00";"1879";"sem vítima";"8";"BR-116/SC";"Norte";"Saida de Pista";1;0;0;0;0;0;0;0;0;0;1;0;0;0;0
"20/09/2010";"03:34:00";"1885";"sem vítima";"184.600";"BR-116/SC";"Sul";"Colisão Transversal";2;0;0;0;0;0;0;0;0;0;2;0;0;0;0
"20/09/2010";"06:28:00";"1900";"com vítima";"117";"BR-116/PR";"Norte";"Colisão Transversal";1;0;0;1;0;0;0;0;0;0;1;1;0;0;0
"20/09/2010";"06:36:00";"1901";"com vítima";"122.400";"BR-116/PR";"Norte";"Colisão Transversal";0;0;2;0;0;0;0;0;0;0;2;1;0;0;0
"20/09/2010";"10:11:00";"1910";"sem vítima";"143.899";"BR-116/SC";"Sul";"Saida de Pista";1;0;0;0;0;0;0;0;0;0;1;0;0;0;0
"21/09/2010";"12:17:00";"1917";"com vítima";"207.199";"BR-116/SC";"Norte";"Colisão Frontal";1;0;0;1;0;0;0;0;0;0;1;0;0;2;0
"21/09/2010";"06:29:00";"1924";"sem vítima";"113.699";"BR-116/SC";"Sul";"Colisão Lateral";0;0;2;0;0;0;0;0;0;0;3;0;0;0;0
"21/09/2010";"07:41:00";"1926";"sem vítima";"248";"BR-116/SC";"Sul";"Colisão Frontal";1;0;1;0;0;0;0;0;0;0;2;0;0;0;0
"21/09/2010";"07:56:00";"1929";"sem vítima";"174.100";"BR-116/PR";"Sul";"Saida de Pista";1;0;0;0;0;0;0;0;0;0;1;0;0;0;0
"21/09/2010";"08:17:00";"1931";"sem vítima";"247";"BR-116/SC";"Norte";"Colisão Lateral";1;0;0;0;0;0;0;0;0;1;16;0;0;0;0
"21/09/2010";"10:23:00";"1942";"sem vítima";"134.5";"BR-116/PR";"Sul";"Objeto lançado contra veículo";1;0;0;0;0;0;0;0;0;0;1;0;0;0;0
"21/09/2010";"12:02:00";"1950";"sem vítima";"288.200";"BR-116/SC";"Norte";"Saida de Pista";1;0;0;0;0;0;0;0;0;0;1;0;0;0;0
"21/09/2010";"12:13:00";"1952";"sem vítima";"288";"BR-116/SC";"Norte";"Saida de Pista";1;0;0;0;0;0;0;0;0;0;1;0;0;0;0
"21/09/2010";"12:55:00";"1955";"com vítima";"203";"BR-116/SC";"Norte";"Colisão Frontal";1;0;1;0;0;0;0;0;0;0;5;1;0;0;0
"21/09/2010";"04:38:00";"1971";"com vítima";"210";"BR-116/SC";"Norte";"Colisão Frontal";1;0;2;0;0;0;0;0;0;0;1;0;0;1;1
"21/09/2010";"04:48:00";"1973";"com vítima";"184.5";"BR-116/SC";"Norte";"Colisão Transversal";1;0;1;0;0;0;0;0;0;0;2;1;0;0;0
"21/09/2010";"07:35:00";"1982";"com vítima";"6";"BR-116/SC";"Norte";"Colisão Transversal";0;1;1;0;0;0;0;0;0;0;1;0;0;0;1
"22/09/2010";"07:59:00";"2011";"sem vítima";"245.5";"BR-116/SC";"Norte";"Colisão Transversal";1;0;1;0;0;0;0;0;0;0;2;0;0;0;0
"22/09/2010";"09:48:00";"2021";"sem vítima";"32.7999";"BR-116/SC";"Norte";"Colisão Traseira";0;0;2;0;0;0;0;0;0;0;2;0;0;0;0
"22/09/2010";"10:00:00";"2022";"sem vítima";"290";"BR-116/SC";"Sul";"Objeto lançado contra veículo";1;0;0;0;0;0;0;0;1;0;2;0;0;0;0
"22/09/2010";"02:28:00";"2046";"sem vítima";"120.5";"BR-116/PR";"Sul";"Outros";0;0;1;0;0;0;0;0;0;0;1;0;0;0;0
"22/09/2010";"07:19:00";"2069";"sem vítima";"45";"BR-116/SC";"Norte";"Atropelamento de Animal";1;0;0;0;0;0;0;0;0;0;1;0;0;0;0
"22/09/2010";"07:37:00";"2072";"sem vítima";"131.199";"BR-116/SC";"Norte";"Tombamento";0;0;1;0;0;0;0;0;0;0;1;0;0;0;0
"22/09/2010";"10:04:00";"2078";"com vítima";"115.5";"BR-116/PR";"Sul";"Atropelamento - Morador";1;0;0;0;0;0;0;0;0;0;2;0;0;1;0
"23/09/2010";"03:35:00";"2095";"com vítima";"115.400";"BR-116/PR";"Sul";"Colisão Transversal";1;0;0;0;1;0;0;0;0;0;25;1;0;0;0
"23/09/2010";"12:33:00";"2125";"sem vítima";"117.699";"BR-116/PR";"Sul";"Colisão Transversal";0;0;0;2;0;0;0;0;0;0;2;0;0;0;0
"23/09/2010";"02:40:00";"2136";"com vítima";"183.100";"BR-116/SC";"Sul";"Colisão Lateral";0;0;2;0;0;0;0;0;0;0;1;2;0;0;0
"23/09/2010";"02:49:00";"2137";"com vítima";"201.649";"BR-116/PR";"Norte";"Colisão Transversal";0;0;1;1;0;0;0;0;0;0;1;0;0;0;1
"23/09/2010";"04:51:00";"2145";"sem vítima";"81.6999";"BR-116/SC";"Sul";"Colisão Lateral";1;0;1;0;0;0;0;0;0;0;2;0;0;0;0
"23/09/2010";"05:26:00";"2147";"com vítima";"4.30000";"BR-116/SC";"Sul";"Colisão Lateral";0;0;2;0;0;0;0;0;0;0;2;2;0;0;0
"23/09/2010";"07:53:00";"2160";"sem vítima";"68.1999";"BR-116/SC";"Sul";"Objeto lançado contra veículo";0;0;1;0;0;0;0;0;0;0;1;0;0;0;0
"24/09/2010";"02:29:00";"2180";"sem vítima";"10";"BR-116/SC";"Sul";"Saida de Pista";1;0;0;0;0;0;0;0;0;0;1;0;0;0;0
"24/09/2010";"07:10:00";"2194";"sem vítima";"247";"BR-116/SC";"Norte";"Saida de Pista";1;0;0;0;0;0;0;0;0;0;1;0;0;0;0
"24/09/2010";"09:10:00";"2203";"sem vítima";"204";"BR-116/PR";"Sul";"Objeto lançado contra veículo";0;0;1;0;0;0;0;0;0;0;1;0;0;0;0
"24/09/2010";"10:58:00";"2211";"com vítima";"6.80000";"BR-116/SC";"Sul";"Colisão Transversal";0;0;1;1;0;0;0;0;0;0;2;1;0;0;0
"24/09/2010";"12:22:00";"2217";"sem vítima";"184.100";"BR-116/PR";"Sul";"Saida de Pista";1;0;0;0;0;0;0;0;0;0;1;0;0;0;0
"24/09/2010";"07:22:00";"2253";"sem vítima";"125.199";"BR-116/PR";"Sul";"Saida de Pista";1;0;0;0;0;0;0;0;0;0;3;0;0;0;0
"24/09/2010";"09:31:00";"2262";"sem vítima";"291.299";"BR-116/SC";"Norte";"Saida de Pista";1;0;0;0;0;0;0;0;0;0;2;0;0;0;0
"24/09/2010";"10:42:00";"2267";"sem vítima";"107.599";"BR-116/SC";"Sul";"Saida de Pista";1;0;0;0;0;0;0;0;0;0;3;0;0;0;0
"25/09/2010";"04:47:00";"2274";"com vítima";"115";"BR-116/SC";"Norte";"Colisão Frontal";2;0;0;0;0;0;0;0;0;0;0;0;2;0;0
"25/09/2010";"10:22:00";"2296";"sem vítima";"245.5";"BR-116/SC";"Norte";"Colisão Transversal";2;0;0;0;0;0;0;0;0;0;3;0;0;0;0
"25/09/2010";"03:45:00";"2312";"sem vítima";"130";"BR-116/PR";"Norte";"Colisão Traseira";1;0;0;0;0;0;0;0;0;1;3;0;0;0;0
"25/09/2010";"04:28:00";"2318";"sem vítima";"81.6999";"BR-116/SC";"Sul";"Colisão Lateral";1;0;1;0;0;0;0;0;0;0;4;0;0;0;0
"25/09/2010";"07:27:00";"2346";"sem vítima";"119.099";"BR-116/PR";"Sul";"Colisão Traseira";2;0;0;0;0;0;0;0;0;0;2;0;0;0;0
"25/09/2010";"10:18:00";"2359";"sem vítima";"62";"BR-116/SC";"Norte";"Objeto lançado contra veículo";1;0;0;0;0;0;0;0;0;0;1;0;0;0;0
"25/09/2010";"11:43:00";"2368";"sem vítima";"123.199";"BR-116/PR";"Sul";"Colisão Lateral";2;0;1;0;0;0;0;0;0;0;4;0;0;0;0
"26/09/2010";"02:46:00";"2373";"com vítima";"208.899";"BR-116/PR";"Sul";"Queda de Moto";0;0;0;1;0;0;0;0;0;0;0;1;0;0;0
"26/09/2010";"03:19:00";"2378";"sem vítima";"202.399";"BR-116/PR";"Sul";"Saida de Pista";1;0;0;0;0;0;0;0;0;0;1;0;0;0;0
"26/09/2010";"05:16:00";"2380";"sem vítima";"182.699";"BR-116/PR";"Sul";"Saida de Pista";1;0;0;0;0;0;0;0;0;0;3;0;0;0;0
"26/09/2010";"10:41:00";"2394";"com vítima";"48.2000";"BR-116/SC";"Norte";"Atropelamento - Usuário";1;0;0;0;0;0;0;0;0;0;1;0;0;1;0
"26/09/2010";"08:54:00";"2436";"sem vítima";"125.800";"BR-116/PR";"Norte";"Colisão Traseira";2;0;0;0;0;0;0;0;0;0;7;0;0;0;0
"26/09/2010";"09:45:00";"2442";"sem vítima";"18.0499";"BR-116/SC";"Norte";"Saida de Pista";1;0;0;0;0;0;0;0;0;0;1;0;0;0;0
"27/09/2010";"01:42:00";"2478";"sem vítima";"140.600";"BR-116/SC";"Norte";"Colisão Transversal";2;0;0;0;0;0;0;0;0;0;6;0;0;0;0
"27/09/2010";"04:13:00";"2487";"sem vítima";"148.100";"BR-116/PR";"Sul";"Saida de Pista";1;0;0;0;0;0;0;0;0;0;1;0;0;0;0
"27/09/2010";"04:54:00";"2492";"sem vítima";"120";"BR-116/SC";"Sul";"Objeto lançado contra veículo";0;0;0;0;0;0;0;0;0;1;1;0;0;0;0
"27/09/2010";"06:30:00";"2503";"com vítima";"117.199";"BR-116/PR";"Sul";"Colisão Transversal";1;0;0;1;0;0;0;0;0;0;1;1;0;0;0
"27/09/2010";"06:33:00";"2504";"sem vítima";"127.5";"BR-116/PR";"Sul";"Colisão Lateral";1;0;1;0;0;0;0;0;0;0;2;0;0;0;0
"27/09/2010";"06:44:00";"2507";"sem vítima";"118.699";"BR-116/PR";"Norte";"Colisão Traseira";0;0;2;0;0;0;0;0;0;0;2;0;0;0;0
"27/09/2010";"07:08:00";"2512";"sem vítima";"172.5";"BR-116/SC";"Sul";"Saida de Pista";0;0;0;0;0;0;0;0;0;1;3;0;0;0;0
"28/09/2010";"03:05:00";"2533";"sem vítima";"129.600";"BR-116/PR";"Norte";"Atropelamento de Animal";0;0;1;0;0;0;0;0;0;0;1;0;0;0;0
"28/09/2010";"04:36:00";"2582";"sem vítima";"123.5";"BR-116/PR";"Sul";"Objeto lançado contra veículo";0;0;1;0;0;0;0;0;0;0;1;0;0;0;0
"28/09/2010";"08:57:00";"2592";"sem vítima";"134";"BR-116/PR";"Sul";"Outros";0;0;1;0;0;0;0;0;0;0;1;0;0;0;0
"29/09/2010";"03:46:00";"2660";"sem vítima";"173.800";"BR-116/PR";"Sul";"Colisão Lateral";0;0;2;0;0;0;0;0;0;0;2;0;0;0;0
"29/09/2010";"07:06:00";"2672";"com vítima";"63.5999";"BR-116/SC";"Sul";"Colisão Transversal";0;0;0;2;0;0;0;0;0;0;0;0;0;2;0
"29/09/2010";"07:08:00";"2673";"sem vítima";"79.8000";"BR-116/SC";"Norte";"Colisão Traseira";1;0;1;0;0;0;0;0;0;0;2;0;0;0;0
"29/09/2010";"09:26:00";"2683";"com vítima";"139.600";"BR-116/SC";"Sul";"Colisão Transversal";1;0;0;1;0;0;0;0;0;0;2;1;0;0;0
"30/09/2010";"05:40:00";"2698";"com vítima";"144.899";"BR-116/PR";"Sul";"Colisão Lateral";0;0;2;0;0;0;0;0;0;0;0;2;0;0;0
"30/09/2010";"07:09:00";"2703";"sem vítima";"144.800";"BR-116/PR";"Norte";"Choque - Veiculo parado na pista";0;0;2;0;0;0;0;0;0;0;2;0;0;0;0
"30/09/2010";"08:41:00";"2708";"sem vítima";"233.699";"BR-116/SC";"Norte";"Saida de Pista";1;0;0;0;0;0;0;0;0;0;1;0;0;0;0
"30/09/2010";"10:15:00";"2717";"com vítima";"53.7999";"BR-116/SC";"Sul";"Colisão Traseira";2;0;1;0;0;0;0;0;0;0;2;1;0;0;0
"30/09/2010";"10:19:00";"2721";"sem vítima";"245.600";"BR-116/SC";"Sul";"Outros";0;0;1;0;0;0;0;0;0;0;1;0;0;0;0
"30/09/2010";"01:33:00";"2730";"sem vítima";"133";"BR-116/PR";"Sul";"Objeto lançado contra veículo";1;0;0;0;0;0;0;0;0;0;1;0;0;0;0
"30/09/2010";"02:08:00";"2736";"sem vítima";"114";"BR-116/SC";"Sul";"Objeto lançado contra veículo";1;0;0;0;0;0;0;0;0;0;1;0;0;0;0
"30/09/2010";"03:28:00";"2747";"com vítima";"135.899";"BR-116/PR";"Sul";"Colisão Traseira";1;0;1;0;0;0;0;0;0;0;1;1;0;0;0
"30/09/2010";"03:37:00";"2748";"sem vítima";"115";"BR-116/PR";"Sul";"Colisão Traseira";2;0;0;0;0;0;0;0;0;0;2;0;0;0;0
"01/10/2010";"10:42:00";"35";"sem vítima";"152";"BR-116/SC";"Norte";"Choque - Outros";0;0;1;0;0;0;0;0;0;0;1;0;0;0;0
"01/10/2010";"12:16:00";"43";"sem vítima";"210.699";"BR-116/PR";"Norte";"Colisão Transversal";2;0;0;0;0;0;0;0;0;0;3;0;0;0;0
"01/10/2010";"12:37:00";"46";"sem vítima";"139.5";"BR-116/PR";"Sul";"Objeto lançado contra veículo";0;0;1;0;0;0;0;0;0;0;1;0;0;0;0
"01/10/2010";"03:37:00";"53";"sem vítima";"139.5";"BR-116/SC";"Sul";"Colisão Transversal";2;0;0;0;0;0;0;0;0;0;4;0;0;0;0
"01/10/2010";"04:11:00";"56";"com vítima";"305.5";"BR-116/SC";"Sul";"Tombamento";0;0;1;0;0;0;0;0;0;0;0;0;0;0;1
"01/10/2010";"08:00:00";"77";"sem vítima";"305.600";"BR-116/SC";"Sul";"Choque - Talude";1;0;0;0;0;0;0;0;0;0;1;0;0;0;0
"02/10/2010";"12:02:00";"87";"sem vítima";"118";"BR-116/PR";"Sul";"Colisão Transversal";2;0;0;0;0;0;0;0;0;0;2;0;0;0;0
"02/10/2010";"05:06:00";"92";"com vítima";"119.5";"BR-116/PR";"Sul";"Colisão Transversal";1;0;1;0;0;0;0;0;0;0;2;1;0;0;0
"02/10/2010";"08:00:00";"100";"sem vítima";"153";"BR-116/PR";"Norte";"Colisão Traseira";2;0;0;0;0;0;0;0;0;0;5;0;0;0;0
"02/10/2010";"09:04:00";"101";"com vítima";"249.800";"BR-116/SC";"Norte";"Saida de Pista";1;0;0;0;0;0;0;0;0;0;0;5;0;0;0
"02/10/2010";"02:38:00";"124";"sem vítima";"116.199";"BR-116/PR";"Sul";"Colisão Transversal";2;0;0;1;0;0;0;0;0;0;6;0;0;0;0
"02/10/2010";"03:56:00";"129";"com vítima";"117.5";"BR-116/SC";"Norte";"Colisão Frontal";1;0;1;0;0;0;0;0;0;0;1;1;0;0;0
"02/10/2010";"06:10:00";"142";"sem vítima";"59.7000";"BR-116/SC";"Sul";"Colisão Lateral";0;0;2;0;0;0;0;0;0;0;2;0;0;0;0
"02/10/2010";"07:19:00";"154";"com vítima";"59.5999";"BR-116/SC";"Sul";"Colisão Traseira";2;0;0;0;0;0;0;0;0;0;5;1;0;0;0
"03/10/2010";"01:49:00";"185";"com vítima";"118.300";"BR-116/PR";"Sul";"Colisão Frontal";2;0;0;0;0;0;0;0;0;0;0;0;5;0;0
"03/10/2010";"12:07:00";"206";"sem vítima";"102.800";"BR-116/SC";"Norte";"Saida de Pista";1;0;0;0;0;0;0;0;0;0;5;0;0;0;0
"03/10/2010";"02:02:00";"217";"sem vítima";"105.599";"BR-116/SC";"Norte";"Tombamento";0;0;1;0;0;0;0;0;0;0;1;0;0;0;0
"03/10/2010";"02:56:00";"222";"sem vítima";"206";"BR-116/SC";"Norte";"Saida de Pista";1;0;0;0;0;0;0;0;0;0;1;0;0;0;0
"03/10/2010";"03:40:00";"228";"sem vítima";"137";"BR-116/SC";"Sul";"Saida de Pista";1;0;0;0;0;0;0;0;0;0;4;0;0;0;0
"03/10/2010";"07:19:00";"249";"sem vítima";"139.800";"BR-116/SC";"Norte";"Colisão Transversal";2;0;0;0;0;0;0;0;0;0;5;0;0;0;0
"04/10/2010";"12:30:00";"266";"sem vítima";"4.5";"BR-116/SC";"Norte";"Outros";1;0;0;0;0;0;0;0;0;0;1;0;0;0;0
"04/10/2010";"06:43:00";"273";"sem vítima";"152.699";"BR-116/PR";"Sul";"Saida de Pista";1;0;0;0;0;0;0;0;0;0;1;0;0;0;0
"04/10/2010";"12:35:00";"303";"sem vítima";"139.699";"BR-116/SC";"Norte";"Colisão Traseira";1;0;1;0;0;0;0;0;0;0;2;0;0;0;0
"04/10/2010";"03:00:00";"309";"sem vítima";"126.5";"BR-116/PR";"Sul";"Colisão Lateral";1;0;1;0;0;0;0;0;0;0;3;0;0;0;0
"05/10/2010";"06:28:00";"370";"sem vítima";"184.300";"BR-116/SC";"Norte";"Colisão Transversal";1;0;1;0;0;0;0;0;0;0;4;0;0;0;0
"05/10/2010";"09:36:00";"382";"sem vítima";"11.1000";"BR-116/SC";"Norte";"Choque - Veiculo parado na pista";0;0;1;0;0;0;0;0;0;1;3;0;0;0;0
"05/10/2010";"03:03:00";"404";"com vítima";"134";"BR-116/PR";"Norte";"Queda de Moto";0;0;0;1;0;0;0;0;0;0;0;1;0;0;0
"05/10/2010";"03:13:00";"407";"com vítima";"79";"BR-116/SC";"Sul";"Atropelamento - Funcionário";0;0;0;0;0;0;0;0;1;0;1;0;0;1;0
"05/10/2010";"04:57:00";"420";"sem vítima";"204";"BR-116/PR";"Sul";"Choque - Objeto sobre a pista";0;0;0;0;0;0;0;0;0;1;1;0;0;0;0
"06/10/2010";"01:09:00";"451";"sem vítima";"140";"BR-116/PR";"Norte";"Atropelamento de Animal";1;0;0;0;0;0;0;0;0;0;3;0;0;0;0
"06/10/2010";"12:21:00";"490";"sem vítima";"124.400";"BR-116/PR";"Norte";"Saida de Pista";1;0;0;0;0;0;0;0;0;0;1;0;0;0;0
"06/10/2010";"12:53:00";"493";"sem vítima";"119.400";"BR-116/PR";"Sul";"Colisão Traseira";1;0;1;0;0;0;0;0;0;0;2;0;0;0;0
"06/10/2010";"05:57:00";"515";"sem vítima";"31.6000";"BR-116/SC";"Sul";"Saida de Pista";0;0;1;0;0;0;0;0;0;0;1;0;0;0;0
"06/10/2010";"08:59:00";"536";"sem vítima";"115.900";"BR-116/PR";"Sul";"Colisão Lateral";1;0;1;0;0;0;0;0;0;0;2;0;0;0;0
"06/10/2010";"10:27:00";"541";"sem vítima";"82";"BR-116/SC";"Sul";"Choque - Cancela de Pedagio";0;0;1;0;0;0;0;0;0;0;1;0;0;0;0
"07/10/2010";"01:27:00";"546";"sem vítima";"211.300";"BR-116/SC";"Sul";"Saida de Pista";0;0;1;0;0;0;0;0;0;0;1;0;0;0;0
"07/10/2010";"10:40:00";"573";"sem vítima";"120.5";"BR-116/PR";"Sul";"Saida de Pista";0;0;1;0;0;0;0;0;0;0;1;0;0;0;0
"07/10/2010";"10:58:00";"575";"sem vítima";"117.800";"BR-116/PR";"Norte";"Colisão Lateral";0;0;1;0;0;0;0;0;0;1;3;0;0;0;0
"07/10/2010";"02:39:00";"595";"com vítima";"121.199";"BR-116/PR";"Norte";"Colisão Traseira";0;0;0;1;0;0;0;0;0;1;1;0;0;1;0
"07/10/2010";"03:46:00";"599";"sem vítima";"70.3000";"BR-116/SC";"Norte";"Colisão Lateral";0;0;3;0;0;0;0;0;0;0;3;0;0;0;0
"08/10/2010";"01:35:00";"627";"com vítima";"115.599";"BR-116/PR";"Sul";"Atropelamento - Usuário";1;0;0;0;0;0;0;0;0;0;2;0;0;0;1
"08/10/2010";"12:01:00";"663";"com vítima";"135.300";"BR-116/PR";"Norte";"Colisão Lateral";1;0;2;0;0;0;0;0;0;0;6;0;0;1;0
"08/10/2010";"06:14:00";"695";"com vítima";"0.5";"BR-116/SC";"Sul";"Saida de Pista";1;0;0;0;0;0;0;0;0;0;2;2;0;0;0
"08/10/2010";"08:49:00";"710";"sem vítima";"82";"BR-116/SC";"Sul";"Choque - Objeto sobre a pista";1;0;0;0;0;0;0;0;0;0;1;0;0;0;0
"08/10/2010";"09:20:00";"712";"sem vítima";"272.600";"BR-116/SC";"Sul";"Saida de Pista";1;0;0;0;0;0;0;0;0;0;5;0;0;0;0
"08/10/2010";"10:01:00";"716";"sem vítima";"64.0999";"BR-116/SC";"Sul";"Colisão Frontal";2;0;0;0;0;0;0;0;0;0;2;0;0;0;0
"09/10/2010";"05:28:00";"733";"com vítima";"125.800";"BR-116/PR";"Norte";"Colisão Traseira";1;0;0;1;0;0;0;0;0;0;1;2;0;0;0
"09/10/2010";"10:33:00";"755";"com vítima";"79";"BR-116/SC";"Norte";"Queda de Moto";0;0;0;1;0;0;0;0;0;0;0;1;0;0;0
"09/10/2010";"01:17:00";"765";"sem vítima";"306.100";"BR-116/SC";"Sul";"Choque - Defensa, barreira ou "submarino"";0;0;1;0;0;0;0;0;0;0;1;0;0;0;0
"09/10/2010";"10:39:00";"811";"sem vítima";"168";"BR-116/SC";"Norte";"Colisão Lateral";1;0;1;0;0;0;0;0;0;0;2;0;0;0;0
"10/10/2010";"12:03:00";"823";"com vítima";"120.400";"BR-116/PR";"Sul";"Colisão Lateral";1;0;0;0;1;0;0;0;0;0;2;1;0;0;0
"10/10/2010";"12:14:00";"824";"com vítima";"120.599";"BR-116/PR";"Norte";"Colisão Traseira";2;0;1;0;0;0;0;0;0;0;3;1;0;0;0
"10/10/2010";"01:33:00";"826";"sem vítima";"131.899";"BR-116/PR";"Norte";"Objeto lançado contra veículo";0;0;1;0;0;0;0;0;0;0;1;0;0;0;0
"10/10/2010";"04:58:00";"834";"sem vítima";"4.19999";"BR-116/SC";"Sul";"Saida de Pista";0;0;1;0;0;0;0;0;0;0;1;0;0;0;0
"10/10/2010";"07:43:00";"838";"sem vítima";"234.199";"BR-116/SC";"Norte";"Saida de Pista";0;0;1;0;0;0;0;0;0;0;1;0;0;0;0
"10/10/2010";"12:07:00";"858";"sem vítima";"131.5";"BR-116/PR";"Norte";"Queda de Moto";0;0;0;1;0;0;0;0;0;0;1;0;0;0;0
"10/10/2010";"12:53:00";"861";"sem vítima";"191";"BR-116/PR";"Norte";"Colisão Lateral";0;0;2;0;0;0;0;0;0;0;2;0;0;0;0
"10/10/2010";"01:36:00";"863";"com vítima";"119.400";"BR-116/PR";"Sul";"Colisão Transversal";1;0;0;1;0;0;0;0;0;0;2;4;0;0;0
"10/10/2010";"04:53:00";"882";"com vítima";"145.800";"BR-116/PR";"Sul";"Colisão Transversal";2;0;0;0;0;0;0;0;0;0;3;0;4;0;0
"10/10/2010";"06:22:00";"888";"sem vítima";"121.599";"BR-116/PR";"Norte";"Colisão Traseira";1;0;1;1;0;0;0;0;0;0;4;0;0;0;0
"10/10/2010";"07:19:00";"895";"sem vítima";"129.300";"BR-116/PR";"Norte";"Colisão Transversal";2;0;0;0;0;0;0;0;0;0;7;0;0;0;0
"10/10/2010";"08:05:00";"897";"sem vítima";"93.4000";"BR-116/SC";"Norte";"Colisão Traseira";1;0;1;0;0;0;0;0;0;0;4;0;0;0;0
"10/10/2010";"10:35:00";"908";"sem vítima";"222.199";"BR-116/SC";"Norte";"Saida de Pista";1;0;0;0;0;0;0;0;0;0;2;0;0;0;0
"11/10/2010";"05:15:00";"922";"sem vítima";"168.899";"BR-116/PR";"Norte";"Tombamento";0;0;1;0;0;0;0;0;0;0;1;0;0;0;0
"11/10/2010";"05:03:00";"964";"sem vítima";"151";"BR-116/PR";"Norte";"Saida de Pista";1;0;0;0;0;0;0;0;0;0;1;0;0;0;0
"11/10/2010";"05:11:00";"965";"com vítima";"119.400";"BR-116/PR";"Norte";"Colisão Transversal";1;0;0;1;0;0;0;0;0;0;2;1;0;0;0