data;horario;n_da_ocorrencia;tipo_de_ocorrencia;km;trecho;sentido;tipo_de_acidente;automovel;bicicleta;caminhao;moto;onibus;outros;tracao_animal;transporte_de_cargas_especiais;trator_maquinas;utilitarios;ilesos;levemente_feridos;moderadamente_feridos;gravemente_feridos;mortos
"04/12/2010";"11:42:00";"345";"sem vítima";"98.5";"BR-116/SC";"Norte";"Saida de Pista";1;0;0;0;0;0;0;0;0;0;1;0;0;0;0
"04/12/2010";"04:53:00";"367";"sem vítima";"154";"BR-116/PR";"Norte";"Saida de Pista";0;0;1;0;0;0;0;0;0;0;1;0;0;0;0
"04/12/2010";"05:29:00";"376";"com vítima";"12";"BR-116/SC";"Sul";"Colisão Transversal";1;0;1;0;0;0;0;0;0;0;1;3;0;0;0
"04/12/2010";"05:41:00";"379";"sem vítima";"142.100";"BR-116/PR";"Sul";"Colisão Transversal";1;0;0;0;0;1;0;0;0;0;2;0;0;0;0
"04/12/2010";"06:55:00";"388";"sem vítima";"170.699";"BR-116/PR";"Sul";"Queda de Moto";0;0;0;1;0;0;0;0;0;0;1;0;0;0;0
"04/12/2010";"08:18:00";"401";"com vítima";"35.5";"BR-116/SC";"Norte";"Colisão Frontal";1;0;1;0;0;0;0;0;0;0;1;1;0;0;0
"04/12/2010";"08:40:00";"403";"sem vítima";"128.100";"BR-116/PR";"Sul";"Colisão Transversal";1;0;0;0;0;1;0;0;0;0;3;0;0;0;0
"04/12/2010";"08:58:00";"404";"sem vítima";"133.199";"BR-116/SC";"Norte";"Saida de Pista";1;0;0;0;0;0;0;0;0;0;1;0;0;0;0
"04/12/2010";"10:45:00";"414";"sem vítima";"118.300";"BR-116/PR";"Norte";"Colisão Traseira";2;0;0;0;0;0;0;0;0;0;2;0;0;0;0
"04/12/2010";"11:08:00";"416";"sem vítima";"44";"BR-116/SC";"Sul";"Saida de Pista";0;0;1;0;0;0;0;0;0;0;1;0;0;0;0
"05/12/2010";"12:46:00";"423";"sem vítima";"197.399";"BR-116/PR";"Sul";"Saida de Pista";1;0;0;0;0;0;0;0;0;0;1;0;0;0;0
"05/12/2010";"05:28:00";"431";"com vítima";"122.599";"BR-116/PR";"Sul";"Colisão Lateral";0;0;0;1;0;1;0;0;0;0;1;1;0;0;0
"06/12/2010";"01:43:00";"498";"com vítima";"133";"BR-116/PR";"Sul";"Colisão Frontal";2;0;0;0;0;0;0;0;0;0;1;2;0;0;0
"06/12/2010";"04:29:00";"501";"sem vítima";"143.800";"BR-116/SC";"Norte";"Choque - Talude";1;0;0;0;0;0;0;0;0;0;1;0;0;0;0
"06/12/2010";"02:03:00";"542";"com vítima";"129.600";"BR-116/PR";"Sul";"Colisão Lateral";0;1;0;0;0;1;0;0;0;0;1;1;0;0;0
"06/12/2010";"04:02:00";"554";"sem vítima";"203.699";"BR-116/PR";"Sul";"Choque - Veiculo parado na pista";0;0;1;0;0;0;0;0;0;0;1;0;0;0;0
"06/12/2010";"06:59:00";"569";"com vítima";"140.199";"BR-116/PR";"Norte";"Colisão Traseira";1;0;0;1;0;0;0;0;0;0;1;1;0;0;0
"06/12/2010";"10:36:00";"588";"sem vítima";"134";"BR-116/PR";"Norte";"Colisão Traseira";1;0;1;0;0;0;0;0;0;0;3;0;0;0;0
"07/12/2010";"12:53:00";"599";"sem vítima";"125.800";"BR-116/PR";"Norte";"Colisão Lateral";0;0;3;0;0;0;0;0;0;0;4;0;0;0;0
"07/12/2010";"06:12:00";"606";"com vítima";"94.8000";"BR-116/SC";"Norte";"Capotamento";0;0;0;0;0;0;0;0;0;1;2;1;0;0;0
"07/12/2010";"03:39:00";"637";"sem vítima";"140.600";"BR-116/SC";"Sul";"Choque - Veiculo parado no acostamento";1;0;1;0;0;0;0;0;0;0;8;0;0;0;0
"07/12/2010";"07:49:00";"659";"com vítima";"174.899";"BR-116/PR";"Norte";"Saida de Pista";0;0;0;0;0;0;0;0;0;1;0;1;0;0;0
"07/12/2010";"08:08:00";"661";"sem vítima";"174.699";"BR-116/SC";"Norte";"Colisão Traseira";1;0;1;0;0;0;0;0;0;0;3;0;0;0;0
"08/12/2010";"09:17:00";"705";"sem vítima";"245.5";"BR-116/SC";"Sul";"Colisão Transversal";0;0;2;0;0;0;0;0;0;0;2;0;0;0;0
"09/12/2010";"06:40:00";"778";"sem vítima";"124.5";"BR-116/PR";"Norte";"Colisão Lateral";0;0;1;1;0;0;0;0;0;0;2;0;0;0;0
"09/12/2010";"12:05:00";"791";"sem vítima";"2.40000";"BR-116/SC";"Sul";"Colisão Lateral";0;0;2;0;0;0;0;0;0;0;2;0;0;0;0
"09/12/2010";"02:35:00";"806";"sem vítima";"118";"BR-116/PR";"Norte";"Colisão Traseira";1;0;1;0;0;0;0;0;0;0;2;0;0;0;0
"09/12/2010";"09:30:00";"844";"com vítima";"41";"BR-116/SC";"Norte";"Colisão Lateral";0;0;2;0;0;0;0;0;0;0;1;1;0;0;0
"09/12/2010";"11:34:00";"853";"com vítima";"241.5";"BR-116/SC";"Sul";"Atropelamento de Animal";1;0;0;0;0;0;0;0;0;0;0;1;0;0;0
"10/12/2010";"02:56:00";"863";"sem vítima";"107.800";"BR-116/SC";"Norte";"Saida de Pista";1;0;0;0;0;0;0;0;0;0;1;0;0;0;0
"10/12/2010";"04:35:00";"867";"com vítima";"139.774";"BR-116/PR";"Norte";"Queda de Moto";0;0;0;1;0;1;0;0;0;0;1;0;0;0;1
"10/12/2010";"11:24:00";"884";"com vítima";"105.5";"BR-116/SC";"Norte";"Saida de Pista";0;0;1;0;0;0;0;0;0;0;0;1;0;0;0
"10/12/2010";"04:18:00";"911";"sem vítima";"115";"BR-116/PR";"Norte";"Engavetamento";3;0;0;0;0;0;0;0;0;0;7;0;0;0;0
"10/12/2010";"05:41:00";"919";"com vítima";"180.100";"BR-116/SC";"Sul";"Colisão Transversal";1;0;0;1;0;0;0;0;0;0;1;1;0;0;0
"10/12/2010";"07:53:00";"931";"sem vítima";"1.00800";"BR-116/SC";"Norte";"Colisão Transversal";2;0;0;0;0;0;0;0;0;0;7;0;0;0;0
"10/12/2010";"09:28:00";"944";"sem vítima";"225";"BR-116/SC";"Sul";"Saida de Pista";1;0;0;0;0;0;0;0;0;0;1;0;0;0;0
"11/12/2010";"04:15:00";"962";"com vítima";"126.900";"BR-116/PR";"Sul";"Colisão Traseira";1;0;1;0;0;0;0;0;0;0;1;2;0;0;0
"11/12/2010";"06:44:00";"971";"sem vítima";"124.400";"BR-116/PR";"Norte";"Colisão Lateral";1;0;1;0;0;0;0;0;0;0;6;0;0;0;0
"11/12/2010";"08:40:00";"977";"com vítima";"184.300";"BR-116/SC";"Norte";"Colisão Transversal";1;0;0;0;0;0;0;0;0;1;2;1;0;0;0
"11/12/2010";"10:40:00";"986";"sem vítima";"119.300";"BR-116/PR";"Norte";"Engavetamento";2;0;1;0;0;0;0;0;0;0;3;0;0;0;0
"11/12/2010";"12:08:00";"999";"sem vítima";"168.5";"BR-116/PR";"Norte";"Colisão Transversal";1;0;0;0;0;0;0;0;0;1;2;0;0;0;0
"11/12/2010";"01:48:00";"1004";"sem vítima";"194.899";"BR-116/SC";"Norte";"Choque - Suporte de Sinalização";0;0;1;0;0;0;0;0;0;0;1;0;0;0;0
"11/12/2010";"04:18:00";"1010";"com vítima";"146.100";"BR-116/PR";"Sul";"Saida de Pista";0;0;0;0;0;0;0;0;0;1;0;1;0;0;0
"11/12/2010";"05:21:00";"1014";"sem vítima";"119.5";"BR-116/PR";"Sul";"Colisão Transversal";1;0;1;0;1;0;0;0;0;0;3;0;0;0;0
"11/12/2010";"05:40:00";"1021";"sem vítima";"220.199";"BR-116/SC";"Sul";"Colisão Lateral";0;0;2;0;0;0;0;0;0;0;2;0;0;0;0
"11/12/2010";"07:25:00";"1031";"sem vítima";"247.800";"BR-116/SC";"Sul";"Colisão Traseira";2;0;0;0;0;0;0;0;0;0;4;0;0;0;0
"11/12/2010";"07:43:00";"1034";"sem vítima";"131";"BR-116/PR";"Norte";"Colisão Transversal";2;0;0;0;0;0;0;0;0;0;5;0;0;0;0
"11/12/2010";"09:16:00";"1042";"sem vítima";"121";"BR-116/PR";"Sul";"Colisão Transversal";1;0;0;0;0;0;0;0;0;1;6;0;0;0;0
"11/12/2010";"09:21:00";"1043";"com vítima";"121.099";"BR-116/PR";"Sul";"Colisão Transversal";0;0;0;1;1;0;0;0;0;0;70;0;0;0;1
"11/12/2010";"11:24:00";"1046";"sem vítima";"125";"BR-116/PR";"Sul";"Colisão Traseira";1;0;0;0;0;1;0;0;0;0;2;0;0;0;0
"12/12/2010";"09:57:00";"1076";"sem vítima";"244";"BR-116/SC";"Sul";"Colisão Lateral";1;0;1;0;0;0;0;0;0;0;2;0;0;0;0
"12/12/2010";"04:15:00";"1111";"sem vítima";"37";"BR-116/SC";"Sul";"Saida de Pista";1;0;0;0;0;0;0;0;0;0;1;0;0;0;0
"12/12/2010";"05:09:00";"1113";"sem vítima";"267.100";"BR-116/SC";"Sul";"Colisão Lateral";2;0;0;0;0;0;0;0;0;0;5;0;0;0;0
"12/12/2010";"06:20:00";"1125";"com vítima";"129.699";"BR-116/PR";"Sul";"Colisão Traseira";2;0;0;0;0;0;0;0;0;0;4;1;0;0;0
"12/12/2010";"07:26:00";"1133";"com vítima";"146.300";"BR-116/PR";"Norte";"Saida de Pista";1;0;1;0;0;0;0;0;0;0;1;0;0;2;3
"12/12/2010";"09:45:00";"1149";"com vítima";"128";"BR-116/PR";"Norte";"Colisão Traseira";1;0;0;0;0;1;0;0;0;0;3;1;0;0;0
"12/12/2010";"09:50:00";"1150";"com vítima";"126";"BR-116/PR";"Sul";"Saida de Pista";1;0;0;0;0;0;0;0;0;0;3;1;0;0;0
"13/12/2010";"01:32:00";"1167";"com vítima";"42";"BR-116/SC";"Norte";"Queda de Moto";0;0;0;1;0;0;0;0;0;0;1;1;0;0;0
"13/12/2010";"11:51:00";"1197";"sem vítima";"191";"BR-116/PR";"Sul";"Colisão Traseira";0;0;1;0;0;1;0;0;0;0;3;0;0;0;0
"13/12/2010";"01:21:00";"1201";"sem vítima";"198";"BR-116/SC";"Sul";"Saida de Pista";1;0;0;0;0;0;0;0;0;0;1;0;0;0;0
"13/12/2010";"03:47:00";"1213";"com vítima";"194";"BR-116/PR";"Sul";"Saida de Pista";1;0;0;0;0;0;0;0;0;0;1;1;0;0;0
"13/12/2010";"05:29:00";"1225";"sem vítima";"0.60000";"BR-116/SC";"Sul";"Colisão Lateral";1;0;1;0;0;0;0;0;0;0;4;0;0;0;0
"14/12/2010";"05:52:00";"1253";"sem vítima";"195.300";"BR-116/PR";"Norte";"Choque - Talude";0;0;1;0;0;0;0;0;0;0;1;0;0;0;0
"14/12/2010";"10:45:00";"1268";"sem vítima";"180.199";"BR-116/SC";"Sul";"Colisão Transversal";1;0;1;0;0;0;0;0;0;0;2;0;0;0;0
"14/12/2010";"11:48:00";"1335";"com vítima";"172.699";"BR-116/SC";"Norte";"Colisão Frontal";0;0;1;1;0;0;0;0;0;0;1;0;0;1;1
"15/12/2010";"04:55:00";"1387";"sem vítima";"204";"BR-116/SC";"Norte";"Colisão Traseira";1;0;1;0;0;0;0;0;0;0;2;0;0;0;0
"15/12/2010";"09:55:00";"1408";"sem vítima";"175.899";"BR-116/PR";"Sul";"Colisão Lateral";1;0;1;0;0;0;0;0;0;0;2;0;0;0;0
"15/12/2010";"11:55:00";"1419";"sem vítima";"190";"BR-116/SC";"Norte";"Atropelamento de Animal";1;0;0;0;0;0;0;0;0;0;1;0;0;0;0
"16/12/2010";"01:39:00";"1449";"com vítima";"79.8000";"BR-116/SC";"Sul";"Saida de Pista";1;0;0;0;0;0;0;0;0;0;1;2;1;0;0
"16/12/2010";"01:51:00";"1451";"com vítima";"267.5";"BR-116/SC";"Norte";"Colisão Transversal";1;0;0;0;0;0;0;0;0;1;1;2;0;0;0
"16/12/2010";"03:12:00";"1457";"sem vítima";"132.5";"BR-116/PR";"Sul";"Capotamento";1;0;0;0;0;0;0;0;0;0;1;0;0;0;0
"16/12/2010";"07:27:00";"1490";"sem vítima";"110.699";"BR-116/SC";"Sul";"Colisão Lateral";1;0;1;0;0;0;0;0;0;0;2;0;0;0;0
"16/12/2010";"08:49:00";"1499";"com vítima";"153.5";"BR-116/PR";"Norte";"Atropelamento - Morador";0;0;0;0;0;1;0;0;0;0;1;0;1;0;0
"16/12/2010";"09:55:00";"1507";"com vítima";"195.600";"BR-116/PR";"Sul";"Colisão Frontal";1;0;1;0;0;0;0;0;0;0;1;0;1;0;0
"16/12/2010";"11:56:00";"1516";"sem vítima";"126.300";"BR-116/PR";"Norte";"Saida de Pista";1;0;0;0;0;0;0;0;0;0;4;0;0;0;0
"17/12/2010";"12:05:00";"1517";"sem vítima";"129.300";"BR-116/PR";"Norte";"Colisão Transversal";2;0;0;0;0;0;0;0;0;0;3;0;0;0;0
"17/12/2010";"07:14:00";"1529";"sem vítima";"156.399";"BR-116/PR";"Norte";"Saida de Pista";0;0;0;0;0;0;0;0;0;1;2;0;0;0;0
"17/12/2010";"08:38:00";"1531";"com vítima";"210";"BR-116/SC";"Norte";"Saida de Pista";0;0;1;0;0;0;0;0;0;0;0;1;0;0;0
"17/12/2010";"08:40:00";"1532";"sem vítima";"210";"BR-116/SC";"Norte";"Colisão Traseira";2;0;0;0;0;0;0;0;0;0;2;0;0;0;0
"17/12/2010";"05:28:00";"1593";"com vítima";"12";"BR-116/SC";"Sul";"Colisão Transversal";2;0;0;0;0;0;0;0;0;0;2;1;0;0;0
"17/12/2010";"05:46:00";"1597";"sem vítima";"135";"BR-116/PR";"Sul";"Saida de Pista";0;0;1;0;0;0;0;0;0;0;1;0;0;0;0
"17/12/2010";"09:54:00";"1627";"sem vítima";"122";"BR-116/PR";"Norte";"Colisão Traseira";1;0;0;0;0;2;0;0;0;0;3;0;0;0;0
"18/12/2010";"04:46:00";"1647";"sem vítima";"117.199";"BR-116/PR";"Sul";"Colisão Frontal";1;0;1;0;0;0;0;0;0;0;2;0;0;0;0
"18/12/2010";"10:55:00";"1661";"sem vítima";"119";"BR-116/PR";"Sul";"Colisão Transversal";2;0;0;0;0;0;0;0;0;0;6;0;0;0;0
"18/12/2010";"11:33:00";"1664";"com vítima";"122";"BR-116/PR";"Sul";"Colisão Transversal";2;0;0;0;0;0;0;0;0;0;2;3;2;0;0
"18/12/2010";"03:16:00";"1685";"com vítima";"117.599";"BR-116/PR";"Sul";"Colisão Lateral";0;0;1;1;0;0;0;0;0;0;1;0;1;0;0
"18/12/2010";"05:25:00";"1707";"sem vítima";"119.5";"BR-116/PR";"Norte";"Choque - Veiculo parado na pista";2;0;0;0;0;0;0;0;0;0;2;0;0;0;0
"18/12/2010";"06:17:00";"1715";"sem vítima";"1.29999";"BR-116/SC";"Norte";"Colisão Traseira";2;0;0;0;0;0;0;0;0;0;4;0;0;0;0
"18/12/2010";"09:45:00";"1741";"com vítima";"50.8499";"BR-116/SC";"Sul";"Colisão Frontal";1;0;0;1;0;0;0;0;0;0;1;0;0;0;1
"19/12/2010";"01:07:00";"1753";"com vítima";"157.5";"BR-116/PR";"Sul";"Saida de Pista";1;0;0;0;0;0;0;0;0;0;2;2;0;0;0
"19/12/2010";"12:34:00";"1789";"com vítima";"127.5";"BR-116/PR";"Norte";"Colisão Transversal";1;0;0;1;0;0;0;0;0;0;4;1;0;0;0
"19/12/2010";"03:35:00";"1803";"sem vítima";"120";"BR-116/PR";"Norte";"Choque - Veiculo parado na pista";3;0;0;0;0;0;0;0;0;0;5;0;0;0;0
"19/12/2010";"05:31:00";"1816";"sem vítima";"132.800";"BR-116/SC";"Sul";"Colisão Traseira";1;0;0;0;0;0;0;0;0;1;3;0;0;0;0
"20/12/2010";"06:25:00";"1862";"sem vítima";"115.5";"BR-116/PR";"Norte";"Colisão Lateral";2;0;0;0;0;0;0;0;0;0;3;0;0;0;0
"20/12/2010";"10:16:00";"1885";"sem vítima";"134";"BR-116/PR";"Sul";"Choque - Cancela de Pedagio";1;0;0;0;0;0;0;0;0;0;1;0;0;0;0
"20/12/2010";"12:04:00";"1891";"sem vítima";"152";"BR-116/PR";"Sul";"Objeto lançado contra veículo";1;0;0;0;0;0;0;0;0;0;1;0;0;0;0
"20/12/2010";"02:58:00";"1902";"sem vítima";"47.2999";"BR-116/SC";"Norte";"Choque - Veiculo parado na pista";2;0;0;0;0;0;0;0;0;0;2;0;0;0;0
"20/12/2010";"05:07:00";"1923";"sem vítima";"115";"BR-116/PR";"Sul";"Colisão Lateral";1;0;1;0;0;0;0;0;0;0;2;0;0;0;0
"20/12/2010";"06:42:00";"1931";"com vítima";"120.599";"BR-116/PR";"Sul";"Colisão Traseira";1;0;0;1;0;0;0;0;0;0;1;1;0;0;0
"20/12/2010";"10:36:00";"1947";"sem vítima";"134.300";"BR-116/PR";"Norte";"Colisão Transversal";2;0;0;0;0;0;0;0;0;0;2;0;0;0;0
"21/12/2010";"12:20:00";"1952";"sem vítima";"49.2999";"BR-116/SC";"Sul";"Colisão Traseira";0;0;2;0;0;0;0;0;0;0;2;0;0;0;0
"21/12/2010";"11:04:00";"1988";"sem vítima";"105.199";"BR-116/SC";"Sul";"Colisão Traseira";0;0;2;0;0;0;0;0;0;0;2;0;0;0;0
"21/12/2010";"01:35:00";"1999";"com vítima";"59";"BR-116/SC";"Norte";"Queda de Moto";0;0;0;1;0;0;0;0;0;0;0;1;0;0;0
"21/12/2010";"05:11:00";"2020";"sem vítima";"131.800";"BR-116/PR";"Sul";"Objeto lançado contra veículo";1;0;0;0;0;0;0;0;0;0;1;0;0;0;0
"21/12/2010";"08:39:00";"2046";"sem vítima";"119.400";"BR-116/PR";"Norte";"Colisão Traseira";2;0;0;0;0;0;0;0;0;0;2;0;0;0;0
"21/12/2010";"10:28:00";"2051";"sem vítima";"185.300";"BR-116/PR";"Sul";"Saida de Pista";1;0;1;0;0;0;0;0;0;0;4;0;0;0;0
"22/12/2010";"05:49:00";"2072";"sem vítima";"234.800";"BR-116/SC";"Norte";"Saida de Pista";0;0;1;0;0;0;0;0;0;0;2;0;0;0;0
"22/12/2010";"06:28:00";"2074";"sem vítima";"233.75";"BR-116/SC";"Norte";"Choque - Objeto sobre a pista";1;0;0;0;0;0;0;0;0;0;3;0;0;0;0
"22/12/2010";"06:52:00";"2078";"sem vítima";"4.5";"BR-116/SC";"Sul";"Tombamento";0;0;1;0;0;0;0;0;0;0;1;0;0;0;0
"22/12/2010";"09:08:00";"2091";"sem vítima";"174.399";"BR-116/PR";"Sul";"Atropelamento de Animal";1;0;0;0;0;0;0;0;0;0;1;0;0;0;0
"22/12/2010";"02:33:00";"2121";"sem vítima";"116";"BR-116/SC";"Norte";"Objeto lançado contra veículo";1;0;0;0;0;0;0;0;0;0;1;0;0;0;0
"22/12/2010";"02:33:00";"2122";"sem vítima";"233";"BR-116/SC";"Sul";"Choque - Cancela de Pedagio";0;0;1;0;0;0;0;0;0;0;1;0;0;0;0
"22/12/2010";"06:00:00";"2145";"sem vítima";"152.300";"BR-116/SC";"Sul";"Choque - Poste";0;0;0;0;0;1;0;0;0;1;4;0;0;0;0
"22/12/2010";"11:56:00";"2175";"sem vítima";"139";"BR-116/PR";"Norte";"Choque - Objeto sobre a pista";1;0;0;0;0;0;0;0;0;0;2;0;0;0;0
"23/12/2010";"09:46:00";"2201";"sem vítima";"166";"BR-116/PR";"Norte";"Saida de Pista";1;0;0;0;0;0;0;0;0;0;2;0;0;0;0
"23/12/2010";"12:02:00";"2218";"sem vítima";"247.899";"BR-116/SC";"Norte";"Colisão Transversal";2;0;0;0;0;0;0;0;0;0;2;0;0;0;0
"23/12/2010";"09:19:00";"2288";"com vítima";"217.399";"BR-116/SC";"Norte";"Colisão Transversal";0;0;1;1;0;0;0;0;0;0;1;0;0;1;0
"24/12/2010";"12:39:00";"2302";"sem vítima";"60.7999";"BR-116/SC";"Norte";"Saida de Pista";1;0;0;0;0;0;0;0;0;0;2;0;0;0;0
"24/12/2010";"05:19:00";"2316";"sem vítima";"13.1000";"BR-116/SC";"Norte";"Saida de Pista";1;0;0;0;0;0;0;0;0;0;1;0;0;0;0
"24/12/2010";"06:08:00";"2319";"sem vítima";"204.300";"BR-116/SC";"Sul";"Saida de Pista";1;0;0;0;0;0;0;0;0;0;1;0;0;0;0
"24/12/2010";"06:39:00";"2321";"sem vítima";"124.599";"BR-116/SC";"Sul";"Saida de Pista";1;0;0;0;0;0;0;0;0;0;1;0;0;0;0
"24/12/2010";"06:56:00";"2324";"sem vítima";"81";"BR-116/SC";"Sul";"Colisão Traseira";1;0;1;0;0;0;0;0;0;0;2;0;0;0;0
"24/12/2010";"08:18:00";"2326";"sem vítima";"49";"BR-116/SC";"Sul";"Engavetamento";3;0;0;0;0;0;0;0;0;0;6;0;0;0;0
"24/12/2010";"09:03:00";"2332";"sem vítima";"139.600";"BR-116/SC";"Sul";"Colisão Traseira";2;0;0;0;0;0;0;0;0;0;2;0;0;0;0
"24/12/2010";"10:44:00";"2349";"sem vítima";"127.5";"BR-116/PR";"Sul";"Colisão Transversal";2;0;0;0;0;0;0;0;0;0;3;0;0;0;0
"24/12/2010";"10:48:00";"2350";"com vítima";"179";"BR-116/SC";"Norte";"Colisão Transversal";2;0;0;0;0;0;0;0;0;0;2;1;0;0;0
"24/12/2010";"12:19:00";"2358";"com vítima";"184.600";"BR-116/SC";"Norte";"Colisão Transversal";2;0;0;0;0;0;0;0;0;0;4;1;0;0;0
"24/12/2010";"02:22:00";"2370";"com vítima";"169.600";"BR-116/PR";"Sul";"Colisão Transversal";2;0;0;0;0;0;0;0;0;0;2;2;0;0;0
"25/12/2010";"07:20:00";"2442";"com vítima";"284.5";"BR-116/SC";"Sul";"Saida de Pista";1;0;0;0;0;0;0;0;0;0;0;1;0;0;0
"25/12/2010";"09:31:00";"2447";"sem vítima";"174.600";"BR-116/SC";"Sul";"Saida de Pista";1;0;0;0;0;0;0;0;0;0;4;0;0;0;0
"25/12/2010";"11:21:00";"2452";"sem vítima";"126.300";"BR-116/PR";"Norte";"Colisão Traseira";1;0;1;0;0;0;0;0;0;0;2;0;0;0;0
"25/12/2010";"03:12:00";"2464";"sem vítima";"258.600";"BR-116/SC";"Norte";"Colisão Lateral";1;0;1;0;0;0;0;0;0;0;2;0;0;0;0
"25/12/2010";"04:19:00";"2466";"com vítima";"31.1000";"BR-116/SC";"Sul";"Saida de Pista";0;0;0;1;0;0;0;0;0;0;1;1;0;0;0
"26/12/2010";"01:00:00";"2534";"com vítima";"131.699";"BR-116/PR";"Norte";"Saida de Pista";1;0;0;0;0;0;0;0;0;0;0;1;0;0;0
"26/12/2010";"06:00:00";"2566";"sem vítima";"41";"BR-116/SC";"Norte";"Queda de Moto";0;0;0;1;0;0;0;0;0;0;1;0;0;0;0
"26/12/2010";"06:36:00";"2574";"com vítima";"7";"BR-116/SC";"Norte";"Colisão Lateral";0;1;1;0;0;0;0;0;0;0;1;1;0;0;0
"26/12/2010";"07:37:00";"2581";"com vítima";"203.009";"BR-116/SC";"Norte";"Colisão Transversal";1;0;1;0;0;0;0;0;0;0;2;1;0;0;0
"26/12/2010";"08:32:00";"2588";"com vítima";"168";"BR-116/SC";"Norte";"Saida de Pista";1;0;0;0;0;0;0;0;0;0;0;0;0;0;2
"26/12/2010";"10:04:00";"2599";"sem vítima";"156.800";"BR-116/PR";"Norte";"Colisão Lateral";3;0;0;0;0;0;0;0;0;0;11;0;0;0;0
"27/12/2010";"11:08:00";"2642";"sem vítima";"150";"BR-116/SC";"Sul";"Choque - Objeto não identificado";1;0;0;0;0;0;0;0;0;0;3;0;0;0;0
"27/12/2010";"02:13:00";"2657";"com vítima";"72.5";"BR-116/SC";"Sul";"Colisão Traseira";1;0;1;0;0;0;0;0;0;0;3;1;0;0;0
"27/12/2010";"02:50:00";"2661";"sem vítima";"12";"BR-116/SC";"Norte";"Colisão Transversal";2;0;0;0;0;0;0;0;0;0;2;0;0;0;0
"27/12/2010";"05:12:00";"2682";"sem vítima";"147";"BR-116/PR";"Norte";"Saida de Pista";1;0;0;0;0;0;0;0;0;0;2;0;0;0;0
"27/12/2010";"05:23:00";"2684";"com vítima";"1.70000";"BR-116/SC";"Norte";"Colisão Transversal";1;0;0;1;0;0;0;0;0;0;1;1;0;0;0
"27/12/2010";"05:49:00";"2686";"com vítima";"140.300";"BR-116/PR";"Norte";"Colisão Transversal";2;0;0;0;0;0;0;0;0;0;0;1;3;0;0
"27/12/2010";"06:50:00";"2691";"sem vítima";"207";"BR-116/PR";"Sul";"Saida de Pista";2;0;0;0;0;0;0;0;0;0;2;0;0;0;0
"28/12/2010";"08:07:00";"2729";"com vítima";"140.300";"BR-116/SC";"Sul";"Colisão Transversal";2;0;0;0;0;0;0;0;0;0;2;2;0;0;0
"28/12/2010";"09:59:00";"2739";"sem vítima";"14.6999";"BR-116/SC";"Sul";"Saida de Pista";1;0;0;0;0;0;0;0;0;0;3;0;0;0;0
"28/12/2010";"03:41:00";"2761";"sem vítima";"154.800";"BR-116/SC";"Norte";"Colisão Traseira";0;0;1;0;0;1;0;0;0;0;2;0;0;0;0
"28/12/2010";"04:18:00";"2763";"com vítima";"8.80000";"BR-116/SC";"Sul";"Colisão Frontal";1;0;0;1;0;0;0;0;0;0;0;5;0;0;1
"28/12/2010";"08:41:00";"2790";"sem vítima";"12";"BR-116/SC";"Sul";"Colisão Transversal";1;0;1;0;0;0;0;0;0;0;6;0;0;0;0
"29/12/2010";"10:42:00";"2824";"sem vítima";"69.0500";"BR-116/SC";"Sul";"Colisão Lateral";1;0;0;0;1;0;0;0;0;0;4;0;0;0;0
"29/12/2010";"03:07:00";"2847";"sem vítima";"183.399";"BR-116/PR";"Norte";"Saida de Pista";1;0;0;0;0;0;0;0;0;0;3;0;0;0;0
"29/12/2010";"05:35:00";"2864";"sem vítima";"220";"BR-116/SC";"Norte";"Objeto lançado contra veículo";1;0;0;0;0;0;0;0;0;0;1;0;0;0;0
"30/12/2010";"12:46:00";"2893";"sem vítima";"127";"BR-116/PR";"Norte";"Saida de Pista";0;0;0;0;0;0;0;0;0;1;1;0;0;0;0
"30/12/2010";"07:07:00";"2909";"sem vítima";"129.300";"BR-116/PR";"Sul";"Saida de Pista";1;0;0;0;0;0;0;0;0;0;1;0;0;0;0
"30/12/2010";"11:37:00";"2925";"sem vítima";"15.6999";"BR-116/SC";"Norte";"Colisão Traseira";2;0;0;0;0;0;0;0;0;0;5;0;0;0;0
"30/12/2010";"06:07:00";"2951";"sem vítima";"296";"BR-116/SC";"Norte";"Objeto lançado contra veículo";1;0;1;0;0;0;0;0;0;0;2;0;0;0;0
"30/12/2010";"07:16:00";"2961";"sem vítima";"122";"BR-116/PR";"Norte";;0;0;0;0;0;2;0;0;0;0;2;0;0;0;0
"30/12/2010";"09:55:00";"2971";"com vítima";"62.0999";"BR-116/SC";"Sul";"Saida de Pista";1;0;0;0;0;0;0;0;0;0;1;1;0;0;0
"31/12/2010";"02:24:00";"2984";"sem vítima";"47.7999";"BR-116/SC";"Sul";"Colisão Lateral";1;0;1;0;0;0;0;0;0;0;6;0;0;0;0
"31/12/2010";"07:08:00";"2999";"sem vítima";"207.699";"BR-116/SC";"Norte";"Choque - Suporte de Sinalização";1;0;0;0;0;0;0;0;0;0;5;0;0;0;0