data;horario;n_da_ocorrencia;tipo_de_ocorrencia;km;trecho;sentido;tipo_de_acidente;automovel;bicicleta;caminhao;moto;onibus;outros;tracao_animal;transporte_de_cargas_especiais;trator_maquinas;utilitarios;ilesos;levemente_feridos;moderadamente_feridos;gravemente_feridos;mortos
"09/03/2011";"11:08:00";"1037";"sem vítima";"184.5";"BR-116/PR";"Norte";"Saida de Pista";1;0;0;0;0;0;0;0;0;0;1;0;0;0;0
"10/03/2011";"12:08:00";"1039";"com vítima";"119.5";"BR-116/PR";"Sul";"Colisão Transversal";2;0;0;0;0;0;0;0;0;0;0;2;2;1;0
"10/03/2011";"06:57:00";"1058";"sem vítima";"75";"BR-116/SC";"Norte";"Colisão Traseira";2;0;0;0;0;0;0;0;0;0;6;0;0;0;0
"10/03/2011";"08:23:00";"1065";"sem vítima";"29.8999";"BR-116/SC";"Norte";"Colisão Traseira";1;0;1;0;0;0;0;0;0;0;2;0;0;0;0
"10/03/2011";"10:40:00";"1086";"com vítima";"93.0999";"BR-116/SC";"Norte";"Colisão Frontal";2;0;0;0;0;0;0;0;0;0;0;3;0;0;0
"10/03/2011";"05:58:00";"1134";"sem vítima";"132.100";"BR-116/PR";"Norte";"Colisão Transversal";1;0;0;1;0;0;0;0;0;0;2;0;0;0;0
"10/03/2011";"06:18:00";"1138";"sem vítima";"5.80000";"BR-116/SC";"Sul";"Colisão Transversal";0;0;0;2;0;0;0;0;0;0;2;0;0;0;0
"10/03/2011";"10:29:00";"1151";"com vítima";"132.199";"BR-116/PR";"Sul";"Saida de Pista";0;0;1;0;0;0;0;0;0;0;0;0;1;0;0
"11/03/2011";"10:18:00";"1181";"com vítima";"117.150";"BR-116/PR";"Sul";"Colisão Lateral";2;0;0;0;0;0;0;0;0;0;4;1;0;0;0
"11/03/2011";"10:45:00";"1183";"sem vítima";"212";"BR-116/SC";"Norte";"Saida de Pista";1;0;0;0;0;0;0;0;0;0;2;0;0;0;0
"11/03/2011";"06:34:00";"1229";"com vítima";"130";"BR-116/PR";"Norte";"Colisão Transversal";1;0;0;1;0;0;0;0;0;0;1;1;0;0;0
"11/03/2011";"08:15:00";"1244";"sem vítima";"231";"BR-116/SC";"Norte";"Saida de Pista";1;0;0;0;0;0;0;0;0;0;2;0;0;0;0
"11/03/2011";"10:10:00";"1256";"sem vítima";"180.5";"BR-116/PR";"Sul";"Colisão Traseira";1;0;0;0;0;1;0;0;0;0;2;0;0;0;0
"11/03/2011";"11:53:00";"1260";"com vítima";"116.199";"BR-116/PR";"Sul";"Colisão Transversal";2;0;0;0;0;0;0;0;0;0;1;1;2;0;0
"12/03/2011";"10:23:00";"1317";"sem vítima";"132.100";"BR-116/PR";"Sul";"Colisão Traseira";1;0;1;0;0;0;0;0;0;0;2;0;0;0;0
"12/03/2011";"12:13:00";"1323";"com vítima";"129.300";"BR-116/PR";"Norte";"Colisão Transversal";1;1;0;0;0;0;0;0;0;0;1;1;0;0;0
"12/03/2011";"01:28:00";"1327";"sem vítima";"147.100";"BR-116/PR";"Sul";"Colisão Traseira";1;0;1;0;0;0;0;0;0;1;5;0;0;0;0
"12/03/2011";"05:26:00";"1364";"com vítima";"227.149";"BR-116/SC";"Sul";"Queda de Moto";0;0;0;1;0;0;0;0;0;0;0;1;0;0;0
"12/03/2011";"05:29:00";"1365";"sem vítima";"132";"BR-116/SC";"Sul";"Colisão Traseira";0;0;2;0;0;0;0;0;0;0;2;0;0;0;0
"12/03/2011";"06:29:00";"1376";"sem vítima";"50";"BR-116/SC";"Norte";"Saida de Pista";1;0;0;0;0;0;0;0;0;0;5;0;0;0;0
"12/03/2011";"08:54:00";"1404";"com vítima";"119.400";"BR-116/PR";"Sul";"Colisão Transversal";3;0;0;0;0;0;0;0;0;0;5;1;0;0;0
"12/03/2011";"11:18:00";"1421";"sem vítima";"210";"BR-116/PR";"Norte";"Colisão Transversal";0;0;1;0;1;0;0;0;0;0;2;0;0;0;0
"13/03/2011";"06:32:00";"1451";"com vítima";"118.300";"BR-116/PR";"Sul";"Queda de Moto";0;0;0;1;0;0;0;0;0;0;0;1;0;0;0
"13/03/2011";"06:35:00";"1452";"sem vítima";"215";"BR-116/SC";"Sul";"Saida de Pista";0;0;1;0;0;0;0;0;0;0;1;0;0;0;0
"13/03/2011";"11:58:00";"1474";"com vítima";"107.199";"BR-116/SC";"Norte";"Choque - Talude";0;0;1;0;0;0;0;0;0;0;1;1;0;0;0
"13/03/2011";"05:33:00";"1501";"sem vítima";"233";"BR-116/SC";"Norte";"Choque - Veiculo parado na pista";2;0;0;0;0;0;0;0;0;0;4;0;0;0;0
"13/03/2011";"06:23:00";"1505";"com vítima";"152";"BR-116/PR";"Sul";"Colisão Transversal";2;0;0;0;0;0;0;0;0;0;0;4;0;0;0
"13/03/2011";"11:06:00";"1523";"com vítima";"147.5";"BR-116/PR";"Norte";"Saida de Pista";1;0;0;0;0;0;0;0;0;0;0;1;0;0;0
"14/03/2011";"07:33:00";"1542";"com vítima";"122.400";"BR-116/PR";"Sul";"Colisão Transversal";1;0;1;0;0;0;0;0;0;0;1;1;0;0;0
"14/03/2011";"09:18:00";"1556";"com vítima";"117.699";"BR-116/PR";"Norte";"Colisão Lateral";0;0;0;1;1;0;0;0;0;0;37;1;0;0;0
"14/03/2011";"10:29:00";"1562";"com vítima";"120.5";"BR-116/PR";"Norte";"Colisão Lateral";3;0;0;0;0;0;0;0;0;0;6;1;0;0;0
"14/03/2011";"01:52:00";"1574";"com vítima";"130.800";"BR-116/PR";"Sul";"Colisão Traseira";0;0;0;1;0;0;0;0;0;1;5;1;0;0;0
"14/03/2011";"05:31:00";"1602";"com vítima";"152.399";"BR-116/PR";"Norte";"Colisão Transversal";1;0;0;1;0;0;0;0;0;0;1;1;0;0;0
"15/03/2011";"09:11:00";"1685";"sem vítima";"141.5";"BR-116/PR";"Norte";"Colisão Transversal";1;0;1;0;0;0;0;0;0;0;2;0;0;0;0
"15/03/2011";"12:11:00";"1702";"sem vítima";"119";"BR-116/PR";"Norte";"Colisão Transversal";1;0;0;0;0;1;0;0;0;0;2;0;0;0;0
"15/03/2011";"12:27:00";"1704";"com vítima";"130.800";"BR-116/SC";"Sul";"Choque - Veiculo parado na pista";0;0;3;0;0;0;0;0;0;0;2;1;0;0;0
"15/03/2011";"04:26:00";"1744";"com vítima";"150.5";"BR-116/PR";"Sul";"Choque - Veiculo parado na pista";0;0;2;0;0;0;0;0;0;0;1;0;2;0;0
"15/03/2011";"08:47:00";"1776";"sem vítima";"156";"BR-116/PR";"Norte";"Colisão Traseira";0;0;2;0;0;0;0;0;0;0;2;0;0;0;0
"15/03/2011";"09:30:00";"1779";"sem vítima";"142";"BR-116/PR";"Sul";"Colisão Traseira";2;0;0;0;0;0;0;0;0;0;5;0;0;0;0
"15/03/2011";"10:31:00";"1784";"com vítima";"124.099";"BR-116/PR";"Norte";"Colisão Traseira";0;0;3;0;0;0;0;0;0;0;2;1;0;0;0
"16/03/2011";"01:05:00";"1798";"com vítima";"175";"BR-116/SC";"Norte";"Saida de Pista";1;0;0;0;0;0;0;0;0;0;3;1;0;0;0
"16/03/2011";"03:46:00";"1813";"com vítima";"242.699";"BR-116/SC";"Norte";"Saida de Pista";1;0;0;0;0;0;0;0;0;0;0;4;0;0;0
"16/03/2011";"09:37:00";"1853";"sem vítima";"159.600";"BR-116/SC";"Sul";"Saida de Pista";1;0;0;0;0;0;0;0;0;0;1;0;0;0;0
"16/03/2011";"09:39:00";"1854";"sem vítima";"184";"BR-116/SC";"Norte";"Colisão Traseira";1;0;1;0;0;0;0;0;0;0;2;0;0;0;0
"16/03/2011";"03:30:00";"1896";"com vítima";"214";"BR-116/SC";"Norte";"Colisão Traseira";0;0;0;1;0;0;0;0;0;1;2;1;0;0;0
"16/03/2011";"05:41:00";"1909";"sem vítima";"217";"BR-116/SC";"Sul";"Colisão Transversal";0;0;1;0;0;1;0;0;0;0;2;0;0;0;0
"16/03/2011";"07:54:00";"1927";"com vítima";"245.600";"BR-116/SC";"Norte";"Colisão Transversal";1;0;1;0;0;0;0;0;0;0;2;2;0;0;0
"17/03/2011";"03:10:00";"1950";"sem vítima";"206.199";"BR-116/PR";"Norte";"Saida de Pista";1;0;0;0;0;0;0;0;0;0;1;0;0;0;0
"17/03/2011";"08:49:00";"1972";"sem vítima";"155.399";"BR-116/PR";"Sul";"Colisão Transversal";1;0;1;0;0;0;0;0;0;0;3;0;0;0;0
"17/03/2011";"11:24:00";"1995";"com vítima";"5.40000";"BR-116/SC";"Norte";"Saida de Pista";1;0;0;0;0;0;0;0;0;0;0;0;2;0;0
"17/03/2011";"12:48:00";"2002";"sem vítima";"124";"BR-116/SC";"Sul";"Colisão Traseira";1;0;1;0;0;0;0;0;0;0;4;0;0;0;0
"17/03/2011";"01:07:00";"2004";"sem vítima";"25.3999";"BR-116/SC";"Sul";"Saida de Pista";1;0;0;0;0;0;0;0;0;0;1;0;0;0;0
"17/03/2011";"03:35:00";"2023";"sem vítima";"120.800";"BR-116/PR";"Norte";"Choque - Veiculo parado na pista";1;0;0;0;0;0;0;0;0;1;2;0;0;0;0
"17/03/2011";"06:32:00";"2051";"sem vítima";"306.700";"BR-116/SC";"Sul";"Colisão Traseira";0;0;2;0;0;0;0;0;0;0;2;0;0;0;0
"17/03/2011";"09:37:00";"2072";"sem vítima";"286.899";"BR-116/SC";"Sul";"Saida de Pista";1;0;1;0;0;0;0;0;0;0;2;0;0;0;0
"18/03/2011";"04:30:00";"2167";"sem vítima";"89.0999";"BR-116/SC";"Norte";"Saida de Pista";0;0;0;0;0;0;0;0;0;1;1;0;0;0;0
"18/03/2011";"10:54:00";"2212";"sem vítima";"80.1999";"BR-116/SC";"Sul";"Objeto lançado contra veículo";0;0;1;0;1;0;0;0;0;0;21;0;0;0;0
"19/03/2011";"04:45:00";"2236";"sem vítima";"135.100";"BR-116/SC";"Sul";"Saida de Pista";1;0;0;0;0;0;0;0;0;0;3;0;0;0;0
"19/03/2011";"04:47:00";"2237";"sem vítima";"126.199";"BR-116/PR";"Sul";"Colisão Traseira";1;0;1;0;0;0;0;0;0;0;6;0;0;0;0
"19/03/2011";"05:28:00";"2240";"sem vítima";"14.5";"BR-116/SC";"Sul";"Choque - Objeto sobre a pista";1;0;0;0;0;0;0;0;0;0;2;0;0;0;0
"19/03/2011";"06:28:00";"2246";"sem vítima";"174.800";"BR-116/SC";"Norte";"Saida de Pista";1;0;0;0;0;0;0;0;0;0;3;0;0;0;0
"19/03/2011";"09:19:00";"2262";"sem vítima";"148.5";"BR-116/PR";"Sul";"Engavetamento";3;0;1;0;0;0;0;0;0;0;12;0;0;0;0
"19/03/2011";"07:02:00";"2317";"sem vítima";"152.399";"BR-116/PR";"Sul";"Colisão Transversal";1;0;0;0;1;0;0;0;0;0;20;0;0;0;0
"19/03/2011";"09:22:00";"2335";"com vítima";"38.2000";"BR-116/SC";"Sul";"Queda de Moto";0;0;0;1;0;0;0;0;0;0;0;1;0;0;0
"19/03/2011";"09:35:00";"2336";"com vítima";"117.599";"BR-116/PR";"Sul";"Queda de Moto";0;0;1;1;0;0;0;0;0;0;1;1;0;0;0
"19/03/2011";"09:46:00";"2338";"com vítima";"119.5";"BR-116/PR";"Sul";"Colisão Transversal";1;0;0;1;0;0;0;0;0;0;1;0;1;0;0
"20/03/2011";"04:42:00";"2361";"com vítima";"168.899";"BR-116/SC";"Norte";"Saida de Pista";1;0;0;0;0;0;0;0;0;0;3;1;0;0;0
"20/03/2011";"01:24:00";"2392";"sem vítima";"139.199";"BR-116/SC";"Sul";"Colisão Traseira";2;0;0;0;0;0;0;0;0;0;7;0;0;0;0
"20/03/2011";"04:05:00";"2408";"sem vítima";"152";"BR-116/PR";"Sul";"Colisão Transversal";2;0;0;0;0;0;0;0;0;0;4;0;0;0;0
"20/03/2011";"06:07:00";"2425";"sem vítima";"114.199";"BR-116/SC";"Sul";"Colisão Traseira";1;0;1;0;0;0;0;0;0;0;3;0;0;0;0
"20/03/2011";"09:02:00";"2446";"sem vítima";"201.699";"BR-116/PR";"Sul";"Saida de Pista";1;0;0;0;0;0;0;0;0;0;1;0;0;0;0
"20/03/2011";"09:27:00";"2450";"com vítima";"211";"BR-116/PR";"Norte";"Colisão Lateral";0;0;0;1;0;0;0;0;0;0;0;1;0;0;0
"20/03/2011";"11:30:00";"2458";"com vítima";"124.199";"BR-116/PR";"Sul";"Atropelamento - Ambulante";0;0;0;0;0;1;0;0;0;0;1;0;1;0;0
"21/03/2011";"09:55:00";"2489";"com vítima";"210.800";"BR-116/PR";"Norte";"Colisão Transversal";2;0;0;0;0;0;0;0;0;0;1;2;1;0;0
"21/03/2011";"11:21:00";"2496";"sem vítima";"141";"BR-116/PR";"Sul";"Queda de Moto";0;0;0;1;0;0;0;0;0;0;1;0;0;0;0
"21/03/2011";"12:55:00";"2501";"com vítima";"209.399";"BR-116/PR";"Norte";"Colisão Transversal";1;0;0;1;0;0;0;0;0;0;1;1;0;0;0
"21/03/2011";"04:31:00";"2517";"sem vítima";"52";"BR-116/SC";"Sul";"Objeto lançado contra veículo";0;0;1;0;0;0;0;0;0;1;2;0;0;0;0
"21/03/2011";"06:50:00";"2525";"sem vítima";"115";"BR-116/PR";"Sul";"Choque - Veiculo parado na pista";4;0;0;0;0;0;0;0;0;0;5;0;0;0;0
"22/03/2011";"04:50:00";"2612";"com vítima";"203.300";"BR-116/SC";"Sul";"Colisão Lateral";0;0;2;0;0;0;0;0;0;0;1;1;0;0;0
"22/03/2011";"07:34:00";"2626";"com vítima";"86.1999";"BR-116/SC";"Norte";"Colisão Frontal";1;0;1;0;0;0;0;0;0;0;1;1;0;0;0
"22/03/2011";"08:49:00";"2633";"com vítima";"38";"BR-116/SC";"Sul";"Saida de Pista";0;0;0;0;0;0;0;0;1;0;0;1;0;0;0
"22/03/2011";"10:03:00";"2638";"sem vítima";"125.800";"BR-116/PR";"Norte";"Choque - Veiculo parado na pista";1;0;1;0;0;0;0;0;0;0;2;0;0;0;0
"23/03/2011";"07:25:00";"2670";"com vítima";"129.300";"BR-116/PR";"Norte";"Colisão Transversal";1;0;0;1;0;0;0;0;0;0;1;1;0;0;0
"23/03/2011";"06:18:00";"2733";"sem vítima";"122";"BR-116/PR";"Norte";"Choque - Veiculo parado na pista";2;0;0;0;0;0;0;0;0;0;5;0;0;0;0
"23/03/2011";"10:43:00";"2757";"sem vítima";"115.5";"BR-116/PR";"Sul";"Colisão Traseira";2;0;0;0;0;0;0;0;0;0;5;0;0;0;0
"24/03/2011";"06:41:00";"2777";"com vítima";"210.800";"BR-116/PR";"Norte";"Colisão Transversal";0;0;2;0;0;0;0;0;0;0;1;2;0;1;0
"24/03/2011";"06:06:00";"2848";"sem vítima";"113.800";"BR-116/SC";"Sul";"Colisão Traseira";0;0;2;0;0;0;0;0;0;0;3;0;0;0;0
"25/03/2011";"03:12:00";"2891";"sem vítima";"308.600";"BR-116/SC";"Sul";"Tombamento";0;0;1;0;0;0;0;0;0;0;1;0;0;0;0
"25/03/2011";"02:13:00";"2939";"sem vítima";"250.100";"BR-116/SC";"Norte";"Saida de Pista";1;0;0;0;0;0;0;0;0;0;1;0;0;0;0
"25/03/2011";"05:10:00";"2948";"sem vítima";"81";"BR-116/SC";"Sul";"Colisão Traseira";0;0;2;0;0;0;0;0;0;0;3;0;0;0;0
"25/03/2011";"07:18:00";"2968";"com vítima";"48.4000";"BR-116/SC";"Sul";"Saida de Pista";0;0;1;0;0;0;0;0;0;0;0;1;0;0;0
"26/03/2011";"07:11:00";"3000";"sem vítima";"134.399";"BR-116/PR";"Norte";"Queda de Moto";0;0;0;1;0;0;0;0;0;0;1;0;0;0;0
"26/03/2011";"12:09:00";"3029";"com vítima";"123.400";"BR-116/PR";"Sul";"Colisão Lateral";1;0;1;0;0;0;0;0;0;1;5;3;0;0;0
"26/03/2011";"01:02:00";"3035";"sem vítima";"123.800";"BR-116/PR";"Norte";"Colisão Traseira";3;0;0;0;0;0;0;0;0;0;6;0;0;0;0
"26/03/2011";"07:28:00";"3075";"com vítima";"180.300";"BR-116/PR";"Norte";"Colisão Traseira";1;0;0;1;0;0;0;0;0;0;1;1;0;0;0
"26/03/2011";"08:26:00";"3084";"sem vítima";"115.5";"BR-116/SC";"Sul";"Saida de Pista";1;0;0;0;0;0;0;0;0;0;1;0;0;0;0
"26/03/2011";"10:58:00";"3089";"sem vítima";"1.20000";"BR-116/SC";"Sul";"Choque - Defensa, barreira ou "submarino"";1;0;0;0;0;0;0;0;0;0;1;0;0;0;0
"27/03/2011";"02:08:00";"3102";"com vítima";"118.940";"BR-116/PR";"Sul";"Colisão Frontal";1;0;1;0;0;0;0;0;0;0;1;0;0;0;1
"27/03/2011";"06:18:00";"3112";"com vítima";"117.400";"BR-116/PR";"Sul";"Capotamento";1;0;0;0;0;0;0;0;0;0;0;2;0;0;0
"27/03/2011";"09:23:00";"3120";"sem vítima";"152";"BR-116/SC";"Sul";"Colisão Lateral";0;0;1;0;0;1;0;0;0;0;2;0;0;0;0
"27/03/2011";"07:00:00";"3181";"sem vítima";"233";"BR-116/SC";"Norte";"Colisão Lateral";2;0;0;0;0;0;0;0;0;0;4;0;0;0;0
"27/03/2011";"07:58:00";"3187";"sem vítima";"146.800";"BR-116/PR";"Norte";"Saida de Pista";1;0;0;0;0;0;0;0;0;0;2;0;0;0;0
"28/03/2011";"03:41:00";"3274";"com vítima";"21.7000";"BR-116/SC";"Norte";"Colisão Transversal";1;0;0;1;0;0;0;0;0;0;1;0;0;1;0
"28/03/2011";"05:35:00";"3283";"sem vítima";"132.899";"BR-116/SC";"Sul";"Tombamento";0;0;1;0;0;0;0;0;0;0;3;0;0;0;0
"28/03/2011";"06:29:00";"3289";"com vítima";"115.900";"BR-116/SC";"Norte";"Colisão Transversal";2;0;0;0;0;0;0;0;0;0;0;3;1;0;0
"29/03/2011";"04:15:00";"3380";"sem vítima";"203.600";"BR-116/SC";"Sul";"Saida de Pista";1;0;0;0;0;0;0;0;0;0;2;0;0;0;0
"29/03/2011";"05:09:00";"3390";"com vítima";"131.800";"BR-116/PR";"Sul";"Colisão Transversal";1;0;0;0;0;0;0;0;0;1;1;1;0;0;0
"29/03/2011";"07:14:00";"3403";"sem vítima";"203.100";"BR-116/SC";"Norte";"Colisão Lateral";0;0;1;0;1;0;0;0;0;0;25;0;0;0;0
"29/03/2011";"07:14:00";"3402";"com vítima";"220.5";"BR-116/SC";"Sul";"Colisão Transversal";2;0;0;0;0;0;0;0;0;0;2;2;0;0;0
"29/03/2011";"08:04:00";"3405";"com vítima";"119.5";"BR-116/PR";"Sul";"Colisão Transversal";1;0;0;0;1;0;0;0;0;0;2;1;0;0;0
"29/03/2011";"08:22:00";"3409";"sem vítima";"234.600";"BR-116/SC";"Norte";"Saida de Pista";1;0;0;0;0;0;0;0;0;0;4;0;0;0;0
"29/03/2011";"11:10:00";"3426";"com vítima";"129.199";"BR-116/PR";"Sul";"Colisão Transversal";1;0;0;1;0;0;0;0;0;0;2;2;0;0;0
"30/03/2011";"07:55:00";"3446";"sem vítima";"302.600";"BR-116/SC";"Sul";"Colisão Traseira";0;0;2;0;0;0;0;0;0;0;2;0;0;0;0
"30/03/2011";"12:30:00";"3463";"sem vítima";"203";"BR-116/SC";"Sul";"Saida de Pista";0;0;1;0;0;0;0;0;0;0;1;0;0;0;0
"30/03/2011";"03:05:00";"3482";"sem vítima";"117.400";"BR-116/PR";"Sul";"Colisão Traseira";0;0;1;0;0;1;0;0;0;0;2;0;0;0;0
"30/03/2011";"03:12:00";"3483";"sem vítima";"71.1999";"BR-116/SC";"Norte";"Colisão Traseira";0;0;2;0;0;0;0;0;0;0;2;0;0;0;0
"30/03/2011";"03:41:00";"3487";"sem vítima";"117.400";"BR-116/PR";"Sul";"Colisão Lateral";1;0;1;0;0;0;0;0;0;0;2;0;0;0;0
"30/03/2011";"05:00:00";"3496";"sem vítima";"22";"BR-116/SC";"Norte";"Colisão Traseira";1;0;0;0;0;0;0;0;0;0;1;0;0;0;0
"30/03/2011";"05:48:00";"3502";"com vítima";"109";"BR-116/SC";"Sul";"Colisão Lateral";0;0;2;0;0;0;0;0;0;0;2;1;0;0;0
"30/03/2011";"08:56:00";"3521";"sem vítima";"198.600";"BR-116/SC";"Norte";"Saida de Pista";0;0;1;0;0;0;0;0;0;0;1;0;0;0;0
"30/03/2011";"09:23:00";"3523";"sem vítima";"305.200";"BR-116/SC";"Sul";"Tombamento";0;0;1;0;0;0;0;0;0;0;1;0;0;0;0
"30/03/2011";"09:39:00";"3525";"sem vítima";"121.800";"BR-116/SC";"Norte";"Colisão Lateral";0;0;1;0;1;0;0;0;0;0;11;0;0;0;0
"31/03/2011";"07:51:00";"3565";"com vítima";"159.199";"BR-116/PR";"Norte";"Colisão Traseira";1;0;1;0;0;0;0;0;0;0;1;1;0;0;0
"31/03/2011";"04:33:00";"3614";"sem vítima";"80";"BR-116/SC";"Norte";;1;0;0;0;0;0;0;0;0;0;1;0;0;0;0
"01/04/2011";"02:14:00";"37";"sem vítima";"309";"BR-116/SC";"Sul";"Saida de Pista";1;0;0;0;0;0;0;0;0;0;1;0;0;0;0
"01/04/2011";"04:23:00";"55";"sem vítima";"37";"BR-116/SC";"Norte";"Capotamento";1;0;0;0;0;0;0;0;0;0;3;0;0;0;0
"01/04/2011";"07:49:00";"73";"com vítima";"120";"BR-116/PR";"Sul";"Queda de Moto";0;0;0;1;0;0;0;0;0;0;0;1;0;0;0
"02/04/2011";"03:46:00";"103";"sem vítima";"134.899";"BR-116/PR";"Sul";"Saida de Pista";0;0;1;0;0;0;0;0;0;0;1;0;0;0;0
"02/04/2011";"08:16:00";"119";"sem vítima";"115";"BR-116/SC";"Sul";"Saida de Pista";1;0;0;0;0;0;0;0;0;0;1;0;0;0;0
"02/04/2011";"10:23:00";"129";"sem vítima";"159.5";"BR-116/PR";"Sul";"Choque - Veiculo parado na pista";2;0;0;0;0;0;0;0;0;0;4;0;0;0;0
"02/04/2011";"02:59:00";"156";"com vítima";"310";"BR-116/SC";"Norte";"Colisão Lateral";1;0;1;0;0;0;0;0;0;0;1;1;0;0;0
"02/04/2011";"07:04:00";"184";"com vítima";"246.100";"BR-116/SC";"Norte";"Colisão Traseira";2;0;0;0;0;0;0;0;0;0;7;1;0;0;0
"02/04/2011";"07:04:00";"182";"com vítima";"117.800";"BR-116/PR";"Sul";"Choque - Veiculo parado na pista";3;0;0;0;0;0;0;0;0;0;6;5;0;0;0
"02/04/2011";"07:13:00";"185";"com vítima";"261";"BR-116/SC";"Sul";"Choque - Talude";1;0;0;0;0;0;0;0;0;0;1;1;0;0;0
"02/04/2011";"07:25:00";"186";"com vítima";"115.599";"BR-116/PR";"Sul";"Colisão Lateral";1;0;1;0;0;0;0;0;0;0;7;1;0;0;0
"02/04/2011";"08:40:00";"195";"sem vítima";"117.800";"BR-116/PR";"Sul";"Colisão Traseira";3;0;0;0;0;0;0;0;0;0;7;0;0;0;0
"02/04/2011";"09:31:00";"200";"sem vítima";"309";"BR-116/SC";"Norte";"Choque - Defensa, barreira ou "submarino"";1;0;0;0;0;0;0;0;0;0;1;0;0;0;0
"03/04/2011";"03:30:00";"222";"sem vítima";"181.800";"BR-116/SC";"Sul";"Saida de Pista";1;0;0;0;0;0;0;0;0;0;4;0;0;0;0
"03/04/2011";"07:07:00";"298";"com vítima";"299.200";"BR-116/SC";"Norte";"Colisão Frontal";2;0;0;0;0;0;0;0;0;0;2;4;0;0;0
"03/04/2011";"08:38:00";"310";"com vítima";"22.5";"BR-116/SC";"Norte";"Colisão Frontal";3;0;0;0;0;0;0;0;0;0;2;1;1;0;0
"04/04/2011";"06:04:00";"337";"com vítima";"145.899";"BR-116/PR";"Sul";"Saida de Pista";1;0;0;0;0;0;0;0;0;0;0;0;3;0;0
"04/04/2011";"04:22:00";"388";"sem vítima";"205.199";"BR-116/SC";"Sul";"Saida de Pista";0;0;1;0;0;0;0;0;0;0;1;0;0;0;0
"04/04/2011";"08:56:00";"410";"sem vítima";"133";"BR-116/PR";"Sul";"Saida de Pista";1;0;0;0;0;0;0;0;0;0;1;0;0;0;0
"04/04/2011";"11:56:00";"424";"com vítima";"211.199";"BR-116/SC";"Sul";"Tombamento";0;0;1;0;0;0;0;0;0;0;0;0;0;0;1
"05/04/2011";"03:25:00";"430";"sem vítima";"4.80000";"BR-116/SC";"Sul";"Colisão Traseira";0;0;1;0;1;0;0;0;0;0;3;0;0;0;0
"05/04/2011";"01:53:00";"459";"sem vítima";"210.800";"BR-116/PR";"Sul";"Colisão Transversal";1;0;1;0;0;0;0;0;0;0;5;0;0;0;0
"05/04/2011";"02:24:00";"466";"sem vítima";"45.7999";"BR-116/SC";"Norte";"Colisão Lateral";0;0;1;0;0;0;0;0;0;1;2;0;0;0;0
"06/04/2011";"03:45:00";"569";"sem vítima";"141.300";"BR-116/SC";"Norte";"Saida de Pista";2;0;0;0;0;0;0;0;0;0;2;0;0;0;0
"06/04/2011";"05:48:00";"583";"sem vítima";"205";"BR-116/PR";"Sul";"Saida de Pista";1;0;0;0;0;0;0;0;0;0;3;0;0;0;0
"06/04/2011";"05:59:00";"586";"sem vítima";"41.0999";"BR-116/SC";"Norte";"Colisão Lateral";1;0;0;0;0;0;0;0;1;0;2;0;0;0;0
"07/04/2011";"03:08:00";"627";"sem vítima";"105.800";"BR-116/SC";"Sul";"Saida de Pista";1;0;0;0;0;0;0;0;0;0;1;0;0;0;0
"07/04/2011";"05:42:00";"630";"com vítima";"206.800";"BR-116/PR";"Sul";"Colisão Traseira";0;0;0;1;0;1;0;0;0;0;1;1;0;0;0
"07/04/2011";"04:30:00";"685";"com vítima";"120.400";"BR-116/PR";"Sul";"Colisão Frontal";0;0;1;0;0;0;0;0;0;1;1;0;1;0;0
"07/04/2011";"04:34:00";"686";"com vítima";"234.5";"BR-116/SC";"Norte";"Tombamento";0;0;1;0;0;0;0;0;0;0;0;0;0;1;0
"07/04/2011";"06:33:00";"696";"com vítima";"152";"BR-116/PR";"Sul";"Colisão Transversal";0;0;0;1;1;0;0;0;0;0;1;1;0;0;0
"07/04/2011";"09:02:00";"709";"com vítima";"122.300";"BR-116/PR";"Sul";"Colisão Frontal";1;0;1;0;0;0;0;0;0;0;2;3;0;0;0
"08/04/2011";"12:17:00";"717";"com vítima";"133.100";"BR-116/PR";"Norte";"Saida de Pista";1;0;0;0;0;0;0;0;0;0;4;0;1;0;0
"08/04/2011";"10:34:00";"746";"sem vítima";"115";"BR-116/SC";"Norte";"Tombamento";0;0;1;0;0;0;0;0;0;0;1;0;0;0;0
"08/04/2011";"01:08:00";"756";"sem vítima";"202.5";"BR-116/PR";"Sul";"Tombamento";0;0;1;0;0;0;0;0;0;0;1;0;0;0;0
"08/04/2011";"01:24:00";"757";"com vítima";"155.300";"BR-116/PR";"Norte";"Queda de Moto";0;0;0;1;0;0;0;0;0;0;0;0;1;0;0
"08/04/2011";"06:47:00";"791";"sem vítima";"10.5";"BR-116/SC";"Norte";"Saida de Pista";0;0;1;0;0;0;0;0;0;0;1;0;0;0;0
"08/04/2011";"06:52:00";"792";"com vítima";"245";"BR-116/SC";"Sul";"Atropelamento - Usuário";1;0;0;0;0;0;0;0;0;0;1;0;1;0;0
"08/04/2011";"06:56:00";"793";"sem vítima";"158";"BR-116/PR";"Sul";"Colisão Transversal";0;0;1;0;0;0;0;0;0;1;2;0;0;0;0