data;horario;n_da_ocorrencia;tipo_de_ocorrencia;km;trecho;sentido;tipo_de_acidente;automovel;bicicleta;caminhao;moto;onibus;outros;tracao_animal;transporte_de_cargas_especiais;trator_maquinas;utilitarios;ilesos;levemente_feridos;moderadamente_feridos;gravemente_feridos;mortos
"05/05/2011";"06:57:00";"457";"sem vítima";"1";"BR-116/SC";"Norte";"Colisão Traseira";1;0;0;0;0;0;0;0;0;1;2;0;0;0;0
"05/05/2011";"08:50:00";"467";"sem vítima";"117";"BR-116/PR";"Sul";"Colisão Lateral";0;0;1;0;1;0;0;0;0;0;62;0;0;0;0
"05/05/2011";"08:52:00";"468";"sem vítima";"168.5";"BR-116/PR";"Norte";"Colisão Transversal";2;0;0;0;0;0;0;0;0;0;3;0;0;0;0
"05/05/2011";"09:14:00";"470";"com vítima";"129.5";"BR-116/PR";"Norte";"Atropelamento - Morador";0;0;0;0;0;1;0;0;0;0;1;1;0;0;0
"06/05/2011";"04:47:00";"537";"com vítima";"11";"BR-116/SC";"Norte";"Tombamento";0;1;0;0;0;0;0;0;0;0;0;1;0;0;0
"06/05/2011";"05:38:00";"542";"com vítima";"209.5";"BR-116/PR";"Norte";"Colisão Transversal";1;0;0;1;0;0;0;0;0;0;1;2;0;0;0
"06/05/2011";"06:00:00";"548";"com vítima";"131.800";"BR-116/PR";"Sul";"Colisão Transversal";2;0;0;0;0;0;0;0;0;0;5;2;1;0;0
"07/05/2011";"06:06:00";"595";"com vítima";"126";"BR-116/PR";"Sul";"Choque - Veiculo parado na pista";1;0;0;0;1;0;0;0;0;0;3;0;2;0;0
"07/05/2011";"09:09:00";"609";"sem vítima";"125.800";"BR-116/PR";"Norte";"Colisão Traseira";2;0;1;0;0;0;0;0;0;0;3;0;0;0;0
"07/05/2011";"01:02:00";"619";"com vítima";"122";"BR-116/PR";"Norte";"Colisão Frontal";1;0;0;1;0;0;0;0;0;0;1;1;0;0;0
"07/05/2011";"04:48:00";"634";"com vítima";"141.300";"BR-116/SC";"Sul";"Saida de Pista";0;0;1;0;0;0;0;0;0;0;0;1;0;0;0
"07/05/2011";"05:41:00";"638";"com vítima";"250.5";"BR-116/SC";"Sul";"Saida de Pista";1;0;0;0;0;0;0;0;0;0;0;1;0;0;0
"07/05/2011";"05:51:00";"641";"sem vítima";"166.100";"BR-116/PR";"Sul";"Colisão Transversal";2;0;0;0;0;0;0;0;0;0;3;0;0;0;0
"07/05/2011";"08:15:00";"655";"com vítima";"118";"BR-116/PR";"Norte";"Engavetamento";3;0;0;0;0;0;0;0;0;0;9;1;0;0;0
"07/05/2011";"11:40:00";"671";"sem vítima";"183.399";"BR-116/PR";"Sul";"Colisão Lateral";2;0;0;0;0;0;0;0;0;0;4;0;0;0;0
"08/05/2011";"04:27:00";"685";"com vítima";"133.850";"BR-116/PR";"Sul";"Saida de Pista";1;0;0;0;0;0;0;0;0;0;0;0;0;0;1
"08/05/2011";"04:35:00";"686";"sem vítima";"18.8999";"BR-116/SC";"Norte";"Saida de Pista";1;0;0;0;0;0;0;0;0;0;1;0;0;0;0
"08/05/2011";"11:09:00";"693";"sem vítima";"123.400";"BR-116/PR";"Sul";"Colisão Traseira";2;0;0;0;0;0;0;0;0;0;2;0;0;0;0
"08/05/2011";"11:27:00";"696";"sem vítima";"120";"BR-116/PR";"Norte";"Colisão Traseira";2;0;0;0;0;0;0;0;0;0;10;0;0;0;0
"08/05/2011";"06:10:00";"725";"com vítima";"245.600";"BR-116/SC";"Sul";"Colisão Transversal";2;0;0;0;0;0;0;0;0;0;1;2;0;0;0
"08/05/2011";"06:19:00";"729";"sem vítima";"226.699";"BR-116/SC";"Norte";"Saida de Pista";1;0;0;0;0;0;0;0;0;0;1;0;0;0;0
"08/05/2011";"06:38:00";"738";"sem vítima";"248.699";"BR-116/SC";"Norte";"Colisão Lateral";2;0;0;0;0;0;0;0;0;0;6;0;0;0;0
"08/05/2011";"06:47:00";"739";"com vítima";"119.400";"BR-116/PR";"Sul";"Engavetamento";1;0;0;1;0;1;0;0;0;0;5;1;0;0;0
"08/05/2011";"08:08:00";"751";"com vítima";"202.199";"BR-116/SC";"Sul";"Saida de Pista";0;0;0;0;0;0;0;0;0;1;3;1;0;0;0
"08/05/2011";"10:24:00";"765";"com vítima";"214";"BR-116/SC";"Sul";"Saida de Pista";1;0;0;0;0;0;0;0;0;0;0;0;0;2;0
"09/05/2011";"02:21:00";"812";"com vítima";"118";"BR-116/PR";"Sul";"Choque - Veiculo parado na pista";0;0;0;1;0;0;0;0;0;1;1;1;0;0;0
"09/05/2011";"03:44:00";"819";"com vítima";"160.899";"BR-116/PR";"Sul";"Tombamento";1;0;0;0;0;0;0;0;0;0;2;1;0;0;0
"09/05/2011";"06:21:00";"831";"com vítima";"129";"BR-116/PR";"Norte";"Atropelamento - Morador";0;0;0;0;1;0;0;0;0;0;1;1;0;0;0
"09/05/2011";"08:32:00";"844";"com vítima";"119.599";"BR-116/PR";"Norte";"Colisão Traseira";1;0;0;1;0;0;0;0;0;0;1;1;0;0;0
"10/05/2011";"09:24:00";"878";"sem vítima";"118.300";"BR-116/PR";"Sul";"Colisão Transversal";1;0;1;0;0;0;0;0;0;0;2;0;0;0;0
"10/05/2011";"09:28:00";"879";"sem vítima";"300";"BR-116/SC";"Sul";"Colisão Traseira";1;0;0;0;0;0;0;0;0;1;5;0;0;0;0
"10/05/2011";"12:25:00";"888";"sem vítima";"308";"BR-116/SC";"Norte";"Saida de Pista";1;0;0;0;0;0;0;0;0;0;2;0;0;0;0
"10/05/2011";"02:38:00";"897";"sem vítima";"160.399";"BR-116/PR";"Norte";"Saida de Pista";1;0;0;0;0;0;0;0;0;0;1;0;0;0;0
"10/05/2011";"02:39:00";"898";"sem vítima";"191";"BR-116/SC";"Sul";"Capotamento";1;0;0;0;0;0;0;0;0;0;1;0;0;0;0
"10/05/2011";"05:45:00";"909";"com vítima";"207.899";"BR-116/SC";"Norte";"Capotamento";1;0;0;0;0;0;0;0;0;0;0;1;0;0;0
"10/05/2011";"06:40:00";"914";"sem vítima";"210";"BR-116/SC";"Sul";"Choque - Talude";1;0;0;0;0;0;0;0;0;0;2;0;0;0;0
"10/05/2011";"09:47:00";"930";"com vítima";"211";"BR-116/PR";"Norte";"Queda de Moto";0;0;0;1;0;0;0;0;0;0;0;1;0;0;0
"11/05/2011";"12:50:00";"937";"sem vítima";"55.5";"BR-116/SC";"Norte";"Atropelamento de Animal";0;0;1;0;0;0;0;0;0;0;1;0;0;0;0
"11/05/2011";"07:16:00";"1015";"sem vítima";"105.5";"BR-116/SC";"Norte";"Colisão Lateral";0;0;1;0;0;0;0;0;0;1;2;0;0;0;0
"11/05/2011";"07:38:00";"1019";"sem vítima";"153.300";"BR-116/PR";"Norte";"Colisão Traseira";0;0;2;0;0;0;0;0;0;0;2;0;0;0;0
"12/05/2011";"08:15:00";"1050";"sem vítima";"262.850";"BR-116/SC";"Sul";"Colisão Traseira";1;0;1;0;0;0;0;0;0;0;5;0;0;0;0
"12/05/2011";"11:28:00";"1069";"sem vítima";"222";"BR-116/SC";"Sul";"Colisão Traseira";1;0;1;0;0;0;0;0;0;0;2;0;0;0;0
"12/05/2011";"12:22:00";"1075";"sem vítima";"134";"BR-116/PR";"Sul";"Colisão Traseira";0;0;2;0;0;0;0;0;0;0;2;0;0;0;0
"12/05/2011";"01:19:00";"1077";"sem vítima";"271";"BR-116/SC";"Sul";"Saida de Pista";0;0;1;0;0;0;0;0;0;0;1;0;0;0;0
"12/05/2011";"06:37:00";"1100";"com vítima";"245";"BR-116/SC";"Sul";"Atropelamento de Animal";0;0;0;1;0;0;0;0;0;0;0;1;0;0;0
"12/05/2011";"07:35:00";"1110";"sem vítima";"115.199";"BR-116/PR";"Norte";"Choque - Veiculo parado na pista";2;0;0;0;0;1;0;0;0;0;3;0;0;0;0
"13/05/2011";"12:21:00";"1121";"sem vítima";"194.5";"BR-116/PR";"Sul";"Tombamento";0;0;1;0;0;0;0;0;0;0;1;0;0;0;0
"13/05/2011";"02:53:00";"1169";"sem vítima";"119.900";"BR-116/PR";"Norte";"Queda de Moto";0;0;0;1;0;0;0;0;0;0;1;0;0;0;0
"13/05/2011";"09:48:00";"1208";"sem vítima";"127.599";"BR-116/PR";"Norte";"Colisão Lateral";2;0;0;0;0;0;0;0;0;0;2;0;0;0;0
"13/05/2011";"09:59:00";"1210";"sem vítima";"232.300";"BR-116/SC";"Sul";"Colisão Traseira";1;0;1;0;0;0;0;0;0;0;5;0;0;0;0
"14/05/2011";"04:18:00";"1219";"sem vítima";"105";"BR-116/SC";"Sul";"Saida de Pista";1;0;0;0;0;0;0;0;0;0;1;0;0;0;0
"14/05/2011";"08:00:00";"1227";"sem vítima";"122.800";"BR-116/PR";"Sul";"Saida de Pista";0;0;1;0;0;0;0;0;0;0;1;0;0;0;0
"14/05/2011";"05:38:00";"1266";"sem vítima";"222.5";"BR-116/SC";"Norte";"Colisão Traseira";1;0;1;0;0;0;0;0;0;0;3;0;0;0;0
"14/05/2011";"07:45:00";"1278";"sem vítima";"119.300";"BR-116/PR";"Sul";"Colisão Traseira";2;0;0;0;0;0;0;0;0;0;6;0;0;0;0
"14/05/2011";"08:54:00";"1285";"com vítima";"178.899";"BR-116/SC";"Sul";"Atropelamento - Usuário";1;0;0;0;0;0;0;0;0;0;1;1;0;0;0
"14/05/2011";"10:11:00";"1288";"sem vítima";"26.5";"BR-116/SC";"Norte";"Colisão Traseira";1;0;0;0;0;1;0;0;0;0;3;0;0;0;0
"14/05/2011";"10:29:00";"1289";"sem vítima";"197.5";"BR-116/PR";"Norte";"Saida de Pista";1;0;0;0;0;0;0;0;0;0;1;0;0;0;0
"14/05/2011";"10:59:00";"1294";"sem vítima";"123.699";"BR-116/PR";"Norte";"Saida de Pista";1;0;0;0;0;0;0;0;0;0;1;0;0;0;0
"15/05/2011";"07:54:00";"1321";"sem vítima";"1.29999";"BR-116/SC";"Sul";"Saida de Pista";1;0;0;0;0;0;0;0;0;0;1;0;0;0;0
"15/05/2011";"10:46:00";"1334";"com vítima";"115.699";"BR-116/PR";"Norte";"Colisão Traseira";3;0;0;0;0;1;0;0;0;0;5;1;0;0;0
"15/05/2011";"11:33:00";"1338";"com vítima";"105.900";"BR-116/SC";"Sul";"Colisão Lateral";0;0;1;0;0;0;0;0;0;1;1;1;0;0;0
"15/05/2011";"01:28:00";"1347";"sem vítima";"119.199";"BR-116/PR";"Sul";"Saida de Pista";1;0;0;0;0;0;0;0;0;0;4;0;0;0;0
"15/05/2011";"02:29:00";"1350";"sem vítima";"134";"BR-116/PR";"Sul";"Choque - Veiculo parado na pista";0;0;2;0;0;0;0;0;0;0;2;0;0;0;0
"15/05/2011";"08:29:00";"1374";"sem vítima";"285.100";"BR-116/SC";"Sul";"Atropelamento de Animal";1;0;0;0;0;0;0;0;0;0;4;0;0;0;0
"15/05/2011";"09:09:00";"1377";"com vítima";"141.100";"BR-116/PR";"Norte";"Colisão Transversal";1;0;0;1;0;0;0;0;0;0;1;1;2;0;0
"16/05/2011";"06:51:00";"1400";"com vítima";"116";"BR-116/PR";"Norte";"Engavetamento";2;0;0;0;0;0;0;0;0;1;4;1;0;0;0
"16/05/2011";"10:42:00";"1412";"com vítima";"193.050";"BR-116/SC";"Norte";"Saida de Pista";0;0;1;0;0;0;0;0;0;0;0;1;0;0;0
"16/05/2011";"01:08:00";"1424";"sem vítima";"0.5";"BR-116/SC";"Sul";"Saida de Pista";1;0;0;0;0;0;0;0;0;0;4;0;0;0;0
"16/05/2011";"03:18:00";"1438";"com vítima";"124.5";"BR-116/PR";"Sul";"Colisão Traseira";1;0;1;0;0;1;0;0;0;0;2;0;0;0;2
"16/05/2011";"04:14:00";"1442";"sem vítima";"207.300";"BR-116/SC";"Norte";"Colisão Transversal";0;0;2;0;0;0;0;0;0;0;2;0;0;0;0
"16/05/2011";"06:31:00";"1447";"sem vítima";"117.699";"BR-116/PR";"Sul";"Colisão Lateral";1;0;1;0;0;0;0;0;0;0;2;0;0;0;0
"16/05/2011";"07:19:00";"1451";"sem vítima";"166.800";"BR-116/PR";"Sul";"Colisão Lateral";0;0;2;0;0;0;0;0;0;0;3;0;0;0;0
"16/05/2011";"11:53:00";"1463";"sem vítima";"2.5";"BR-116/SC";"Norte";"Atropelamento de Animal";0;0;1;0;0;0;0;0;0;0;1;0;0;0;0
"17/05/2011";"05:37:00";"1473";"sem vítima";"142.5";"BR-116/SC";"Sul";"Atropelamento de Animal";1;0;0;0;0;0;0;0;0;0;1;0;0;0;0
"17/05/2011";"12:41:00";"1503";"com vítima";"179.199";"BR-116/SC";"Norte";"Atropelamento - Morador";1;0;0;0;0;0;0;0;0;0;1;1;0;0;0
"17/05/2011";"01:12:00";"1505";"sem vítima";"156";"BR-116/SC";"Sul";"Colisão Lateral";0;0;1;0;0;1;0;0;0;0;2;0;0;0;0
"17/05/2011";"05:05:00";"1523";"sem vítima";"90.0999";"BR-116/SC";"Norte";"Saida de Pista";0;0;1;0;0;0;0;0;0;0;1;0;0;0;0
"17/05/2011";"07:26:00";"1531";"sem vítima";"126.300";"BR-116/PR";"Norte";"Choque - Veiculo parado na pista";2;0;0;0;0;0;0;0;0;0;5;0;0;0;0
"18/05/2011";"09:11:00";"1575";"com vítima";"82.3000";"BR-116/SC";"Norte";"Atropelamento - Morador";0;0;1;0;0;0;0;0;0;0;1;1;0;1;0
"18/05/2011";"09:57:00";"1580";"com vítima";"118.050";"BR-116/PR";"Norte";"Colisão Transversal";0;0;1;1;0;0;0;0;0;0;1;1;0;0;0
"18/05/2011";"10:13:00";"1581";"com vítima";"171.899";"BR-116/SC";"Norte";"Colisão Traseira";1;0;0;0;0;0;0;0;0;0;1;2;1;0;0
"18/05/2011";"01:18:00";"1597";"com vítima";"17";"BR-116/SC";"Norte";"Queda de Moto";0;0;0;1;0;0;0;0;0;0;0;2;0;0;0
"19/05/2011";"04:29:00";"1696";"com vítima";"115";"BR-116/PR";"Norte";"Atropelamento - Usuário";0;0;0;1;0;0;0;0;0;0;1;1;0;0;0
"19/05/2011";"05:46:00";"1700";"sem vítima";"69.0500";"BR-116/SC";"Sul";"Colisão Traseira";2;0;0;0;0;0;0;0;0;0;2;0;0;0;0
"19/05/2011";"06:22:00";"1703";"sem vítima";"178.399";"BR-116/SC";"Sul";"Colisão Lateral";2;0;0;0;0;0;0;0;0;0;3;0;0;0;0
"19/05/2011";"08:51:00";"1721";"sem vítima";"220.5";"BR-116/SC";"Norte";"Colisão Transversal";1;0;0;0;0;0;0;0;0;1;4;0;0;0;0
"20/05/2011";"11:41:00";"1770";"sem vítima";"50.0999";"BR-116/SC";"Norte";"Saida de Pista";0;0;1;0;0;0;0;0;0;0;1;0;0;0;0
"20/05/2011";"02:37:00";"1786";"com vítima";"103";"BR-116/SC";"Norte";"Saida de Pista";0;0;1;0;0;0;0;0;0;0;0;0;0;0;1
"20/05/2011";"05:29:00";"1804";"sem vítima";"245.5";"BR-116/SC";"Norte";"Colisão Transversal";1;0;1;0;0;0;0;0;0;0;2;0;0;0;0
"20/05/2011";"07:47:00";"1819";"sem vítima";"153.300";"BR-116/PR";"Norte";"Colisão Traseira";2;0;0;0;0;0;0;0;0;0;4;0;0;0;0
"20/05/2011";"09:51:00";"1826";"com vítima";"20";"BR-116/SC";"Norte";"Saida de Pista";0;0;0;1;0;1;0;0;0;0;1;1;0;0;0
"21/05/2011";"02:40:00";"1842";"sem vítima";"224.100";"BR-116/SC";"Norte";"Saida de Pista";0;0;0;0;0;0;0;0;0;1;1;0;0;0;0
"21/05/2011";"12:54:00";"1872";"com vítima";"69";"BR-116/SC";"Sul";"Atropelamento - Morador";0;0;1;0;0;0;0;0;0;0;1;0;1;0;0
"21/05/2011";"02:34:00";"1879";"sem vítima";"12";"BR-116/SC";"Sul";"Colisão Transversal";1;0;0;1;0;0;0;0;0;0;3;0;0;0;0
"21/05/2011";"06:51:00";"1902";"sem vítima";"125.099";"BR-116/PR";"Norte";"Colisão Traseira";2;0;0;0;0;0;0;0;0;0;2;0;0;0;0
"21/05/2011";"06:53:00";"1904";"com vítima";"127.900";"BR-116/PR";"Norte";"Choque - Veiculo parado no acostamento";1;0;0;1;0;0;0;0;0;0;2;1;0;0;0
"21/05/2011";"07:04:00";"1905";"sem vítima";"120";"BR-116/PR";"Sul";"Colisão Traseira";2;0;0;0;0;0;0;0;0;0;4;0;0;0;0
"21/05/2011";"10:37:00";"1919";"com vítima";"126.099";"BR-116/PR";"Sul";"Saida de Pista";0;0;0;1;0;0;0;0;0;0;0;1;0;0;0
"22/05/2011";"10:39:00";"1953";"sem vítima";"6.80000";"BR-116/SC";"Sul";"Colisão Traseira";1;0;0;0;0;1;0;0;0;0;6;0;0;0;0
"22/05/2011";"02:36:00";"1962";"com vítima";"140";"BR-116/SC";"Sul";"Colisão Transversal";1;0;0;1;0;0;0;0;0;0;1;0;0;1;0
"22/05/2011";"05:51:00";"1985";"com vítima";"201.600";"BR-116/PR";"Sul";"Colisão Frontal";2;0;1;0;0;0;0;0;0;0;2;2;1;1;0
"23/05/2011";"01:25:00";"2021";"sem vítima";"1.20000";"BR-116/SC";"Sul";"Choque - Poste";1;0;0;0;0;0;0;0;0;0;1;0;0;0;0
"23/05/2011";"08:08:00";"2040";"sem vítima";"116.300";"BR-116/PR";"Sul";"Colisão Traseira";1;0;0;0;0;0;0;0;0;1;2;0;0;0;0
"23/05/2011";"01:05:00";"2058";"sem vítima";"140.600";"BR-116/SC";"Sul";"Saida de Pista";1;0;0;0;0;0;0;0;0;0;1;0;0;0;0
"23/05/2011";"01:49:00";"2060";"sem vítima";"74";"BR-116/SC";"Sul";"Saida de Pista";1;0;0;0;0;0;0;0;0;0;1;0;0;0;0
"23/05/2011";"02:16:00";"2063";"sem vítima";"119.400";"BR-116/PR";"Norte";"Colisão Traseira";2;0;0;0;0;0;0;0;0;0;2;0;0;0;0
"23/05/2011";"03:19:00";"2067";"com vítima";"117.5";"BR-116/PR";"Sul";"Engavetamento";2;0;0;0;0;1;0;0;0;0;3;2;0;0;0
"23/05/2011";"04:24:00";"2073";"com vítima";"118.599";"BR-116/PR";"Norte";"Colisão Transversal";1;0;0;1;0;0;0;0;0;0;1;0;1;0;0
"23/05/2011";"11:01:00";"2095";"com vítima";"246.100";"BR-116/SC";"Norte";"Colisão Transversal";1;0;1;0;0;0;0;0;0;0;1;1;0;0;0
"24/05/2011";"01:43:00";"2101";"sem vítima";"253.600";"BR-116/SC";"Sul";"Choque - Talude";0;0;1;0;0;0;0;0;0;0;1;0;0;0;0
"24/05/2011";"01:47:00";"2102";"sem vítima";"248";"BR-116/SC";"Sul";;0;0;1;0;0;0;0;0;0;0;1;0;0;0;0
"24/05/2011";"10:15:00";"2133";"com vítima";"62.2999";"BR-116/SC";"Sul";"Saida de Pista";1;0;0;0;0;0;0;0;0;0;0;0;1;1;0
"24/05/2011";"11:24:00";"2142";"sem vítima";"115.099";"BR-116/PR";"Norte";"Choque - Veiculo parado na pista";0;0;1;0;1;0;0;0;0;1;3;0;0;0;0
"24/05/2011";"07:01:00";"2173";"com vítima";"170.5";"BR-116/SC";"Norte";"Atropelamento - Usuário";0;0;0;0;0;1;0;0;0;0;1;0;0;0;1
"24/05/2011";"09:21:00";"2186";"com vítima";"245.600";"BR-116/SC";"Sul";"Colisão Lateral";1;0;1;0;0;0;0;0;0;0;2;2;0;0;0
"25/05/2011";"01:30:00";"2199";"sem vítima";"140";"BR-116/PR";"Norte";"Colisão Traseira";0;0;1;0;0;1;0;0;0;0;2;0;0;0;0
"25/05/2011";"05:10:00";"2203";"sem vítima";"157.300";"BR-116/PR";"Sul";"Saida de Pista";0;0;1;0;0;0;0;0;0;0;1;0;0;0;0
"25/05/2011";"07:20:00";"2213";"sem vítima";"238.899";"BR-116/SC";"Sul";"Tombamento";0;0;1;0;0;0;0;0;0;0;1;0;0;0;0
"25/05/2011";"01:12:00";"2235";"sem vítima";"278.899";"BR-116/SC";"Sul";"Colisão Lateral";0;0;2;0;0;0;0;0;0;0;2;0;0;0;0
"25/05/2011";"06:25:00";"2268";"com vítima";"129.300";"BR-116/PR";"Sul";"Colisão Traseira";2;0;0;0;0;0;0;0;0;0;0;2;0;0;0
"26/05/2011";"06:02:00";"2288";"com vítima";"121.300";"BR-116/PR";"Norte";"Colisão Lateral";0;0;0;1;0;1;0;0;0;0;1;1;0;0;0
"26/05/2011";"10:58:00";"2307";"com vítima";"23.5";"BR-116/SC";"Norte";"Colisão Transversal";2;0;0;0;0;0;0;0;0;0;0;2;2;0;0
"27/05/2011";"01:46:00";"2370";"sem vítima";"122";"BR-116/PR";"Sul";"Queda de Moto";0;0;0;1;0;0;0;0;0;0;1;0;0;0;0
"27/05/2011";"06:38:00";"2380";"sem vítima";"125.099";"BR-116/PR";"Norte";"Colisão Traseira";1;0;0;0;0;0;0;0;0;1;3;0;0;0;0
"27/05/2011";"06:55:00";"2381";"sem vítima";"124.800";"BR-116/PR";"Norte";"Colisão Traseira";2;0;0;0;0;0;0;0;0;0;6;0;0;0;0
"27/05/2011";"01:08:00";"2404";"com vítima";"166.899";"BR-116/PR";"Sul";"Colisão Transversal";2;0;0;0;0;0;0;0;0;0;1;0;1;0;0
"27/05/2011";"04:33:00";"2420";"sem vítima";"119.5";"BR-116/PR";"Norte";"Choque - Veiculo parado na pista";0;0;2;0;0;0;0;0;0;0;2;0;0;0;0
"27/05/2011";"07:06:00";"2433";"sem vítima";"129.5";"BR-116/PR";"Norte";"Saida de Pista";1;0;0;0;0;0;0;0;0;0;1;0;0;0;0
"27/05/2011";"07:56:00";"2436";"sem vítima";"129.5";"BR-116/PR";"Sul";"Colisão Traseira";2;0;0;0;0;0;0;0;0;0;5;0;0;0;0
"28/05/2011";"12:19:00";"2450";"sem vítima";"245.600";"BR-116/SC";"Sul";"Colisão Transversal";2;0;0;0;0;0;0;0;0;0;6;0;0;0;0
"28/05/2011";"12:55:00";"2452";"sem vítima";"1.20000";"BR-116/SC";"Norte";"Choque - Outros";1;0;0;0;0;0;0;0;0;0;1;0;0;0;0
"28/05/2011";"05:17:00";"2458";"com vítima";"122.199";"BR-116/SC";"Sul";"Saida de Pista";0;0;1;0;0;0;0;0;0;0;0;1;0;0;0
"28/05/2011";"08:11:00";"2467";"sem vítima";"184.300";"BR-116/SC";"Norte";"Colisão Traseira";2;0;0;0;0;0;0;0;0;0;5;0;0;0;0
"28/05/2011";"10:30:00";"2479";"sem vítima";"151.699";"BR-116/PR";"Sul";"Colisão Traseira";1;0;1;0;0;0;0;0;0;0;3;0;0;0;0
"28/05/2011";"12:39:00";"2494";"sem vítima";"74";"BR-116/SC";"Sul";"Saida de Pista";0;0;0;0;0;0;0;0;0;1;1;0;0;0;0
"28/05/2011";"04:00:00";"2510";"com vítima";"181.039";"BR-116/SC";"Norte";"Tombamento";0;0;1;0;0;0;0;0;0;0;0;1;0;0;0
"28/05/2011";"05:07:00";"2519";"sem vítima";"130";"BR-116/PR";"Sul";"Colisão Transversal";1;0;0;1;0;0;0;0;0;0;4;0;0;0;0
"28/05/2011";"09:29:00";"2544";"com vítima";"153.300";"BR-116/PR";"Sul";"Colisão Traseira";2;0;0;0;0;0;0;0;0;0;2;1;0;0;0
"28/05/2011";"10:42:00";"2548";"com vítima";"59.2999";"BR-116/SC";"Norte";"Tombamento";1;0;0;0;0;0;0;0;0;0;0;1;0;1;0
"29/05/2011";"01:57:00";"2556";"com vítima";"202";"BR-116/PR";"Sul";"Queda de Moto";0;0;0;1;0;0;0;0;0;0;0;1;0;0;0
"29/05/2011";"02:57:00";"2559";"com vítima";"2.95000";"BR-116/SC";"Sul";"Atropelamento - Ambulante";0;0;0;0;0;1;0;0;0;0;1;0;0;0;1
"29/05/2011";"11:45:00";"2593";"sem vítima";"140.699";"BR-116/PR";"Sul";"Saida de Pista";1;0;0;0;0;0;0;0;0;0;1;0;0;0;0
"29/05/2011";"06:22:00";"2623";"com vítima";"145.5";"BR-116/PR";"Sul";"Colisão Lateral";2;0;0;0;0;0;0;0;0;0;0;1;1;0;0
"30/05/2011";"02:04:00";"2651";"sem vítima";"53.9000";"BR-116/SC";"Sul";"Saida de Pista";1;0;0;0;0;0;0;0;0;0;1;0;0;0;0
"30/05/2011";"07:11:00";"2657";"sem vítima";"47.5";"BR-116/SC";"Norte";"Choque - Defensa, barreira ou "submarino"";0;0;1;0;0;0;0;0;0;0;1;0;0;0;0
"30/05/2011";"05:40:00";"2694";"com vítima";"150.800";"BR-116/PR";"Sul";"Atropelamento - Morador";0;0;0;1;0;0;0;0;0;0;2;1;0;0;0
"31/05/2011";"02:54:00";"2753";"com vítima";"111";"BR-116/SC";"Norte";"Queda de Moto";0;0;0;1;0;0;0;0;0;0;0;1;0;0;0
"31/05/2011";"03:08:00";"2754";"sem vítima";"157.699";"BR-116/PR";"Sul";"Colisão Transversal";1;0;0;0;0;0;0;0;0;1;2;0;0;0;0
"31/05/2011";"04:08:00";"2765";"com vítima";"157.699";"BR-116/PR";"Sul";"Colisão Transversal";1;0;0;1;0;0;0;0;0;0;1;1;0;0;0
"31/05/2011";"07:00:00";"2774";"sem vítima";"220.800";"BR-116/SC";"Norte";"Colisão Traseira";1;0;1;0;0;0;0;0;0;0;7;0;0;0;0
"01/06/2011";"07:04:00";"14";"sem vítima";"16";"BR-116/SC";"Norte";"Saida de Pista";1;0;0;0;0;0;0;0;0;0;1;0;0;0;0
"01/06/2011";"10:29:00";"31";"sem vítima";"119.400";"BR-116/PR";"Sul";"Colisão Transversal";2;0;0;0;0;0;0;0;0;0;4;0;0;0;0
"01/06/2011";"12:08:00";"39";"com vítima";"210.800";"BR-116/SC";"Sul";"Saida de Pista";1;0;0;0;0;0;0;0;0;0;2;0;2;0;0
"01/06/2011";"12:12:00";"40";"sem vítima";"129";"BR-116/PR";"Norte";"Colisão Lateral";1;0;1;0;0;0;0;0;0;0;2;0;0;0;0
"01/06/2011";"08:38:00";"75";"sem vítima";"105";"BR-116/SC";"Sul";"Saida de Pista";1;0;0;0;0;0;0;0;0;0;2;0;0;0;0
"01/06/2011";"10:38:00";"87";"com vítima";"123.400";"BR-116/PR";"Sul";"Colisão Lateral";1;0;1;0;0;0;0;0;0;0;1;1;1;0;0
"02/06/2011";"12:38:00";"141";"com vítima";"143";"BR-116/PR";"Sul";"Queda de Moto";0;0;0;1;0;0;0;0;0;0;0;1;0;0;0
"02/06/2011";"01:18:00";"148";"com vítima";"145.800";"BR-116/PR";"Norte";"Colisão Transversal";2;0;0;0;0;0;0;0;0;0;2;2;0;0;0
"02/06/2011";"04:36:00";"162";"sem vítima";"308.700";"BR-116/SC";"Sul";"Saida de Pista";0;0;0;1;0;0;0;0;0;0;1;0;0;0;0
"02/06/2011";"04:59:00";"163";"com vítima";"203.300";"BR-116/SC";"Sul";"Colisão Lateral";1;0;1;0;0;0;0;0;0;0;2;0;1;0;0
"02/06/2011";"10:50:00";"195";"sem vítima";"117";"BR-116/PR";"Norte";"Choque - Veiculo parado no acostamento";1;0;0;0;0;1;0;0;0;0;3;0;0;0;0
"03/06/2011";"07:55:00";"216";"com vítima";"18";"BR-116/SC";"Sul";"Saida de Pista";1;0;0;0;0;0;0;0;0;0;0;1;0;0;0
"03/06/2011";"09:37:00";"229";"sem vítima";"135.199";"BR-116/SC";"Sul";"Saida de Pista";1;0;0;0;0;0;0;0;0;0;1;0;0;0;0