data;horario;n_da_ocorrencia;tipo_de_ocorrencia;km;trecho;sentido;tipo_de_acidente;automovel;bicicleta;caminhao;moto;onibus;outros;tracao_animal;transporte_de_cargas_especiais;trator_maquinas;utilitarios;ilesos;levemente_feridos;moderadamente_feridos;gravemente_feridos;mortos
"24/09/2011";"04:40:00";"2495";"sem vítima";"178.7";"BR-116/PR";"Norte";"Saida de Pista";1;0;0;0;0;0;0;0;0;0;3;0;0;0;0
"24/09/2011";"05:30:00";"2502";"com vítima";"234.8";"BR-116/SC";"Sul";"Queda de Moto";0;0;0;1;0;0;0;0;0;0;0;1;0;0;0
"25/09/2011";"03:40:00";"2590";"com vítima";"164.3";"BR-116/PR";"Norte";"Colisão Lateral";0;0;1;1;0;0;0;0;0;0;1;0;1;0;0
"25/09/2011";"05:56:00";"2604";"sem vítima";"245.6";"BR-116/SC";"Sul";"Colisão Transversal";2;0;0;0;0;0;0;0;0;0;4;0;0;0;0
"25/09/2011";"06:10:00";"2606";"sem vítima";"196.6";"BR-116/PR";"Sul";"Saida de Pista";0;0;1;0;0;0;0;0;0;0;1;0;0;0;0
"25/09/2011";"07:09:00";"2610";"sem vítima";"141";"BR-116/SC";"Sul";"Saida de Pista";1;0;0;0;0;0;0;0;0;0;1;0;0;0;0
"26/09/2011";"07:32:00";"2650";"com vítima";"206.6";"BR-116/PR";"Sul";"Colisão Transversal";1;0;0;1;0;0;0;0;0;0;1;0;1;0;0
"26/09/2011";"08:40:00";"2657";"sem vítima";"206";"BR-116/PR";"Sul";"Colisão Transversal";2;0;0;0;0;0;0;0;0;0;2;0;0;0;0
"26/09/2011";"07:04:00";"2707";"sem vítima";"139.8";"BR-116/SC";"Norte";"Colisão Lateral";1;0;0;0;0;0;0;0;0;1;2;0;0;0;0
"26/09/2011";"08:55:00";"2714";"com vítima";"119.3";"BR-116/PR";"Sul";"Colisão Frontal";0;0;0;2;0;0;0;0;0;0;0;2;0;0;0
"27/09/2011";"11:12:00";"2749";"sem vítima";"146.5";"BR-116/PR";"Norte";"Colisão Transversal";1;0;0;0;1;0;0;0;0;0;2;0;0;0;0
"27/09/2011";"05:17:00";"2778";"sem vítima";"180";"BR-116/SC";"Sul";"Colisão Transversal";2;0;0;0;0;0;0;0;0;0;3;0;0;0;0
"27/09/2011";"05:48:00";"2782";"com vítima";"133";"BR-116/PR";"Norte";"Tombamento";0;1;0;0;0;0;0;0;0;0;0;1;0;0;0
"27/09/2011";"07:58:00";"2792";"com vítima";"184";"BR-116/SC";"Norte";"Atropelamento - Morador";0;0;0;0;0;1;0;0;0;0;1;0;1;0;0
"27/09/2011";"10:10:00";"2801";"sem vítima";"265.5";"BR-116/SC";"Sul";"Saida de Pista";1;0;0;0;0;0;0;0;0;0;1;0;0;0;0
"28/09/2011";"04:50:00";"2826";"sem vítima";"75.3";"BR-116/SC";"Norte";"Saida de Pista";0;0;1;0;0;0;0;0;0;0;1;0;0;0;0
"28/09/2011";"08:17:00";"2837";"com vítima";"119.4";"BR-116/PR";"Sul";"Colisão Transversal";2;0;0;1;0;0;0;0;0;0;2;0;1;1;0
"28/09/2011";"12:54:00";"2861";"sem vítima";"177";"BR-116/SC";"Sul";"Atropelamento de Animal";1;0;0;0;0;0;0;0;0;0;1;0;0;0;0
"28/09/2011";"01:49:00";"2868";"com vítima";"11.2";"BR-116/SC";"Norte";"Colisão Transversal";0;0;0;1;0;0;0;0;0;1;1;0;1;0;0
"28/09/2011";"06:43:00";"2894";"com vítima";"182";"BR-116/SC";"Norte";"Queda de Moto";0;0;0;1;0;0;0;0;0;0;0;2;0;0;0
"28/09/2011";"08:26:00";"2903";"com vítima";"133";"BR-116/PR";"Sul";"Queda de Moto";0;0;0;1;0;0;0;0;0;0;0;2;0;0;0
"29/09/2011";"06:53:00";"2925";"sem vítima";"118.05";"BR-116/PR";"Norte";"Colisão Lateral";0;0;0;0;2;0;0;0;0;1;152;0;0;0;0
"29/09/2011";"01:32:00";"2955";"sem vítima";"124";"BR-116/PR";"Sul";"Colisão Traseira";1;0;1;0;0;0;0;0;0;0;2;0;0;0;0
"30/09/2011";"07:45:00";"3018";"sem vítima";"120";"BR-116/PR";"Norte";"Colisão Traseira";2;0;0;0;0;0;0;0;0;0;2;0;0;0;0
"30/09/2011";"10:35:00";"3029";"com vítima";"8.5";"BR-116/SC";"Sul";"Saida de Pista";0;0;2;0;0;0;0;0;0;0;1;1;0;0;0
"30/09/2011";"01:47:00";"3047";"sem vítima";"154.3";"BR-116/PR";"Sul";"Colisão Transversal";1;0;1;0;0;0;0;0;0;0;2;0;0;0;0
"30/09/2011";"02:51:00";"3058";"sem vítima";"236";"BR-116/SC";"Norte";"Colisão Lateral";1;0;2;0;0;0;0;0;0;0;4;0;0;0;0
"30/09/2011";"05:21:00";"3078";"sem vítima";"150.3";"BR-116/PR";"Sul";"Colisão Traseira";0;0;0;0;1;1;0;0;0;0;38;0;0;0;0
"30/09/2011";"11:08:00";"3107";"sem vítima";"125.8";"BR-116/PR";"Norte";"Colisão Traseira";1;0;0;0;1;0;0;0;0;0;2;0;0;0;0
"01/10/2011";"12:10:00";"2";"com vítima";"124.2";"BR-116/PR";"Sul";"Capotamento";1;0;0;0;0;0;0;0;0;0;0;1;0;0;0
"01/10/2011";"12:30:00";"4";"sem vítima";"206.5";"BR-116/PR";"Sul";"Choque - Defensa, barreira ou "submarino"";1;0;1;0;0;0;0;0;0;0;4;0;0;0;0
"01/10/2011";"06:30:00";"18";"sem vítima";"54";"BR-116/SC";"Norte";"Choque - Outros";1;0;0;0;0;0;0;0;0;0;1;0;0;0;0
"01/10/2011";"07:10:00";"20";"com vítima";"122.05";"BR-116/PR";"Norte";"Colisão Traseira";1;0;0;1;0;0;0;0;0;0;1;1;0;0;0
"01/10/2011";"12:28:00";"39";"sem vítima";"205.3";"BR-116/SC";"Norte";"Saida de Pista";0;0;1;0;0;0;0;0;0;0;1;0;0;0;0
"01/10/2011";"01:22:00";"41";"com vítima";"210.7";"BR-116/PR";"Sul";"Colisão Transversal";2;0;0;0;0;0;0;0;0;0;1;3;0;0;0
"01/10/2011";"04:39:00";"52";"sem vítima";"59.5";"BR-116/SC";"Sul";"Saida de Pista";0;0;1;0;0;0;0;0;0;0;1;0;0;0;0
"01/10/2011";"05:02:00";"54";"sem vítima";"173.4";"BR-116/PR";"Sul";"Saida de Pista";0;0;1;0;0;0;0;0;0;0;1;0;0;0;0
"01/10/2011";"05:32:00";"58";"sem vítima";"12";"BR-116/SC";"Sul";"Colisão Transversal";1;0;0;0;1;0;0;0;0;0;4;0;0;0;0
"01/10/2011";"06:42:00";"64";"sem vítima";"120.5";"BR-116/PR";"Norte";"Colisão Traseira";2;0;0;1;0;0;0;0;0;0;3;0;0;0;0
"01/10/2011";"10:53:00";"78";"com vítima";"119.9";"BR-116/PR";"Norte";"Colisão Lateral";1;0;1;0;0;1;0;0;0;0;4;0;1;0;0
"02/10/2011";"12:35:00";"87";"com vítima";"115.5";"BR-116/PR";"Norte";"Queda de Moto";0;0;0;1;0;0;0;0;0;0;0;0;0;0;1
"02/10/2011";"01:23:00";"124";"sem vítima";"184.1";"BR-116/PR";"Norte";"Saida de Pista";1;0;0;0;0;0;0;0;0;0;1;0;0;0;0
"02/10/2011";"01:35:00";"125";"sem vítima";"121.9";"BR-116/PR";"Sul";"Colisão Transversal";2;0;0;0;0;0;0;0;0;0;2;0;0;0;0
"02/10/2011";"07:00:00";"154";"sem vítima";"137.7";"BR-116/PR";"Sul";"Colisão Transversal";1;0;0;0;0;0;0;0;0;1;5;0;0;0;0
"02/10/2011";"07:11:00";"158";"sem vítima";"120.8";"BR-116/PR";"Norte";"Choque - Veiculo parado na pista";4;0;0;0;0;0;0;0;0;0;13;0;0;0;0
"03/10/2011";"05:07:00";"240";"sem vítima";"165.3";"BR-116/PR";"Sul";"Saida de Pista";0;0;1;0;0;0;0;0;0;0;1;0;0;0;0
"03/10/2011";"07:59:00";"253";"sem vítima";"136.3";"BR-116/SC";"Sul";"Colisão Lateral";1;0;1;0;0;0;0;0;0;0;2;0;0;0;0
"03/10/2011";"09:44:00";"261";"sem vítima";"196.8";"BR-116/PR";"Sul";"Atropelamento de Animal";1;0;0;0;0;0;0;0;0;0;1;0;0;0;0
"04/10/2011";"06:10:00";"278";"sem vítima";"163.2";"BR-116/PR";"Norte";"Colisão Lateral";1;0;0;0;0;1;0;0;0;0;2;0;0;0;0
"04/10/2011";"02:45:00";"313";"sem vítima";"185.6";"BR-116/PR";"Sul";"Saida de Pista";1;0;0;0;0;0;0;0;0;0;2;0;0;0;0
"04/10/2011";"05:33:00";"326";"com vítima";"125.8";"BR-116/PR";"Norte";"Colisão Traseira";0;0;1;1;0;0;0;0;0;0;3;1;0;0;0
"04/10/2011";"08:18:00";"333";"com vítima";"116";"BR-116/PR";"Sul";"Atropelamento - Usuário";0;0;0;1;0;0;0;0;0;0;0;2;0;0;0
"05/10/2011";"01:35:00";"415";"sem vítima";"19.05";"BR-116/SC";"Sul";"Colisão Lateral";1;0;1;0;0;0;0;0;0;0;4;0;0;0;0
"06/10/2011";"12:30:00";"461";"com vítima";"123.15";"BR-116/PR";"Norte";"Atropelamento - Ciclista";0;1;0;0;0;1;0;0;0;0;1;0;0;0;1
"06/10/2011";"02:14:00";"464";"sem vítima";"121.1";"BR-116/PR";"Norte";"Colisão Frontal";2;0;0;0;0;0;0;0;0;0;2;0;0;0;0
"06/10/2011";"02:28:00";"506";"com vítima";"119.8";"BR-116/PR";"Sul";"Queda de Moto";0;0;0;1;0;0;0;0;0;0;0;1;0;0;0
"07/10/2011";"07:20:00";"561";"com vítima";"131.8";"BR-116/PR";"Sul";"Colisão Transversal";1;0;0;1;0;0;0;0;0;0;1;1;0;0;0
"07/10/2011";"03:53:00";"594";"com vítima";"120.7";"BR-116/PR";"Norte";"Colisão Traseira";1;0;0;1;0;0;0;0;0;0;2;1;0;0;0
"07/10/2011";"07:34:00";"620";"com vítima";"269.1";"BR-116/SC";"Norte";"Colisão Lateral";0;0;1;0;0;0;0;0;0;1;2;0;1;0;0
"07/10/2011";"08:34:00";"626";"sem vítima";"129.4";"BR-116/PR";"Norte";"Colisão Transversal";2;0;0;0;0;0;0;0;0;0;2;0;0;0;0
"07/10/2011";"09:10:00";"630";"com vítima";"124";"BR-116/SC";"Sul";"Saida de Pista";1;0;0;0;0;0;0;0;0;0;0;2;0;0;0
"08/10/2011";"02:20:00";"647";"com vítima";"117.4";"BR-116/PR";"Sul";"Queda de Moto";0;0;0;1;0;0;0;0;0;0;0;1;0;0;0
"08/10/2011";"06:56:00";"657";"sem vítima";"126.5";"BR-116/PR";"Sul";"Colisão Lateral";1;0;1;0;0;0;0;0;0;0;2;0;0;0;0
"08/10/2011";"10:48:00";"680";"sem vítima";"2";"BR-116/SC";"Norte";"Colisão Traseira";2;0;0;0;0;0;0;0;0;0;2;0;0;0;0
"08/10/2011";"12:26:00";"688";"com vítima";"181.5";"BR-116/SC";"Norte";"Tombamento";0;0;1;0;0;0;0;0;0;0;0;1;0;0;0
"08/10/2011";"04:10:00";"708";"sem vítima";"260.2";"BR-116/SC";"Norte";"Colisão Lateral";1;0;0;0;0;0;0;0;0;1;7;0;0;0;0
"08/10/2011";"04:55:00";"711";"sem vítima";"220.4";"BR-116/SC";"Sul";"Choque - Veiculo parado na pista";1;0;1;0;0;0;0;0;0;0;5;0;0;0;0
"08/10/2011";"11:00:00";"742";"sem vítima";"144.2";"BR-116/PR";"Norte";"Saida de Pista";1;0;0;0;0;0;0;0;0;0;1;0;0;0;0
"09/10/2011";"05:50:00";"755";"com vítima";"164.7";"BR-116/SC";"Sul";"Saida de Pista";1;0;0;0;0;0;0;0;0;0;0;1;0;0;0
"09/10/2011";"11:54:00";"767";"sem vítima";"1.2";"BR-116/SC";"Norte";"Saida de Pista";1;0;0;0;0;0;0;0;0;0;1;0;0;0;0
"09/10/2011";"03:45:00";"782";"sem vítima";"203.1";"BR-116/SC";"Norte";"Saida de Pista";1;0;0;0;0;0;0;0;0;0;4;0;0;0;0
"09/10/2011";"07:29:00";"795";"com vítima";"162.6";"BR-116/PR";"Norte";"Colisão Frontal";1;0;1;0;0;0;0;0;0;0;1;0;0;1;0
"09/10/2011";"07:37:00";"797";"sem vítima";"129.2";"BR-116/PR";"Sul";"Colisão Transversal";1;0;0;0;0;1;0;0;0;0;2;0;0;0;0
"09/10/2011";"10:04:00";"810";"com vítima";"198.3";"BR-116/PR";"Norte";"Saida de Pista";1;0;0;0;0;0;0;0;0;0;0;0;1;0;0
"09/10/2011";"10:30:00";"812";"com vítima";"115.6";"BR-116/PR";"Sul";"Atropelamento - Usuário";0;0;0;0;0;1;0;0;0;0;1;1;0;0;0
"09/10/2011";"11:00:00";"813";"sem vítima";"1.3";"BR-116/SC";"Sul";"Saida de Pista";1;0;0;0;0;0;0;0;0;0;1;0;0;0;0
"10/10/2011";"07:06:00";"830";"com vítima";"133";"BR-116/SC";"Sul";"Choque - Poste";1;0;0;0;0;0;0;0;0;0;2;1;0;0;0
"10/10/2011";"07:33:00";"831";"com vítima";"116";"BR-116/PR";"Norte";"Atropelamento - Usuário";0;0;0;1;0;0;0;0;0;0;2;1;0;0;0
"10/10/2011";"05:51:00";"886";"sem vítima";"99.9";"BR-116/SC";"Norte";"Saida de Pista";0;0;1;0;0;0;0;0;0;0;3;0;0;0;0
"10/10/2011";"06:49:00";"893";"com vítima";"125.5";"BR-116/PR";"Sul";"Atropelamento - Morador";1;0;0;0;0;0;0;0;0;0;1;0;0;0;1
"10/10/2011";"10:18:00";"908";"sem vítima";"104";"BR-116/SC";"Sul";"Saida de Pista";0;0;1;0;0;0;0;0;0;0;1;0;0;0;0
"11/10/2011";"04:04:00";"919";"sem vítima";"107.7";"BR-116/SC";"Norte";"Saida de Pista";1;0;0;0;0;0;0;0;0;0;2;0;0;0;0
"11/10/2011";"07:51:00";"929";"sem vítima";"107.8";"BR-116/SC";"Sul";"Colisão Transversal";1;0;0;0;1;0;0;0;0;0;2;0;0;0;0
"11/10/2011";"09:10:00";"939";"sem vítima";"245.6";"BR-116/SC";"Sul";"Colisão Transversal";2;0;0;0;0;0;0;0;0;0;3;0;0;0;0
"11/10/2011";"05:55:00";"985";"com vítima";"124.6";"BR-116/SC";"Sul";"Colisão Frontal";0;0;1;0;1;0;0;0;0;0;8;5;3;1;1
"11/10/2011";"10:03:00";"1001";"sem vítima";"278.5";"BR-116/SC";"Sul";"Atropelamento de Animal";0;0;1;0;0;0;0;0;0;0;1;0;0;0;0
"12/10/2011";"03:04:00";"1053";"com vítima";"119.4";"BR-116/PR";"Sul";"Colisão Traseira";2;0;0;0;0;0;0;0;0;0;3;1;0;0;0
"12/10/2011";"04:08:00";"1058";"sem vítima";"136";"BR-116/PR";"Norte";"Colisão Traseira";0;0;3;0;0;0;0;0;0;0;3;0;0;0;0
"12/10/2011";"07:45:00";"1073";"com vítima";"118.3";"BR-116/PR";"Sul";"Colisão Transversal";2;0;0;0;0;0;0;0;0;0;1;1;0;0;0
"12/10/2011";"08:20:00";"1078";"com vítima";"128.9";"BR-116/PR";"Sul";"Colisão Traseira";0;0;0;2;0;0;0;0;0;0;2;1;0;0;0
"12/10/2011";"09:17:00";"1082";"com vítima";"65.3";"BR-116/SC";"Sul";"Saida de Pista";1;0;0;0;0;0;0;0;0;0;0;0;0;1;0
"12/10/2011";"10:57:00";"1089";"sem vítima";"53.8";"BR-116/SC";"Sul";"Choque - Defensa, barreira ou "submarino"";1;0;0;0;0;0;0;0;0;0;1;0;0;0;0
"12/10/2011";"11:10:00";"1090";"sem vítima";"152.4";"BR-116/PR";"Sul";"Saida de Pista";1;0;0;0;0;0;0;0;0;0;1;0;0;0;0
"12/10/2011";"11:57:00";"1095";"sem vítima";"205";"BR-116/PR";"Norte";"Choque - Defensa, barreira ou "submarino"";1;0;0;0;0;0;0;0;0;0;1;0;0;0;0
"13/10/2011";"06:53:00";"1107";"sem vítima";"181.7";"BR-116/PR";"Sul";"Saida de Pista";1;0;0;0;0;0;0;0;0;0;1;0;0;0;0
"13/10/2011";"09:56:00";"1122";"sem vítima";"169.5";"BR-116/PR";"Norte";"Saida de Pista";1;0;0;0;0;0;0;0;0;0;3;0;0;0;0
"13/10/2011";"11:07:00";"1127";"sem vítima";"121.95";"BR-116/PR";"Norte";"Colisão Traseira";1;0;0;0;0;0;0;0;0;1;4;0;0;0;0
"13/10/2011";"01:52:00";"1139";"sem vítima";"120.5";"BR-116/PR";"Norte";"Colisão Transversal";2;0;0;0;0;0;0;0;0;0;2;0;0;0;0
"14/10/2011";"12:05:00";"1184";"sem vítima";"275.9";"BR-116/SC";"Norte";"Atropelamento de Animal";0;0;1;0;0;0;0;0;0;0;1;0;0;0;0
"14/10/2011";"10:50:00";"1210";"sem vítima";"126.5";"BR-116/PR";"Norte";"Colisão Traseira";1;0;1;0;0;0;0;0;0;0;2;0;0;0;0
"14/10/2011";"05:48:00";"1239";"com vítima";"71.5";"BR-116/SC";"Sul";"Tombamento";0;1;0;0;0;0;0;0;0;0;0;1;0;0;0
"14/10/2011";"07:08:00";"1249";"com vítima";"130";"BR-116/PR";"Norte";"Colisão Frontal";0;2;0;0;0;0;0;0;0;0;0;2;0;0;0
"14/10/2011";"11:56:00";"1261";"com vítima";"124.2";"BR-116/PR";"Norte";"Choque - Defensa, barreira ou "submarino"";2;0;0;0;0;0;0;0;0;0;1;0;1;1;0
"15/10/2011";"12:55:00";"1267";"com vítima";"229.4";"BR-116/SC";"Norte";"Colisão Lateral";2;0;0;0;0;0;0;0;0;0;2;1;0;0;0
"15/10/2011";"06:03:00";"1277";"sem vítima";"108";"BR-116/SC";"Norte";"Saida de Pista";1;0;0;0;0;0;0;0;0;0;1;0;0;0;0
"15/10/2011";"10:53:00";"1296";"sem vítima";"250";"BR-116/SC";"Norte";"Colisão Transversal";0;0;1;0;0;0;0;0;0;0;1;0;0;0;0
"15/10/2011";"06:57:00";"1326";"com vítima";"129.9";"BR-116/PR";"Norte";"Atropelamento - Morador";0;0;0;0;0;1;0;0;0;0;1;1;0;0;0
"16/10/2011";"02:59:00";"1353";"sem vítima";"199.3";"BR-116/PR";"Sul";"Saida de Pista";1;0;0;0;0;0;0;0;0;0;1;0;0;0;0
"16/10/2011";"03:36:00";"1354";"sem vítima";"119.1";"BR-116/PR";"Norte";"Colisão Traseira";2;0;0;0;0;0;0;0;0;0;3;0;0;0;0
"16/10/2011";"04:02:00";"1355";"com vítima";"159.7";"BR-116/SC";"Sul";"Saida de Pista";1;0;0;0;0;0;0;0;0;0;3;3;0;0;0
"16/10/2011";"09:20:00";"1364";"sem vítima";"152.3";"BR-116/SC";"Sul";"Colisão Traseira";0;0;2;0;0;0;0;0;0;0;2;0;0;0;0
"16/10/2011";"09:20:00";"1365";"sem vítima";"125.8";"BR-116/PR";"Norte";"Colisão Traseira";1;0;0;0;0;0;0;0;0;1;4;0;0;0;0
"16/10/2011";"06:12:00";"1394";"sem vítima";"4.5";"BR-116/SC";"Norte";"Colisão Traseira";2;0;0;0;0;0;0;0;0;0;6;0;0;0;0
"16/10/2011";"07:16:00";"1397";"com vítima";"119.4";"BR-116/PR";"Sul";"Colisão Transversal";1;0;0;0;0;0;0;0;0;1;1;4;0;0;0
"16/10/2011";"07:30:00";"1403";"sem vítima";"123.4";"BR-116/PR";"Norte";"Colisão Traseira";2;0;0;0;0;0;0;0;0;0;5;0;0;0;0
"16/10/2011";"08:48:00";"1405";"sem vítima";"273.2";"BR-116/SC";"Sul";"Colisão Lateral";0;0;1;0;0;1;0;0;0;0;2;0;0;0;0
"16/10/2011";"10:40:00";"1414";"com vítima";"131.4";"BR-116/PR";"Norte";"Colisão Frontal";2;0;0;0;0;0;0;0;0;0;1;1;0;0;0
"17/10/2011";"08:26:00";"1437";"com vítima";"113.6";"BR-116/SC";"Norte";"Choque - Arvore";0;0;0;1;0;0;0;0;0;0;0;2;0;0;0
"17/10/2011";"12:35:00";"1458";"sem vítima";"305.8";"BR-116/SC";"Sul";"Colisão Traseira";0;0;0;0;0;1;0;0;0;1;2;0;0;0;0
"17/10/2011";"12:41:00";"1459";"com vítima";"117.9";"BR-116/PR";"Norte";"Colisão Transversal";1;0;0;1;0;0;0;0;0;0;2;1;0;0;0
"17/10/2011";"04:18:00";"1476";"sem vítima";"122";"BR-116/SC";"Norte";"Colisão Traseira";0;0;2;0;0;0;0;0;0;0;2;0;0;0;0
"17/10/2011";"04:30:00";"1477";"com vítima";"150.7";"BR-116/PR";"Sul";"Atropelamento - Usuário";0;0;0;0;1;0;0;0;0;0;15;0;0;1;0
"17/10/2011";"09:37:00";"1499";"sem vítima";"158.4";"BR-116/PR";"Sul";"Colisão Lateral";0;0;2;0;0;0;0;0;0;0;3;0;0;0;0
"18/10/2011";"10:52:00";"1537";"sem vítima";"149";"BR-116/PR";"Sul";"Colisão Traseira";0;0;1;0;0;0;0;0;0;1;2;0;0;0;0
"18/10/2011";"04:27:00";"1552";"com vítima";"54.7";"BR-116/SC";"Sul";"Colisão Transversal";1;0;1;0;0;0;0;0;0;0;1;0;1;0;0
"18/10/2011";"08:05:00";"1567";"com vítima";"217.2";"BR-116/SC";"Norte";"Colisão Transversal";2;0;0;0;0;0;0;0;0;0;3;2;0;0;0
"18/10/2011";"09:26:00";"1573";"com vítima";"202.4";"BR-116/SC";"Norte";"Saida de Pista";1;0;0;0;0;0;0;0;0;0;0;1;0;0;0
"19/10/2011";"06:01:00";"1598";"com vítima";"111.5";"BR-116/SC";"Sul";"Tombamento";0;0;1;0;0;0;0;0;0;0;0;0;0;1;0
"19/10/2011";"05:35:00";"1650";"sem vítima";"119.3";"BR-116/PR";"Norte";"Colisão Traseira";1;0;0;0;0;0;0;0;0;1;2;0;0;0;0
"19/10/2011";"07:34:00";"1658";"sem vítima";"128.2";"BR-116/PR";"Sul";"Choque - Veiculo parado na pista";2;0;0;0;0;0;0;0;0;0;3;0;0;0;0
"20/10/2011";"02:06:00";"1672";"sem vítima";"0.7";"BR-116/SC";"Sul";"Colisão Lateral";0;0;2;0;0;0;0;0;0;0;3;0;0;0;0
"20/10/2011";"09:22:00";"1691";"com vítima";"23.5";"BR-116/SC";"Norte";"Colisão Transversal";1;0;1;0;0;0;0;0;0;0;1;1;0;0;0
"20/10/2011";"02:50:00";"1712";"com vítima";"147";"BR-116/PR";"Norte";"Colisão Traseira";2;0;0;0;0;0;0;0;0;0;2;1;0;0;0
"21/10/2011";"06:40:00";"1762";"com vítima";"119.4";"BR-116/PR";"Norte";"Colisão Transversal";1;0;0;1;0;0;0;0;0;0;1;1;0;0;0
"21/10/2011";"02:48:00";"1796";"sem vítima";"127.5";"BR-116/PR";"Norte";"Colisão Transversal";2;0;0;0;0;0;0;0;0;0;4;0;0;0;0
"21/10/2011";"03:52:00";"1802";"com vítima";"107.7";"BR-116/SC";"Norte";"Choque - Talude";0;0;0;1;0;0;0;0;0;0;0;1;0;0;0
"21/10/2011";"06:43:00";"1816";"com vítima";"142.2";"BR-116/PR";"Sul";"Colisão Transversal";1;0;0;1;0;0;0;0;0;0;1;1;0;0;0
"21/10/2011";"08:21:00";"1826";"com vítima";"127.5";"BR-116/PR";"Norte";"Colisão Transversal";0;0;1;1;0;0;0;0;0;0;1;1;0;0;0
"21/10/2011";"10:07:00";"1835";"sem vítima";"158.8";"BR-116/PR";"Norte";"Colisão Lateral";1;0;1;0;0;1;0;0;0;0;5;0;0;0;0
"22/10/2011";"01:07:00";"1842";"sem vítima";"210";"BR-116/SC";"Sul";"Choque - Talude";1;0;0;0;0;0;0;0;0;0;1;0;0;0;0
"22/10/2011";"09:40:00";"1861";"com vítima";"118.7";"BR-116/PR";"Norte";"Colisão Transversal";1;0;1;0;0;0;0;0;0;0;4;1;0;0;0
"22/10/2011";"11:20:00";"1865";"sem vítima";"161.8";"BR-116/PR";"Sul";"Choque - Veiculo parado na pista";1;0;0;0;0;1;0;0;0;0;3;0;0;0;0
"22/10/2011";"07:17:00";"1899";"sem vítima";"1";"BR-116/SC";"Sul";"Choque - Veiculo parado na pista";1;0;0;0;1;0;0;0;0;0;3;0;0;0;0
"22/10/2011";"09:56:00";"1907";"com vítima";"130.8";"BR-116/PR";"Sul";"Atropelamento - Morador";1;0;0;0;0;0;0;0;0;0;1;1;0;0;0
"23/10/2011";"01:11:00";"1918";"com vítima";"155.2";"BR-116/SC";"Norte";"Tombamento";0;0;1;0;0;0;0;0;0;0;0;1;0;0;0
"23/10/2011";"02:59:00";"1921";"com vítima";"116.4";"BR-116/PR";"Sul";"Choque - Defensa, barreira ou "submarino"";2;0;0;0;0;0;0;0;0;0;5;0;0;1;0
"23/10/2011";"04:51:00";"1922";"sem vítima";"4.5";"BR-116/SC";"Norte";"Choque - Outros";1;0;0;0;0;0;0;0;0;0;2;0;0;0;0
"23/10/2011";"06:15:00";"1924";"com vítima";"149.4";"BR-116/SC";"Norte";"Saida de Pista";0;0;1;0;0;0;0;0;0;0;0;0;0;0;1
"23/10/2011";"09:14:00";"1933";"com vítima";"47.5";"BR-116/SC";"Sul";"Choque - Defensa, barreira ou "submarino"";1;0;0;0;0;0;0;0;0;0;0;1;0;0;0
"23/10/2011";"02:14:00";"1947";"com vítima";"129.7";"BR-116/PR";"Sul";"Colisão Traseira";0;0;0;1;0;1;0;0;0;0;1;1;0;0;0
"23/10/2011";"03:16:00";"1951";"sem vítima";"117.3";"BR-116/PR";"Norte";"Capotamento";1;0;0;0;0;0;0;0;0;0;3;0;0;0;0
"23/10/2011";"06:29:00";"1974";"sem vítima";"127.6";"BR-116/PR";"Norte";"Capotamento";1;0;0;0;0;0;0;0;0;0;2;0;0;0;0
"24/10/2011";"02:58:00";"2010";"sem vítima";"267.6";"BR-116/SC";"Norte";"Saida de Pista";1;0;0;0;0;0;0;0;0;0;3;0;0;0;0
"24/10/2011";"05:18:00";"2013";"sem vítima";"159.3";"BR-116/PR";"Norte";"Colisão Transversal";0;0;0;2;0;0;0;0;0;0;3;0;0;0;0
"24/10/2011";"05:43:00";"2014";"com vítima";"59.8";"BR-116/SC";"Norte";"Colisão Transversal";2;0;0;0;0;0;0;0;0;0;2;1;0;0;0
"24/10/2011";"11:13:00";"2026";"sem vítima";"172.05";"BR-116/PR";"Sul";"Colisão Traseira";3;0;0;0;0;0;0;0;0;1;4;0;0;0;0
"24/10/2011";"03:15:00";"2044";"sem vítima";"3.5";"BR-116/SC";"Norte";"Queda de Moto";0;0;0;1;0;0;0;0;0;0;1;0;0;0;0
"24/10/2011";"03:26:00";"2046";"sem vítima";"133.5";"BR-116/PR";"Norte";"Colisão Lateral";1;0;1;0;0;0;0;0;0;0;2;0;0;0;0
"25/10/2011";"07:40:00";"2096";"sem vítima";"162.5";"BR-116/PR";"Sul";"Saida de Pista";0;0;1;0;0;0;0;0;0;0;1;0;0;0;0
"25/10/2011";"04:47:00";"2135";"sem vítima";"159.2";"BR-116/PR";"Norte";"Colisão Traseira";0;0;1;0;0;1;0;0;0;0;2;0;0;0;0
"25/10/2011";"05:08:00";"2137";"sem vítima";"3.95";"BR-116/SC";"Norte";"Colisão Traseira";1;0;1;0;0;0;0;0;0;0;4;0;0;0;0
"25/10/2011";"05:27:00";"2139";"sem vítima";"134";"BR-116/PR";"Sul";"Choque - Defensa, barreira ou "submarino"";1;0;0;0;0;0;0;0;0;0;1;0;0;0;0
"26/10/2011";"07:31:00";"2170";"sem vítima";"309";"BR-116/SC";"Norte";"Saida de Pista";1;0;0;0;0;0;0;0;0;0;1;0;0;0;0