data;horario;n_da_ocorrencia;tipo_de_ocorrencia;km;trecho;sentido;tipo_de_acidente;automovel;bicicleta;caminhao;moto;onibus;outros;tracao_animal;transporte_de_cargas_especiais;trator_maquinas;utilitarios;ilesos;levemente_feridos;moderadamente_feridos;gravemente_feridos;mortos
"28/11/2011";"07:06:00";"2011";"com vítima";"129.7";"BR-116/PR";"Norte";"Colisão Transversal";1;0;0;1;0;0;0;0;0;0;1;1;0;0;0
"28/11/2011";"11:59:00";"2036";"sem vítima";"287.2";"BR-116/SC";"Norte";"Colisão Traseira";1;0;1;0;0;0;0;0;0;0;2;0;0;0;0
"28/11/2011";"05:57:00";"2058";"sem vítima";"116.2";"BR-116/PR";"Norte";"Saida de Pista";0;0;1;0;0;0;0;0;0;0;1;0;0;0;0
"29/11/2011";"09:27:00";"2096";"com vítima";"117.5";"BR-116/PR";"Sul";"Engavetamento";0;0;4;0;0;0;0;0;0;0;4;2;0;0;0
"29/11/2011";"10:48:00";"2099";"com vítima";"116.3";"BR-116/PR";"Sul";"Colisão Transversal";1;0;1;1;0;0;0;0;0;0;5;1;0;0;0
"29/11/2011";"11:45:00";"2104";"com vítima";"120.6";"BR-116/PR";"Norte";"Colisão Transversal";1;1;0;0;0;0;0;0;0;0;1;1;0;0;0
"29/11/2011";"04:20:00";"2122";"com vítima";"210.8";"BR-116/PR";"Sul";"Colisão Transversal";1;0;0;1;0;0;0;0;0;0;1;1;0;0;0
"30/11/2011";"06:51:00";"2162";"com vítima";"247.1";"BR-116/SC";"Sul";"Saida de Pista";0;0;1;0;0;0;0;0;0;0;0;1;0;0;0
"30/11/2011";"07:09:00";"2163";"com vítima";"107.8";"BR-116/SC";"Norte";"Tombamento";0;0;1;0;0;0;0;0;0;0;0;1;0;0;0
"30/11/2011";"03:09:00";"2181";"com vítima";"152.4";"BR-116/PR";"Norte";"Colisão Transversal";1;0;1;0;0;0;0;0;0;0;2;1;0;0;0
"30/11/2011";"09:56:00";"2213";"sem vítima";"114.5";"BR-116/SC";"Sul";"Choque - Defensa, barreira ou "submarino"";0;0;1;0;0;1;0;0;0;0;2;0;0;0;0
"01/12/2011";"12:58:00";"2";"com vítima";"193.6";"BR-116/PR";"Norte";"Colisão Lateral";1;0;2;0;0;0;0;0;0;0;5;1;0;0;0
"01/12/2011";"02:05:00";"5";"sem vítima";"193.6";"BR-116/PR";"Norte";"Choque - Objeto sobre a pista";1;0;0;0;0;0;0;0;0;0;1;0;0;0;0
"01/12/2011";"10:36:00";"27";"sem vítima";"173.9";"BR-116/PR";"Norte";"Colisão Traseira";1;0;0;0;0;1;0;0;0;0;2;0;0;0;0
"01/12/2011";"10:42:00";"28";"sem vítima";"124.1";"BR-116/PR";"Sul";"Colisão Traseira";2;0;0;0;0;0;0;0;0;0;2;0;0;0;0
"01/12/2011";"12:55:00";"35";"com vítima";"124.3";"BR-116/PR";"Norte";"Colisão Traseira";0;0;3;0;0;0;0;0;0;1;3;1;0;0;0
"01/12/2011";"02:39:00";"46";"com vítima";"168.1";"BR-116/SC";"Sul";"Colisão Lateral";1;0;1;0;0;0;0;0;0;0;2;1;0;0;0
"01/12/2011";"03:00:00";"49";"sem vítima";"0.5";"BR-116/SC";"Sul";"Colisão Lateral";2;0;0;0;0;0;0;0;0;0;2;0;0;0;0
"01/12/2011";"05:47:00";"64";"com vítima";"131.8";"BR-116/PR";"Sul";"Colisão Transversal";1;0;1;0;0;0;0;0;0;0;1;1;0;0;0
"02/12/2011";"01:12:00";"91";"com vítima";"100.7";"BR-116/SC";"Norte";"Colisão Traseira";0;0;2;0;0;0;0;0;0;0;1;0;0;1;0
"02/12/2011";"06:30:00";"97";"com vítima";"81.6";"BR-116/SC";"Sul";"Choque - Outros";0;0;1;0;0;0;0;0;0;0;1;1;0;0;0
"02/12/2011";"10:55:00";"115";"sem vítima";"145.8";"BR-116/PR";"Sul";"Colisão Traseira";0;0;0;0;1;0;0;0;0;1;4;0;0;0;0
"02/12/2011";"04:18:00";"142";"sem vítima";"306.6";"BR-116/SC";"Sul";"Capotamento";0;0;1;0;0;0;0;0;0;0;1;0;0;0;0
"02/12/2011";"05:03:00";"144";"com vítima";"291.6";"BR-116/SC";"Norte";"Atropelamento de Animal";0;0;0;1;0;0;0;0;0;0;0;1;0;0;0
"03/12/2011";"02:47:00";"168";"sem vítima";"119.4";"BR-116/PR";"Sul";"Colisão Transversal";2;0;0;0;0;0;0;0;0;0;2;0;0;0;0
"03/12/2011";"10:48:00";"194";"sem vítima";"45";"BR-116/SC";"Norte";"Capotamento";0;0;0;0;0;0;0;0;0;1;1;0;0;0;0
"03/12/2011";"11:39:00";"196";"sem vítima";"181.5";"BR-116/SC";"Norte";"Tombamento";0;0;1;0;0;0;0;0;0;0;1;0;0;0;0
"03/12/2011";"03:03:00";"209";"sem vítima";"119";"BR-116/PR";"Sul";"Colisão Traseira";4;0;0;0;0;0;0;0;0;0;4;0;0;0;0
"03/12/2011";"03:10:00";"211";"com vítima";"128.2";"BR-116/PR";"Norte";"Colisão Lateral";0;0;0;1;0;1;0;0;0;0;1;2;0;0;0
"03/12/2011";"04:09:00";"217";"com vítima";"152.4";"BR-116/PR";"Sul";"Colisão Transversal";1;0;0;0;0;0;0;0;0;1;3;2;0;0;0
"03/12/2011";"05:12:00";"220";"com vítima";"274.5";"BR-116/SC";"Sul";"Saida de Pista";1;0;0;0;0;0;0;0;0;0;0;0;0;0;1
"03/12/2011";"06:05:00";"225";"com vítima";"128.8";"BR-116/PR";"Norte";"Colisão Traseira";2;0;0;1;0;0;0;0;0;0;3;2;0;0;0
"04/12/2011";"04:33:00";"255";"sem vítima";"166";"BR-116/SC";"Norte";"Colisão Traseira";2;0;0;0;0;0;0;0;0;0;3;0;0;0;0
"04/12/2011";"05:02:00";"257";"com vítima";"116";"BR-116/PR";"Sul";"Colisão Lateral";1;0;0;1;0;0;0;0;0;0;1;1;0;0;0
"04/12/2011";"05:04:00";"258";"sem vítima";"127";"BR-116/PR";"Norte";"Saida de Pista";1;0;0;0;0;0;0;0;0;0;1;0;0;0;0
"04/12/2011";"01:48:00";"282";"com vítima";"116.2";"BR-116/PR";"Norte";"Colisão Lateral";2;0;0;0;0;0;0;0;0;0;5;1;0;0;0
"04/12/2011";"03:05:00";"284";"sem vítima";"108.7";"BR-116/SC";"Sul";"Saida de Pista";1;0;0;0;0;0;0;0;0;0;2;0;0;0;0
"04/12/2011";"04:32:00";"291";"sem vítima";"125.5";"BR-116/PR";"Sul";"Choque - Veiculo parado na pista";3;0;1;0;0;0;0;0;0;0;7;0;0;0;0
"04/12/2011";"06:45:00";"299";"com vítima";"246.1";"BR-116/SC";"Norte";"Colisão Transversal";2;0;0;0;0;0;0;0;0;0;1;1;0;0;0
"05/12/2011";"01:33:00";"326";"sem vítima";"117.7";"BR-116/PR";"Norte";"Choque - Suporte de Sinalização";1;0;0;0;0;0;0;0;0;0;1;0;0;0;0
"05/12/2011";"03:05:00";"362";"sem vítima";"125";"BR-116/PR";"Sul";"Colisão Lateral";1;0;1;0;0;0;0;0;0;0;4;0;0;0;0
"05/12/2011";"09:22:00";"383";"sem vítima";"21";"BR-116/SC";"Norte";"Saida de Pista";0;0;1;0;0;0;0;0;0;0;1;0;0;0;0
"05/12/2011";"10:24:00";"387";"com vítima";"87.6";"BR-116/SC";"Norte";"Saida de Pista";0;0;0;1;0;0;0;0;0;0;0;0;1;0;1
"06/12/2011";"06:28:00";"400";"sem vítima";"79.4";"BR-116/SC";"Sul";"Colisão Lateral";0;0;2;0;0;0;0;0;0;0;4;0;0;0;0
"06/12/2011";"09:10:00";"407";"sem vítima";"119.9";"BR-116/PR";"Norte";"Engavetamento";0;0;2;1;1;0;0;0;0;0;5;0;0;0;0
"06/12/2011";"09:27:00";"408";"sem vítima";"153.5";"BR-116/PR";"Sul";"Colisão Transversal";0;0;2;0;0;0;0;0;0;0;2;0;0;0;0
"06/12/2011";"10:03:00";"410";"com vítima";"198.3";"BR-116/PR";"Sul";"Colisão Lateral";1;0;1;0;0;0;0;0;0;0;2;1;0;0;0
"06/12/2011";"07:57:00";"438";"sem vítima";"131.6";"BR-116/PR";"Norte";"Saida de Pista";1;0;0;0;0;0;0;0;0;0;1;0;0;0;0
"07/12/2011";"07:45:00";"461";"sem vítima";"127.6";"BR-116/PR";"Norte";"Colisão Traseira";2;0;0;0;0;0;0;0;0;0;2;0;0;0;0
"07/12/2011";"08:52:00";"465";"sem vítima";"184";"BR-116/PR";"Norte";"Colisão Lateral";0;0;1;0;1;0;0;0;0;0;15;0;0;0;0
"07/12/2011";"09:30:00";"467";"com vítima";"145.4";"BR-116/PR";"Sul";"Colisão Lateral";1;0;0;1;0;0;0;0;0;0;1;1;0;0;0
"08/12/2011";"10:00:00";"541";"sem vítima";"125.1";"BR-116/PR";"Sul";"Colisão Lateral";1;0;1;0;0;0;0;0;0;0;2;0;0;0;0
"08/12/2011";"11:16:00";"543";"sem vítima";"187.6";"BR-116/PR";"Norte";"Colisão Traseira";2;0;0;0;0;0;0;0;0;0;2;0;0;0;0
"08/12/2011";"12:00:00";"547";"sem vítima";"238";"BR-116/SC";"Sul";"Queda de Moto";0;0;0;1;0;0;0;0;0;0;1;0;0;0;0
"08/12/2011";"12:18:00";"552";"sem vítima";"125.4";"BR-116/PR";"Norte";"Choque - Veiculo parado na pista";1;0;3;0;0;0;0;0;0;0;7;0;0;0;0
"08/12/2011";"02:15:00";"559";"sem vítima";"167.2";"BR-116/PR";"Norte";"Engavetamento";3;0;0;0;0;0;0;0;0;0;3;0;0;0;0
"08/12/2011";"05:14:00";"570";"com vítima";"133";"BR-116/PR";"Norte";"Queda de Moto";0;0;0;1;0;0;0;0;0;0;0;1;0;0;0
"08/12/2011";"05:21:00";"572";"sem vítima";"120";"BR-116/PR";"Norte";"Colisão Traseira";2;0;0;0;0;0;0;0;0;0;2;0;0;0;0
"08/12/2011";"06:11:00";"577";"sem vítima";"10.6";"BR-116/SC";"Sul";"Saida de Pista";0;0;1;0;0;0;0;0;0;0;1;0;0;0;0
"08/12/2011";"11:30:00";"592";"com vítima";"123.95";"BR-116/PR";"Norte";"Colisão Traseira";1;0;0;0;0;1;0;0;0;1;3;0;1;0;0
"09/12/2011";"06:33:00";"605";"sem vítima";"172.6";"BR-116/SC";"Sul";"Colisão Lateral";0;0;2;1;0;0;0;0;0;0;4;0;0;0;0
"09/12/2011";"07:16:00";"607";"com vítima";"120.6";"BR-116/PR";"Norte";"Colisão Transversal";1;0;0;1;0;0;0;0;0;0;1;1;0;0;0
"09/12/2011";"09:01:00";"613";"sem vítima";"140.9";"BR-116/PR";"Norte";"Colisão Lateral";0;0;2;0;0;0;0;0;0;0;2;0;0;0;0
"09/12/2011";"04:51:00";"637";"com vítima";"73";"BR-116/SC";"Norte";"Colisão Frontal";2;0;0;0;0;0;0;0;0;0;1;2;2;0;1
"09/12/2011";"06:58:00";"648";"sem vítima";"188";"BR-116/PR";"Norte";"Colisão Frontal";2;0;0;0;0;0;0;0;0;0;5;0;0;0;0
"09/12/2011";"07:56:00";"651";"sem vítima";"122.8";"BR-116/PR";"Norte";"Colisão Frontal";1;0;1;0;0;0;0;0;0;0;2;0;0;0;0
"10/12/2011";"08:46:00";"690";"com vítima";"221";"BR-116/SC";"Norte";"Saida de Pista";1;0;0;0;0;0;0;0;0;0;0;2;0;0;0
"10/12/2011";"11:22:00";"700";"sem vítima";"121";"BR-116/PR";"Sul";"Colisão Traseira";1;0;1;0;0;0;0;0;0;0;5;0;0;0;0
"10/12/2011";"12:42:00";"702";"sem vítima";"210.3";"BR-116/SC";"Sul";"Queda de Moto";0;0;0;1;0;0;0;0;0;0;1;0;0;0;0
"10/12/2011";"03:43:00";"720";"com vítima";"71.5";"BR-116/SC";"Norte";"Queda de Moto";0;0;0;1;0;1;0;0;0;0;2;1;0;0;0
"10/12/2011";"03:54:00";"722";"com vítima";"71";"BR-116/SC";"Norte";"Queda de Moto";0;0;0;1;0;0;0;0;0;0;1;1;0;0;0
"10/12/2011";"05:34:00";"731";"com vítima";"272";"BR-116/SC";"Sul";"Queda de Moto";0;0;0;1;0;0;0;0;0;0;0;2;0;0;0
"10/12/2011";"06:18:00";"736";"sem vítima";"122";"BR-116/PR";"Sul";"Colisão Transversal";2;0;0;0;0;0;0;0;0;0;2;0;0;0;0
"10/12/2011";"07:16:00";"740";"sem vítima";"121.7";"BR-116/PR";"Norte";"Queda de Moto";0;0;0;1;0;0;0;0;0;0;1;0;0;0;0
"11/12/2011";"03:49:00";"762";"com vítima";"210.4";"BR-116/SC";"Norte";"Saida de Pista";0;0;0;0;0;0;0;0;0;1;0;1;0;0;0
"11/12/2011";"04:02:00";"763";"sem vítima";"218.1";"BR-116/SC";"Norte";"Atropelamento de Animal";0;0;0;0;0;0;0;0;0;1;1;0;0;0;0
"11/12/2011";"09:04:00";"772";"com vítima";"78.1";"BR-116/SC";"Norte";"Colisão Frontal";2;0;0;0;0;0;0;0;0;0;5;2;0;0;0
"11/12/2011";"04:50:00";"797";"sem vítima";"292.7";"BR-116/SC";"Norte";"Saida de Pista";1;0;0;0;0;0;0;0;0;0;2;0;0;0;0
"11/12/2011";"07:09:00";"805";"sem vítima";"125";"BR-116/PR";"Norte";"Colisão Traseira";1;0;0;0;0;1;0;0;0;0;2;0;0;0;0
"11/12/2011";"07:10:00";"806";"sem vítima";"151.4";"BR-116/PR";"Norte";"Engavetamento";1;0;2;0;0;0;0;0;0;0;5;0;0;0;0
"11/12/2011";"10:19:00";"820";"sem vítima";"126.3";"BR-116/PR";"Sul";"Colisão Traseira";1;0;0;0;0;0;0;0;0;1;3;0;0;0;0
"12/12/2011";"03:09:00";"834";"sem vítima";"21";"BR-116/SC";"Sul";"Saida de Pista";0;0;1;0;0;0;0;0;0;0;1;0;0;0;0
"12/12/2011";"01:51:00";"861";"sem vítima";"183.6";"BR-116/PR";"Sul";"Colisão Traseira";0;0;2;0;0;0;0;0;0;0;2;0;0;0;0
"12/12/2011";"03:58:00";"872";"sem vítima";"119.3";"BR-116/PR";"Sul";"Colisão Transversal";2;0;0;0;1;0;0;0;0;0;47;0;0;0;0
"12/12/2011";"06:06:00";"885";"com vítima";"117.2";"BR-116/PR";"Sul";"Colisão Lateral";0;0;0;1;0;1;0;0;0;0;1;1;0;0;0
"12/12/2011";"06:08:00";"886";"sem vítima";"124";"BR-116/PR";"Norte";"Colisão Transversal";1;0;0;0;0;0;0;0;0;1;2;0;0;0;0
"12/12/2011";"06:34:00";"888";"sem vítima";"233";"BR-116/SC";"Sul";"Choque - Veiculo parado na pista";0;0;0;0;0;1;0;0;0;1;5;0;0;0;0
"12/12/2011";"11:40:00";"905";"com vítima";"210.95";"BR-116/SC";"Sul";"Tombamento";0;0;2;0;0;0;0;0;0;0;0;0;0;0;2
"13/12/2011";"09:53:00";"927";"sem vítima";"122";"BR-116/PR";"Norte";"Colisão Transversal";0;0;0;1;0;1;0;0;0;0;2;0;0;0;0
"13/12/2011";"04:15:00";"947";"sem vítima";"183";"BR-116/PR";"Norte";"Choque - Elemento de Drenagem";1;0;0;0;0;0;0;0;0;0;2;0;0;0;0
"13/12/2011";"05:10:00";"950";"sem vítima";"125.9";"BR-116/PR";"Sul";"Colisão Transversal";0;0;2;0;0;0;0;0;0;0;4;0;0;0;0
"14/12/2011";"02:24:00";"970";"sem vítima";"116.9";"BR-116/PR";"Sul";"Choque - Defensa, barreira ou "submarino"";1;0;0;0;0;0;0;0;0;0;1;0;0;0;0
"14/12/2011";"07:23:00";"979";"sem vítima";"129";"BR-116/SC";"Sul";"Saida de Pista";1;0;1;0;0;0;0;0;0;0;2;0;0;0;0
"14/12/2011";"07:45:00";"980";"sem vítima";"203.1";"BR-116/SC";"Norte";"Saida de Pista";1;0;0;0;0;0;0;0;0;0;1;0;0;0;0
"14/12/2011";"05:04:00";"1018";"com vítima";"168.5";"BR-116/PR";"Sul";"Colisão Transversal";1;0;0;1;0;0;0;0;0;0;1;0;0;1;0
"14/12/2011";"06:27:00";"1027";"sem vítima";"157.6";"BR-116/PR";"Norte";"Saida de Pista";1;0;0;0;0;0;0;0;0;0;1;0;0;0;0
"14/12/2011";"10:41:00";"1044";"sem vítima";"126";"BR-116/PR";"Norte";"Colisão Transversal";2;0;0;0;0;0;0;0;0;0;5;0;0;0;0
"15/12/2011";"07:34:00";"1058";"sem vítima";"116.2";"BR-116/PR";"Norte";"Colisão Lateral";1;0;1;0;0;0;0;0;0;0;2;0;0;0;0
"15/12/2011";"09:37:00";"1064";"sem vítima";"70.7";"BR-116/SC";"Norte";"Saida de Pista";1;0;0;0;0;0;0;0;0;0;1;0;0;0;0
"15/12/2011";"05:42:00";"1099";"sem vítima";"0.7";"BR-116/SC";"Sul";"Colisão Traseira";1;0;0;1;0;0;0;0;0;0;5;0;0;0;0
"15/12/2011";"09:14:00";"1109";"sem vítima";"117.2";"BR-116/PR";"Sul";"Colisão Transversal";2;0;1;0;0;0;0;0;0;0;5;0;0;0;0
"16/12/2011";"12:37:00";"1121";"sem vítima";"127.7";"BR-116/PR";"Norte";"Colisão Transversal";1;0;1;0;0;0;0;0;0;0;3;0;0;0;0
"16/12/2011";"06:42:00";"1125";"sem vítima";"167";"BR-116/PR";"Sul";"Saida de Pista";1;0;0;0;0;0;0;0;0;0;1;0;0;0;0
"16/12/2011";"06:56:00";"1126";"sem vítima";"100";"BR-116/SC";"Norte";"Choque - Veiculo parado na pista";1;0;0;0;0;0;0;0;0;1;2;0;0;0;0
"16/12/2011";"09:23:00";"1132";"com vítima";"99.07";"BR-116/SC";"Sul";"Choque - Veiculo parado na pista";3;0;1;0;0;0;0;0;0;0;3;2;0;0;0
"16/12/2011";"04:02:00";"1150";"sem vítima";"145.7";"BR-116/PR";"Norte";"Colisão Transversal";2;0;0;0;0;0;0;0;0;0;2;0;0;0;0
"16/12/2011";"10:29:00";"1185";"sem vítima";"117.6";"BR-116/PR";"Sul";"Colisão Traseira";2;0;0;0;0;1;0;0;0;0;8;0;0;0;0
"16/12/2011";"11:41:00";"1188";"sem vítima";"235.8";"BR-116/SC";"Sul";"Saida de Pista";1;0;0;0;0;0;0;0;0;0;1;0;0;0;0
"17/12/2011";"02:09:00";"1193";"sem vítima";"4.4";"BR-116/SC";"Sul";"Choque - Defensa, barreira ou "submarino"";1;0;0;0;0;0;0;0;0;0;1;0;0;0;0
"17/12/2011";"11:22:00";"1224";"sem vítima";"4.5";"BR-116/SC";"Sul";"Colisão Transversal";1;0;1;0;0;0;0;0;0;0;2;0;0;0;0
"17/12/2011";"05:47:00";"1246";"com vítima";"152.4";"BR-116/PR";"Sul";"Colisão Transversal";1;0;0;1;0;0;0;0;0;0;1;0;0;1;0
"18/12/2011";"01:44:00";"1275";"com vítima";"122.2";"BR-116/PR";"Norte";"Colisão Traseira";1;0;0;1;0;0;0;0;0;0;1;1;0;0;0
"18/12/2011";"03:15:00";"1279";"sem vítima";"142.3";"BR-116/PR";"Norte";"Colisão Traseira";2;0;0;0;0;0;0;0;0;0;2;0;0;0;0
"18/12/2011";"05:09:00";"1281";"com vítima";"249.6";"BR-116/SC";"Sul";"Choque - Talude";1;0;0;0;0;0;0;0;0;0;0;0;1;0;0
"18/12/2011";"07:33:00";"1286";"com vítima";"152";"BR-116/PR";"Sul";"Colisão Frontal";2;0;0;0;0;0;0;0;0;1;1;0;2;0;0
"18/12/2011";"10:46:00";"1297";"com vítima";"124.3";"BR-116/PR";"Norte";"Colisão Lateral";3;0;0;0;0;0;0;0;0;0;3;2;0;0;0
"18/12/2011";"11:10:00";"1300";"sem vítima";"124.4";"BR-116/PR";"Norte";"Colisão Lateral";0;0;1;0;0;0;0;0;0;1;4;0;0;0;0
"18/12/2011";"03:37:00";"1318";"com vítima";"155.5";"BR-116/PR";"Sul";"Choque - Veiculo parado na pista";0;0;1;0;0;0;0;0;0;1;14;1;0;0;0
"18/12/2011";"10:25:00";"1366";"com vítima";"116.1";"BR-116/PR";"Sul";"Saida de Pista";1;0;0;0;0;0;0;0;0;0;0;1;0;0;0
"19/12/2011";"07:04:00";"1383";"sem vítima";"147.95";"BR-116/PR";"Sul";"Choque - Objeto sobre a pista";1;0;0;0;0;0;0;0;0;0;1;0;0;0;0
"19/12/2011";"07:54:00";"1388";"com vítima";"147.95";"BR-116/PR";"Sul";"Choque - Objeto sobre a pista";0;0;0;1;0;0;0;0;0;0;0;1;0;0;0
"19/12/2011";"08:08:00";"1426";"com vítima";"136.7";"BR-116/PR";"Sul";"Colisão Frontal";1;0;1;0;0;0;0;0;0;0;1;0;0;1;0
"19/12/2011";"09:02:00";"1429";"sem vítima";"140.9";"BR-116/SC";"Norte";"Colisão Traseira";2;0;0;0;0;0;0;0;0;0;3;0;0;0;0
"20/12/2011";"11:48:00";"1465";"com vítima";"141";"BR-116/PR";"Norte";"Saida de Pista";1;0;0;0;0;0;0;0;0;0;0;3;0;0;0
"20/12/2011";"01:54:00";"1477";"com vítima";"111.7";"BR-116/SC";"Norte";"Colisão Transversal";0;0;1;0;0;0;0;0;0;1;1;0;1;0;0
"20/12/2011";"05:11:00";"1500";"sem vítima";"260.1";"BR-116/SC";"Norte";"Choque - Objeto sobre a pista";0;0;1;0;1;0;0;0;0;0;9;0;0;0;0
"20/12/2011";"05:50:00";"1502";"sem vítima";"128.2";"BR-116/PR";"Norte";"Saida de Pista";0;0;1;0;0;0;0;0;0;0;1;0;0;0;0
"20/12/2011";"11:10:00";"1524";"com vítima";"82";"BR-116/SC";"Norte";"Colisão Lateral";1;0;1;0;0;0;0;0;0;0;5;1;0;0;0
"21/12/2011";"04:14:00";"1569";"sem vítima";"126.2";"BR-116/PR";"Sul";"Colisão Traseira";2;0;0;0;0;0;0;0;0;0;2;0;0;0;0
"21/12/2011";"05:57:00";"1579";"com vítima";"116.3";"BR-116/PR";"Sul";"Colisão Transversal";1;0;0;1;0;0;0;0;0;0;1;0;1;0;0
"22/12/2011";"06:10:00";"1607";"com vítima";"119";"BR-116/PR";"Sul";"Atropelamento - Sem Informação";0;0;0;0;0;1;0;0;0;0;1;0;0;0;1
"22/12/2011";"09:55:00";"1621";"com vítima";"171";"BR-116/SC";"Sul";"Saida de Pista";1;0;0;0;0;0;0;0;0;0;0;1;0;0;0
"22/12/2011";"03:02:00";"1645";"com vítima";"181.3";"BR-116/SC";"Norte";"Saida de Pista";0;0;0;1;0;0;0;0;0;0;0;1;0;0;0
"22/12/2011";"06:46:00";"1658";"com vítima";"258.6";"BR-116/SC";"Sul";"Saida de Pista";1;0;0;0;0;0;0;0;0;0;0;1;0;0;0
"22/12/2011";"07:57:00";"1668";"sem vítima";"120.7";"BR-116/PR";"Norte";"Colisão Transversal";2;0;0;0;0;0;0;0;0;0;2;0;0;0;0
"22/12/2011";"10:23:00";"1685";"sem vítima";"204";"BR-116/PR";"Sul";"Choque - Veiculo parado na pista";1;0;1;0;0;0;0;0;0;0;2;0;0;0;0
"22/12/2011";"10:51:00";"1688";"sem vítima";"12";"BR-116/SC";"Norte";"Choque - Suporte de Sinalização";2;0;0;0;0;0;0;0;0;0;7;0;0;0;0
"23/12/2011";"02:13:00";"1752";"sem vítima";"107.9";"BR-116/SC";"Norte";"Saida de Pista";0;0;0;0;1;0;0;0;0;0;1;0;0;0;0
"23/12/2011";"03:04:00";"1760";"sem vítima";"105.3";"BR-116/SC";"Sul";"Colisão Lateral";2;0;1;0;0;0;0;0;0;0;8;0;0;0;0
"23/12/2011";"04:01:00";"1764";"sem vítima";"186";"BR-116/SC";"Sul";"Colisão Traseira";2;0;0;0;0;0;0;0;0;0;5;0;0;0;0
"23/12/2011";"06:28:00";"1777";"com vítima";"10.8";"BR-116/SC";"Norte";"Colisão Lateral";0;0;1;0;1;0;0;0;0;0;1;1;0;0;0
"23/12/2011";"08:06:00";"1787";"sem vítima";"198.5";"BR-116/PR";"Sul";"Colisão Lateral";2;0;0;0;0;1;0;0;0;0;3;0;0;0;0
"23/12/2011";"09:21:00";"1795";"com vítima";"206.2";"BR-116/SC";"Norte";"Colisão Traseira";2;0;0;0;0;0;0;0;0;0;2;1;0;0;0
"24/12/2011";"04:52:00";"1811";"com vítima";"115.8";"BR-116/PR";"Norte";"Colisão Transversal";2;0;0;0;0;0;0;0;0;0;4;3;1;1;0
"24/12/2011";"05:55:00";"1813";"com vítima";"121.47";"BR-116/PR";"Norte";"Atropelamento - Usuário";3;0;0;0;0;1;0;0;0;0;11;0;0;0;1
"24/12/2011";"04:24:00";"1868";"sem vítima";"119.4";"BR-116/PR";"Norte";"Queda de Moto";0;0;0;1;0;0;0;0;0;0;1;0;0;0;0
"24/12/2011";"05:46:00";"1877";"sem vítima";"157.4";"BR-116/PR";"Sul";"Saida de Pista";1;0;0;0;0;0;0;0;0;0;1;0;0;0;0
"24/12/2011";"08:27:00";"1891";"sem vítima";"245.6";"BR-116/SC";"Sul";"Colisão Transversal";1;0;1;0;0;0;0;0;0;0;2;0;0;0;0
"24/12/2011";"11:43:00";"1896";"com vítima";"119.5";"BR-116/PR";"Norte";"Colisão Transversal";1;0;1;0;0;0;0;0;0;0;2;1;1;0;0
"25/12/2011";"09:22:00";"1907";"com vítima";"261.5";"BR-116/SC";"Sul";"Colisão Lateral";2;0;0;0;0;0;0;0;0;0;3;2;0;0;0
"25/12/2011";"09:52:00";"1909";"com vítima";"154.3";"BR-116/PR";"Sul";"Choque - Veiculo parado na pista";2;0;0;0;0;0;0;0;0;0;4;2;0;0;0
"25/12/2011";"11:23:00";"1912";"sem vítima";"165";"BR-116/SC";"Norte";"Saida de Pista";1;0;0;0;0;0;0;0;0;0;1;0;0;0;0
"25/12/2011";"03:57:00";"1929";"sem vítima";"305.4";"BR-116/SC";"Norte";"Saida de Pista";1;0;0;0;0;0;0;0;0;0;4;0;0;0;0
"26/12/2011";"09:54:00";"1983";"sem vítima";"140.8";"BR-116/SC";"Norte";"Colisão Traseira";1;0;1;0;0;0;0;0;0;0;11;0;0;0;0
"26/12/2011";"02:59:00";"1997";"sem vítima";"17.5";"BR-116/SC";"Norte";"Saida de Pista";1;0;0;0;0;0;0;0;0;0;1;0;0;0;0
"26/12/2011";"03:36:00";"2001";"sem vítima";"304.4";"BR-116/SC";"Sul";"Colisão Traseira";2;0;2;0;0;0;0;0;0;0;10;0;0;0;0
"26/12/2011";"10:29:00";"2041";"com vítima";"145.5";"BR-116/SC";"Norte";"Colisão Lateral";1;0;1;0;0;0;0;0;0;0;1;1;0;0;0
"26/12/2011";"11:40:00";"2044";"com vítima";"131.8";"BR-116/PR";"Norte";"Colisão Frontal";2;0;0;0;0;1;0;0;0;0;2;0;0;0;1
"27/12/2011";"12:31:00";"2047";"com vítima";"7";"BR-116/SC";"Norte";"Colisão Traseira";2;0;0;0;0;0;0;0;0;0;3;1;0;0;0
"27/12/2011";"06:17:00";"2100";"sem vítima";"121";"BR-116/PR";"Sul";"Colisão Traseira";1;0;0;0;0;1;0;0;0;0;4;0;0;0;0
"27/12/2011";"08:32:00";"2110";"sem vítima";"131.9";"BR-116/PR";"Sul";"Colisão Transversal";2;0;0;0;0;0;0;0;0;0;2;0;0;0;0
"28/12/2011";"12:02:00";"2121";"com vítima";"219.4";"BR-116/SC";"Sul";"Choque - Poste";1;0;0;0;0;0;0;0;0;0;0;0;1;0;0
"28/12/2011";"12:35:00";"2123";"com vítima";"183.5";"BR-116/PR";"Norte";"Colisão Frontal";1;0;2;0;0;0;0;0;0;0;2;0;1;2;0
"28/12/2011";"10:10:00";"2142";"com vítima";"12.3";"BR-116/SC";"Sul";"Colisão Transversal";1;0;1;0;0;0;0;0;0;0;3;3;0;0;0