data;horario;n_da_ocorrencia;tipo_de_ocorrencia;km;trecho;sentido;tipo_de_acidente;automovel;bicicleta;caminhao;moto;onibus;outros;tracao_animal;transporte_de_cargas_especiais;trator_maquinas;utilitarios;ilesos;levemente_feridos;moderadamente_feridos;gravemente_feridos;mortos
"22/02/2012";"05:25:00";"2155";"com vítima";"115.3";"BR-116/PR";"Norte";"Tombamento";0;0;1;0;0;0;0;0;0;0;0;1;0;0;0
"22/02/2012";"02:51:00";"2182";"sem vítima";"124";"BR-116/PR";"Norte";"Colisão Traseira";1;0;0;0;0;1;0;0;0;0;6;0;0;0;0
"23/02/2012";"12:27:00";"2267";"sem vítima";"69";"BR-116/SC";"Norte";"Colisão Traseira";1;0;0;0;0;1;0;0;0;0;2;0;0;0;0
"23/02/2012";"03:08:00";"2281";"com vítima";"268";"BR-116/SC";"Norte";"Saida de Pista";0;0;0;1;0;0;0;0;0;0;0;1;0;0;1
"23/02/2012";"05:31:00";"2296";"sem vítima";"288.9";"BR-116/SC";"Sul";"Saida de Pista";1;0;0;0;0;0;0;0;0;0;1;0;0;0;0
"23/02/2012";"10:00:00";"2313";"sem vítima";"122";"BR-116/PR";"Sul";"Colisão Transversal";1;0;0;0;0;1;0;0;0;0;3;0;0;0;0
"24/02/2012";"07:12:00";"2331";"sem vítima";"122.4";"BR-116/PR";"Norte";"Colisão Transversal";1;0;1;0;0;0;0;0;0;0;2;0;0;0;0
"24/02/2012";"12:54:00";"2377";"sem vítima";"209.4";"BR-116/PR";"Norte";"Colisão Transversal";2;0;0;0;0;0;0;0;0;0;5;0;0;0;0
"24/02/2012";"05:42:00";"2408";"sem vítima";"50";"BR-116/SC";"Sul";"Saida de Pista";1;0;0;0;0;0;0;0;0;0;2;0;0;0;0
"25/02/2012";"12:55:00";"2434";"com vítima";"127.6";"BR-116/PR";"Sul";"Colisão Transversal";1;0;0;0;0;0;0;0;0;1;3;3;1;0;0
"26/02/2012";"12:30:00";"2521";"sem vítima";"1.2";"BR-116/SC";"Sul";"Choque - Defensa, barreira ou "submarino"";1;0;0;0;0;0;0;0;0;0;5;0;0;0;0
"26/02/2012";"03:20:00";"2526";"com vítima";"146.4";"BR-116/SC";"Norte";"Saida de Pista";1;0;0;0;0;0;0;0;0;0;0;2;0;0;0
"26/02/2012";"03:51:00";"2527";"sem vítima";"117.6";"BR-116/PR";"Norte";"Choque - Defensa, barreira ou "submarino"";1;0;0;0;0;0;0;0;0;0;1;0;0;0;0
"26/02/2012";"03:57:00";"2564";"sem vítima";"159";"BR-116/PR";"Norte";"Saida de Pista";1;0;0;0;0;0;0;0;0;0;1;0;0;0;0
"26/02/2012";"09:49:00";"2594";"com vítima";"199";"BR-116/PR";"Norte";"Colisão Lateral";0;0;1;0;0;1;0;0;0;0;1;1;0;0;0
"27/02/2012";"02:48:00";"2646";"com vítima";"120";"BR-116/PR";"Sul";"Colisão Traseira";2;0;2;0;0;0;0;0;0;0;3;2;0;0;0
"27/02/2012";"06:50:00";"2673";"sem vítima";"238.9";"BR-116/SC";"Norte";"Colisão Transversal";1;0;1;0;0;0;0;0;0;0;2;0;0;0;0
"27/02/2012";"07:07:00";"2678";"com vítima";"136";"BR-116/PR";"Norte";"Colisão Lateral";2;0;0;0;0;0;0;0;0;0;2;1;0;0;0
"27/02/2012";"10:07:00";"2687";"sem vítima";"206.2";"BR-116/SC";"Sul";"Saida de Pista";1;0;0;0;0;0;0;0;0;0;1;0;0;0;0
"28/02/2012";"11:03:00";"2715";"com vítima";"200.4";"BR-116/SC";"Norte";"Saida de Pista";1;0;0;0;0;0;0;0;0;0;0;1;0;0;0
"28/02/2012";"06:46:00";"2745";"sem vítima";"203.4";"BR-116/PR";"Norte";"Tombamento";0;0;1;0;0;0;0;0;0;0;1;0;0;0;0
"28/02/2012";"07:27:00";"2751";"com vítima";"11.7";"BR-116/SC";"Sul";"Atropelamento - Morador";0;0;0;1;0;0;0;0;0;0;1;1;0;0;0
"28/02/2012";"09:55:00";"2761";"sem vítima";"36.6";"BR-116/SC";"Sul";"Saida de Pista";0;0;1;0;0;0;0;0;0;0;1;0;0;0;0
"29/02/2012";"04:32:00";"2832";"com vítima";"57.5";"BR-116/SC";"Sul";"Colisão Transversal";2;0;0;0;0;0;0;0;0;0;0;2;0;0;0
"29/02/2012";"05:33:00";"2837";"com vítima";"107.1";"BR-116/SC";"Norte";"Saida de Pista";0;0;1;0;0;0;0;0;0;0;0;1;0;0;0
"29/02/2012";"05:56:00";"2841";"sem vítima";"116.2";"BR-116/PR";"Norte";"Colisão Lateral";0;0;1;0;1;0;0;0;0;0;2;0;0;0;0
"29/02/2012";"06:30:00";"2844";"com vítima";"120";"BR-116/PR";"Sul";"Colisão Lateral";1;0;0;1;0;0;0;0;0;0;1;1;0;0;0
"01/03/2012";"01:19:00";"2";"sem vítima";"247";"BR-116/SC";"Norte";"Queda de Moto";0;0;0;1;0;0;0;0;0;0;1;0;0;0;0
"01/03/2012";"06:42:00";"8";"com vítima";"239";"BR-116/SC";"Norte";"Colisão Frontal";0;0;2;0;0;0;0;0;0;0;1;0;1;0;0
"01/03/2012";"02:43:00";"40";"sem vítima";"65.9";"BR-116/SC";"Norte";"Colisão Traseira";0;0;3;0;0;0;0;0;0;0;3;0;0;0;0
"01/03/2012";"05:34:00";"55";"sem vítima";"217";"BR-116/SC";"Norte";"Colisão Traseira";0;0;1;0;1;0;0;0;0;0;2;0;0;0;0
"02/03/2012";"01:18:00";"81";"sem vítima";"207.8";"BR-116/SC";"Sul";"Saida de Pista";0;0;1;0;0;0;0;0;0;0;1;0;0;0;0
"02/03/2012";"06:36:00";"84";"sem vítima";"116.2";"BR-116/PR";"Sul";"Colisão Transversal";1;0;1;0;0;0;0;0;0;0;2;0;0;0;0
"02/03/2012";"01:06:00";"119";"sem vítima";"164";"BR-116/PR";"Norte";"Colisão Lateral";0;0;0;0;0;0;0;0;0;2;3;0;0;0;0
"02/03/2012";"01:39:00";"125";"sem vítima";"67.7";"BR-116/SC";"Sul";"Saida de Pista";0;0;1;0;0;0;0;0;0;0;1;0;0;0;0
"02/03/2012";"04:20:00";"139";"com vítima";"1.2";"BR-116/SC";"Sul";"Atropelamento - Morador";0;0;0;1;0;0;0;0;0;0;1;1;0;0;0
"02/03/2012";"05:56:00";"145";"com vítima";"115";"BR-116/PR";"Norte";"Atropelamento - Usuário";0;0;0;0;1;0;0;0;0;0;1;0;1;0;0
"02/03/2012";"09:12:00";"158";"com vítima";"265.9";"BR-116/SC";"Norte";"Saida de Pista";1;0;0;0;0;0;0;0;0;0;0;1;0;0;0
"02/03/2012";"11:29:00";"170";"com vítima";"148.2";"BR-116/PR";"Sul";"Colisão Frontal";1;0;0;0;1;0;0;0;0;0;37;0;2;0;1
"03/03/2012";"02:40:00";"180";"sem vítima";"121.5";"BR-116/PR";"Sul";"Saida de Pista";1;0;0;0;0;0;0;0;0;0;1;0;0;0;0
"03/03/2012";"03:50:00";"181";"sem vítima";"129";"BR-116/PR";"Sul";"Saida de Pista";0;0;0;0;0;0;0;0;0;1;1;0;0;0;0
"03/03/2012";"06:24:00";"185";"com vítima";"126.9";"BR-116/SC";"Sul";"Colisão Lateral";1;0;1;0;0;0;0;0;0;0;1;0;3;0;1
"03/03/2012";"10:58:00";"209";"sem vítima";"119";"BR-116/PR";"Norte";"Colisão Transversal";2;0;0;0;0;0;0;0;0;0;2;0;0;0;0
"03/03/2012";"11:18:00";"211";"sem vítima";"183.4";"BR-116/SC";"Sul";"Saida de Pista";1;0;0;0;0;0;0;0;0;0;1;0;0;0;0
"03/03/2012";"07:34:00";"258";"com vítima";"69.8";"BR-116/SC";"Norte";"Colisão Transversal";2;0;0;0;0;0;0;0;0;0;1;2;1;0;0
"04/03/2012";"05:47:00";"300";"com vítima";"127.6";"BR-116/PR";"Norte";"Colisão Traseira";2;0;0;0;0;0;0;0;0;0;1;0;0;1;2
"04/03/2012";"08:01:00";"361";"sem vítima";"126.1";"BR-116/SC";"Norte";"Colisão Traseira";2;0;0;0;0;0;0;0;0;0;8;0;0;0;0
"04/03/2012";"08:56:00";"366";"com vítima";"121.5";"BR-116/PR";"Norte";"Colisão Lateral";1;0;0;1;0;0;0;0;0;0;2;1;0;0;0
"04/03/2012";"10:18:00";"369";"com vítima";"129.6";"BR-116/PR";"Norte";"Atropelamento - Sem Informação";1;0;0;0;0;0;0;0;0;0;2;0;0;1;0
"05/03/2012";"03:40:00";"378";"com vítima";"130.9";"BR-116/PR";"Norte";"Colisão Frontal";1;0;1;0;0;0;0;0;0;0;0;1;0;0;1
"05/03/2012";"10:45:00";"410";"sem vítima";"258.3";"BR-116/SC";"Norte";"Saida de Pista";1;0;1;0;0;0;0;0;0;0;2;0;0;0;0
"05/03/2012";"07:03:00";"456";"com vítima";"119.8";"BR-116/PR";"Sul";"Atropelamento - Outros";0;0;0;1;0;0;0;0;0;0;1;1;0;0;0
"06/03/2012";"06:19:00";"474";"com vítima";"115.7";"BR-116/PR";"Norte";"Choque - Veiculo parado no acostamento";0;0;0;1;1;0;0;0;0;0;70;1;0;0;0
"06/03/2012";"12:14:00";"506";"sem vítima";"185";"BR-116/PR";"Norte";"Colisão Lateral";0;0;2;0;0;0;0;0;0;0;2;0;0;0;0
"06/03/2012";"04:46:00";"532";"sem vítima";"58.7";"BR-116/SC";"Norte";"Choque - Objeto sobre a pista";1;0;0;0;0;0;0;0;0;0;1;0;0;0;0
"06/03/2012";"08:37:00";"547";"sem vítima";"57.8";"BR-116/SC";"Sul";"Tombamento";0;0;1;0;0;0;0;0;0;0;1;0;0;0;0
"06/03/2012";"08:54:00";"548";"sem vítima";"171.7";"BR-116/SC";"Norte";"Saida de Pista";0;0;1;0;0;0;0;0;0;0;1;0;0;0;0
"07/03/2012";"06:27:00";"631";"com vítima";"117.2";"BR-116/PR";"Sul";"Colisão Transversal";2;0;0;0;0;0;0;0;0;0;2;2;0;0;0
"07/03/2012";"06:43:00";"632";"sem vítima";"160.7";"BR-116/SC";"Norte";"Colisão Traseira";0;0;2;0;0;0;0;0;0;0;2;0;0;0;0
"07/03/2012";"11:41:00";"648";"com vítima";"303.8";"BR-116/SC";"Norte";"Colisão Traseira";0;0;2;0;0;0;0;0;0;0;3;1;0;0;0
"08/03/2012";"10:25:00";"682";"com vítima";"119";"BR-116/PR";"Sul";"Colisão Traseira";0;0;1;1;0;0;0;0;0;0;1;1;0;0;0
"08/03/2012";"12:56:00";"694";"sem vítima";"233";"BR-116/SC";"Sul";;0;0;1;0;0;0;0;0;0;0;1;0;0;0;0
"08/03/2012";"04:43:00";"709";"sem vítima";"228.8";"BR-116/SC";"Sul";"Objeto lançado contra veículo";1;0;0;0;0;0;0;0;0;0;1;0;0;0;0
"08/03/2012";"06:13:00";"714";"com vítima";"57.6";"BR-116/SC";"Sul";"Colisão Frontal";1;0;1;0;0;0;0;0;0;0;0;1;0;0;1
"08/03/2012";"07:17:00";"716";"sem vítima";"117";"BR-116/PR";"Sul";"Colisão Lateral";0;0;0;0;1;0;0;0;0;1;2;0;0;0;0
"09/03/2012";"01:11:00";"734";"sem vítima";"222.3";"BR-116/SC";"Sul";"Colisão Lateral";0;0;1;0;1;0;0;0;0;0;14;0;0;0;0
"09/03/2012";"01:15:00";"735";"sem vítima";"125";"BR-116/PR";"Sul";"Colisão Lateral";1;0;1;0;0;0;0;0;0;0;2;0;0;0;0
"09/03/2012";"02:25:00";"737";"com vítima";"124.5";"BR-116/PR";"Norte";"Saida de Pista";1;0;0;0;0;0;0;0;0;0;0;1;0;0;0
"09/03/2012";"06:22:00";"742";"com vítima";"191";"BR-116/SC";"Norte";"Colisão Frontal";1;0;1;0;0;0;0;0;0;0;1;0;0;1;0
"09/03/2012";"06:25:00";"804";"sem vítima";"115";"BR-116/PR";"Norte";"Colisão Traseira";2;0;0;0;0;0;0;0;0;0;2;0;0;0;0
"09/03/2012";"09:24:00";"821";"sem vítima";"123.3";"BR-116/PR";"Norte";"Choque - Objeto sobre a pista";1;0;0;0;0;0;0;0;0;0;3;0;0;0;0
"09/03/2012";"11:04:00";"829";"sem vítima";"119.5";"BR-116/PR";"Norte";"Colisão Transversal";2;0;0;0;0;0;0;0;0;0;2;0;0;0;0
"10/03/2012";"04:27:00";"837";"sem vítima";"177";"BR-116/PR";"Norte";"Colisão Lateral";0;0;2;0;0;0;0;0;0;0;2;0;0;0;0
"10/03/2012";"09:01:00";"848";"com vítima";"124.1";"BR-116/PR";"Norte";"Colisão Traseira";1;0;0;1;0;0;0;0;0;0;4;1;0;0;0
"10/03/2012";"09:22:00";"850";"sem vítima";"123.7";"BR-116/PR";"Norte";"Colisão Traseira";0;0;0;1;1;0;0;0;0;0;81;0;0;0;0
"10/03/2012";"04:03:00";"891";"com vítima";"33.4";"BR-116/SC";"Norte";"Saida de Pista";1;0;0;0;0;0;0;0;0;0;0;1;0;0;0
"10/03/2012";"05:52:00";"902";"com vítima";"152";"BR-116/PR";"Sul";"Colisão Transversal";1;0;0;1;0;0;0;0;0;0;1;1;0;0;0
"10/03/2012";"06:02:00";"905";"sem vítima";"126.5";"BR-116/SC";"Norte";"Saida de Pista";1;0;0;0;0;0;0;0;0;0;3;0;0;0;0
"10/03/2012";"07:04:00";"908";"sem vítima";"148.1";"BR-116/PR";"Norte";"Saida de Pista";0;0;0;0;0;0;0;0;0;1;1;0;0;0;0
"10/03/2012";"07:05:00";"909";"sem vítima";"148";"BR-116/PR";"Sul";"Colisão Lateral";2;0;0;0;0;0;0;0;0;0;2;0;0;0;0
"10/03/2012";"09:04:00";"919";"sem vítima";"172.6";"BR-116/SC";"Norte";"Choque - Defensa, barreira ou "submarino"";1;0;0;0;0;0;0;0;0;0;1;0;0;0;0
"11/03/2012";"06:37:00";"942";"sem vítima";"221.5";"BR-116/SC";"Sul";"Atropelamento de Animal";1;0;0;0;0;0;0;0;0;0;2;0;0;0;0
"11/03/2012";"10:37:00";"960";"sem vítima";"144";"BR-116/PR";"Norte";"Colisão Lateral";1;0;1;0;0;0;0;0;0;1;3;0;0;0;0
"11/03/2012";"06:29:00";"1004";"sem vítima";"47";"BR-116/SC";"Sul";"Saida de Pista";1;0;0;0;0;0;0;0;0;0;1;0;0;0;0
"11/03/2012";"07:44:00";"1013";"sem vítima";"258.2";"BR-116/SC";"Norte";"Colisão Transversal";2;0;0;0;0;0;0;0;0;0;5;0;0;0;0
"11/03/2012";"09:58:00";"1025";"sem vítima";"124.1";"BR-116/PR";"Norte";"Colisão Traseira";1;0;0;1;0;0;0;0;0;0;2;0;0;0;0
"11/03/2012";"11:02:00";"1032";"sem vítima";"304";"BR-116/SC";"Sul";"Colisão Traseira";0;0;3;0;0;0;0;0;0;0;3;0;0;0;0
"12/03/2012";"05:29:00";"1043";"sem vítima";"135.2";"BR-116/SC";"Norte";"Colisão Lateral";0;0;2;0;0;0;0;0;0;0;2;0;0;0;0
"12/03/2012";"08:18:00";"1059";"sem vítima";"150.5";"BR-116/PR";"Norte";"Saida de Pista";1;0;0;0;0;0;0;0;0;0;1;0;0;0;0
"12/03/2012";"08:46:00";"1062";"sem vítima";"24.9";"BR-116/SC";"Norte";"Colisão Traseira";1;0;1;0;0;0;0;0;0;0;2;0;0;0;0
"12/03/2012";"09:17:00";"1065";"com vítima";"125.8";"BR-116/PR";"Norte";"Colisão Lateral";1;0;0;1;0;0;0;0;0;0;4;0;1;0;0
"12/03/2012";"09:18:00";"1066";"sem vítima";"126";"BR-116/PR";"Norte";"Colisão Lateral";0;0;2;0;0;0;0;0;0;0;2;0;0;0;0
"12/03/2012";"11:09:00";"1085";"sem vítima";"211";"BR-116/PR";"Norte";"Colisão Transversal";2;0;0;0;0;0;0;0;0;0;2;0;0;0;0
"12/03/2012";"12:39:00";"1092";"com vítima";"4.5";"BR-116/SC";"Norte";"Colisão Transversal";0;0;1;1;0;0;0;0;0;0;1;1;0;0;0
"12/03/2012";"10:34:00";"1139";"sem vítima";"156";"BR-116/PR";"Sul";"Colisão Lateral";0;0;1;0;0;0;0;0;0;1;2;0;0;0;0
"12/03/2012";"11:34:00";"1141";"sem vítima";"310";"BR-116/SC";"Norte";"Choque - Objeto sobre a pista";1;0;0;0;0;0;0;0;0;0;4;0;0;0;0
"13/03/2012";"12:40:00";"1142";"sem vítima";"88.7";"BR-116/SC";"Norte";"Choque - Objeto sobre a pista";1;0;0;0;0;0;0;0;0;0;1;0;0;0;0
"13/03/2012";"07:52:00";"1155";"sem vítima";"190";"BR-116/SC";"Norte";"Colisão Frontal";2;0;0;0;0;0;0;0;0;0;2;0;0;0;0
"13/03/2012";"08:16:00";"1158";"sem vítima";"25.4";"BR-116/SC";"Norte";"Colisão Traseira";2;0;0;0;0;0;0;0;0;0;6;0;0;0;0
"13/03/2012";"02:21:00";"1197";"sem vítima";"170";"BR-116/PR";"Norte";"Colisão Frontal";1;0;1;0;0;0;0;0;0;0;2;0;0;0;0
"14/03/2012";"03:26:00";"1250";"sem vítima";"134.6";"BR-116/PR";"Norte";"Colisão Traseira";0;0;2;0;0;0;0;0;0;0;2;0;0;0;0
"14/03/2012";"11:03:00";"1279";"sem vítima";"91.4";"BR-116/SC";"Norte";"Colisão Traseira";0;0;3;0;0;0;0;0;0;0;3;0;0;0;0
"14/03/2012";"12:37:00";"1289";"com vítima";"5";"BR-116/SC";"Norte";"Tombamento";0;0;0;1;0;0;0;0;0;0;0;1;0;0;0
"14/03/2012";"03:09:00";"1303";"sem vítima";"118";"BR-116/PR";"Norte";"Colisão Traseira";1;0;0;1;0;0;0;0;0;0;2;0;0;0;0
"14/03/2012";"05:54:00";"1323";"com vítima";"36";"BR-116/SC";"Norte";"Colisão Transversal";1;0;0;1;0;0;0;0;0;0;2;1;0;0;0
"14/03/2012";"07:11:00";"1328";"sem vítima";"134.9";"BR-116/PR";"Sul";"Choque - Objeto sobre a pista";1;0;0;0;0;0;0;0;0;0;1;0;0;0;0
"14/03/2012";"08:21:00";"1333";"sem vítima";"211.9";"BR-116/SC";"Norte";"Saida de Pista";0;0;1;0;0;0;0;0;0;0;1;0;0;0;0
"14/03/2012";"10:48:00";"1341";"sem vítima";"1.1";"BR-116/SC";"Norte";"Colisão Lateral";0;0;1;0;0;1;0;0;0;0;2;0;0;0;0
"15/03/2012";"08:26:00";"1356";"com vítima";"135.3";"BR-116/SC";"Norte";"Colisão Traseira";1;0;2;0;0;0;0;0;0;0;2;1;1;0;0
"15/03/2012";"11:20:00";"1368";"sem vítima";"126";"BR-116/PR";"Sul";"Colisão Traseira";1;0;0;0;0;1;0;0;0;0;2;0;0;0;0
"15/03/2012";"03:48:00";"1390";"sem vítima";"118";"BR-116/PR";"Sul";"Choque - Objeto não identificado";1;0;0;0;0;0;0;0;0;0;2;0;0;0;0
"15/03/2012";"06:19:00";"1404";"sem vítima";"116.3";"BR-116/PR";"Norte";"Colisão Transversal";1;0;0;0;0;0;0;0;0;1;2;0;0;0;0
"15/03/2012";"07:42:00";"1413";"sem vítima";"9";"BR-116/SC";"Norte";"Colisão Lateral";1;0;1;0;0;0;0;0;0;0;2;0;0;0;0
"15/03/2012";"08:27:00";"1418";"sem vítima";"134";"BR-116/SC";"Sul";"Choque - Objeto sobre a pista";1;0;0;0;0;0;0;0;0;0;2;0;0;0;0
"15/03/2012";"08:40:00";"1422";"sem vítima";"149";"BR-116/PR";"Sul";"Saida de Pista";1;0;0;0;0;0;0;0;0;0;1;0;0;0;0
"15/03/2012";"08:52:00";"1424";"sem vítima";"197.5";"BR-116/PR";"Sul";"Saida de Pista";0;0;1;0;0;0;0;0;0;0;1;0;0;0;0
"16/03/2012";"02:34:00";"1439";"com vítima";"123.5";"BR-116/PR";"Norte";"Saida de Pista";1;0;0;0;0;0;0;0;0;0;1;1;0;0;0
"16/03/2012";"06:42:00";"1442";"com vítima";"129.3";"BR-116/PR";"Norte";"Colisão Traseira";1;0;0;1;0;0;0;0;0;0;1;0;1;0;0
"16/03/2012";"11:37:00";"1461";"sem vítima";"210";"BR-116/PR";"Sul";"Choque - Objeto sobre a pista";1;0;1;0;0;0;0;0;0;0;2;0;0;0;0
"16/03/2012";"01:00:00";"1463";"sem vítima";"47";"BR-116/SC";"Sul";"Choque - Outros";0;0;1;0;0;0;0;0;0;0;1;0;0;0;0
"16/03/2012";"02:37:00";"1475";"sem vítima";"305.2";"BR-116/SC";"Sul";"Colisão Lateral";1;0;0;0;0;1;0;0;0;0;2;0;0;0;0
"16/03/2012";"04:40:00";"1488";"com vítima";"100";"BR-116/SC";"Norte";"Colisão Lateral";0;0;1;1;0;0;0;0;0;1;1;1;1;0;0
"16/03/2012";"10:07:00";"1505";"sem vítima";"116";"BR-116/SC";"Sul";"Colisão Lateral";0;0;2;0;0;0;0;0;0;0;2;0;0;0;0
"17/03/2012";"12:53:00";"1509";"sem vítima";"210.9";"BR-116/SC";"Sul";"Saida de Pista";1;0;0;0;0;0;0;0;0;0;1;0;0;0;0
"17/03/2012";"12:59:00";"1539";"com vítima";"160.1";"BR-116/PR";"Sul";"Colisão Lateral";0;0;1;1;0;0;0;0;0;0;1;1;0;0;0
"17/03/2012";"02:51:00";"1547";"sem vítima";"134";"BR-116/PR";"Norte";"Objeto lançado contra veículo";0;0;1;0;0;0;0;0;0;0;1;0;0;0;0
"17/03/2012";"08:11:00";"1565";"sem vítima";"195";"BR-116/SC";"Norte";"Atropelamento de Animal";1;0;0;0;0;0;0;0;0;0;2;0;0;0;0
"17/03/2012";"08:21:00";"1568";"sem vítima";"116.9";"BR-116/PR";"Sul";"Capotamento";1;0;0;0;0;0;0;0;0;0;1;0;0;0;0
"18/03/2012";"12:24:00";"1580";"sem vítima";"255";"BR-116/SC";"Sul";"Colisão Lateral";0;0;0;1;0;0;0;0;0;1;2;0;0;0;0
"18/03/2012";"01:48:00";"1605";"sem vítima";"116";"BR-116/SC";"Norte";"Saida de Pista";0;0;1;0;0;0;0;0;0;0;1;0;0;0;0
"18/03/2012";"05:54:00";"1619";"sem vítima";"150.1";"BR-116/PR";"Sul";"Colisão Transversal";2;0;0;0;0;0;0;0;0;0;2;0;0;0;0
"18/03/2012";"06:03:00";"1621";"sem vítima";"162.3";"BR-116/PR";"Sul";"Saida de Pista";1;0;0;0;0;0;0;0;0;0;1;0;0;0;0
"18/03/2012";"06:11:00";"1622";"com vítima";"127";"BR-116/PR";"Norte";"Colisão Lateral";1;0;1;1;0;0;0;0;0;0;4;1;0;0;0
"18/03/2012";"07:01:00";"1627";"com vítima";"125.1";"BR-116/PR";"Sul";"Colisão Traseira";2;0;0;0;0;0;0;0;0;1;5;1;0;0;0
"18/03/2012";"07:15:00";"1632";"com vítima";"123.5";"BR-116/PR";"Norte";"Colisão Traseira";3;0;0;0;0;0;0;0;0;0;4;0;0;2;0
"18/03/2012";"07:36:00";"1634";"com vítima";"129.5";"BR-116/PR";"Sul";"Colisão Transversal";2;0;0;0;0;0;0;0;0;0;3;1;0;0;0
"18/03/2012";"09:19:00";"1643";"sem vítima";"247";"BR-116/SC";"Sul";"Choque - Veiculo parado na pista";2;0;0;0;0;0;0;0;0;0;8;0;0;0;0
"18/03/2012";"11:43:00";"1656";"sem vítima";"123.2";"BR-116/PR";"Norte";"Saida de Pista";1;0;0;0;0;0;0;0;0;0;2;0;0;0;0
"19/03/2012";"05:32:00";"1663";"sem vítima";"108.8";"BR-116/SC";"Norte";"Choque - Objeto sobre a pista";0;0;1;0;0;0;0;0;0;0;1;0;0;0;0
"19/03/2012";"08:48:00";"1670";"sem vítima";"246.3";"BR-116/SC";"Sul";"Saida de Pista";1;0;0;0;0;0;0;0;0;0;1;0;0;0;0
"19/03/2012";"09:57:00";"1675";"sem vítima";"184";"BR-116/SC";"Sul";"Atropelamento de Animal";1;0;0;0;0;0;0;0;0;0;1;0;0;0;0
"19/03/2012";"10:53:00";"1680";"sem vítima";"56.8";"BR-116/SC";"Norte";"Objeto lançado contra veículo";1;0;0;0;0;0;0;0;0;0;1;0;0;0;0
"19/03/2012";"07:41:00";"1701";"sem vítima";"308.2";"BR-116/SC";"Norte";"Colisão Traseira";0;0;1;0;1;0;0;0;0;0;2;0;0;0;0
"19/03/2012";"07:48:00";"1703";"com vítima";"115";"BR-116/SC";"Norte";"Colisão Lateral";1;0;0;1;0;0;0;0;0;0;1;1;0;0;0
"20/03/2012";"06:54:00";"1720";"com vítima";"130";"BR-116/PR";"Sul";"Tombamento";0;0;0;1;0;0;0;0;0;0;0;1;0;0;0
"20/03/2012";"07:52:00";"1727";"com vítima";"251.3";"BR-116/SC";"Norte";"Colisão Frontal";1;0;1;0;0;0;0;0;0;0;2;0;0;1;0
"20/03/2012";"08:12:00";"1729";"sem vítima";"135";"BR-116/SC";"Sul";"Choque - Suporte de Sinalização";0;0;1;0;0;0;0;0;0;0;1;0;0;0;0
"20/03/2012";"09:11:00";"1737";"sem vítima";"115.5";"BR-116/PR";"Norte";"Colisão Lateral";0;0;1;0;0;0;0;0;0;1;3;0;0;0;0
"20/03/2012";"09:52:00";"1739";"sem vítima";"120.4";"BR-116/PR";"Norte";"Engavetamento";2;0;1;0;0;0;0;0;0;0;3;0;0;0;0
"20/03/2012";"10:46:00";"1745";"sem vítima";"58";"BR-116/SC";"Norte";"Choque - Suporte de Sinalização";0;0;2;0;0;0;0;0;0;0;2;0;0;0;0
"20/03/2012";"11:46:00";"1750";"sem vítima";"276.3";"BR-116/SC";"Norte";"Outros";1;0;0;0;0;0;0;0;0;0;2;0;0;0;0
"20/03/2012";"02:24:00";"1760";"sem vítima";"122";"BR-116/SC";"Sul";"Colisão Traseira";1;0;1;0;0;0;0;0;0;0;2;0;0;0;0
"20/03/2012";"03:48:00";"1768";"sem vítima";"125";"BR-116/PR";"Norte";"Choque - Veiculo parado na pista";1;0;1;0;0;0;0;0;0;0;3;0;0;0;0
"20/03/2012";"04:03:00";"1771";"sem vítima";"247.8";"BR-116/SC";"Sul";"Colisão Lateral";0;0;2;0;0;0;0;0;0;0;2;0;0;0;0
"20/03/2012";"04:22:00";"1772";"sem vítima";"115.9";"BR-116/PR";"Sul";"Colisão Transversal";0;0;1;0;0;0;0;0;0;1;2;0;0;0;0
"20/03/2012";"04:25:00";"1773";"sem vítima";"127";"BR-116/SC";"Sul";"Saida de Pista";0;0;1;0;0;0;0;0;0;0;1;0;0;0;0
"21/03/2012";"04:13:00";"1809";"sem vítima";"145.4";"BR-116/PR";"Sul";"Saida de Pista";1;0;0;0;0;0;0;0;0;0;1;0;0;0;0
"21/03/2012";"09:36:00";"1834";"com vítima";"120.9";"BR-116/PR";"Sul";"Colisão Traseira";1;0;1;0;0;0;0;0;0;0;1;1;0;0;0
"21/03/2012";"10:12:00";"1841";"com vítima";"118.9";"BR-116/PR";"Sul";"Colisão Traseira";2;0;0;0;0;0;0;0;0;0;1;1;0;0;0
"21/03/2012";"04:11:00";"1882";"sem vítima";"176";"BR-116/PR";"Norte";"Objeto lançado contra veículo";0;0;1;0;0;0;0;0;0;0;1;0;0;0;0
"21/03/2012";"11:14:00";"1910";"sem vítima";"23.6";"BR-116/SC";"Norte";"Choque - Defensa, barreira ou "submarino"";1;0;0;0;0;0;0;0;0;0;1;0;0;0;0
"22/03/2012";"07:58:00";"1932";"sem vítima";"77.6";"BR-116/SC";"Norte";"Atropelamento de Animal";1;0;0;0;0;0;0;0;0;0;2;0;0;0;0
"22/03/2012";"09:30:00";"1942";"sem vítima";"233";"BR-116/SC";"Sul";"Objeto lançado contra veículo";1;0;0;0;0;0;0;0;0;0;1;0;0;0;0
"22/03/2012";"10:59:00";"1952";"sem vítima";"233";"BR-116/SC";"Sul";"Objeto lançado contra veículo";1;0;0;0;0;0;0;0;0;0;1;0;0;0;0