data;horario;n_da_ocorrencia;tipo_de_ocorrencia;km;trecho;sentido;tipo_de_acidente;automovel;bicicleta;caminhao;moto;onibus;outros;tracao_animal;transporte_de_cargas_especiais;trator_maquinas;utilitarios;ilesos;levemente_feridos;moderadamente_feridos;gravemente_feridos;mortos
"14/04/2012";"08:11:00";"1347";"sem vítima";"117";"BR-116/PR";"Norte";"Colisão Traseira";1;0;0;0;0;1;0;0;0;0;4;0;0;0;0
"15/04/2012";"12:50:00";"1360";"sem vítima";"203";"BR-116/SC";"Sul";"Choque - Objeto sobre a pista";0;0;1;0;0;0;0;0;0;0;1;0;0;0;0
"15/04/2012";"02:13:00";"1362";"sem vítima";"209.8";"BR-116/PR";"Norte";"Saida de Pista";1;0;0;0;0;0;0;0;0;0;1;0;0;0;0
"15/04/2012";"03:05:00";"1363";"com vítima";"116";"BR-116/PR";"Sul";"Queda de Moto";0;0;0;1;0;0;0;0;0;0;0;1;0;0;0
"15/04/2012";"04:09:00";"1366";"sem vítima";"61.4";"BR-116/SC";"Sul";"Atropelamento de Animal";1;0;0;0;0;0;0;0;0;0;1;0;0;0;0
"15/04/2012";"04:13:00";"1367";"com vítima";"206";"BR-116/PR";"Sul";"Colisão Frontal";3;0;0;0;0;0;0;0;0;0;1;5;0;1;0
"15/04/2012";"05:16:00";"1376";"com vítima";"117.6";"BR-116/PR";"Norte";"Queda de Moto";0;0;0;1;0;0;0;0;0;0;1;0;1;0;0
"15/04/2012";"03:31:00";"1412";"sem vítima";"4.5";"BR-116/SC";"Norte";"Colisão Lateral";0;0;1;0;1;0;0;0;0;0;2;0;0;0;0
"15/04/2012";"03:59:00";"1416";"com vítima";"120";"BR-116/PR";"Sul";"Colisão Traseira";1;0;0;1;0;0;0;0;0;0;1;1;0;0;0
"15/04/2012";"06:40:00";"1432";"com vítima";"2.5";"BR-116/SC";"Norte";"Colisão Transversal";2;0;0;0;0;0;0;0;0;0;4;1;0;0;0
"15/04/2012";"06:43:00";"1433";"com vítima";"115.8";"BR-116/PR";"Norte";"Engavetamento";3;0;0;0;0;0;0;0;0;0;5;1;0;0;0
"15/04/2012";"07:22:00";"1435";"com vítima";"72.7";"BR-116/SC";"Sul";"Atropelamento - Andarilho";1;0;0;0;0;0;0;0;0;0;1;0;0;1;0
"15/04/2012";"07:42:00";"1438";"sem vítima";"119.4";"BR-116/PR";"Sul";"Colisão Transversal";1;0;0;1;0;0;0;0;0;0;2;0;0;0;0
"15/04/2012";"09:09:00";"1446";"sem vítima";"165.9";"BR-116/SC";"Norte";"Colisão Traseira";1;0;0;0;0;1;0;0;0;0;7;0;0;0;0
"16/04/2012";"12:25:00";"1454";"com vítima";"190.9";"BR-116/SC";"Norte";"Colisão Traseira";2;0;0;0;0;0;0;0;0;0;7;1;0;0;0
"16/04/2012";"06:14:00";"1462";"com vítima";"122";"BR-116/PR";"Sul";"Atropelamento - Morador";0;0;1;0;0;0;0;0;0;0;1;0;0;0;1
"16/04/2012";"08:26:00";"1465";"sem vítima";"149";"BR-116/PR";"Norte";"Choque - Objeto sobre a pista";1;0;0;0;0;0;0;0;0;0;1;0;0;0;0
"16/04/2012";"11:33:00";"1486";"com vítima";"167";"BR-116/PR";"Sul";"Tombamento";0;0;1;0;0;0;0;0;0;0;0;1;1;1;0
"16/04/2012";"01:10:00";"1496";"sem vítima";"8.5";"BR-116/SC";"Sul";"Colisão Lateral";2;0;0;0;0;0;0;0;0;0;3;0;0;0;0
"16/04/2012";"03:38:00";"1503";"com vítima";"164.5";"BR-116/PR";"Norte";"Colisão Transversal";1;0;0;1;0;0;0;0;0;0;1;1;0;0;0
"16/04/2012";"09:32:00";"1524";"sem vítima";"47.5";"BR-116/SC";"Norte";"Choque - Suporte de Sinalização";0;0;1;0;0;0;0;0;0;0;1;0;0;0;0
"16/04/2012";"10:35:00";"1527";"com vítima";"181.4";"BR-116/SC";"Norte";"Tombamento";0;0;1;0;0;0;0;0;0;0;0;1;0;0;0
"17/04/2012";"03:04:00";"1537";"sem vítima";"150";"BR-116/SC";"Norte";"Atropelamento de Animal";0;0;1;0;0;0;0;0;0;0;1;0;0;0;0
"17/04/2012";"04:10:00";"1539";"sem vítima";"116";"BR-116/PR";"Sul";"Saida de Pista";1;0;0;0;0;0;0;0;0;0;1;0;0;0;0
"17/04/2012";"06:06:00";"1544";"sem vítima";"125.8";"BR-116/PR";"Norte";"Engavetamento";2;0;0;0;1;0;0;0;0;0;92;0;0;0;0
"17/04/2012";"07:21:00";"1548";"sem vítima";"116";"BR-116/PR";"Sul";"Colisão Transversal";1;0;1;0;0;0;0;0;0;0;2;0;0;0;0
"17/04/2012";"07:26:00";"1550";"sem vítima";"128.5";"BR-116/PR";"Sul";"Choque - Veiculo parado na pista";2;0;0;0;0;0;0;0;0;0;2;0;0;0;0
"17/04/2012";"08:29:00";"1552";"com vítima";"122.6";"BR-116/PR";"Norte";"Colisão Lateral";1;0;0;1;0;0;0;0;0;0;2;1;0;0;0
"17/04/2012";"08:50:00";"1554";"sem vítima";"136";"BR-116/PR";"Norte";"Colisão Traseira";2;0;0;0;0;0;0;0;0;0;2;0;0;0;0
"17/04/2012";"03:47:00";"1577";"com vítima";"131.8";"BR-116/PR";"Norte";"Colisão Transversal";2;0;0;0;0;0;0;0;0;0;1;1;0;0;0
"17/04/2012";"05:10:00";"1583";"sem vítima";"117.4";"BR-116/PR";"Sul";"Colisão Lateral";1;0;0;0;1;0;0;0;0;0;71;0;0;0;0
"17/04/2012";"06:07:00";"1589";"sem vítima";"21";"BR-116/SC";"Sul";"Objeto lançado contra veículo";0;0;1;0;0;0;0;0;0;0;1;0;0;0;0
"17/04/2012";"06:57:00";"1597";"sem vítima";"122.1";"BR-116/PR";"Sul";"Colisão Lateral";1;0;1;0;0;0;0;0;0;0;2;0;0;0;0
"17/04/2012";"07:11:00";"1600";"sem vítima";"121.1";"BR-116/PR";"Norte";"Colisão Traseira";2;0;0;0;0;0;0;0;0;0;2;0;0;0;0
"17/04/2012";"08:08:00";"1608";"com vítima";"131.1";"BR-116/PR";"Norte";"Colisão Transversal";2;0;0;0;0;0;0;0;0;0;1;2;0;1;0
"17/04/2012";"08:09:00";"1609";"sem vítima";"26";"BR-116/SC";"Sul";"Choque - Objeto sobre a pista";1;0;0;0;0;0;0;0;0;0;2;0;0;0;0
"18/04/2012";"03:40:00";"1631";"com vítima";"118.4";"BR-116/PR";"Norte";"Colisão Lateral";0;0;0;1;0;1;0;0;0;0;1;1;0;0;0
"18/04/2012";"07:03:00";"1633";"sem vítima";"124.6";"BR-116/PR";"Norte";"Colisão Lateral";1;0;1;0;0;0;0;0;0;0;2;0;0;0;0
"18/04/2012";"07:17:00";"1635";"com vítima";"132";"BR-116/PR";"Sul";"Colisão Transversal";1;0;0;1;0;0;0;0;0;0;2;1;0;0;0
"18/04/2012";"07:21:00";"1636";"sem vítima";"166.9";"BR-116/PR";"Norte";"Colisão Lateral";1;0;1;0;0;0;0;0;0;0;2;0;0;0;0
"18/04/2012";"01:16:00";"1663";"sem vítima";"152";"BR-116/SC";"Norte";"Objeto lançado contra veículo";1;0;0;0;0;0;0;0;0;0;1;0;0;0;0
"18/04/2012";"01:27:00";"1664";"sem vítima";"135.1";"BR-116/SC";"Sul";"Choque - Defensa, barreira ou "submarino"";0;0;1;0;0;0;0;0;0;0;1;0;0;0;0
"18/04/2012";"01:37:00";"1665";"sem vítima";"129";"BR-116/PR";"Sul";"Colisão Lateral";0;0;1;0;1;0;0;0;0;0;61;0;0;0;0
"18/04/2012";"02:15:00";"1668";"sem vítima";"152";"BR-116/SC";"Norte";"Objeto lançado contra veículo";0;0;0;0;0;0;0;0;0;1;1;0;0;0;0
"18/04/2012";"02:38:00";"1671";"sem vítima";"171.1";"BR-116/PR";"Norte";"Tombamento";0;0;1;0;0;0;0;0;0;0;1;0;0;0;0
"18/04/2012";"06:43:00";"1698";"sem vítima";"0.5";"BR-116/SC";"Sul";"Choque - Objeto sobre a pista";0;0;1;0;0;0;0;0;0;0;1;0;0;0;0
"19/04/2012";"12:35:00";"1749";"sem vítima";"204";"BR-116/PR";"Norte";"Colisão Traseira";0;0;1;0;0;0;0;0;0;1;4;0;0;0;0
"19/04/2012";"03:05:00";"1757";"com vítima";"166.2";"BR-116/PR";"Norte";"Colisão Traseira";1;0;1;0;0;0;0;0;0;0;3;1;0;0;0
"19/04/2012";"10:19:00";"1795";"sem vítima";"33.6";"BR-116/SC";"Norte";"Saida de Pista";1;0;0;0;0;0;0;0;0;0;2;0;0;0;0
"19/04/2012";"10:35:00";"1798";"sem vítima";"4.5";"BR-116/SC";"Norte";"Choque - Suporte de Sinalização";0;0;2;0;1;0;0;0;0;0;38;0;0;0;0
"20/04/2012";"02:47:00";"1811";"sem vítima";"234.9";"BR-116/SC";"Norte";"Saida de Pista";1;0;0;0;0;0;0;0;0;0;1;0;0;0;0
"20/04/2012";"12:59:00";"1848";"com vítima";"122.4";"BR-116/PR";"Sul";"Colisão Lateral";1;0;0;1;0;0;0;0;0;0;2;1;0;0;0
"20/04/2012";"01:16:00";"1852";"sem vítima";"204";"BR-116/PR";"Norte";"Objeto lançado contra veículo";1;0;1;0;0;0;0;0;0;0;3;0;0;0;0
"20/04/2012";"01:41:00";"1859";"sem vítima";"129.6";"BR-116/PR";"Norte";"Colisão Transversal";2;0;0;0;0;0;0;0;0;0;2;0;0;0;0
"20/04/2012";"03:56:00";"1874";"com vítima";"131";"BR-116/PR";"Norte";"Colisão Transversal";0;0;1;1;0;0;0;0;0;0;1;0;1;0;0
"20/04/2012";"04:21:00";"1878";"sem vítima";"288";"BR-116/SC";"Sul";"Colisão Traseira";1;0;1;0;0;0;0;0;0;0;2;0;0;0;0
"20/04/2012";"05:32:00";"1886";"com vítima";"152.8";"BR-116/PR";"Norte";"Colisão Lateral";1;0;0;1;0;0;0;0;0;0;1;2;0;0;0
"20/04/2012";"11:01:00";"1915";"sem vítima";"79.3";"BR-116/SC";"Sul";"Choque - Veiculo parado na pista";1;0;0;0;0;0;0;0;0;0;5;0;0;0;0
"21/04/2012";"12:01:00";"1917";"com vítima";"209";"BR-116/PR";"Norte";"Atropelamento - Morador";1;0;0;0;0;0;0;0;0;0;2;0;0;1;0
"21/04/2012";"02:22:00";"1922";"sem vítima";"47.6";"BR-116/SC";"Sul";"Choque - Defensa, barreira ou "submarino"";1;0;0;0;0;0;0;0;0;0;1;0;0;0;0
"21/04/2012";"04:12:00";"1928";"sem vítima";"135.2";"BR-116/PR";"Norte";"Saida de Pista";1;0;0;0;0;0;0;0;0;0;1;0;0;0;0
"21/04/2012";"07:15:00";"1937";"sem vítima";"118";"BR-116/PR";"Sul";"Colisão Lateral";1;0;1;0;0;0;0;0;0;0;2;0;0;0;0
"21/04/2012";"08:50:00";"1944";"sem vítima";"131";"BR-116/PR";"Sul";"Objeto lançado contra veículo";1;0;0;0;0;0;0;0;0;0;1;0;0;0;0
"21/04/2012";"08:59:00";"1946";"com vítima";"113.4";"BR-116/SC";"Sul";"Colisão Frontal";2;0;0;0;0;0;0;0;0;0;1;3;2;2;0
"21/04/2012";"09:32:00";"1949";"sem vítima";"233";"BR-116/SC";"Norte";"Colisão Traseira";1;0;1;0;0;0;0;0;0;0;4;0;0;0;0
"21/04/2012";"09:53:00";"1951";"sem vítima";"150";"BR-116/PR";"Sul";"Colisão Transversal";1;0;1;0;0;0;0;0;0;0;4;0;0;0;0
"21/04/2012";"11:35:00";"1957";"com vítima";"119.4";"BR-116/PR";"Norte";"Engavetamento";2;0;1;0;0;0;0;0;0;0;5;1;1;0;0
"21/04/2012";"11:43:00";"1958";"sem vítima";"125.7";"BR-116/PR";"Sul";"Colisão Transversal";2;0;0;0;0;0;0;0;0;0;2;0;0;0;0
"21/04/2012";"04:47:00";"1984";"com vítima";"117.2";"BR-116/PR";"Norte";"Atropelamento - Usuário";0;0;0;1;0;0;0;0;0;0;0;3;0;0;0
"21/04/2012";"06:59:00";"1993";"sem vítima";"119.3";"BR-116/PR";"Sul";"Colisão Traseira";2;0;0;0;0;1;0;0;0;0;3;0;0;0;0
"21/04/2012";"10:05:00";"2001";"sem vítima";"149.9";"BR-116/PR";"Sul";"Atropelamento de Animal";1;0;0;0;0;0;0;0;0;0;1;0;0;0;0
"22/04/2012";"07:27:00";"2015";"com vítima";"204";"BR-116/SC";"Sul";"Saida de Pista";0;0;1;0;0;0;0;0;0;0;0;0;1;0;0
"22/04/2012";"09:56:00";"2022";"sem vítima";"206";"BR-116/PR";"Sul";"Queda de Moto";0;0;0;1;0;0;0;0;0;0;1;0;0;0;0
"22/04/2012";"12:45:00";"2030";"sem vítima";"204";"BR-116/PR";"Norte";"Colisão Traseira";0;0;2;0;0;0;0;0;0;0;2;0;0;0;0
"22/04/2012";"01:19:00";"2032";"com vítima";"22";"BR-116/SC";"Sul";"Colisão Frontal";1;0;0;0;0;0;0;0;0;1;0;2;0;0;0
"22/04/2012";"02:48:00";"2037";"sem vítima";"256.7";"BR-116/SC";"Sul";"Colisão Traseira";2;0;0;0;0;0;0;0;0;0;5;0;0;0;0
"22/04/2012";"08:46:00";"2072";"sem vítima";"122";"BR-116/PR";"Norte";"Objeto lançado contra veículo";1;0;0;0;0;0;0;0;0;0;1;0;0;0;0
"22/04/2012";"10:00:00";"2077";"sem vítima";"172";"BR-116/PR";"Sul";"Atropelamento de Animal";1;0;0;0;0;0;0;0;0;0;3;0;0;0;0
"23/04/2012";"12:28:00";"2086";"sem vítima";"4.5";"BR-116/SC";"Sul";"Choque - Defensa, barreira ou "submarino"";1;0;0;0;0;0;0;0;0;0;1;0;0;0;0
"23/04/2012";"10:15:00";"2099";"sem vítima";"204";"BR-116/PR";"Norte";"Objeto lançado contra veículo";1;0;0;0;0;0;0;0;0;0;2;0;0;0;0
"23/04/2012";"07:39:00";"2137";"sem vítima";"131.1";"BR-116/PR";"Sul";"Choque - Defensa, barreira ou "submarino"";1;0;0;0;0;0;0;0;0;0;3;0;0;0;0
"24/04/2012";"05:19:00";"2189";"com vítima";"6.9";"BR-116/SC";"Norte";"Colisão Transversal";1;0;0;1;0;0;0;0;0;0;1;0;1;0;0
"24/04/2012";"10:50:00";"2219";"sem vítima";"215";"BR-116/SC";"Sul";"Choque - Talude";1;0;0;0;0;0;0;0;0;0;1;0;0;0;0
"25/04/2012";"12:08:00";"2224";"sem vítima";"116.3";"BR-116/SC";"Sul";"Saida de Pista";0;0;1;0;0;0;0;0;0;0;1;0;0;0;0
"25/04/2012";"10:36:00";"2251";"sem vítima";"120.5";"BR-116/PR";"Sul";;2;0;0;0;0;0;0;0;0;0;2;0;0;0;0
"25/04/2012";"03:52:00";"2275";"sem vítima";"152.3";"BR-116/PR";"Sul";"Colisão Transversal";1;0;0;0;0;0;0;0;0;1;3;0;0;0;0
"25/04/2012";"04:14:00";"2276";"sem vítima";"258";"BR-116/SC";"Norte";"Colisão Traseira";1;0;1;0;0;0;0;0;0;0;2;0;0;0;0
"25/04/2012";"09:09:00";"2301";"com vítima";"126.3";"BR-116/PR";"Sul";"Choque - Veiculo parado na pista";1;0;1;0;0;0;0;0;0;0;1;1;0;0;0
"25/04/2012";"11:45:00";"2313";"com vítima";"118.8";"BR-116/PR";"Norte";"Colisão Traseira";3;0;0;0;0;0;0;0;0;0;3;1;0;0;0
"26/04/2012";"01:46:00";"2318";"sem vítima";"103";"BR-116/SC";"Norte";"Saida de Pista";0;0;0;0;1;0;0;0;0;0;5;0;0;0;0
"26/04/2012";"05:25:00";"2325";"com vítima";"124.8";"BR-116/PR";"Sul";"Choque - Defensa, barreira ou "submarino"";1;0;0;0;0;0;0;0;0;0;0;1;0;0;0
"26/04/2012";"06:28:00";"2329";"com vítima";"159.3";"BR-116/PR";"Norte";"Saida de Pista";1;0;0;0;0;0;0;0;0;0;2;1;0;0;0
"26/04/2012";"09:13:00";"2343";"com vítima";"203.3";"BR-116/SC";"Sul";"Saida de Pista";0;0;1;0;0;0;0;0;0;0;1;1;0;0;0
"26/04/2012";"01:43:00";"2367";"sem vítima";"117.8";"BR-116/PR";"Sul";"Colisão Traseira";0;0;1;0;0;1;0;0;0;0;2;0;0;0;0
"26/04/2012";"03:25:00";"2372";"com vítima";"13.2";"BR-116/SC";"Norte";"Saida de Pista";1;0;0;0;0;0;0;0;0;0;1;0;1;1;0
"26/04/2012";"04:10:00";"2376";"sem vítima";"132.9";"BR-116/PR";"Norte";"Choque - Veiculo parado no acostamento";0;0;0;0;0;1;0;0;0;1;2;0;0;0;0
"26/04/2012";"04:33:00";"2377";"sem vítima";"203";"BR-116/SC";"Sul";"Choque - Veiculo parado na pista";0;0;2;0;0;0;0;0;0;0;2;0;0;0;0
"26/04/2012";"06:12:00";"2389";"sem vítima";"140.9";"BR-116/PR";"Norte";"Colisão Transversal";2;0;0;0;0;0;0;0;0;0;2;0;0;0;0
"26/04/2012";"08:53:00";"2401";"sem vítima";"12";"BR-116/SC";"Sul";"Atropelamento de Animal";1;0;0;0;0;0;0;0;0;0;1;0;0;0;0
"26/04/2012";"09:31:00";"2407";"sem vítima";"107.7";"BR-116/SC";"Sul";"Saida de Pista";1;0;0;0;0;0;0;0;0;0;1;0;0;0;0
"27/04/2012";"01:44:00";"2420";"sem vítima";"135.5";"BR-116/PR";"Norte";"Choque - Objeto sobre a pista";1;0;0;0;0;0;0;0;0;0;1;0;0;0;0
"27/04/2012";"05:53:00";"2430";"sem vítima";"126";"BR-116/PR";"Norte";"Colisão Traseira";2;0;0;0;0;0;0;0;0;0;3;0;0;0;0
"27/04/2012";"06:27:00";"2431";"com vítima";"124";"BR-116/PR";"Norte";"Colisão Lateral";1;0;0;1;0;0;0;0;0;0;2;1;0;0;0
"27/04/2012";"06:46:00";"2432";"sem vítima";"128.1";"BR-116/SC";"Sul";"Colisão Transversal";1;0;0;0;0;0;0;0;0;1;2;0;0;0;0
"27/04/2012";"10:06:00";"2449";"com vítima";"135";"BR-116/SC";"Sul";"Saida de Pista";0;0;1;0;0;0;0;0;0;0;1;1;0;0;0
"27/04/2012";"03:36:00";"2469";"sem vítima";"120";"BR-116/PR";"Sul";"Colisão Traseira";2;0;0;0;0;0;0;0;0;0;2;0;0;0;0
"27/04/2012";"05:47:00";"2482";"sem vítima";"191";"BR-116/PR";"Sul";"Colisão Traseira";1;0;1;0;0;0;0;0;0;0;2;0;0;0;0
"27/04/2012";"07:22:00";"2488";"sem vítima";"133.8";"BR-116/PR";"Norte";"Colisão Lateral";1;0;0;0;0;1;0;0;0;0;2;0;0;0;0
"27/04/2012";"07:31:00";"2491";"sem vítima";"205";"BR-116/PR";"Sul";"Colisão Lateral";0;0;2;0;0;1;0;0;0;0;3;0;0;0;0
"27/04/2012";"11:18:00";"2505";"sem vítima";"141";"BR-116/PR";"Norte";"Objeto lançado contra veículo";1;0;0;0;0;0;0;0;0;0;2;0;0;0;0
"27/04/2012";"11:36:00";"2507";"sem vítima";"204";"BR-116/PR";"Norte";"Choque - Suporte de Sinalização";0;0;1;0;0;0;0;0;0;0;1;0;0;0;0
"28/04/2012";"12:19:00";"2511";"com vítima";"118.2";"BR-116/PR";"Norte";"Atropelamento - Morador";0;0;0;0;0;1;0;0;0;0;1;1;0;0;0
"28/04/2012";"01:16:00";"2513";"sem vítima";"1";"BR-116/SC";"Norte";"Choque - Defensa, barreira ou "submarino"";1;0;0;0;0;0;0;0;0;0;2;0;0;0;0
"28/04/2012";"02:19:00";"2518";"com vítima";"258.3";"BR-116/SC";"Sul";"Colisão Frontal";1;0;1;0;0;0;0;0;0;0;1;3;0;0;0
"28/04/2012";"08:35:00";"2531";"sem vítima";"245.6";"BR-116/SC";"Norte";"Saida de Pista";1;0;0;0;0;0;0;0;0;0;1;0;0;0;0
"28/04/2012";"08:56:00";"2535";"sem vítima";"118";"BR-116/PR";"Norte";"Colisão Lateral";2;0;0;0;0;0;0;0;0;0;2;0;0;0;0
"28/04/2012";"09:11:00";"2536";"sem vítima";"117.8";"BR-116/SC";"Sul";"Colisão Transversal";1;0;1;0;0;0;0;0;0;0;2;0;0;0;0
"28/04/2012";"09:35:00";"2537";"sem vítima";"104";"BR-116/SC";"Sul";"Saida de Pista";1;0;0;0;0;0;0;0;0;0;1;0;0;0;0
"28/04/2012";"11:39:00";"2543";"sem vítima";"12.3";"BR-116/SC";"Sul";"Colisão Transversal";2;0;0;0;0;0;0;0;0;0;3;0;0;0;0
"28/04/2012";"01:45:00";"2560";"com vítima";"147.5";"BR-116/PR";"Sul";"Colisão Frontal";1;0;1;0;0;0;0;0;0;0;2;0;0;0;1
"28/04/2012";"02:27:00";"2565";"com vítima";"221";"BR-116/SC";"Norte";"Colisão Transversal";2;0;0;0;0;0;0;0;0;0;2;1;2;0;0
"28/04/2012";"04:31:00";"2577";"sem vítima";"43.1";"BR-116/SC";"Sul";"Saida de Pista";1;0;0;0;0;0;0;0;0;0;1;0;0;0;0
"28/04/2012";"08:08:00";"2601";"sem vítima";"166.8";"BR-116/PR";"Norte";"Colisão Lateral";2;0;0;0;0;1;0;0;0;0;4;0;0;0;0
"29/04/2012";"03:12:00";"2666";"com vítima";"206";"BR-116/SC";"Norte";"Saida de Pista";1;0;0;0;0;0;0;0;0;0;0;0;1;0;0
"29/04/2012";"07:52:00";"2692";"com vítima";"152.7";"BR-116/PR";"Sul";"Colisão Transversal";1;0;0;1;0;0;0;0;0;0;1;2;0;0;0
"29/04/2012";"11:02:00";"2703";"sem vítima";"49";"BR-116/SC";"Norte";"Objeto lançado contra veículo";0;0;1;0;0;0;0;0;0;0;3;0;0;0;0
"29/04/2012";"11:43:00";"2704";"sem vítima";"49";"BR-116/SC";"Norte";"Objeto lançado contra veículo";0;0;1;0;0;0;0;0;0;0;1;0;0;0;0
"30/04/2012";"08:54:00";"2719";"sem vítima";"196";"BR-116/PR";"Sul";"Objeto lançado contra veículo";1;0;0;0;0;0;0;0;0;0;1;0;0;0;0
"30/04/2012";"05:35:00";"2753";"sem vítima";"234.8";"BR-116/SC";"Norte";"Tombamento";0;0;1;0;0;0;0;0;0;0;1;0;0;0;0
"30/04/2012";"06:22:00";"2756";"sem vítima";"119";"BR-116/PR";"Sul";"Colisão Traseira";1;0;1;0;0;1;0;0;0;0;4;0;0;0;0
"30/04/2012";"06:33:00";"2759";"sem vítima";"82";"BR-116/SC";"Norte";"Choque - Veiculo parado na pista";0;0;2;0;0;0;0;0;0;0;2;0;0;0;0
"30/04/2012";"06:37:00";"2760";"sem vítima";"153.7";"BR-116/PR";"Norte";"Colisão Lateral";1;0;0;0;0;0;0;0;0;1;8;0;0;0;0
"01/05/2012";"07:23:00";"8";"com vítima";"180";"BR-116/PR";"Norte";"Colisão Lateral";1;0;2;0;0;0;0;0;0;1;4;0;3;0;0
"01/05/2012";"11:43:00";"16";"com vítima";"200.5";"BR-116/PR";"Sul";"Colisão Traseira";1;0;1;0;0;0;0;0;0;0;5;0;1;0;0
"01/05/2012";"04:40:00";"38";"sem vítima";"136.3";"BR-116/PR";"Norte";"Colisão Traseira";2;0;0;0;0;0;0;0;0;0;2;0;0;0;0
"01/05/2012";"04:41:00";"39";"sem vítima";"176";"BR-116/SC";"Norte";"Queda de Moto";0;0;0;1;0;0;0;0;0;0;1;0;0;0;0
"01/05/2012";"06:38:00";"53";"sem vítima";"143.3";"BR-116/PR";"Sul";"Colisão Traseira";1;0;1;0;0;0;0;0;0;0;2;0;0;0;0
"02/05/2012";"06:41:00";"71";"sem vítima";"128.9";"BR-116/PR";"Norte";"Choque - Defensa, barreira ou "submarino"";1;0;0;0;0;0;0;0;0;0;1;0;0;0;0
"02/05/2012";"12:31:00";"99";"sem vítima";"129";"BR-116/SC";"Norte";"Objeto lançado contra veículo";1;0;0;0;0;0;0;0;0;0;1;0;0;0;0
"02/05/2012";"12:45:00";"100";"com vítima";"209.1";"BR-116/PR";"Sul";"Colisão Transversal";0;0;0;1;0;1;0;0;0;0;1;1;0;0;0
"03/05/2012";"07:27:00";"159";"sem vítima";"124.7";"BR-116/PR";"Norte";"Colisão Lateral";1;0;0;1;0;0;0;0;0;0;5;0;0;0;0
"03/05/2012";"11:00:00";"176";"sem vítima";"224";"BR-116/SC";"Sul";"Objeto lançado contra veículo";0;0;0;0;0;0;0;0;0;1;2;0;0;0;0
"03/05/2012";"02:17:00";"192";"sem vítima";"195";"BR-116/SC";"Sul";"Objeto lançado contra veículo";1;0;0;0;0;0;0;0;0;0;1;0;0;0;0
"03/05/2012";"06:04:00";"208";"sem vítima";"134.7";"BR-116/PR";"Sul";"Colisão Lateral";1;0;1;0;0;0;0;0;0;0;4;0;0;0;0
"03/05/2012";"07:47:00";"218";"com vítima";"52.4";"BR-116/SC";"Sul";"Colisão Transversal";1;0;1;0;0;0;0;0;0;0;1;2;0;0;0
"03/05/2012";"11:40:00";"231";"com vítima";"165.634";"BR-116/PR";"Norte";"Colisão Frontal";2;0;0;0;0;0;0;0;0;0;1;0;2;0;3
"04/05/2012";"04:24:00";"240";"sem vítima";"1.2";"BR-116/SC";"Sul";"Choque - Defensa, barreira ou "submarino"";1;0;0;0;0;0;0;0;0;0;4;0;0;0;0
"04/05/2012";"06:47:00";"243";"sem vítima";"155.9";"BR-116/PR";"Norte";"Saida de Pista";0;0;1;0;0;0;0;0;0;0;1;0;0;0;0
"04/05/2012";"11:20:00";"261";"sem vítima";"25";"BR-116/SC";"Sul";"Colisão Traseira";1;0;1;0;0;0;0;0;0;0;2;0;0;0;0
"04/05/2012";"12:53:00";"269";"sem vítima";"129.5";"BR-116/PR";"Sul";"Colisão Lateral";1;0;0;0;1;0;0;0;0;0;42;0;0;0;0
"04/05/2012";"05:56:00";"288";"com vítima";"4.5";"BR-116/SC";"Sul";"Colisão Transversal";0;0;0;1;0;1;0;0;0;0;1;1;0;0;0
"04/05/2012";"08:26:00";"300";"sem vítima";"135";"BR-116/PR";"Sul";"Engavetamento";3;0;0;0;0;0;0;0;0;0;6;0;0;0;0
"05/05/2012";"01:08:00";"311";"sem vítima";"106.5";"BR-116/SC";"Norte";"Saida de Pista";0;0;1;0;0;0;0;0;0;0;1;0;0;0;0
"05/05/2012";"08:29:00";"324";"com vítima";"168.8";"BR-116/PR";"Norte";"Colisão Transversal";1;0;0;1;0;0;0;0;0;0;1;1;0;0;0
"05/05/2012";"10:08:00";"331";"sem vítima";"138";"BR-116/SC";"Norte";"Colisão Traseira";0;0;2;0;0;0;0;0;0;0;2;0;0;0;0
"05/05/2012";"10:24:00";"333";"com vítima";"131.05";"BR-116/PR";"Norte";"Colisão Transversal";2;0;0;0;0;0;0;0;0;0;3;1;0;0;0
"05/05/2012";"11:04:00";"336";"sem vítima";"128.7";"BR-116/PR";"Sul";"Choque - Veiculo parado na pista";3;0;0;0;0;0;0;0;0;0;3;0;0;0;0
"05/05/2012";"11:16:00";"337";"com vítima";"156.6";"BR-116/SC";"Norte";"Saida de Pista";0;0;0;1;0;0;0;0;0;0;0;0;1;0;0
"05/05/2012";"03:09:00";"352";"sem vítima";"122.2";"BR-116/PR";"Norte";"Colisão Transversal";2;0;0;0;0;0;0;0;0;0;5;0;0;0;0
"05/05/2012";"03:27:00";"353";"com vítima";"136";"BR-116/PR";"Sul";"Queda de Moto";0;0;0;1;0;0;0;0;0;0;0;1;0;0;0
"05/05/2012";"05:37:00";"364";"sem vítima";"129.4";"BR-116/PR";"Sul";"Colisão Transversal";2;0;0;0;0;0;0;0;0;0;3;0;0;0;0