data;horario;n_da_ocorrencia;tipo_de_ocorrencia;km;trecho;sentido;tipo_de_acidente;automovel;bicicleta;caminhao;moto;onibus;outros;tracao_animal;transporte_de_cargas_especiais;trator_maquinas;utilitarios;ilesos;levemente_feridos;moderadamente_feridos;gravemente_feridos;mortos
"28/05/2012";"12:51:00";"2282";"com vítima";"115.2";"BR-116/PR";"Norte";"Saida de Pista";1;0;0;0;0;0;0;0;0;0;0;0;0;0;1
"28/05/2012";"06:51:00";"2292";"sem vítima";"123.5";"BR-116/PR";"Sul";"Colisão Lateral";1;0;0;1;0;0;0;0;0;0;2;0;0;0;0
"28/05/2012";"12:16:00";"2305";"sem vítima";"190";"BR-116/SC";"Norte";"Colisão Traseira";2;0;0;0;0;0;0;0;0;0;2;0;0;0;0
"28/05/2012";"04:33:00";"2322";"sem vítima";"134";"BR-116/PR";"Norte";"Choque - Veiculo parado na pista";1;0;1;0;0;0;0;0;0;0;2;0;0;0;0
"28/05/2012";"06:58:00";"2335";"com vítima";"122.4";"BR-116/PR";"Norte";"Colisão Lateral";1;0;0;1;0;0;0;0;0;0;2;1;0;0;0
"29/05/2012";"09:03:00";"2373";"com vítima";"172";"BR-116/SC";"Sul";"Tombamento";0;0;1;0;0;0;0;0;0;0;0;0;0;1;0
"29/05/2012";"06:08:00";"2420";"sem vítima";"23.8";"BR-116/SC";"Norte";"Capotamento";0;0;1;0;0;0;0;0;0;0;1;0;0;0;0
"29/05/2012";"07:50:00";"2428";"com vítima";"172.9";"BR-116/PR";"Sul";"Atropelamento de Animal";0;0;0;0;0;0;0;0;0;1;0;1;0;0;0
"29/05/2012";"09:44:00";"2437";"sem vítima";"181.4";"BR-116/SC";"Norte";"Capotamento";0;0;1;0;0;0;0;0;0;0;3;0;0;0;0
"30/05/2012";"05:01:00";"2447";"sem vítima";"184.3";"BR-116/SC";"Norte";"Tombamento";0;0;1;0;0;0;0;0;0;0;1;0;0;0;0
"30/05/2012";"08:02:00";"2457";"sem vítima";"124";"BR-116/PR";"Norte";"Colisão Traseira";1;0;1;0;0;0;0;0;0;0;2;0;0;0;0
"30/05/2012";"10:25:00";"2478";"sem vítima";"132.3";"BR-116/PR";"Sul";"Objeto lançado contra veículo";1;0;0;0;0;0;0;0;0;0;2;0;0;0;0
"30/05/2012";"12:56:00";"2488";"com vítima";"118.3";"BR-116/PR";"Norte";"Colisão Transversal";0;0;0;1;0;1;0;0;0;0;1;1;0;0;0
"30/05/2012";"08:34:00";"2526";"sem vítima";"126";"BR-116/PR";"Sul";"Saida de Pista";1;0;0;0;0;0;0;0;0;0;1;0;0;0;0
"30/05/2012";"09:11:00";"2531";"sem vítima";"144";"BR-116/SC";"Norte";"Objeto lançado contra veículo";0;0;1;0;0;0;0;0;0;0;1;0;0;0;0
"30/05/2012";"10:49:00";"2537";"sem vítima";"195.5";"BR-116/PR";"Sul";"Saida de Pista";0;0;1;0;0;0;0;0;0;0;1;0;0;0;0
"31/05/2012";"05:33:00";"2549";"com vítima";"120.9";"BR-116/PR";"Norte";"Colisão Traseira";0;0;2;0;0;0;0;0;0;0;1;1;0;0;0
"31/05/2012";"06:59:00";"2554";"com vítima";"155";"BR-116/SC";"Norte";"Tombamento";0;0;1;0;0;0;0;0;0;0;0;0;0;1;0
"31/05/2012";"02:48:00";"2592";"sem vítima";"131";"BR-116/PR";"Norte";"Choque - Objeto sobre a pista";0;0;1;0;0;0;0;0;0;0;1;0;0;0;0
"31/05/2012";"02:48:00";"2591";"sem vítima";"131";"BR-116/PR";"Norte";"Choque - Objeto sobre a pista";0;0;1;0;0;0;0;0;0;0;1;0;0;0;0
"31/05/2012";"04:21:00";"2601";"sem vítima";"130";"BR-116/PR";"Sul";"Colisão Lateral";0;0;1;0;0;0;0;0;0;1;2;0;0;0;0
"31/05/2012";"04:36:00";"2602";"sem vítima";"104.3";"BR-116/SC";"Sul";"Engavetamento";1;0;3;0;0;0;0;0;0;0;4;0;0;0;0
"01/06/2012";"02:10:00";"3";"com vítima";"2.5";"BR-116/SC";"Sul";"Capotamento";1;0;0;0;0;0;0;0;0;0;0;1;0;0;0
"01/06/2012";"07:14:00";"59";"sem vítima";"83";"BR-116/SC";"Norte";"Atropelamento de Animal";1;0;0;0;0;0;0;0;0;0;1;0;0;0;0
"01/06/2012";"07:19:00";"62";"sem vítima";"256.5";"BR-116/SC";"Sul";"Atropelamento de Animal";1;0;0;0;0;0;0;0;0;0;2;0;0;0;0
"01/06/2012";"09:47:00";"73";"sem vítima";"117.5";"BR-116/PR";"Sul";"Colisão Traseira";1;0;1;0;0;0;0;0;0;0;3;0;0;0;0
"02/06/2012";"01:33:00";"85";"sem vítima";"258.3";"BR-116/SC";"Norte";"Saida de Pista";1;0;0;0;0;0;0;0;0;0;2;0;0;0;0
"02/06/2012";"03:56:00";"88";"sem vítima";"115.3";"BR-116/PR";"Sul";"Saida de Pista";0;0;0;0;0;0;0;0;0;1;1;0;0;0;0
"02/06/2012";"09:03:00";"104";"sem vítima";"156";"BR-116/PR";"Sul";"Atropelamento de Animal";1;0;0;0;0;0;0;0;0;0;3;0;0;0;0
"02/06/2012";"01:52:00";"120";"com vítima";"133.6";"BR-116/PR";"Sul";"Choque - Talude";0;0;0;0;0;0;0;0;0;1;1;1;0;0;0
"02/06/2012";"02:14:00";"122";"sem vítima";"12.3";"BR-116/SC";"Norte";"Colisão Transversal";2;0;0;0;0;0;0;0;0;0;3;0;0;0;0
"02/06/2012";"03:25:00";"127";"sem vítima";"129.2";"BR-116/PR";"Sul";"Colisão Traseira";1;0;0;0;0;0;0;0;0;1;4;0;0;0;0
"02/06/2012";"06:40:00";"144";"com vítima";"121.9";"BR-116/PR";"Sul";"Colisão Traseira";2;0;0;0;0;0;0;0;0;0;4;1;0;0;0
"02/06/2012";"08:21:00";"153";"com vítima";"167.8";"BR-116/SC";"Norte";"Saida de Pista";1;0;0;0;0;0;0;0;0;0;2;1;0;0;0
"03/06/2012";"11:05:00";"199";"com vítima";"123.8";"BR-116/PR";"Sul";"Engavetamento";2;0;1;0;0;1;0;0;0;0;8;1;0;0;0
"03/06/2012";"11:49:00";"202";"com vítima";"207.9";"BR-116/PR";"Sul";"Atropelamento - Morador";1;0;0;0;0;0;0;0;0;0;3;1;0;0;0
"03/06/2012";"11:59:00";"203";"sem vítima";"120";"BR-116/PR";"Sul";"Engavetamento";2;0;0;0;0;0;0;0;0;1;6;0;0;0;0
"03/06/2012";"12:17:00";"204";"com vítima";"173";"BR-116/SC";"Sul";"Capotamento";1;0;0;0;0;0;0;0;0;0;1;1;0;0;0
"03/06/2012";"12:29:00";"205";"sem vítima";"119.5";"BR-116/PR";"Sul";"Engavetamento";2;0;0;0;0;0;0;0;0;1;5;0;0;0;0
"03/06/2012";"01:29:00";"210";"sem vítima";"276.8";"BR-116/SC";"Norte";"Choque - Poste";0;0;1;0;0;0;0;0;0;0;1;0;0;0;0
"03/06/2012";"02:20:00";"216";"sem vítima";"191.5";"BR-116/SC";"Norte";"Colisão Traseira";2;0;0;0;0;0;0;0;0;0;6;0;0;0;0
"03/06/2012";"02:48:00";"217";"sem vítima";"135";"BR-116/PR";"Sul";"Colisão Traseira";2;0;0;0;0;0;0;0;0;0;5;0;0;0;0
"03/06/2012";"03:55:00";"223";"com vítima";"221.2";"BR-116/SC";"Norte";"Colisão Transversal";2;0;0;0;0;0;0;0;0;0;1;2;3;0;3
"03/06/2012";"07:11:00";"235";"sem vítima";"164.8";"BR-116/SC";"Norte";"Colisão Traseira";1;0;0;0;1;0;0;0;0;0;20;0;0;0;0
"03/06/2012";"07:37:00";"239";"sem vítima";"124";"BR-116/PR";"Norte";"Engavetamento";1;0;0;0;0;1;0;0;0;1;3;0;0;0;0
"04/06/2012";"07:44:00";"273";"sem vítima";"18.4";"BR-116/SC";"Sul";"Colisão Transversal";2;0;0;0;0;0;0;0;0;0;2;0;0;0;0
"04/06/2012";"10:17:00";"285";"sem vítima";"159";"BR-116/PR";"Sul";"Saida de Pista";1;0;0;0;0;0;0;0;0;0;2;0;0;0;0
"04/06/2012";"12:56:00";"293";"sem vítima";"128";"BR-116/PR";"Norte";"Colisão Traseira";2;0;0;0;0;0;0;0;0;0;2;0;0;0;0
"04/06/2012";"03:09:00";"305";"com vítima";"125.8";"BR-116/PR";"Sul";"Colisão Traseira";0;0;0;2;0;0;0;0;0;0;0;2;0;0;0
"04/06/2012";"05:36:00";"324";"sem vítima";"200.3";"BR-116/PR";"Norte";"Colisão Lateral";0;0;1;0;0;1;0;0;0;0;2;0;0;0;0
"04/06/2012";"06:58:00";"327";"sem vítima";"200.3";"BR-116/PR";"Norte";"Saida de Pista";1;0;0;0;0;0;0;0;0;0;1;0;0;0;0
"04/06/2012";"07:42:00";"330";"com vítima";"202.1";"BR-116/SC";"Sul";"Colisão Lateral";0;0;2;0;0;0;0;0;0;0;1;1;0;0;0
"04/06/2012";"09:26:00";"334";"sem vítima";"202";"BR-116/SC";"Sul";"Choque - Objeto sobre a pista";0;0;1;0;0;0;0;0;0;0;2;0;0;0;0
"05/06/2012";"04:03:00";"354";"sem vítima";"119.4";"BR-116/PR";"Norte";"Tombamento";0;0;1;0;0;0;0;0;0;0;1;0;0;0;0
"05/06/2012";"10:57:00";"380";"sem vítima";"127.5";"BR-116/PR";"Sul";"Colisão Transversal";0;0;1;0;0;0;0;0;0;1;2;0;0;0;0
"05/06/2012";"11:02:00";"382";"sem vítima";"128";"BR-116/PR";"Sul";"Atropelamento - Ciclista";1;1;0;0;0;0;0;0;0;0;2;0;0;0;0
"05/06/2012";"11:22:00";"384";"sem vítima";"199.8";"BR-116/SC";"Sul";"Atropelamento de Animal";0;0;1;0;0;0;0;0;0;0;1;0;0;0;0
"05/06/2012";"01:27:00";"388";"sem vítima";"210.5";"BR-116/PR";"Sul";"Atropelamento de Animal";1;0;0;0;0;0;0;0;0;0;1;0;0;0;0
"05/06/2012";"03:37:00";"400";"sem vítima";"128.2";"BR-116/PR";"Norte";"Colisão Traseira";0;0;1;0;0;0;0;0;0;1;2;0;0;0;0
"05/06/2012";"06:00:00";"410";"com vítima";"118.1";"BR-116/PR";"Sul";"Colisão Transversal";0;0;1;1;0;0;0;0;0;0;1;0;1;0;0
"06/06/2012";"12:16:00";"433";"sem vítima";"179.9";"BR-116/PR";"Norte";"Tombamento";0;0;1;0;0;0;0;0;0;0;1;0;0;0;0
"06/06/2012";"07:13:00";"447";"sem vítima";"151.3";"BR-116/PR";"Norte";"Saida de Pista";0;0;1;0;0;1;0;0;0;0;2;0;0;0;0
"06/06/2012";"07:45:00";"448";"sem vítima";"150.5";"BR-116/PR";"Sul";"Choque - Veiculo parado na pista";0;0;2;0;0;0;0;0;0;0;2;0;0;0;0
"06/06/2012";"08:24:00";"451";"sem vítima";"191";"BR-116/SC";"Sul";"Choque - Talude";0;0;1;0;0;0;0;0;0;0;1;0;0;0;0
"06/06/2012";"08:49:00";"452";"sem vítima";"181.3";"BR-116/SC";"Norte";"Tombamento";0;0;1;0;0;0;0;0;0;0;1;0;0;0;0
"06/06/2012";"12:22:00";"468";"com vítima";"126.4";"BR-116/PR";"Sul";"Colisão Traseira";1;0;1;0;0;0;0;0;0;0;1;1;0;0;0
"06/06/2012";"04:46:00";"484";"sem vítima";"191.6";"BR-116/SC";"Sul";"Colisão Traseira";2;0;0;0;0;0;0;0;0;0;5;0;0;0;0
"06/06/2012";"08:03:00";"512";"com vítima";"129.2";"BR-116/PR";"Norte";"Colisão Transversal";1;0;0;0;0;1;0;0;0;0;4;2;0;0;0
"07/06/2012";"05:49:00";"534";"sem vítima";"283.5";"BR-116/SC";"Sul";"Colisão Traseira";1;0;0;0;0;1;0;0;0;0;3;0;0;0;0
"07/06/2012";"11:20:00";"554";"sem vítima";"82";"BR-116/SC";"Norte";"Choque - Cancela de Pedagio";0;0;1;0;0;0;0;0;0;0;1;0;0;0;0
"07/06/2012";"02:17:00";"568";"sem vítima";"194";"BR-116/PR";"Sul";"Saida de Pista";0;0;1;0;0;0;0;0;0;0;1;0;0;0;0
"07/06/2012";"03:39:00";"571";"sem vítima";"188.009";"BR-116/SC";"Norte";"Colisão Traseira";2;0;0;0;0;0;0;0;0;0;6;0;0;0;0
"07/06/2012";"03:53:00";"572";"sem vítima";"19";"BR-116/SC";"Norte";"Saida de Pista";1;0;0;0;0;0;0;0;0;0;1;0;0;0;0
"07/06/2012";"06:31:00";"593";"sem vítima";"122.1";"BR-116/PR";"Sul";"Saida de Pista";1;0;0;0;0;0;0;0;0;0;1;0;0;0;0
"07/06/2012";"07:02:00";"594";"sem vítima";"165";"BR-116/SC";"Norte";"Atropelamento de Animal";1;0;0;0;0;0;0;0;0;0;3;0;0;0;0
"07/06/2012";"07:10:00";"595";"sem vítima";"191.6";"BR-116/SC";"Sul";"Colisão Traseira";2;0;0;0;0;0;0;0;0;0;6;0;0;0;0
"07/06/2012";"07:14:00";"596";"sem vítima";"152.4";"BR-116/PR";"Sul";"Colisão Transversal";2;0;0;0;0;0;0;0;0;0;5;0;0;0;0
"07/06/2012";"08:14:00";"611";"sem vítima";"67";"BR-116/SC";"Sul";"Atropelamento de Animal";1;0;0;0;0;0;0;0;0;0;1;0;0;0;0
"07/06/2012";"10:09:00";"616";"sem vítima";"161.5";"BR-116/SC";"Sul";"Choque - Objeto sobre a pista";1;0;0;0;0;0;0;0;0;0;1;0;0;0;0
"07/06/2012";"11:52:00";"619";"sem vítima";"125.8";"BR-116/PR";"Sul";"Colisão Lateral";1;0;1;0;0;0;0;0;0;0;4;0;0;0;0
"08/06/2012";"10:21:00";"648";"sem vítima";"125.8";"BR-116/PR";"Norte";"Choque - Veiculo parado na pista";1;0;1;0;0;0;0;0;0;0;3;0;0;0;0
"08/06/2012";"01:50:00";"656";"sem vítima";"215.7";"BR-116/SC";"Norte";"Saida de Pista";1;0;0;0;0;0;0;0;0;0;1;0;0;0;0
"08/06/2012";"03:53:00";"665";"sem vítima";"117.2";"BR-116/PR";"Sul";"Colisão Traseira";1;0;1;0;0;0;0;0;0;0;4;0;0;0;0
"08/06/2012";"07:26:00";"674";"sem vítima";"122.3";"BR-116/PR";"Sul";"Colisão Traseira";2;0;0;0;0;0;0;0;0;0;2;0;0;0;0
"09/06/2012";"12:38:00";"692";"sem vítima";"136.5";"BR-116/PR";"Norte";"Colisão Transversal";0;0;2;0;0;0;0;0;0;0;2;0;0;0;0
"09/06/2012";"02:37:00";"695";"sem vítima";"179.8";"BR-116/SC";"Norte";"Colisão Transversal";0;0;1;0;0;0;0;0;0;1;3;0;0;0;0
"09/06/2012";"05:45:00";"697";"sem vítima";"129.8";"BR-116/PR";"Sul";"Choque - Defensa, barreira ou "submarino"";1;0;0;0;0;0;0;0;0;0;6;0;0;0;0
"09/06/2012";"04:05:00";"730";"sem vítima";"126.1";"BR-116/PR";"Sul";"Engavetamento";3;0;0;0;0;0;0;0;0;0;8;0;0;0;0
"09/06/2012";"06:22:00";"744";"com vítima";"122";"BR-116/PR";"Sul";"Colisão Traseira";0;0;0;0;0;0;0;0;0;2;5;1;0;0;0
"09/06/2012";"07:17:00";"749";"sem vítima";"99";"BR-116/SC";"Sul";"Colisão Lateral";1;0;1;0;0;0;0;0;0;0;3;0;0;0;0
"10/06/2012";"12:05:00";"769";"com vítima";"116.2";"BR-116/PR";"Norte";"Saida de Pista";1;0;0;0;0;0;0;0;0;0;1;1;0;0;0
"10/06/2012";"01:40:00";"772";"sem vítima";"247.2";"BR-116/SC";"Sul";"Saida de Pista";1;0;0;0;0;0;0;0;0;0;5;0;0;0;0
"10/06/2012";"05:39:00";"783";"com vítima";"118.4";"BR-116/PR";"Norte";"Colisão Frontal";1;0;1;0;0;0;0;0;0;0;1;0;0;0;1
"10/06/2012";"02:11:00";"803";"sem vítima";"135.1";"BR-116/PR";"Sul";"Colisão Traseira";1;0;0;0;0;1;0;0;0;0;5;0;0;0;0
"10/06/2012";"02:48:00";"805";"com vítima";"122.3";"BR-116/PR";"Sul";"Colisão Transversal";3;0;0;0;0;0;0;0;0;0;5;2;0;0;0
"10/06/2012";"04:56:00";"817";"com vítima";"119.4";"BR-116/PR";"Sul";"Colisão Transversal";1;0;0;1;0;0;0;0;0;0;1;0;1;0;0
"10/06/2012";"05:45:00";"827";"sem vítima";"141.1";"BR-116/PR";"Norte";"Colisão Traseira";2;0;0;0;0;0;0;0;0;0;6;0;0;0;0
"10/06/2012";"06:06:00";"830";"sem vítima";"153.2";"BR-116/PR";"Sul";"Colisão Traseira";2;0;0;0;0;0;0;0;0;0;9;0;0;0;0
"10/06/2012";"07:35:00";"844";"sem vítima";"124";"BR-116/PR";"Norte";"Engavetamento";2;0;0;0;0;1;0;0;0;0;6;0;0;0;0
"10/06/2012";"07:49:00";"846";"sem vítima";"135";"BR-116/PR";"Sul";"Choque - Veiculo parado na pista";2;0;0;0;0;0;0;0;0;0;2;0;0;0;0
"10/06/2012";"10:09:00";"859";"com vítima";"142.9";"BR-116/SC";"Norte";"Colisão Lateral";2;0;0;0;0;0;0;0;0;0;1;2;0;1;0
"11/06/2012";"06:10:00";"875";"sem vítima";"197.5";"BR-116/PR";"Sul";"Choque - Talude";1;0;0;0;0;0;0;0;0;0;1;0;0;0;0
"11/06/2012";"06:20:00";"876";"sem vítima";"197.55";"BR-116/PR";"Sul";"Saida de Pista";1;0;0;0;0;0;0;0;0;0;4;0;0;0;0
"11/06/2012";"06:36:00";"877";"com vítima";"197.4";"BR-116/PR";"Norte";"Colisão Frontal";2;0;0;0;0;0;0;0;0;0;1;0;4;0;0
"11/06/2012";"09:04:00";"888";"sem vítima";"115.8";"BR-116/PR";"Sul";"Colisão Traseira";2;0;0;0;0;0;0;0;0;0;2;0;0;0;0
"11/06/2012";"09:37:00";"894";"sem vítima";"132";"BR-116/PR";"Sul";"Objeto lançado contra veículo";1;0;0;0;0;0;0;0;0;0;1;0;0;0;0
"11/06/2012";"01:00:00";"916";"sem vítima";"135.4";"BR-116/PR";"Norte";"Colisão Traseira";1;0;0;0;0;1;0;0;0;0;3;0;0;0;0
"11/06/2012";"02:38:00";"925";"sem vítima";"154";"BR-116/SC";"Norte";"Objeto lançado contra veículo";0;0;0;0;0;0;0;0;0;1;1;0;0;0;0
"11/06/2012";"03:47:00";"932";"sem vítima";"165.6";"BR-116/PR";"Norte";"Colisão Lateral";0;0;0;1;0;1;0;0;0;0;2;0;0;0;0
"11/06/2012";"06:04:00";"942";"sem vítima";"127.4";"BR-116/PR";"Sul";"Colisão Lateral";1;0;0;0;0;0;0;0;0;0;1;0;0;0;0
"11/06/2012";"06:31:00";"947";"com vítima";"13.1";"BR-116/SC";"Sul";"Saida de Pista";0;0;0;1;0;0;0;0;0;0;0;1;0;0;0
"11/06/2012";"11:28:00";"977";"sem vítima";"179.6";"BR-116/SC";"Norte";"Objeto lançado contra veículo";0;0;1;0;0;0;0;0;0;0;1;0;0;0;0
"12/06/2012";"07:13:00";"988";"sem vítima";"133";"BR-116/PR";"Sul";"Choque - Objeto sobre a pista";1;0;0;0;0;0;0;0;0;0;1;0;0;0;0
"12/06/2012";"06:19:00";"1033";"com vítima";"7.05";"BR-116/SC";"Sul";"Colisão Transversal";1;0;1;0;0;0;0;0;0;0;1;0;0;1;0
"12/06/2012";"06:36:00";"1036";"com vítima";"115.8";"BR-116/PR";"Sul";"Choque - Veiculo parado na pista";1;0;0;1;0;0;0;0;0;0;1;1;0;0;0
"12/06/2012";"06:55:00";"1038";"sem vítima";"206";"BR-116/PR";"Norte";"Colisão Lateral";1;0;0;0;0;0;0;0;0;1;2;0;0;0;0
"13/06/2012";"08:44:00";"1074";"sem vítima";"160.2";"BR-116/PR";"Norte";"Queda de Moto";0;0;0;1;0;0;0;0;0;0;1;0;0;0;0
"13/06/2012";"10:30:00";"1083";"sem vítima";"161";"BR-116/SC";"Sul";"Saida de Pista";1;0;0;0;0;0;0;0;0;0;1;0;0;0;0
"13/06/2012";"02:42:00";"1099";"com vítima";"158.3";"BR-116/PR";"Sul";"Choque - Veiculo parado na pista";0;0;1;0;1;0;0;0;0;0;2;2;1;0;1
"13/06/2012";"05:15:00";"1117";"sem vítima";"140.4";"BR-116/PR";"Norte";"Colisão Traseira";1;0;0;0;0;0;0;0;0;1;2;0;0;0;0
"13/06/2012";"09:48:00";"1137";"sem vítima";"124.7";"BR-116/PR";"Sul";"Colisão Transversal";1;0;0;0;1;0;0;0;0;0;2;0;0;0;0
"14/06/2012";"11:00:00";"1187";"com vítima";"3";"BR-116/SC";"Norte";"Choque - Objeto sobre a pista";1;0;0;0;0;0;0;0;0;0;2;1;0;0;0
"14/06/2012";"12:50:00";"1196";"sem vítima";"125";"BR-116/SC";"Norte";"Objeto lançado contra veículo";1;0;0;0;0;0;0;0;0;0;1;0;0;0;0
"14/06/2012";"08:14:00";"1238";"com vítima";"142";"BR-116/PR";"Sul";"Colisão Lateral";1;0;0;1;0;0;0;0;0;0;1;0;1;0;0
"14/06/2012";"11:05:00";"1244";"com vítima";"140.6";"BR-116/SC";"Sul";"Choque - Poste";1;0;0;0;0;0;0;0;0;0;1;1;0;1;0
"14/06/2012";"11:13:00";"1245";"sem vítima";"78";"BR-116/SC";"Sul";"Saida de Pista";1;0;0;0;0;0;0;0;0;0;1;0;0;0;0
"15/06/2012";"01:30:00";"1247";"com vítima";"181.5";"BR-116/PR";"Sul";"Saida de Pista";1;0;0;0;0;0;0;0;0;0;0;1;1;0;0
"15/06/2012";"09:01:00";"1267";"sem vítima";"161.3";"BR-116/PR";"Norte";"Colisão Traseira";2;0;0;0;0;0;0;0;0;0;2;0;0;0;0
"15/06/2012";"04:40:00";"1311";"com vítima";"135.5";"BR-116/PR";"Sul";"Colisão Transversal";1;0;0;1;0;0;0;0;0;0;1;1;0;0;0
"15/06/2012";"05:01:00";"1314";"sem vítima";"121.9";"BR-116/PR";"Sul";"Colisão Traseira";1;0;0;0;0;1;0;0;0;0;3;0;0;0;0
"15/06/2012";"05:29:00";"1315";"sem vítima";"173";"BR-116/SC";"Sul";"Choque - Talude";0;0;1;0;0;0;0;0;0;0;3;0;0;0;0
"15/06/2012";"05:34:00";"1316";"sem vítima";"124.2";"BR-116/PR";"Norte";"Colisão Traseira";2;0;0;0;0;0;0;0;0;0;2;0;0;0;0
"15/06/2012";"05:44:00";"1317";"com vítima";"120";"BR-116/PR";"Sul";"Colisão Transversal";1;0;0;1;0;0;0;0;0;0;4;1;0;0;0
"15/06/2012";"10:24:00";"1342";"com vítima";"160.7";"BR-116/PR";"Norte";"Saida de Pista";0;0;0;1;0;0;0;0;0;0;0;0;1;0;0
"16/06/2012";"07:45:00";"1356";"sem vítima";"124";"BR-116/PR";"Norte";"Colisão Traseira";1;0;1;0;0;0;0;0;0;0;6;0;0;0;0
"16/06/2012";"08:24:00";"1360";"sem vítima";"176.6";"BR-116/PR";"Sul";"Colisão Transversal";1;0;0;0;0;0;0;0;0;1;2;0;0;0;0
"16/06/2012";"02:53:00";"1399";"com vítima";"5.7";"BR-116/SC";"Norte";"Colisão Lateral";0;0;1;0;0;1;0;0;0;0;2;2;0;0;0
"16/06/2012";"03:21:00";"1402";"sem vítima";"157";"BR-116/SC";"Sul";"Saida de Pista";1;0;0;0;0;0;0;0;0;0;3;0;0;0;0
"16/06/2012";"03:41:00";"1404";"sem vítima";"42";"BR-116/SC";"Norte";"Queda de Moto";0;0;0;1;0;0;0;0;0;0;1;0;0;0;0
"16/06/2012";"11:26:00";"1443";"sem vítima";"177.5";"BR-116/PR";"Norte";"Saida de Pista";1;0;0;0;0;0;0;0;0;0;1;0;0;0;0
"16/06/2012";"11:38:00";"1444";"sem vítima";"142";"BR-116/PR";"Sul";"Objeto lançado contra veículo";1;0;0;0;0;0;0;0;0;0;2;0;0;0;0
"17/06/2012";"02:18:00";"1451";"sem vítima";"127.2";"BR-116/PR";"Sul";"Saida de Pista";1;0;0;0;0;0;0;0;0;0;2;0;0;0;0
"17/06/2012";"06:46:00";"1455";"sem vítima";"118";"BR-116/SC";"Sul";"Colisão Lateral";2;0;0;0;0;0;0;0;0;0;2;0;0;0;0
"17/06/2012";"12:47:00";"1474";"sem vítima";"4.5";"BR-116/SC";"Norte";"Choque - Defensa, barreira ou "submarino"";1;0;0;0;0;0;0;0;0;0;1;0;0;0;0
"17/06/2012";"01:15:00";"1476";"sem vítima";"233";"BR-116/SC";"Norte";"Choque - Veiculo parado na pista";1;0;1;0;0;0;0;0;0;0;2;0;0;0;0
"17/06/2012";"01:22:00";"1477";"sem vítima";"211.7";"BR-116/SC";"Sul";"Saida de Pista";1;0;0;0;0;0;0;0;0;0;1;0;0;0;0
"17/06/2012";"03:47:00";"1486";"sem vítima";"191";"BR-116/SC";"Sul";"Choque - Suporte de Sinalização";0;0;1;0;0;0;0;0;0;0;1;0;0;0;0
"17/06/2012";"05:39:00";"1496";"sem vítima";"135.1";"BR-116/PR";"Sul";"Engavetamento";3;0;0;0;0;0;0;0;0;0;4;0;0;0;0
"17/06/2012";"06:37:00";"1500";"sem vítima";"118";"BR-116/PR";"Sul";"Colisão Traseira";4;0;0;0;0;0;0;0;0;0;5;0;0;0;0
"17/06/2012";"06:43:00";"1501";"com vítima";"149.5";"BR-116/PR";"Norte";"Colisão Frontal";1;0;1;0;0;0;0;0;0;0;1;0;0;0;1
"17/06/2012";"06:52:00";"1503";"sem vítima";"118.5";"BR-116/PR";"Sul";"Colisão Traseira";2;0;0;0;0;0;0;0;0;0;3;0;0;0;0
"17/06/2012";"07:19:00";"1506";"sem vítima";"125.9";"BR-116/PR";"Norte";"Colisão Transversal";2;0;0;0;0;0;0;0;0;0;2;0;0;0;0
"18/06/2012";"02:09:00";"1530";"sem vítima";"123.3";"BR-116/PR";"Norte";"Saida de Pista";1;0;0;0;0;0;0;0;0;0;2;0;0;0;0
"18/06/2012";"07:40:00";"1541";"sem vítima";"295";"BR-116/SC";"Sul";"Choque - Objeto sobre a pista";1;0;0;0;0;0;0;0;0;0;1;0;0;0;0
"18/06/2012";"12:48:00";"1561";"com vítima";"266";"BR-116/SC";"Sul";"Saida de Pista";1;0;0;0;0;0;0;0;0;0;0;2;0;1;0
"18/06/2012";"02:37:00";"1567";"sem vítima";"134.8";"BR-116/SC";"Sul";"Colisão Traseira";0;0;2;0;0;0;0;0;0;0;2;0;0;0;0
"18/06/2012";"06:29:00";"1582";"com vítima";"150.85";"BR-116/PR";"Sul";"Choque - Veiculo parado no acostamento";1;0;0;1;0;0;0;0;0;0;1;1;0;0;0
"19/06/2012";"07:00:00";"1602";"sem vítima";"129";"BR-116/PR";"Norte";"Choque - Objeto sobre a pista";1;0;0;0;0;0;0;0;0;0;1;0;0;0;0
"19/06/2012";"07:43:00";"1604";"sem vítima";"135.4";"BR-116/PR";"Norte";"Colisão Traseira";2;0;0;0;0;0;0;0;0;0;4;0;0;0;0
"19/06/2012";"10:37:00";"1622";"com vítima";"191";"BR-116/SC";"Sul";"Colisão Traseira";3;0;1;0;0;0;0;0;0;1;7;3;0;0;0
"19/06/2012";"11:34:00";"1626";"sem vítima";"129";"BR-116/PR";"Sul";"Choque - Objeto sobre a pista";1;0;0;0;0;0;0;0;0;0;1;0;0;0;0
"19/06/2012";"01:15:00";"1635";"com vítima";"25.5";"BR-116/SC";"Sul";"Colisão Traseira";1;0;0;0;0;0;0;0;0;1;3;1;0;0;0
"19/06/2012";"01:56:00";"1638";"sem vítima";"184";"BR-116/PR";"Sul";"Objeto lançado contra veículo";1;0;0;0;0;0;0;0;0;0;1;0;0;0;0