data;horario;n_da_ocorrencia;tipo_de_ocorrencia;km;trecho;sentido;tipo_de_acidente;automovel;bicicleta;caminhao;moto;onibus;outros;tracao_animal;transporte_de_cargas_especiais;trator_maquinas;utilitarios;ilesos;levemente_feridos;moderadamente_feridos;gravemente_feridos;mortos
"19/06/2012";"04:12:00";"1653";"sem vítima";"236.7";"BR-116/SC";"Norte";"Saida de Pista";0;0;0;0;0;0;0;0;0;1;1;0;0;0;0
"19/06/2012";"06:38:00";"1670";"sem vítima";"115.5";"BR-116/PR";"Norte";"Colisão Lateral";1;0;1;0;0;0;0;0;0;0;2;0;0;0;0
"20/06/2012";"01:03:00";"1686";"sem vítima";"129";"BR-116/PR";"Norte";"Colisão Lateral";1;0;1;0;0;0;0;0;0;0;2;0;0;0;0
"20/06/2012";"02:53:00";"1720";"sem vítima";"254.7";"BR-116/SC";"Norte";"Choque - Poste";0;0;0;0;0;0;0;0;0;1;2;0;0;0;0
"20/06/2012";"04:27:00";"1729";"sem vítima";"262.5";"BR-116/SC";"Norte";"Saida de Pista";1;0;0;0;0;0;0;0;0;0;2;0;0;0;0
"20/06/2012";"05:01:00";"1734";"sem vítima";"117.4";"BR-116/PR";"Sul";"Colisão Traseira";2;0;0;0;0;0;0;0;0;0;2;0;0;0;0
"20/06/2012";"06:55:00";"1748";"sem vítima";"41";"BR-116/SC";"Sul";"Colisão Lateral";0;0;1;0;0;1;0;0;0;0;2;0;0;0;0
"20/06/2012";"10:39:00";"1757";"sem vítima";"211";"BR-116/PR";"Norte";"Choque - Defensa, barreira ou "submarino"";1;0;0;0;0;0;0;0;0;0;1;0;0;0;0
"21/06/2012";"05:34:00";"1774";"sem vítima";"111.4";"BR-116/SC";"Norte";"Saida de Pista";1;0;0;0;0;0;0;0;0;0;1;0;0;0;0
"21/06/2012";"10:06:00";"1792";"sem vítima";"124.2";"BR-116/PR";"Norte";"Colisão Traseira";2;0;0;0;0;0;0;0;0;0;3;0;0;0;0
"21/06/2012";"07:19:00";"1833";"sem vítima";"117.3";"BR-116/PR";"Sul";"Colisão Lateral";1;0;1;0;0;0;0;0;0;0;2;0;0;0;0
"22/06/2012";"12:12:00";"1847";"sem vítima";"126.2";"BR-116/PR";"Sul";"Colisão Traseira";1;0;0;1;0;0;0;0;0;0;2;0;0;0;0
"22/06/2012";"08:16:00";"1863";"sem vítima";"134.4";"BR-116/PR";"Sul";"Choque - Suporte de Sinalização";1;0;0;0;0;0;0;0;0;0;1;0;0;0;0
"22/06/2012";"11:05:00";"1880";"sem vítima";"99";"BR-116/SC";"Norte";"Colisão Transversal";1;0;1;0;0;0;0;0;0;0;2;0;0;0;0
"22/06/2012";"12:21:00";"1886";"com vítima";"210.7";"BR-116/PR";"Norte";"Colisão Transversal";2;0;0;0;0;0;0;0;0;0;2;1;0;0;0
"22/06/2012";"12:31:00";"1887";"com vítima";"117.3";"BR-116/PR";"Norte";"Colisão Lateral";3;0;0;0;0;0;0;0;0;0;2;0;1;0;0
"22/06/2012";"03:11:00";"1896";"sem vítima";"278";"BR-116/SC";"Sul";"Objeto lançado contra veículo";0;0;1;0;0;0;0;0;0;0;1;0;0;0;0
"22/06/2012";"04:56:00";"1908";"sem vítima";"218.4";"BR-116/SC";"Sul";"Atropelamento de Animal";1;0;0;0;0;0;0;0;0;0;1;0;0;0;0
"22/06/2012";"05:26:00";"1916";"sem vítima";"122.1";"BR-116/PR";"Sul";"Colisão Transversal";1;0;0;1;0;0;0;0;0;0;3;0;0;0;0
"23/06/2012";"07:43:00";"1957";"com vítima";"126.3";"BR-116/PR";"Norte";"Choque - Veiculo parado na pista";1;0;0;0;1;0;0;0;0;0;47;1;0;0;0
"23/06/2012";"11:12:00";"1977";"com vítima";"153.8";"BR-116/PR";"Norte";"Colisão Transversal";2;0;0;0;0;0;0;0;0;0;3;1;0;0;0
"23/06/2012";"12:06:00";"1983";"sem vítima";"119.4";"BR-116/PR";"Sul";"Colisão Transversal";1;0;1;0;0;0;0;0;0;0;4;0;0;0;0
"23/06/2012";"02:46:00";"2003";"com vítima";"152";"BR-116/PR";"Norte";"Atropelamento - Morador";0;0;0;1;0;0;0;0;0;0;1;1;0;0;0
"23/06/2012";"06:29:00";"2018";"com vítima";"219";"BR-116/SC";"Norte";"Atropelamento - Morador";0;0;0;0;0;1;0;0;0;0;1;1;0;0;0
"23/06/2012";"09:30:00";"2028";"sem vítima";"180.9";"BR-116/SC";"Sul";"Saida de Pista";0;0;0;1;0;0;0;0;0;0;2;0;0;0;0
"23/06/2012";"11:26:00";"2034";"com vítima";"53.5";"BR-116/SC";"Sul";"Choque - Defensa, barreira ou "submarino"";0;0;0;1;0;0;0;0;0;0;0;2;0;0;0
"24/06/2012";"06:33:00";"2050";"com vítima";"34";"BR-116/SC";"Norte";"Colisão Lateral";1;0;1;0;0;0;0;0;0;0;1;1;0;0;0
"24/06/2012";"09:50:00";"2067";"sem vítima";"169.2";"BR-116/SC";"Sul";"Colisão Lateral";1;0;1;0;0;0;0;0;0;0;2;0;0;0;0
"24/06/2012";"03:14:00";"2088";"sem vítima";"134";"BR-116/PR";"Sul";"Choque - Veiculo parado na pista";2;0;0;0;0;0;0;0;0;0;2;0;0;0;0
"24/06/2012";"03:52:00";"2089";"com vítima";"124.3";"BR-116/PR";"Norte";"Colisão Traseira";3;0;0;0;0;0;0;0;0;0;6;2;0;0;0
"24/06/2012";"05:18:00";"2096";"sem vítima";"127.5";"BR-116/PR";"Sul";"Colisão Transversal";2;0;0;0;0;0;0;0;0;0;6;0;0;0;0
"24/06/2012";"08:39:00";"2117";"com vítima";"140.3";"BR-116/PR";"Norte";"Colisão Transversal";2;0;0;0;0;0;0;0;0;0;0;0;2;0;1
"24/06/2012";"10:15:00";"2124";"sem vítima";"138.1";"BR-116/SC";"Norte";"Colisão Traseira";2;0;0;0;0;0;0;0;0;0;7;0;0;0;0
"25/06/2012";"03:37:00";"2135";"sem vítima";"125.8";"BR-116/PR";"Norte";"Colisão Transversal";0;0;0;2;0;0;0;0;0;0;3;0;0;0;0
"25/06/2012";"06:07:00";"2140";"sem vítima";"246.5";"BR-116/SC";"Sul";"Atropelamento de Animal";1;0;0;0;0;0;0;0;0;0;1;0;0;0;0
"25/06/2012";"07:19:00";"2144";"com vítima";"119.4";"BR-116/PR";"Norte";"Queda de Moto";0;0;0;1;0;0;0;0;0;0;0;1;0;0;0
"25/06/2012";"07:26:00";"2147";"com vítima";"120.2";"BR-116/PR";"Sul";"Colisão Frontal";0;0;1;1;0;0;0;0;0;0;1;0;0;0;1
"25/06/2012";"08:09:00";"2150";"com vítima";"183";"BR-116/PR";"Norte";"Colisão Lateral";1;0;2;0;0;0;0;0;0;0;3;2;0;0;0
"25/06/2012";"09:26:00";"2162";"com vítima";"121";"BR-116/PR";"Norte";"Queda de Moto";0;0;0;1;0;0;0;0;0;0;0;1;0;0;0
"25/06/2012";"02:19:00";"2197";"com vítima";"141.6";"BR-116/PR";"Norte";"Queda de Moto";0;0;0;1;0;0;0;0;0;0;0;1;0;0;0
"25/06/2012";"07:45:00";"2235";"sem vítima";"101.7";"BR-116/SC";"Norte";"Saida de Pista";0;0;1;0;0;0;0;0;0;0;3;0;0;0;0
"25/06/2012";"09:21:00";"2245";"sem vítima";"135.1";"BR-116/PR";"Sul";"Choque - Veiculo parado na pista";0;0;2;0;0;0;0;0;0;0;2;0;0;0;0
"25/06/2012";"09:46:00";"2247";"sem vítima";"196.8";"BR-116/PR";"Norte";"Colisão Traseira";0;0;2;0;0;0;0;0;0;0;2;0;0;0;0
"25/06/2012";"10:55:00";"2251";"sem vítima";"155";"BR-116/PR";"Sul";"Choque - Objeto sobre a pista";1;0;0;0;0;0;0;0;0;0;3;0;0;0;0
"26/06/2012";"07:18:00";"2261";"sem vítima";"119";"BR-116/PR";"Sul";"Colisão Transversal";1;0;0;0;0;0;0;0;0;1;2;0;0;0;0
"26/06/2012";"09:22:00";"2268";"sem vítima";"130";"BR-116/PR";"Sul";"Objeto lançado contra veículo";1;0;0;0;0;0;0;0;0;0;1;0;0;0;0
"26/06/2012";"05:58:00";"2317";"sem vítima";"170";"BR-116/SC";"Sul";"Objeto lançado contra veículo";0;0;0;0;0;0;0;0;0;1;1;0;0;0;0
"26/06/2012";"06:45:00";"2322";"com vítima";"133.295";"BR-116/PR";"Sul";"Atropelamento - Usuário";1;0;0;0;0;0;0;0;0;0;1;0;0;0;1
"26/06/2012";"07:03:00";"2324";"com vítima";"67.9";"BR-116/SC";"Sul";"Saida de Pista";1;0;0;0;0;0;0;0;0;0;0;3;0;0;0
"26/06/2012";"08:15:00";"2328";"com vítima";"308.7";"BR-116/SC";"Norte";"Tombamento";0;0;1;0;0;0;0;0;0;0;0;1;0;0;0
"27/06/2012";"05:31:00";"2353";"sem vítima";"115";"BR-116/PR";"Norte";"Colisão Traseira";3;0;0;0;0;0;0;0;0;0;3;0;0;0;0
"27/06/2012";"06:18:00";"2354";"sem vítima";"115.5";"BR-116/PR";"Norte";"Colisão Lateral";1;0;0;0;0;1;0;0;0;0;2;0;0;0;0
"27/06/2012";"06:54:00";"2356";"com vítima";"115.4";"BR-116/PR";"Norte";"Colisão Frontal";0;1;0;0;0;0;0;0;0;1;1;0;0;0;1
"27/06/2012";"07:36:00";"2358";"sem vítima";"119";"BR-116/PR";"Norte";"Colisão Transversal";1;0;0;1;0;0;0;0;0;0;2;0;0;0;0
"27/06/2012";"07:48:00";"2361";"com vítima";"58.7";"BR-116/SC";"Norte";"Colisão Traseira";0;0;1;1;0;0;0;0;0;0;1;0;1;0;0
"27/06/2012";"08:36:00";"2365";"sem vítima";"129.6";"BR-116/PR";"Norte";"Colisão Transversal";2;0;0;0;0;0;0;0;0;0;5;0;0;0;0
"27/06/2012";"10:53:00";"2368";"sem vítima";"131.1";"BR-116/PR";"Sul";"Choque - Veiculo parado na pista";1;0;1;0;0;0;0;0;0;0;2;0;0;0;0
"27/06/2012";"04:15:00";"2390";"sem vítima";"12.3";"BR-116/SC";"Sul";"Colisão Transversal";1;0;1;0;0;0;0;0;0;0;5;0;0;0;0
"28/06/2012";"02:15:00";"2424";"sem vítima";"137.5";"BR-116/SC";"Sul";"Choque - Defensa, barreira ou "submarino"";0;0;0;0;0;0;0;0;0;1;1;0;0;0;0
"28/06/2012";"11:06:00";"2443";"com vítima";"131.8";"BR-116/PR";"Norte";"Colisão Transversal";0;0;1;0;0;0;0;0;0;1;2;10;0;0;0
"28/06/2012";"03:20:00";"2458";"sem vítima";"19.4";"BR-116/SC";"Sul";"Colisão Traseira";1;0;0;0;0;0;0;0;0;1;2;0;0;0;0
"28/06/2012";"05:40:00";"2475";"sem vítima";"245.6";"BR-116/SC";"Sul";"Colisão Transversal";2;0;0;0;0;0;0;0;0;0;2;0;0;0;0
"29/06/2012";"09:21:00";"2511";"com vítima";"7";"BR-116/SC";"Sul";"Colisão Transversal";0;0;2;0;0;0;0;0;0;0;1;0;1;0;0
"29/06/2012";"12:57:00";"2524";"sem vítima";"268";"BR-116/SC";"Sul";"Saida de Pista";0;0;0;0;1;0;0;0;0;0;1;0;0;0;0
"29/06/2012";"01:26:00";"2525";"sem vítima";"163";"BR-116/SC";"Sul";"Atropelamento de Animal";1;0;0;0;0;0;0;0;0;0;1;0;0;0;0
"29/06/2012";"02:58:00";"2532";"sem vítima";"115";"BR-116/PR";"Sul";"Choque - Veiculo parado na pista";3;0;0;0;0;0;0;0;0;0;3;0;0;0;0
"29/06/2012";"03:51:00";"2537";"com vítima";"118.1";"BR-116/PR";"Sul";"Colisão Transversal";0;0;0;1;0;0;0;0;0;1;1;1;0;0;0
"29/06/2012";"05:25:00";"2544";"com vítima";"154.9";"BR-116/SC";"Norte";"Choque - Defensa, barreira ou "submarino"";2;0;1;0;0;0;0;0;0;0;0;0;1;0;5
"29/06/2012";"05:46:00";"2548";"com vítima";"210.5";"BR-116/PR";"Sul";"Colisão Lateral";1;0;0;1;0;0;0;0;0;0;2;1;0;0;0
"29/06/2012";"07:12:00";"2558";"sem vítima";"106";"BR-116/SC";"Sul";"Choque - Objeto sobre a pista";1;0;0;0;0;0;0;0;0;0;5;0;0;0;0
"29/06/2012";"09:49:00";"2568";"sem vítima";"119.8";"BR-116/PR";"Sul";"Colisão Traseira";2;0;0;0;0;0;0;0;0;0;2;0;0;0;0
"30/06/2012";"08:23:00";"2596";"com vítima";"241";"BR-116/SC";"Sul";"Colisão Frontal";1;0;2;0;0;0;0;0;0;0;5;0;1;0;0
"30/06/2012";"08:32:00";"2597";"sem vítima";"123.7";"BR-116/PR";"Sul";"Colisão Lateral";0;0;0;0;0;1;0;0;0;1;2;0;0;0;0
"30/06/2012";"09:17:00";"2600";"com vítima";"147.3";"BR-116/PR";"Norte";"Queda de Moto";0;0;0;1;0;0;0;0;0;0;0;1;0;0;0
"30/06/2012";"09:53:00";"2602";"com vítima";"185.7";"BR-116/PR";"Norte";"Colisão Lateral";0;0;2;0;0;0;0;0;0;0;0;1;0;1;0
"30/06/2012";"11:52:00";"2616";"sem vítima";"42";"BR-116/SC";"Sul";"Choque - Objeto sobre a pista";0;0;1;0;0;0;0;0;0;0;1;0;0;0;0
"30/06/2012";"01:53:00";"2624";"com vítima";"238.9";"BR-116/SC";"Norte";"Colisão Transversal";1;1;0;0;0;0;0;0;0;0;1;1;0;0;0
"30/06/2012";"03:54:00";"2633";"sem vítima";"185";"BR-116/PR";"Sul";"Choque - Objeto sobre a pista";1;0;0;0;0;0;0;0;0;0;1;0;0;0;0
"30/06/2012";"03:54:00";"2632";"sem vítima";"204";"BR-116/PR";"Sul";"Choque - Objeto sobre a pista";1;0;0;0;0;0;0;0;0;0;1;0;0;0;0
"30/06/2012";"04:27:00";"2637";"sem vítima";"193";"BR-116/PR";"Sul";"Objeto lançado contra veículo";1;0;0;0;0;0;0;0;0;0;1;0;0;0;0
"30/06/2012";"04:56:00";"2642";"com vítima";"49.7";"BR-116/SC";"Norte";"Saida de Pista";1;0;0;0;0;0;0;0;0;0;0;1;0;0;0
"01/07/2012";"01:56:00";"2";"sem vítima";"69";"BR-116/SC";"Norte";"Choque - Poste";0;0;1;0;0;0;0;0;0;0;1;0;0;0;0
"01/07/2012";"02:07:00";"3";"sem vítima";"204";"BR-116/PR";"Sul";"Choque - Suporte de Sinalização";0;0;1;0;0;0;0;0;0;0;1;0;0;0;0
"01/07/2012";"08:05:00";"16";"sem vítima";"145.4";"BR-116/PR";"Sul";"Colisão Traseira";2;0;0;0;0;0;0;0;0;0;4;0;0;0;0
"01/07/2012";"12:01:00";"34";"sem vítima";"190";"BR-116/SC";"Sul";"Saida de Pista";1;0;0;0;0;0;0;0;0;0;1;0;0;0;0
"01/07/2012";"03:01:00";"45";"sem vítima";"124.5";"BR-116/PR";"Norte";"Engavetamento";3;0;0;0;0;0;0;0;0;0;7;0;0;0;0
"01/07/2012";"04:06:00";"50";"sem vítima";"180.5";"BR-116/PR";"Sul";"Choque - Objeto sobre a pista";1;0;0;0;0;0;0;0;0;0;3;0;0;0;0
"01/07/2012";"06:42:00";"74";"com vítima";"66.5";"BR-116/SC";"Norte";"Atropelamento - Morador";1;0;0;0;0;0;0;0;0;0;1;0;0;0;1
"02/07/2012";"08:36:00";"99";"sem vítima";"115.1";"BR-116/PR";"Norte";"Engavetamento";3;0;0;0;0;0;0;0;0;0;5;0;0;0;0
"02/07/2012";"08:36:00";"100";"sem vítima";"146";"BR-116/PR";"Norte";"Atropelamento de Animal";1;0;0;0;0;0;0;0;0;0;1;0;0;0;0
"02/07/2012";"05:22:00";"145";"sem vítima";"146.8";"BR-116/PR";"Norte";"Capotamento";1;0;0;0;0;0;0;0;0;0;2;0;0;0;0
"02/07/2012";"05:28:00";"146";"sem vítima";"187";"BR-116/PR";"Norte";"Objeto lançado contra veículo";0;0;0;0;0;0;0;0;0;1;1;0;0;0;0
"02/07/2012";"07:22:00";"162";"sem vítima";"75.3";"BR-116/SC";"Norte";"Saida de Pista";1;0;0;0;0;0;0;0;0;0;1;0;0;0;0
"03/07/2012";"12:03:00";"173";"com vítima";"140.1";"BR-116/PR";"Norte";"Tombamento";0;0;1;0;0;0;0;0;0;1;1;0;1;0;0
"03/07/2012";"12:13:00";"175";"sem vítima";"140";"BR-116/PR";"Sul";"Saida de Pista";1;0;0;0;0;0;0;0;0;0;1;0;0;0;0
"03/07/2012";"08:08:00";"184";"com vítima";"119.4";"BR-116/PR";"Sul";"Colisão Transversal";2;0;0;0;0;0;0;0;0;0;2;0;1;0;0
"03/07/2012";"02:21:00";"215";"sem vítima";"168";"BR-116/SC";"Norte";"Objeto lançado contra veículo";0;0;1;0;0;0;0;0;0;0;1;0;0;0;0
"03/07/2012";"04:11:00";"233";"com vítima";"115";"BR-116/PR";"Sul";"Atropelamento - Usuário";0;0;0;1;0;0;0;0;0;0;1;1;0;0;0
"03/07/2012";"10:27:00";"273";"sem vítima";"211.5";"BR-116/SC";"Sul";"Colisão Lateral";1;0;0;0;0;1;0;0;0;0;2;0;0;0;0
"03/07/2012";"11:05:00";"277";"sem vítima";"118.4";"BR-116/PR";"Norte";"Choque - Objeto sobre a pista";1;0;0;0;0;0;0;0;0;0;1;0;0;0;0
"03/07/2012";"11:43:00";"279";"sem vítima";"191";"BR-116/PR";"Sul";"Choque - Objeto sobre a pista";1;0;0;0;0;0;0;0;0;0;3;0;0;0;0
"04/07/2012";"04:05:00";"287";"com vítima";"158.7";"BR-116/PR";"Sul";"Colisão Frontal";0;0;1;0;0;0;0;0;0;1;1;0;1;0;0
"04/07/2012";"10:22:00";"308";"sem vítima";"204";"BR-116/PR";"Norte";"Choque - Cancela de Pedagio";0;0;1;0;0;0;0;0;0;0;1;0;0;0;0
"04/07/2012";"10:24:00";"309";"sem vítima";"211.2";"BR-116/SC";"Sul";"Tombamento";0;0;1;0;0;0;0;0;0;0;1;0;0;0;0
"04/07/2012";"10:57:00";"314";"sem vítima";"204";"BR-116/PR";"Sul";"Choque - Objeto sobre a pista";1;0;0;0;0;0;0;0;0;0;4;0;0;0;0
"04/07/2012";"03:34:00";"340";"sem vítima";"140.5";"BR-116/SC";"Norte";"Saida de Pista";0;0;0;0;0;0;0;0;1;0;1;0;0;0;0
"04/07/2012";"07:06:00";"365";"sem vítima";"247";"BR-116/SC";"Norte";"Choque - Veiculo parado na pista";2;0;0;0;0;0;0;0;0;0;2;0;0;0;0
"04/07/2012";"07:58:00";"372";"com vítima";"285.6";"BR-116/SC";"Sul";"Colisão Frontal";0;0;4;0;0;0;0;0;0;0;2;1;0;0;1
"05/07/2012";"10:54:00";"410";"sem vítima";"134";"BR-116/PR";"Sul";"Objeto lançado contra veículo";1;0;0;0;0;0;0;0;0;0;1;0;0;0;0
"05/07/2012";"01:39:00";"421";"sem vítima";"204";"BR-116/PR";"Sul";"Choque - Objeto sobre a pista";1;0;0;0;0;0;0;0;0;0;1;0;0;0;0
"05/07/2012";"05:57:00";"445";"com vítima";"202.8";"BR-116/PR";"Sul";"Colisão Transversal";0;0;1;1;0;0;0;0;0;0;1;0;0;1;0
"05/07/2012";"06:06:00";"447";"com vítima";"207.4";"BR-116/SC";"Norte";"Saida de Pista";1;0;0;0;0;0;0;0;0;0;1;3;0;0;0
"05/07/2012";"10:10:00";"466";"sem vítima";"209";"BR-116/PR";"Sul";"Saida de Pista";0;0;0;1;0;0;0;0;0;0;1;0;0;0;0
"06/07/2012";"07:00:00";"481";"sem vítima";"53.8";"BR-116/SC";"Sul";"Tombamento";0;0;1;0;0;0;0;0;0;0;2;0;0;0;0
"06/07/2012";"08:18:00";"486";"com vítima";"8.5";"BR-116/SC";"Norte";"Colisão Lateral";0;0;2;0;0;0;0;0;0;0;1;1;0;0;0
"06/07/2012";"11:21:00";"507";"sem vítima";"4.5";"BR-116/SC";"Norte";"Colisão Lateral";1;0;1;0;0;0;0;0;0;0;4;0;0;0;0
"06/07/2012";"11:44:00";"510";"sem vítima";"245.5";"BR-116/SC";"Norte";"Colisão Lateral";2;0;0;0;0;0;0;0;0;0;6;0;0;0;0
"06/07/2012";"04:00:00";"536";"com vítima";"6.5";"BR-116/SC";"Sul";"Colisão Frontal";1;0;1;0;0;0;0;0;0;0;1;0;0;0;1
"06/07/2012";"04:26:00";"537";"sem vítima";"205.2";"BR-116/PR";"Norte";"Colisão Traseira";1;0;0;0;0;0;0;0;0;1;2;0;0;0;0
"06/07/2012";"06:11:00";"543";"com vítima";"57.1";"BR-116/SC";"Sul";"Colisão Frontal";1;0;1;0;0;0;0;0;0;0;1;0;0;0;2
"06/07/2012";"07:31:00";"553";"sem vítima";"134";"BR-116/PR";"Norte";"Colisão Traseira";2;0;0;0;0;0;0;0;0;0;2;0;0;0;0
"06/07/2012";"07:50:00";"556";"sem vítima";"122";"BR-116/PR";"Norte";"Capotamento";1;0;0;0;0;0;0;0;0;0;1;0;0;0;0
"06/07/2012";"08:52:00";"560";"sem vítima";"119.2";"BR-116/PR";"Sul";"Colisão Traseira";0;0;1;0;1;0;0;0;0;0;2;0;0;0;0
"06/07/2012";"11:31:00";"565";"com vítima";"310.4";"BR-116/SC";"Sul";"Choque - Defensa, barreira ou "submarino"";0;0;1;0;0;0;0;0;0;0;0;1;0;0;0
"06/07/2012";"11:36:00";"566";"com vítima";"151.2";"BR-116/PR";"Sul";"Colisão Lateral";0;0;1;1;0;0;0;0;0;0;1;1;0;0;0
"07/07/2012";"06:37:00";"574";"sem vítima";"175.4";"BR-116/SC";"Sul";"Saida de Pista";1;0;0;0;0;0;0;0;0;0;1;0;0;0;0
"07/07/2012";"10:07:00";"585";"sem vítima";"125.8";"BR-116/PR";"Sul";"Colisão Traseira";1;0;1;0;0;0;0;0;0;0;3;0;0;0;0
"07/07/2012";"11:25:00";"592";"sem vítima";"192.8";"BR-116/PR";"Sul";"Colisão Traseira";0;0;1;0;0;0;0;0;0;1;2;0;0;0;0
"07/07/2012";"01:23:00";"596";"sem vítima";"119.7";"BR-116/PR";"Norte";"Engavetamento";3;0;0;0;0;0;0;0;0;0;4;0;0;0;0
"07/07/2012";"02:45:00";"603";"sem vítima";"281.4";"BR-116/SC";"Norte";"Saida de Pista";1;0;0;0;0;0;0;0;0;0;2;0;0;0;0
"07/07/2012";"03:14:00";"606";"sem vítima";"269";"BR-116/SC";"Sul";"Saida de Pista";1;0;0;0;0;0;0;0;0;0;2;0;0;0;0
"07/07/2012";"03:54:00";"609";"sem vítima";"120";"BR-116/PR";"Norte";"Choque - Veiculo parado na pista";2;0;1;0;0;0;0;0;0;0;6;0;0;0;0
"07/07/2012";"04:07:00";"611";"sem vítima";"203.8";"BR-116/SC";"Sul";"Saida de Pista";1;0;0;0;0;0;0;0;0;0;2;0;0;0;0
"07/07/2012";"05:54:00";"619";"sem vítima";"159.6";"BR-116/PR";"Norte";"Colisão Transversal";2;0;0;0;0;0;0;0;0;0;4;0;0;0;0
"07/07/2012";"06:52:00";"624";"sem vítima";"239.1";"BR-116/SC";"Sul";"Saida de Pista";1;0;0;0;0;0;0;0;0;0;3;0;0;0;0
"07/07/2012";"07:55:00";"634";"com vítima";"36.6";"BR-116/SC";"Sul";"Colisão Lateral";1;0;0;1;0;0;0;0;0;0;2;0;1;0;0
"07/07/2012";"08:41:00";"637";"sem vítima";"130";"BR-116/PR";"Sul";"Colisão Traseira";2;0;0;0;0;0;0;0;0;0;3;0;0;0;0
"07/07/2012";"10:15:00";"644";"sem vítima";"23";"BR-116/SC";"Norte";"Saida de Pista";1;0;0;0;0;0;0;0;0;0;1;0;0;0;0
"07/07/2012";"10:17:00";"645";"sem vítima";"135.3";"BR-116/PR";"Norte";"Colisão Traseira";2;0;0;0;0;0;0;0;0;0;2;0;0;0;0
"08/07/2012";"03:28:00";"657";"com vítima";"159.6";"BR-116/SC";"Norte";"Saida de Pista";1;0;0;0;0;0;0;0;0;0;0;1;0;0;0
"08/07/2012";"05:20:00";"664";"sem vítima";"172.3";"BR-116/SC";"Sul";"Colisão Traseira";1;0;0;0;0;1;0;0;0;0;2;0;0;0;0
"08/07/2012";"05:37:00";"665";"com vítima";"14.6";"BR-116/SC";"Sul";"Colisão Frontal";1;0;1;0;0;0;0;0;0;0;1;0;0;0;1
"08/07/2012";"10:58:00";"679";"sem vítima";"83";"BR-116/SC";"Norte";"Choque - Objeto sobre a pista";0;0;0;1;0;0;0;0;0;0;1;0;0;0;0
"08/07/2012";"11:53:00";"690";"sem vítima";"139";"BR-116/PR";"Norte";"Objeto lançado contra veículo";0;0;0;0;0;0;0;0;0;1;1;0;0;0;0
"08/07/2012";"05:12:00";"710";"sem vítima";"305.3";"BR-116/SC";"Sul";"Choque - Talude";1;0;0;0;0;0;0;0;0;0;1;0;0;0;0
"08/07/2012";"07:07:00";"729";"sem vítima";"129.4";"BR-116/PR";"Norte";"Colisão Transversal";2;0;0;0;0;0;0;0;0;0;2;0;0;0;0
"08/07/2012";"07:16:00";"730";"com vítima";"166.5";"BR-116/PR";"Norte";"Colisão Transversal";1;0;0;0;0;1;0;0;0;0;1;1;0;0;0
"08/07/2012";"08:09:00";"732";"com vítima";"15.5";"BR-116/SC";"Sul";"Colisão Frontal";2;0;0;0;0;0;0;0;0;0;0;0;4;3;1
"09/07/2012";"01:01:00";"752";"com vítima";"131.4";"BR-116/PR";"Norte";"Colisão Frontal";1;0;1;0;0;0;0;0;0;0;1;1;0;0;0
"09/07/2012";"09:51:00";"778";"sem vítima";"140.8";"BR-116/PR";"Norte";"Colisão Lateral";1;0;1;0;0;0;0;0;0;0;4;0;0;0;0
"09/07/2012";"12:31:00";"794";"sem vítima";"139.2";"BR-116/PR";"Norte";"Saida de Pista";1;0;0;0;0;0;0;0;0;0;2;0;0;0;0
"09/07/2012";"01:23:00";"800";"sem vítima";"172.2";"BR-116/SC";"Norte";"Colisão Traseira";2;0;0;0;0;0;0;0;0;0;4;0;0;0;0
"09/07/2012";"01:47:00";"802";"com vítima";"15";"BR-116/SC";"Norte";"Colisão Traseira";2;0;0;0;0;0;0;0;0;0;4;3;0;0;0
"09/07/2012";"02:52:00";"807";"sem vítima";"205";"BR-116/PR";"Norte";"Objeto lançado contra veículo";1;0;1;0;0;0;0;0;0;0;2;0;0;0;0
"09/07/2012";"06:13:00";"822";"sem vítima";"0";"BR-116/SC";"Sul";"Engavetamento";3;0;0;0;0;0;0;0;0;0;3;0;0;0;0
"09/07/2012";"06:19:00";"824";"sem vítima";"122";"BR-116/PR";"Sul";"Colisão Traseira";1;0;0;0;1;0;0;0;0;0;2;0;0;0;0
"09/07/2012";"06:41:00";"825";"com vítima";"119.9";"BR-116/PR";"Norte";"Choque - Veiculo parado na pista";0;0;0;2;0;0;0;0;0;0;1;1;0;0;0
"09/07/2012";"11:41:00";"838";"sem vítima";"126.2";"BR-116/PR";"Sul";"Colisão Lateral";1;0;0;1;0;0;0;0;0;0;4;0;0;0;0
"10/07/2012";"12:19:00";"884";"sem vítima";"204";"BR-116/PR";"Norte";"Choque - Veiculo parado no acostamento";0;0;0;0;0;1;0;0;0;1;2;0;0;0;0
"10/07/2012";"01:21:00";"889";"com vítima";"72.5";"BR-116/SC";"Norte";"Colisão Transversal";1;0;0;1;0;0;0;0;0;0;3;1;0;0;0
"10/07/2012";"04:48:00";"905";"sem vítima";"119.5";"BR-116/PR";"Sul";"Colisão Traseira";0;0;2;0;1;0;0;0;0;0;3;0;0;0;0
"10/07/2012";"05:16:00";"906";"sem vítima";"32.5";"BR-116/SC";"Norte";"Colisão Transversal";1;0;1;0;0;0;0;0;0;0;2;0;0;0;0