data;horario;n_da_ocorrencia;tipo_de_ocorrencia;km;trecho;sentido;tipo_de_acidente;automovel;bicicleta;caminhao;moto;onibus;outros;tracao_animal;transporte_de_cargas_especiais;trator_maquinas;utilitarios;ilesos;levemente_feridos;moderadamente_feridos;gravemente_feridos;mortos
"19/12/2012";"11:49:00";"2409";"sem vítima";"195";"BR-116/SC";"Sul";"Objeto lançado contra veículo";1;0;0;0;0;0;0;0;0;0;3;0;0;0;0
"19/12/2012";"01:24:00";"2415";"com vítima";"205";"BR-116/SC";"Sul";"Choque - Talude";0;0;1;0;0;0;0;0;0;0;0;1;0;0;0
"19/12/2012";"02:46:00";"2425";"sem vítima";"97";"BR-116/SC";"Norte";"Colisão Lateral";0;0;3;0;0;0;0;0;0;0;3;0;0;0;0
"19/12/2012";"05:45:00";"2451";"com vítima";"131.1";"BR-116/PR";"Sul";"Colisão Transversal";2;0;0;0;0;0;0;0;0;0;2;2;0;0;0
"19/12/2012";"06:26:00";"2458";"com vítima";"307.3";"BR-116/SC";"Sul";"Colisão Frontal";0;0;2;0;0;0;0;0;0;0;0;3;0;0;0
"19/12/2012";"07:42:00";"2466";"sem vítima";"192";"BR-116/SC";"Norte";"Choque - Veiculo parado na pista";1;0;0;0;0;1;0;0;0;0;2;0;0;0;0
"19/12/2012";"10:40:00";"2478";"sem vítima";"2.1";"BR-116/SC";"Sul";"Saida de Pista";1;0;0;0;0;0;0;0;0;0;1;0;0;0;0
"20/12/2012";"07:30:00";"2506";"com vítima";"122";"BR-116/PR";"Sul";"Colisão Frontal";1;0;0;1;0;0;0;0;0;0;1;0;1;0;0
"20/12/2012";"09:45:00";"2521";"sem vítima";"81";"BR-116/SC";"Sul";"Choque - Cancela de Pedagio";0;0;1;0;0;0;0;0;0;0;1;0;0;0;0
"20/12/2012";"02:31:00";"2547";"sem vítima";"211.6";"BR-116/PR";"Norte";"Objeto lançado contra veículo";1;0;0;0;0;0;0;0;0;0;1;0;0;0;0
"20/12/2012";"02:52:00";"2552";"com vítima";"210.8";"BR-116/PR";"Norte";"Colisão Transversal";1;0;1;0;0;0;0;0;0;0;2;1;0;0;0
"20/12/2012";"03:40:00";"2564";"sem vítima";"133.5";"BR-116/PR";"Norte";"Saida de Pista";1;0;0;0;0;0;0;0;0;0;1;0;0;0;0
"20/12/2012";"08:19:00";"2597";"com vítima";"152.36";"BR-116/PR";"Sul";"Colisão Transversal";1;0;1;0;0;0;0;0;0;0;1;0;0;1;1
"21/12/2012";"12:26:00";"2618";"sem vítima";"242.2";"BR-116/SC";"Sul";"Colisão Lateral";1;0;0;0;0;1;0;0;0;0;2;0;0;0;0
"21/12/2012";"12:41:00";"2620";"sem vítima";"97.3";"BR-116/SC";"Norte";"Saida de Pista";1;0;0;0;0;0;0;0;0;0;1;0;0;0;0
"21/12/2012";"01:31:00";"2623";"sem vítima";"124";"BR-116/SC";"Sul";"Saida de Pista";0;0;1;0;0;0;0;0;0;0;2;0;0;0;0
"21/12/2012";"01:59:00";"2626";"com vítima";"129.95";"BR-116/PR";"Sul";"Colisão Frontal";1;0;0;0;0;0;0;0;0;1;1;3;0;0;0
"21/12/2012";"06:10:00";"2635";"sem vítima";"204";"BR-116/PR";"Norte";"Colisão Traseira";0;0;2;0;0;0;0;0;0;0;3;0;0;0;0
"21/12/2012";"08:51:00";"2652";"com vítima";"178.9";"BR-116/SC";"Norte";"Colisão Lateral";2;0;0;0;0;0;0;0;0;0;3;1;0;1;0
"21/12/2012";"10:24:00";"2664";"sem vítima";"134";"BR-116/PR";"Sul";"Choque - Veiculo parado na pista";0;0;1;0;0;0;0;0;0;1;2;0;0;0;0
"21/12/2012";"12:13:00";"2675";"sem vítima";"116";"BR-116/PR";"Sul";"Colisão Lateral";2;0;0;0;0;0;0;0;0;1;6;0;0;0;0
"21/12/2012";"04:15:00";"2706";"com vítima";"93";"BR-116/SC";"Sul";"Colisão Lateral";3;0;0;0;0;0;0;0;0;0;7;2;0;0;0
"21/12/2012";"04:52:00";"2709";"sem vítima";"255";"BR-116/SC";"Norte";"Colisão Traseira";1;0;1;0;0;0;0;0;0;0;3;0;0;0;0
"21/12/2012";"07:44:00";"2728";"sem vítima";"120";"BR-116/SC";"Norte";"Objeto lançado contra veículo";1;0;0;0;0;0;0;0;0;0;1;0;0;0;0
"21/12/2012";"08:38:00";"2738";"sem vítima";"134.4";"BR-116/PR";"Norte";"Colisão Traseira";0;0;1;0;0;0;0;0;0;1;2;0;0;0;0
"21/12/2012";"09:21:00";"2743";"sem vítima";"122.1";"BR-116/PR";"Norte";"Choque - Veiculo parado na pista";2;0;0;0;0;0;0;0;0;0;3;0;0;0;0
"21/12/2012";"11:29:00";"2756";"com vítima";"116.2";"BR-116/SC";"Sul";"Queda de Moto";0;0;0;1;0;0;0;0;0;0;0;1;0;0;0
"22/12/2012";"04:33:00";"2774";"sem vítima";"115.9";"BR-116/PR";"Norte";"Colisão Traseira";0;0;1;0;1;0;0;0;0;0;2;0;0;0;0
"22/12/2012";"04:58:00";"2775";"sem vítima";"58";"BR-116/SC";"Norte";"Colisão Lateral";1;0;1;0;0;0;0;0;0;0;3;0;0;0;0
"22/12/2012";"11:50:00";"2811";"sem vítima";"107.8";"BR-116/SC";"Norte";"Colisão Lateral";1;0;0;0;0;0;0;0;0;0;5;0;0;0;0
"22/12/2012";"11:53:00";"2812";"sem vítima";"121.9";"BR-116/PR";"Sul";"Colisão Traseira";3;0;0;0;0;1;0;0;0;0;9;0;0;0;0
"22/12/2012";"03:47:00";"2839";"com vítima";"129.3";"BR-116/SC";"Norte";"Colisão Transversal";2;0;1;0;0;0;0;0;0;0;6;0;1;0;0
"22/12/2012";"04:04:00";"2843";"sem vítima";"203";"BR-116/PR";"Sul";"Objeto lançado contra veículo";1;0;0;0;0;0;0;0;0;0;1;0;0;0;0
"22/12/2012";"05:16:00";"2850";"sem vítima";"122.4";"BR-116/PR";"Sul";"Colisão Lateral";1;0;1;0;0;0;0;0;0;0;2;0;0;0;0
"22/12/2012";"09:49:00";"2879";"sem vítima";"117.7";"BR-116/PR";"Sul";"Colisão Lateral";1;0;1;0;0;0;0;0;0;0;2;0;0;0;0
"23/12/2012";"02:45:00";"2902";"sem vítima";"11.7";"BR-116/SC";"Sul";"Saida de Pista";1;0;0;0;0;0;0;0;0;0;1;0;0;0;0
"23/12/2012";"04:05:00";"2906";"com vítima";"56.1";"BR-116/SC";"Sul";"Colisão Frontal";2;0;0;0;0;0;0;0;0;0;1;1;1;0;0
"23/12/2012";"06:19:00";"2911";"sem vítima";"242.4";"BR-116/SC";"Sul";"Saida de Pista";1;0;0;0;0;0;0;0;0;0;1;0;0;0;0
"23/12/2012";"06:41:00";"2913";"sem vítima";"204";"BR-116/PR";"Sul";"Atropelamento de Animal";0;0;0;1;0;0;0;0;0;0;1;0;0;0;0
"23/12/2012";"12:59:00";"2946";"com vítima";"0.05";"BR-116/SC";"Norte";"Choque - Veiculo parado na pista";1;0;0;1;0;0;0;0;0;0;3;1;0;0;0
"23/12/2012";"03:45:00";"2962";"com vítima";"130";"BR-116/PR";"Norte";"Colisão Lateral";1;0;0;0;0;0;0;0;0;1;2;1;0;0;0
"23/12/2012";"07:51:00";"2981";"sem vítima";"54";"BR-116/SC";"Sul";"Colisão Transversal";1;0;1;0;0;0;0;0;0;0;2;0;0;0;0
"24/12/2012";"03:18:00";"3008";"sem vítima";"117.3";"BR-116/PR";"Norte";"Saida de Pista";1;0;0;0;0;0;0;0;0;0;4;0;0;0;0
"24/12/2012";"12:19:00";"3038";"sem vítima";"119.4";"BR-116/PR";"Norte";"Colisão Transversal";1;0;1;0;0;0;0;0;0;0;2;0;0;0;0
"24/12/2012";"02:11:00";"3044";"sem vítima";"119.4";"BR-116/PR";"Sul";"Colisão Transversal";3;0;0;0;0;0;0;0;0;0;3;0;0;0;0
"24/12/2012";"02:34:00";"3045";"sem vítima";"119";"BR-116/PR";"Sul";"Objeto lançado contra veículo";1;0;0;0;0;0;0;0;0;0;1;0;0;0;0
"24/12/2012";"03:08:00";"3048";"sem vítima";"209";"BR-116/PR";"Sul";"Colisão Traseira";2;0;0;0;0;0;0;0;0;0;2;0;0;0;0
"24/12/2012";"06:31:00";"3066";"sem vítima";"119.4";"BR-116/PR";"Sul";"Colisão Lateral";2;0;0;0;0;0;0;0;0;0;2;0;0;0;0
"25/12/2012";"05:27:00";"3098";"sem vítima";"72";"BR-116/SC";"Sul";"Objeto lançado contra veículo";1;0;0;0;0;0;0;0;0;0;4;0;0;0;0
"25/12/2012";"06:15:00";"3101";"com vítima";"129";"BR-116/PR";"Norte";"Choque - Objeto sobre a pista";0;0;0;1;0;0;0;0;0;0;0;1;0;0;0
"25/12/2012";"10:08:00";"3122";"sem vítima";"133";"BR-116/PR";"Sul";"Colisão Traseira";2;0;0;0;0;0;0;0;0;0;4;0;0;0;0
"25/12/2012";"03:21:00";"3146";"sem vítima";"216.4";"BR-116/SC";"Norte";"Saida de Pista";1;0;0;0;0;0;0;0;0;0;4;0;0;0;0
"26/12/2012";"07:46:00";"3212";"sem vítima";"124";"BR-116/PR";"Norte";"Colisão Lateral";1;0;1;0;0;0;0;0;0;0;2;0;0;0;0
"26/12/2012";"10:41:00";"3233";"com vítima";"308.9";"BR-116/SC";"Sul";"Colisão Traseira";1;0;0;0;0;0;0;0;0;1;6;0;1;0;0
"26/12/2012";"02:36:00";"3275";"sem vítima";"116.8";"BR-116/PR";"Norte";"Choque - Outros";0;0;0;0;0;0;0;0;0;1;1;0;0;0;0
"26/12/2012";"04:23:00";"3300";"sem vítima";"191";"BR-116/PR";"Norte";"Colisão Transversal";2;0;0;0;0;0;0;0;0;0;10;0;0;0;0
"26/12/2012";"04:58:00";"3310";"com vítima";"128.4";"BR-116/PR";"Sul";"Atropelamento de Animal";0;0;0;1;0;0;0;0;0;0;0;2;0;0;0
"26/12/2012";"08:46:00";"3345";"sem vítima";"148.25";"BR-116/PR";"Norte";"Colisão Lateral";0;0;2;0;0;0;0;0;0;0;3;0;0;0;0
"26/12/2012";"09:05:00";"3346";"sem vítima";"161";"BR-116/PR";"Sul";"Saida de Pista";1;0;0;0;0;0;0;0;0;0;5;0;0;0;0
"26/12/2012";"10:16:00";"3350";"com vítima";"164.2";"BR-116/PR";"Norte";"Colisão Frontal";1;0;1;0;0;0;0;0;0;0;1;0;1;0;0
"26/12/2012";"10:52:00";"3352";"sem vítima";"10.5";"BR-116/SC";"Norte";"Saida de Pista";0;0;1;0;0;0;0;0;0;0;2;0;0;0;0
"27/12/2012";"12:00:00";"3356";"sem vítima";"172";"BR-116/PR";"Norte";"Choque - Objeto sobre a pista";1;0;0;0;0;0;0;0;0;0;3;0;0;0;0
"27/12/2012";"06:04:00";"3370";"sem vítima";"210.5";"BR-116/PR";"Norte";"Objeto lançado contra veículo";0;0;1;0;0;0;0;0;0;0;1;0;0;0;0
"27/12/2012";"10:01:00";"3395";"sem vítima";"82";"BR-116/SC";"Norte";"Choque - Outros";1;0;0;0;0;0;0;0;0;0;2;0;0;0;0
"27/12/2012";"01:01:00";"3420";"sem vítima";"149.9";"BR-116/PR";"Norte";"Colisão Transversal";1;0;0;0;1;0;0;0;0;0;2;0;0;0;0
"27/12/2012";"01:03:00";"3421";"sem vítima";"121";"BR-116/PR";"Sul";"Colisão Transversal";1;0;1;0;0;0;0;0;0;0;2;0;0;0;0
"27/12/2012";"05:26:00";"3451";"sem vítima";"50.7";"BR-116/SC";"Norte";"Saida de Pista";1;0;0;0;0;0;0;0;0;0;1;0;0;0;0
"27/12/2012";"09:20:00";"3475";"sem vítima";"119.5";"BR-116/PR";"Sul";"Objeto lançado contra veículo";1;0;0;0;0;0;0;0;0;0;1;0;0;0;0
"27/12/2012";"10:52:00";"3480";"com vítima";"119.4";"BR-116/PR";"Sul";"Atropelamento - Usuário";1;0;0;0;0;0;0;0;0;0;1;1;0;0;0
"28/12/2012";"03:39:00";"3491";"sem vítima";"193.3";"BR-116/PR";"Sul";"Saida de Pista";0;0;1;0;0;0;0;0;0;0;1;0;0;0;0
"28/12/2012";"09:49:00";"3520";"sem vítima";"69";"BR-116/SC";"Sul";"Colisão Transversal";2;0;0;0;0;0;0;0;0;0;2;0;0;0;0
"28/12/2012";"09:55:00";"3522";"sem vítima";"128.2";"BR-116/PR";"Sul";"Colisão Lateral";1;0;1;0;0;0;0;0;0;0;4;0;0;0;0
"28/12/2012";"12:17:00";"3534";"com vítima";"81";"BR-116/SC";"Norte";"Colisão Traseira";0;0;2;0;0;0;0;0;0;0;1;1;0;0;0
"28/12/2012";"03:41:00";"3559";"sem vítima";"145";"BR-116/PR";"Sul";"Choque - Objeto sobre a pista";0;0;0;0;0;0;0;0;0;1;1;0;0;0;0
"28/12/2012";"04:19:00";"3564";"sem vítima";"106.2";"BR-116/SC";"Norte";"Saida de Pista";0;0;1;0;0;0;0;0;0;0;1;0;0;0;0
"28/12/2012";"06:42:00";"3581";"com vítima";"229";"BR-116/SC";"Norte";"Saida de Pista";1;0;0;0;0;0;0;0;0;0;3;2;0;0;0
"28/12/2012";"10:17:00";"3592";"sem vítima";"248.1";"BR-116/SC";"Norte";"Colisão Traseira";2;0;0;0;0;0;0;0;0;0;3;0;0;0;0
"29/12/2012";"10:54:00";"3638";"sem vítima";"211.05";"BR-116/PR";"Norte";"Colisão Transversal";2;0;0;0;0;0;0;0;0;0;3;0;0;0;0
"29/12/2012";"12:51:00";"3644";"com vítima";"287.9";"BR-116/SC";"Sul";"Saida de Pista";1;0;0;0;0;0;0;0;0;0;0;3;0;0;0
"29/12/2012";"01:00:00";"3646";"com vítima";"131.5";"BR-116/PR";"Sul";"Colisão Transversal";1;0;1;0;0;0;0;0;0;0;1;2;0;0;0
"29/12/2012";"06:04:00";"3671";"sem vítima";"211.2";"BR-116/SC";"Norte";"Saida de Pista";0;0;0;0;1;0;0;0;0;0;10;0;0;0;0
"30/12/2012";"12:45:00";"3705";"sem vítima";"208";"BR-116/SC";"Norte";"Saida de Pista";1;0;0;0;0;0;0;0;0;0;1;0;0;0;0
"30/12/2012";"09:04:00";"3727";"com vítima";"18";"BR-116/SC";"Sul";"Colisão Lateral";0;0;2;0;0;0;0;0;0;0;1;1;0;0;0
"30/12/2012";"09:17:00";"3729";"sem vítima";"204";"BR-116/PR";"Sul";"Colisão Lateral";1;0;0;0;0;0;0;0;0;0;1;0;0;0;0
"30/12/2012";"10:42:00";"3737";"sem vítima";"258.5";"BR-116/SC";"Sul";"Atropelamento de Animal";1;0;0;0;0;0;0;0;0;0;3;0;0;0;0
"30/12/2012";"02:19:00";"3752";"sem vítima";"222.2";"BR-116/SC";"Sul";"Objeto lançado contra veículo";1;0;0;0;0;0;0;0;0;0;1;0;0;0;0
"31/12/2012";"01:14:00";"3822";"sem vítima";"115";"BR-116/SC";"Sul";"Choque - Defensa, barreira ou "submarino"";1;0;0;0;0;0;0;0;0;0;1;0;0;0;0
"31/12/2012";"02:12:00";"3826";"sem vítima";"211.5";"BR-116/SC";"Norte";"Saida de Pista";0;0;0;0;1;0;0;0;0;0;1;0;0;0;0
"31/12/2012";"05:56:00";"3844";"sem vítima";"197.2";"BR-116/PR";"Sul";"Saida de Pista";1;0;0;0;0;0;0;0;0;0;1;0;0;0;0
"31/12/2012";"09:09:00";"3857";"com vítima";"158";"BR-116/SC";"Norte";"Objeto lançado contra veículo";1;0;0;0;0;0;0;0;0;0;1;1;0;0;0
"01/01/2013";"04:50:00";"4";"sem vítima";"0";"BR-116/SC";"Sul";"Saida de Pista";1;0;0;0;0;0;0;0;0;0;4;0;0;0;0
"01/01/2013";"09:47:00";"39";"sem vítima";"204";"BR-116/SC";"Sul";"Choque - Objeto sobre a pista";1;0;0;0;0;0;0;0;0;0;1;0;0;0;0
"01/01/2013";"10:37:00";"52";"com vítima";"141.1";"BR-116/PR";"Sul";"Colisão Transversal";2;0;0;0;0;0;0;0;0;0;2;1;0;0;0
"01/01/2013";"04:20:00";"76";"sem vítima";"179.7";"BR-116/SC";"Sul";"Capotamento";1;0;0;0;0;0;0;0;0;0;2;0;0;0;0
"02/01/2013";"06:20:00";"135";"sem vítima";"134.05";"BR-116/SC";"Norte";"Colisão Lateral";2;0;0;0;0;0;0;0;0;0;3;0;0;0;0
"02/01/2013";"03:45:00";"214";"com vítima";"126.3";"BR-116/PR";"Norte";"Atropelamento - Usuário";0;0;1;0;0;0;0;0;0;0;2;0;0;1;0
"02/01/2013";"04:18:00";"220";"sem vítima";"220";"BR-116/SC";"Norte";"Colisão Traseira";1;0;1;0;0;0;0;0;0;0;3;0;0;0;0
"02/01/2013";"04:39:00";"222";"com vítima";"191";"BR-116/PR";"Norte";"Choque - Defensa, barreira ou "submarino"";1;0;0;0;0;0;0;0;0;0;0;1;0;0;0
"02/01/2013";"06:02:00";"231";"com vítima";"152.5";"BR-116/PR";"Sul";"Choque - Suporte de Sinalização";1;0;0;0;0;0;0;0;0;0;2;0;1;0;0
"02/01/2013";"06:52:00";"236";"sem vítima";"191.2";"BR-116/SC";"Sul";"Colisão Traseira";2;0;0;0;0;0;0;0;0;0;5;0;0;0;0
"02/01/2013";"07:08:00";"238";"sem vítima";"81";"BR-116/SC";"Sul";"Objeto lançado contra veículo";1;0;0;0;0;1;0;0;0;0;3;0;0;0;0
"03/01/2013";"08:23:00";"276";"sem vítima";"204";"BR-116/PR";"Norte";"Choque - Objeto sobre a pista";1;0;0;0;0;0;0;0;0;0;5;0;0;0;0
"03/01/2013";"04:00:00";"340";"sem vítima";"204";"BR-116/PR";"Sul";"Choque - Objeto sobre a pista";0;0;0;0;0;0;0;0;0;2;4;0;0;0;0
"03/01/2013";"04:58:00";"353";"sem vítima";"255";"BR-116/SC";"Norte";"Choque - Objeto sobre a pista";0;0;0;0;0;0;0;0;0;1;2;0;0;0;0
"03/01/2013";"10:09:00";"372";"sem vítima";"207";"BR-116/PR";"Sul";"Choque - Objeto sobre a pista";0;0;1;0;0;0;0;0;0;0;1;0;0;0;0
"04/01/2013";"03:25:00";"519";"sem vítima";"211.1";"BR-116/SC";"Norte";"Saida de Pista";0;0;1;0;0;0;0;0;0;0;1;0;0;0;0
"04/01/2013";"12:32:00";"441";"sem vítima";"130";"BR-116/PR";"Sul";;1;0;1;0;0;0;0;0;0;0;2;0;0;0;0
"04/01/2013";"01:04:00";"442";"sem vítima";"129.8";"BR-116/PR";"Norte";"Colisão Transversal";1;0;1;0;0;0;0;0;0;0;2;0;0;0;0
"04/01/2013";"01:41:00";"445";"sem vítima";"4.6";"BR-116/SC";"Norte";"Colisão Traseira";1;0;0;0;0;0;0;0;0;1;2;0;0;0;0
"04/01/2013";"07:14:00";"492";"com vítima";"220.5";"BR-116/SC";"Sul";"Colisão Transversal";1;0;0;1;0;0;0;0;0;0;1;1;0;0;0
"04/01/2013";"07:14:00";"490";"sem vítima";"219";"BR-116/SC";"Norte";"Colisão Frontal";1;0;0;0;0;0;0;0;0;0;1;0;0;0;0
"04/01/2013";"09:46:00";"503";"sem vítima";"196";"BR-116/SC";"Sul";"Atropelamento de Animal";1;0;0;0;0;0;0;0;0;0;2;0;0;0;0
"05/01/2013";"03:25:00";"519";"sem vítima";"211";"BR-116/SC";"Sul";"Saida de Pista";0;0;1;0;0;0;0;0;0;0;1;0;0;0;0
"05/01/2013";"06:27:00";"525";"com vítima";"171.6";"BR-116/PR";"Sul";"Colisão Frontal";0;2;0;0;0;0;0;0;0;0;0;0;0;2;0
"05/01/2013";"06:44:00";"526";"sem vítima";"105.2";"BR-116/SC";"Norte";"Saida de Pista";0;0;1;0;0;0;0;0;0;0;1;0;0;0;0
"05/01/2013";"10:58:00";"551";"sem vítima";"121.15";"BR-116/PR";"Sul";"Colisão Traseira";0;0;2;0;0;0;0;0;0;0;2;0;0;0;0
"05/01/2013";"11:03:00";"552";"com vítima";"154.5";"BR-116/SC";"Sul";"Colisão Traseira";1;0;1;0;0;0;0;0;0;0;2;1;0;0;0
"05/01/2013";"07:20:00";"542";"sem vítima";"105";"BR-116/SC";"Norte";;0;0;1;0;0;0;0;0;0;0;1;0;0;0;0
"06/01/2013";"03:06:00";"646";"sem vítima";"233";"BR-116/SC";"Sul";"Objeto lançado contra veículo";1;0;0;0;0;0;0;0;0;0;2;0;0;0;0
"07/01/2013";"02:20:00";"702";"sem vítima";"122.4";"BR-116/PR";"Sul";"Colisão Transversal";2;0;0;0;0;0;0;0;0;0;5;0;0;0;0
"07/01/2013";"07:12:00";"711";"com vítima";"120";"BR-116/SC";"Sul";"Saida de Pista";1;0;0;0;0;0;0;0;0;0;0;3;2;0;0
"07/01/2013";"04:30:00";"760";"sem vítima";"128.2";"BR-116/PR";"Sul";"Colisão Traseira";1;0;1;0;0;0;0;0;0;0;2;0;0;0;0
"07/01/2013";"06:29:00";"769";"sem vítima";"108";"BR-116/SC";"Sul";;0;0;1;0;0;0;0;0;0;0;1;0;0;0;0
"07/01/2013";"06:43:00";"770";"sem vítima";"5";"BR-116/SC";"Sul";"Objeto lançado contra veículo";1;0;0;0;0;0;0;0;0;0;3;0;0;0;0
"07/01/2013";"10:01:00";"815";"sem vítima";"202";"BR-116/PR";"Norte";;1;0;0;0;0;0;0;0;0;0;1;0;0;0;0
"08/01/2013";"12:22:00";"828";"sem vítima";"115.2";"BR-116/PR";"Norte";"Engavetamento";3;0;0;0;0;0;0;0;0;0;4;0;0;0;0
"08/01/2013";"02:12:00";"838";"sem vítima";"134.3";"BR-116/PR";"Sul";"Choque - Objeto sobre a pista";0;0;1;0;0;0;0;0;0;0;1;0;0;0;0
"08/01/2013";"03:43:00";"855";"sem vítima";"202";"BR-116/SC";"Sul";"Atropelamento de Animal";1;0;0;0;0;0;0;0;0;0;2;0;0;0;0
"08/01/2013";"04:30:00";"863";"com vítima";"152.46";"BR-116/PR";"Sul";"Colisão Transversal";0;0;1;0;0;0;0;0;0;1;1;0;0;0;1
"08/01/2013";"08:05:00";"882";"sem vítima";"220.4";"BR-116/SC";"Norte";"Choque - Elemento de Drenagem";1;0;0;0;0;0;0;0;0;0;1;0;0;0;0
"08/01/2013";"11:59:00";"901";"sem vítima";"115";"BR-116/SC";"Norte";"Saida de Pista";1;0;0;0;0;0;0;0;0;0;1;0;0;0;0
"09/01/2013";"12:18:00";"901";"sem vítima";"115";"BR-116/SC";"Sul";"Saida de Pista";1;0;0;0;0;0;0;0;0;0;1;0;0;0;0
"09/01/2013";"01:58:00";"905";"sem vítima";"124.2";"BR-116/PR";"Sul";"Saida de Pista";1;0;0;0;0;0;0;0;0;0;1;0;0;0;0
"09/01/2013";"08:12:00";"927";"com vítima";"117.9";"BR-116/PR";"Sul";"Colisão Frontal";0;0;0;1;1;0;0;0;0;0;4;1;0;0;0
"09/01/2013";"10:49:00";"957";"sem vítima";"86.7";"BR-116/SC";"Sul";;1;0;0;0;0;0;0;0;0;0;2;0;0;0;0
"09/01/2013";"09:56:00";"1025";"sem vítima";"50";"BR-116/SC";"Norte";"Choque - Objeto sobre a pista";1;0;0;0;0;0;0;0;0;0;1;0;0;0;0
"10/01/2013";"12:45:00";"1099";"sem vítima";"181.6";"BR-116/SC";"Sul";"Choque - Objeto sobre a pista";1;0;0;0;0;0;0;0;0;0;2;0;0;0;0
"10/01/2013";"03:53:00";"1133";"com vítima";"118.7";"BR-116/PR";"Sul";"Colisão Transversal";1;0;0;1;0;0;0;0;0;0;1;1;0;0;0
"10/01/2013";"04:34:00";"1136";"com vítima";"118.1";"BR-116/PR";"Norte";"Colisão Transversal";1;0;1;0;0;0;0;0;0;0;1;3;0;0;0
"10/01/2013";"05:14:00";"1143";"sem vítima";"121.5";"BR-116/PR";"Sul";"Choque - Veiculo parado na pista";3;0;0;0;0;0;0;0;0;1;6;0;0;0;0
"10/01/2013";"05:25:00";"1144";"sem vítima";"122.1";"BR-116/SC";"Norte";"Colisão Traseira";0;0;2;0;0;0;0;0;0;0;4;0;0;0;0
"10/01/2013";"07:25:00";"1155";"sem vítima";"119.4";"BR-116/PR";"Sul";"Colisão Transversal";0;0;0;1;0;0;0;0;0;1;3;0;0;0;0
"11/01/2013";"12:33:00";"1179";"sem vítima";"89";"BR-116/SC";"Sul";"Choque - Objeto sobre a pista";1;0;0;0;0;0;0;0;0;0;1;0;0;0;0
"11/01/2013";"06:53:00";"1280";"sem vítima";"233.1";"BR-116/SC";"Norte";"Choque - Defensa, barreira ou "submarino"";0;0;0;0;1;0;0;0;0;0;1;0;0;0;0
"11/01/2013";"08:16:00";"1286";"sem vítima";"184";"BR-116/PR";"Sul";"Objeto lançado contra veículo";1;0;0;0;0;0;0;0;0;0;2;0;0;0;0
"12/01/2013";"05:00:00";"1319";"com vítima";"122.46";"BR-116/PR";"Norte";"Colisão Frontal";2;0;0;0;0;0;0;0;0;0;1;0;0;0;1
"12/01/2013";"08:50:00";"1314";"com vítima";"53";"BR-116/SC";"Norte";"Saida de Pista";1;0;0;0;0;0;0;0;0;0;0;1;0;0;0
"12/01/2013";"01:22:00";"1361";"sem vítima";"13.9";"BR-116/SC";"Sul";"Colisão Traseira";0;0;2;0;0;0;0;0;0;0;2;0;0;0;0
"12/01/2013";"06:05:00";"1397";"sem vítima";"49.5";"BR-116/SC";"Sul";"Saida de Pista";1;0;0;0;0;0;0;0;0;0;4;0;0;0;0
"12/01/2013";"11:49:00";"1429";"com vítima";"118.2";"BR-116/PR";"Norte";"Colisão Lateral";0;0;1;1;0;0;0;0;0;0;1;0;1;0;0
"13/01/2013";"04:42:00";"1440";"com vítima";"175.3";"BR-116/SC";"Norte";"Choque - Arvore";1;0;0;0;0;0;0;0;0;0;1;1;0;1;0
"13/01/2013";"08:25:00";"1449";"sem vítima";"35";"BR-116/SC";"Sul";"Choque - Objeto sobre a pista";1;0;0;0;0;0;0;0;0;0;1;0;0;0;0
"13/01/2013";"10:21:00";"1464";"com vítima";"166.15";"BR-116/PR";"Norte";"Colisão Transversal";1;0;0;0;0;0;0;0;0;1;2;1;0;0;0
"13/01/2013";"02:23:00";"1484";"sem vítima";"145";"BR-116/PR";"Sul";"Choque - Objeto sobre a pista";1;0;1;0;0;0;0;0;0;0;7;0;0;0;0
"13/01/2013";"06:50:00";"1521";"sem vítima";"164.5";"BR-116/PR";"Norte";"Choque - Defensa, barreira ou "submarino"";1;0;0;0;0;0;0;0;0;0;1;0;0;0;0
"13/01/2013";"07:10:00";"1522";"sem vítima";"132";"BR-116/PR";"Sul";"Colisão Lateral";1;0;0;0;0;1;0;0;0;0;4;0;0;0;0
"13/01/2013";"08:01:00";"1530";"sem vítima";"102.8";"BR-116/SC";"Sul";"Choque - Defensa, barreira ou "submarino"";2;0;0;0;0;0;0;0;0;0;6;0;0;0;0
"13/01/2013";"10:55:00";"1549";"sem vítima";"211";"BR-116/PR";"Sul";;2;0;0;0;0;0;0;0;0;0;2;0;0;0;0
"13/01/2013";"11:14:00";"1555";"com vítima";"118.98";"BR-116/PR";"Norte";"Colisão Frontal";1;0;1;0;0;0;0;0;0;0;1;0;0;0;1
"14/01/2013";"03:26:00";"1564";"sem vítima";"206";"BR-116/SC";"Sul";"Colisão Lateral";1;0;0;0;0;0;0;0;0;0;1;0;0;0;0
"14/01/2013";"09:22:00";"1588";"sem vítima";"121.8";"BR-116/PR";"Norte";;1;0;1;0;0;0;0;0;0;0;2;0;0;0;0
"14/01/2013";"10:40:00";"1602";"sem vítima";"255.6";"BR-116/SC";"Norte";"Colisão Lateral";1;0;0;0;0;1;0;0;0;0;3;0;0;0;0