data;horario;n_da_ocorrencia;tipo_de_ocorrencia;km;trecho;sentido;tipo_de_acidente;automovel;bicicleta;caminhao;moto;onibus;outros;tracao_animal;transporte_de_cargas_especiais;trator_maquinas;utilitarios;ilesos;levemente_feridos;moderadamente_feridos;gravemente_feridos;mortos
"10/02/2013";"02:29:00";"1071";"sem vítima";"209";"BR-116/PR";"Sul";"Colisão Transversal";1;0;0;0;0;1;0;0;0;0;2;0;0;0;0
"10/02/2013";"05:11:00";"1084";"com vítima";"45";"BR-116/SC";"Sul";"Queda de Moto";0;0;0;1;0;0;0;0;0;0;0;2;0;0;0
"10/02/2013";"06:18:00";"1091";"sem vítima";"191.95";"BR-116/SC";"Norte";"Colisão Traseira";1;0;0;1;0;0;0;0;0;0;6;0;0;0;0
"10/02/2013";"11:17:00";"1116";"sem vítima";"165.9";"BR-116/PR";"Norte";"Colisão Lateral";1;0;0;0;0;1;0;0;0;0;2;0;0;0;0
"10/02/2013";"11:59:00";"1120";"sem vítima";"197.4";"BR-116/PR";"Sul";"Saida de Pista";1;0;0;0;0;0;0;0;0;0;1;0;0;0;0
"11/02/2013";"04:16:00";"1126";"com vítima";"181.2";"BR-116/PR";"Sul";"Saida de Pista";1;0;0;0;0;0;0;0;0;0;0;1;0;0;0
"11/02/2013";"08:55:00";"1147";"com vítima";"108.45";"BR-116/SC";"Sul";"Saida de Pista";0;0;1;0;0;0;0;0;0;0;3;1;0;0;0
"11/02/2013";"12:11:00";"1166";"com vítima";"12.25";"BR-116/SC";"Sul";"Colisão Lateral";1;0;1;0;0;0;0;0;0;0;2;2;0;0;0
"11/02/2013";"01:45:00";"1168";"sem vítima";"304";"BR-116/SC";"Norte";"Colisão Lateral";0;0;1;0;0;1;0;0;0;0;2;0;0;0;0
"11/02/2013";"02:18:00";"1174";"sem vítima";"166";"BR-116/PR";"Norte";"Objeto lançado contra veículo";0;0;1;0;0;0;0;0;0;0;1;0;0;0;0
"11/02/2013";"05:44:00";"1193";"sem vítima";"210.5";"BR-116/SC";"Norte";"Objeto lançado contra veículo";1;0;0;0;0;0;0;0;0;0;1;0;0;0;0
"11/02/2013";"09:17:00";"1207";"sem vítima";"202";"BR-116/SC";"Sul";"Choque - Objeto sobre a pista";1;0;0;0;0;0;0;0;0;0;1;0;0;0;0
"12/02/2013";"03:50:00";"1230";"sem vítima";"51.3";"BR-116/SC";"Norte";"Saida de Pista";1;0;0;0;0;0;0;0;0;0;1;0;0;0;0
"12/02/2013";"04:47:00";"1232";"sem vítima";"200.1";"BR-116/SC";"Norte";"Atropelamento de Animal";1;0;0;0;0;0;0;0;0;0;1;0;0;0;0
"12/02/2013";"03:36:00";"1276";"sem vítima";"59.8";"BR-116/SC";"Norte";"Colisão Traseira";1;0;1;0;0;0;0;0;0;0;5;0;0;0;0
"12/02/2013";"05:03:00";"1284";"sem vítima";"86";"BR-116/SC";"Norte";"Colisão Traseira";1;0;1;0;0;0;0;0;0;0;5;0;0;0;0
"12/02/2013";"06:52:00";"1301";"sem vítima";"0";"BR-116/SC";"Norte";"Colisão Traseira";1;0;0;0;0;0;0;0;0;1;2;0;0;0;0
"12/02/2013";"07:17:00";"1302";"com vítima";"47.3";"BR-116/SC";"Norte";"Colisão Transversal";2;0;0;0;0;0;0;0;0;0;3;0;0;1;0
"12/02/2013";"09:50:00";"1317";"com vítima";"252.8";"BR-116/SC";"Sul";"Atropelamento - Ciclista";0;1;0;0;0;1;0;0;0;0;1;1;0;0;0
"12/02/2013";"11:04:00";"1323";"com vítima";"119.4";"BR-116/PR";"Sul";"Colisão Transversal";1;0;0;1;0;0;0;0;0;0;1;2;0;0;0
"12/02/2013";"11:50:00";"1326";"sem vítima";"119.4";"BR-116/PR";"Sul";"Choque - Veiculo parado na pista";2;0;0;0;0;0;0;0;0;0;2;0;0;0;0
"13/02/2013";"09:12:00";"1352";"sem vítima";"142.4";"BR-116/PR";"Norte";"Colisão Traseira";1;0;2;0;0;0;0;0;0;0;3;0;0;0;0
"13/02/2013";"01:07:00";"1365";"sem vítima";"255.7";"BR-116/SC";"Norte";"Colisão Traseira";1;0;0;0;0;0;0;0;0;0;1;0;0;0;0
"14/02/2013";"11:15:00";"1487";"sem vítima";"136";"BR-116/SC";"Sul";"Atropelamento de Animal";0;0;0;0;0;0;0;0;0;1;2;0;0;0;0
"14/02/2013";"11:43:00";"1496";"sem vítima";"136";"BR-116/SC";"Norte";"Atropelamento de Animal";0;0;0;0;0;0;0;0;0;1;3;0;0;0;0
"14/02/2013";"11:43:00";"1498";"sem vítima";"136";"BR-116/SC";"Norte";"Atropelamento de Animal";1;0;0;0;0;0;0;0;0;0;1;0;0;0;0
"14/02/2013";"06:03:00";"1531";"sem vítima";"247.8";"BR-116/SC";"Sul";"Colisão Transversal";1;0;1;0;0;0;0;0;0;0;3;0;0;0;0
"14/02/2013";"07:53:00";"1541";"sem vítima";"253";"BR-116/SC";"Norte";"Objeto lançado contra veículo";1;0;0;0;0;0;0;0;0;0;1;0;0;0;0
"15/02/2013";"05:42:00";"1566";"sem vítima";"127.6";"BR-116/PR";"Norte";"Outros";0;0;2;0;0;0;0;0;0;0;2;0;0;0;0
"15/02/2013";"10:30:00";"1582";"sem vítima";"124.7";"BR-116/SC";"Norte";"Choque - Objeto sobre a pista";2;0;0;0;0;0;0;0;0;0;6;0;0;0;0
"15/02/2013";"02:58:00";"1606";"com vítima";"144.2";"BR-116/PR";"Sul";"Outros";0;0;0;0;0;0;0;0;0;1;1;1;0;0;0
"15/02/2013";"03:09:00";"1610";"com vítima";"195.8";"BR-116/SC";"Norte";"Saida de Pista";1;0;0;0;0;0;0;0;0;0;0;1;0;0;0
"15/02/2013";"05:26:00";"1622";"com vítima";"179.5";"BR-116/PR";"Norte";"Tombamento";0;0;1;0;0;0;0;0;0;0;2;1;0;0;0
"15/02/2013";"07:11:00";"1634";"sem vítima";"117.1";"BR-116/PR";"Norte";"Colisão Traseira";1;0;1;0;0;0;0;0;0;0;2;0;0;0;0
"15/02/2013";"07:35:00";"1637";"sem vítima";"117.2";"BR-116/PR";"Norte";"Colisão Traseira";2;0;0;1;0;0;0;0;0;0;3;0;0;0;0
"16/02/2013";"09:25:00";"1679";"sem vítima";"233";"BR-116/SC";"Norte";"Choque - Cancela de Pedagio";0;0;1;0;0;0;0;0;0;0;1;0;0;0;0
"16/02/2013";"03:14:00";"1720";"sem vítima";"8.9";"BR-116/SC";"Sul";"Colisão Traseira";2;0;0;0;0;0;0;0;0;0;3;0;0;0;0
"16/02/2013";"09:15:00";"1757";"sem vítima";"150";"BR-116/PR";"Norte";"Choque - Outros";0;0;1;0;0;0;0;0;0;0;1;0;0;0;0
"16/02/2013";"09:58:00";"1760";"sem vítima";"150.9";"BR-116/PR";"Sul";"Objeto lançado contra veículo";0;0;0;0;1;0;0;0;0;0;1;0;0;0;0
"16/02/2013";"10:16:00";"1763";"sem vítima";"244.9";"BR-116/SC";"Sul";"Colisão Frontal";2;0;0;0;0;0;0;0;0;0;7;0;0;0;0
"16/02/2013";"10:27:00";"1765";"sem vítima";"150.9";"BR-116/PR";"Norte";"Objeto lançado contra veículo";1;0;0;0;0;0;0;0;0;0;1;0;0;0;0
"16/02/2013";"10:56:00";"1767";"sem vítima";"139";"BR-116/PR";"Norte";"Objeto lançado contra veículo";1;0;0;0;0;0;0;0;0;0;1;0;0;0;0
"17/02/2013";"07:48:00";"1789";"com vítima";"119";"BR-116/SC";"Norte";"Colisão Traseira";1;0;1;0;0;0;0;0;0;0;1;6;0;0;0
"17/02/2013";"10:07:00";"1799";"sem vítima";"209.4";"BR-116/SC";"Sul";"Tombamento";0;0;1;0;0;0;0;0;0;0;1;0;0;0;0
"17/02/2013";"02:23:00";"1812";"sem vítima";"196";"BR-116/PR";"Sul";"Objeto lançado contra veículo";1;0;0;0;0;0;0;0;0;0;2;0;0;0;0
"17/02/2013";"03:53:00";"1837";"com vítima";"119";"BR-116/PR";"Sul";"Colisão Transversal";2;0;0;0;0;0;0;0;0;0;5;1;0;0;0
"17/02/2013";"04:37:00";"1841";"sem vítima";"61";"BR-116/SC";"Norte";"Colisão Transversal";1;0;0;1;0;0;0;0;0;0;6;0;0;0;0
"17/02/2013";"05:50:00";"1853";"sem vítima";"4.5";"BR-116/SC";"Norte";"Colisão Traseira";1;0;1;0;0;0;0;0;0;0;2;0;0;0;0
"17/02/2013";"06:56:00";"1859";"sem vítima";"134.65";"BR-116/PR";"Norte";"Choque - Veiculo parado na pista";1;0;1;0;0;0;0;0;0;0;2;0;0;0;0
"17/02/2013";"09:25:00";"1869";"com vítima";"221.25";"BR-116/SC";"Sul";"Saida de Pista";1;0;0;0;0;0;0;0;0;0;1;1;0;0;0
"18/02/2013";"01:50:00";"1895";"sem vítima";"134.2";"BR-116/PR";"Norte";"Atropelamento de Animal";0;0;1;0;0;0;0;0;0;0;1;0;0;0;0
"18/02/2013";"08:23:00";"1916";"com vítima";"155";"BR-116/SC";"Sul";"Choque - Defensa, barreira ou "submarino"";0;0;0;1;0;0;0;0;0;0;0;1;0;0;0
"18/02/2013";"08:29:00";"1919";"sem vítima";"203";"BR-116/PR";"Sul";"Objeto lançado contra veículo";1;0;0;0;0;0;0;0;0;0;2;0;0;0;0
"18/02/2013";"01:12:00";"1947";"sem vítima";"135";"BR-116/PR";"Norte";"Objeto lançado contra veículo";1;0;0;0;0;0;0;0;0;0;1;0;0;0;0
"18/02/2013";"02:37:00";"1954";"sem vítima";"134";"BR-116/PR";"Sul";"Objeto lançado contra veículo";1;0;0;0;0;0;0;0;0;0;2;0;0;0;0
"18/02/2013";"06:44:00";"1997";"com vítima";"115.7";"BR-116/PR";"Norte";"Queda de Moto";0;0;0;1;0;0;0;0;0;0;0;1;0;0;0
"19/02/2013";"07:58:00";"2043";"sem vítima";"38";"BR-116/SC";"Norte";"Saida de Pista";0;0;0;0;0;0;0;0;0;1;1;0;0;0;0
"19/02/2013";"04:08:00";"2109";"sem vítima";"236";"BR-116/SC";"Norte";"Objeto lançado contra veículo";1;0;0;0;0;0;0;0;0;0;1;0;0;0;0
"19/02/2013";"04:22:00";"2111";"com vítima";"123";"BR-116/PR";"Norte";"Atropelamento - Sem Informação";0;0;0;1;0;0;0;0;0;0;1;1;0;0;0
"19/02/2013";"04:39:00";"2116";"com vítima";"233.9";"BR-116/SC";"Norte";"Capotamento";0;0;1;0;0;0;0;0;0;0;0;1;0;0;0
"19/02/2013";"04:46:00";"2117";"sem vítima";"135.6";"BR-116/PR";"Norte";"Objeto lançado contra veículo";1;0;0;0;0;0;0;0;0;0;2;0;0;0;0
"20/02/2013";"09:53:00";"2186";"sem vítima";"135.9";"BR-116/PR";"Sul";"Saida de Pista";1;0;0;0;0;0;0;0;0;0;1;0;0;0;0
"20/02/2013";"12:08:00";"2202";"sem vítima";"118.3";"BR-116/PR";"Norte";"Colisão Transversal";0;0;2;1;0;0;0;0;0;0;3;0;0;0;0
"20/02/2013";"03:03:00";"2228";"sem vítima";"161";"BR-116/PR";"Norte";"Choque - Veiculo parado no acostamento";0;0;0;0;1;0;0;0;0;1;2;0;0;0;0
"20/02/2013";"04:01:00";"2237";"sem vítima";"126.15";"BR-116/PR";"Norte";"Colisão Traseira";0;0;2;0;0;0;0;0;0;0;2;0;0;0;0
"20/02/2013";"06:18:00";"2254";"sem vítima";"232";"BR-116/SC";"Norte";"Objeto lançado contra veículo";0;0;0;0;0;0;0;0;0;1;2;0;0;0;0
"20/02/2013";"06:58:00";"2258";"sem vítima";"210.8";"BR-116/PR";"Norte";"Colisão Transversal";0;0;1;1;0;0;0;0;0;0;2;0;0;0;0
"20/02/2013";"09:44:00";"2266";"sem vítima";"126.2";"BR-116/PR";"Norte";"Colisão Traseira";1;0;1;0;0;0;0;0;0;0;3;0;0;0;0
"20/02/2013";"10:00:00";"2270";"com vítima";"219.4";"BR-116/SC";"Norte";"Atropelamento - Usuário";0;0;1;0;0;0;0;0;0;0;1;0;0;0;1
"20/02/2013";"10:46:00";"2276";"sem vítima";"127.6";"BR-116/PR";"Norte";"Colisão Lateral";1;0;0;0;1;0;0;0;0;0;24;0;0;0;0
"21/02/2013";"01:04:00";"2283";"com vítima";"140.7";"BR-116/PR";"Norte";"Colisão Transversal";1;0;0;1;0;0;0;0;0;0;1;0;1;0;0
"21/02/2013";"06:26:00";"2291";"sem vítima";"124.8";"BR-116/PR";"Norte";"Colisão Lateral";1;0;1;0;0;0;0;0;0;0;2;0;0;0;0
"21/02/2013";"06:44:00";"2293";"sem vítima";"125.1";"BR-116/PR";"Norte";"Colisão Lateral";1;0;1;0;0;0;0;0;0;0;4;0;0;0;0
"21/02/2013";"08:20:00";"2300";"sem vítima";"233";"BR-116/SC";"Norte";"Choque - Objeto sobre a pista";1;0;0;0;0;0;0;0;0;0;1;0;0;0;0
"21/02/2013";"10:07:00";"2317";"sem vítima";"117.4";"BR-116/PR";"Sul";"Colisão Traseira";1;0;0;1;0;0;0;0;0;0;2;0;0;0;0
"21/02/2013";"10:20:00";"2320";"sem vítima";"117";"BR-116/PR";"Sul";"Colisão Traseira";1;0;1;0;0;0;0;0;0;0;2;0;0;0;0
"21/02/2013";"10:30:00";"2323";"sem vítima";"116.3";"BR-116/PR";"Norte";;1;0;1;0;0;0;0;0;0;0;2;0;0;0;0
"21/02/2013";"11:07:00";"2324";"com vítima";"122.18";"BR-116/PR";"Norte";"Colisão Traseira";0;0;1;1;0;0;0;0;0;0;1;0;0;0;1
"21/02/2013";"03:28:00";"2352";"sem vítima";"99";"BR-116/SC";"Norte";"Objeto lançado contra veículo";1;0;0;0;0;0;0;0;0;0;1;0;0;0;0
"21/02/2013";"05:19:00";"2361";"sem vítima";"47.9";"BR-116/SC";"Norte";"Choque - Veiculo parado na pista";2;0;1;0;0;0;0;0;0;0;3;0;0;0;0
"21/02/2013";"07:18:00";"2372";"com vítima";"208";"BR-116/SC";"Norte";"Colisão Lateral";1;0;1;0;0;0;0;0;0;0;1;1;0;0;0
"21/02/2013";"10:19:00";"2382";"sem vítima";"117.2";"BR-116/PR";"Sul";"Choque - Defensa, barreira ou "submarino"";1;0;0;0;0;0;0;0;0;0;1;0;0;0;0
"22/02/2013";"07:40:00";"2413";"sem vítima";"117.5";"BR-116/PR";"Norte";"Choque - Veiculo parado na pista";1;0;1;0;0;0;0;0;0;0;2;0;0;0;0
"22/02/2013";"07:59:00";"2415";"sem vítima";"188";"BR-116/SC";"Sul";"Objeto lançado contra veículo";1;0;0;0;0;0;0;0;0;0;1;0;0;0;0
"22/02/2013";"12:20:00";"2458";"sem vítima";"203.6";"BR-116/PR";"Sul";"Choque - Cancela de Pedagio";0;0;1;0;0;0;0;0;0;0;1;0;0;0;0
"22/02/2013";"03:01:00";"2472";"sem vítima";"197.2";"BR-116/PR";"Sul";"Saida de Pista";0;0;1;0;0;0;0;0;0;0;1;0;0;0;0
"22/02/2013";"07:02:00";"2500";"com vítima";"95.4";"BR-116/SC";"Norte";"Saida de Pista";1;0;1;0;0;0;0;0;0;0;2;2;0;0;0
"23/02/2013";"07:00:00";"2535";"com vítima";"291";"BR-116/SC";"Sul";"Saida de Pista";0;0;1;0;0;0;0;0;0;0;0;3;0;3;0
"23/02/2013";"07:05:00";"2536";"sem vítima";"158";"BR-116/SC";"Sul";"Saida de Pista";1;0;0;0;0;0;0;0;0;0;4;0;0;0;0
"23/02/2013";"08:24:00";"2539";"sem vítima";"118";"BR-116/PR";"Sul";"Saida de Pista";0;0;0;0;0;0;0;0;0;1;1;0;0;0;0
"23/02/2013";"02:23:00";"2564";"sem vítima";"125";"BR-116/PR";"Norte";"Colisão Traseira";1;0;1;0;0;0;0;0;0;0;2;0;0;0;0
"23/02/2013";"04:29:00";"2584";"sem vítima";"141";"BR-116/PR";"Norte";"Objeto lançado contra veículo";1;0;0;0;0;0;0;0;0;0;1;0;0;0;0
"23/02/2013";"08:13:00";"2610";"sem vítima";"243";"BR-116/SC";"Sul";"Atropelamento de Animal";1;0;0;0;0;0;0;0;0;0;2;0;0;0;0
"23/02/2013";"09:20:00";"2613";"sem vítima";"85.5";"BR-116/SC";"Sul";"Queda de Moto";0;0;0;1;0;0;0;0;0;0;1;0;0;0;0
"24/02/2013";"12:16:00";"2622";"com vítima";"167.2";"BR-116/SC";"Sul";"Atropelamento - Usuário";0;0;1;0;0;0;0;0;0;0;1;0;0;0;1
"24/02/2013";"12:22:00";"2623";"com vítima";"170.45";"BR-116/PR";"Norte";"Colisão Frontal";1;0;0;0;0;0;0;0;0;1;3;1;0;0;0
"24/02/2013";"02:08:00";"2626";"com vítima";"152";"BR-116/PR";"Norte";"Saida de Pista";1;0;0;0;0;0;0;0;0;0;0;0;1;0;0
"24/02/2013";"03:23:00";"2630";"sem vítima";"140.9";"BR-116/PR";"Norte";"Saida de Pista";0;0;1;0;0;0;0;0;0;0;1;0;0;0;0
"24/02/2013";"08:35:00";"2645";"com vítima";"72";"BR-116/SC";"Sul";"Saida de Pista";1;0;0;0;0;0;0;0;0;0;0;2;0;0;0
"24/02/2013";"04:25:00";"2679";"com vítima";"152.7";"BR-116/PR";"Norte";"Colisão Traseira";1;0;1;0;0;0;0;0;0;0;2;1;0;0;0
"24/02/2013";"09:43:00";"2709";"com vítima";"86";"BR-116/SC";"Norte";"Colisão Transversal";1;0;0;0;0;0;0;0;0;1;0;7;2;0;1
"24/02/2013";"11:31:00";"2718";"com vítima";"69.3";"BR-116/SC";"Sul";"Colisão Lateral";2;0;0;0;0;0;0;0;0;0;3;1;0;0;0
"25/02/2013";"07:18:00";"2737";"com vítima";"125.5";"BR-116/PR";"Norte";"Colisão Lateral";1;0;0;1;0;0;0;0;0;0;2;0;1;0;0
"25/02/2013";"09:04:00";"2745";"sem vítima";"197.3";"BR-116/PR";"Norte";"Saida de Pista";0;0;1;0;0;0;0;0;0;0;1;0;0;0;0
"25/02/2013";"09:15:00";"2746";"sem vítima";"32.6";"BR-116/SC";"Sul";"Colisão Traseira";2;0;0;0;0;0;0;0;0;0;7;0;0;0;0
"25/02/2013";"10:16:00";"2754";"sem vítima";"210";"BR-116/PR";"Norte";"Objeto lançado contra veículo";1;0;0;0;0;0;0;0;0;0;1;0;0;0;0
"25/02/2013";"02:46:00";"2784";"sem vítima";"46.8";"BR-116/SC";"Sul";"Colisão Traseira";0;0;2;0;0;0;0;0;0;0;22;0;0;0;0
"25/02/2013";"08:52:00";"2819";"sem vítima";"117.5";"BR-116/PR";"Sul";"Saida de Pista";1;0;0;0;0;0;0;0;0;0;2;0;0;0;0
"25/02/2013";"09:12:00";"2820";"sem vítima";"304";"BR-116/SC";"Sul";"Colisão Traseira";1;0;1;0;0;0;0;0;0;0;2;0;0;0;0
"26/02/2013";"10:02:00";"2874";"com vítima";"23.6";"BR-116/SC";"Norte";"Colisão Transversal";0;0;1;0;0;0;0;0;0;1;1;1;0;0;0
"26/02/2013";"11:39:00";"2882";"sem vítima";"130.3";"BR-116/PR";"Norte";"Objeto lançado contra veículo";1;0;0;0;0;0;0;0;0;0;1;0;0;0;0
"26/02/2013";"12:38:00";"2884";"sem vítima";"189";"BR-116/PR";"Norte";"Objeto lançado contra veículo";0;0;1;0;0;0;0;0;0;0;1;0;0;0;0
"26/02/2013";"03:11:00";"2900";"com vítima";"128.6";"BR-116/PR";"Sul";"Colisão Transversal";1;0;0;1;0;0;0;0;0;0;1;1;0;0;0
"26/02/2013";"03:53:00";"2909";"sem vítima";"199.9";"BR-116/PR";"Norte";"Saida de Pista";1;0;0;0;0;0;0;0;0;0;1;0;0;0;0
"26/02/2013";"05:04:00";"2922";"sem vítima";"69";"BR-116/SC";"Sul";"Choque - Veiculo parado na pista";2;0;0;0;0;0;0;0;0;0;2;0;0;0;0
"26/02/2013";"07:42:00";"2936";"sem vítima";"309.5";"BR-116/SC";"Norte";"Saida de Pista";0;0;1;0;0;0;0;0;0;0;1;0;0;0;0
"26/02/2013";"11:55:00";"2955";"sem vítima";"234.9";"BR-116/SC";"Norte";"Tombamento";0;0;1;0;0;0;0;0;0;0;1;0;0;0;0
"27/02/2013";"09:48:00";"2994";"com vítima";"1.2";"BR-116/SC";"Sul";"Colisão Transversal";0;1;1;0;0;0;0;0;0;0;1;0;0;0;1
"27/02/2013";"11:51:00";"3010";"sem vítima";"192";"BR-116/PR";"Sul";"Objeto lançado contra veículo";0;0;1;0;0;0;0;0;0;0;1;0;0;0;0
"27/02/2013";"12:11:00";"3012";"sem vítima";"251";"BR-116/SC";"Norte";"Choque - Veiculo parado na pista";0;0;1;0;0;0;0;0;0;1;4;0;0;0;0
"27/02/2013";"03:54:00";"3036";"sem vítima";"156";"BR-116/PR";"Norte";"Objeto lançado contra veículo";1;0;0;0;0;0;0;0;0;0;1;0;0;0;0
"27/02/2013";"06:18:00";"3054";"sem vítima";"141";"BR-116/PR";"Norte";"Objeto lançado contra veículo";1;0;0;0;0;0;0;0;0;0;1;0;0;0;0
"27/02/2013";"07:02:00";"3058";"sem vítima";"122";"BR-116/PR";"Norte";"Objeto lançado contra veículo";1;0;0;0;0;0;0;0;0;0;1;0;0;0;0
"27/02/2013";"07:41:00";"3062";"com vítima";"129.9";"BR-116/PR";"Sul";"Colisão Transversal";1;0;0;1;0;0;0;0;0;0;1;1;0;0;0
"28/02/2013";"09:27:00";"3100";"sem vítima";"147.6";"BR-116/PR";"Sul";"Choque - Objeto sobre a pista";0;0;0;0;0;0;0;0;0;1;3;0;0;0;0
"28/02/2013";"10:15:00";"3104";"sem vítima";"118";"BR-116/PR";"Norte";"Choque - Objeto sobre a pista";1;0;0;0;0;0;0;0;0;0;1;0;0;0;0
"28/02/2013";"02:27:00";"3130";"com vítima";"182.6";"BR-116/PR";"Sul";"Saida de Pista";0;0;0;0;0;0;0;0;0;1;0;2;0;0;0
"28/02/2013";"05:44:00";"3162";"sem vítima";"267.7";"BR-116/SC";"Sul";"Colisão Transversal";2;0;0;0;0;0;0;0;0;0;6;0;0;0;0
"28/02/2013";"09:55:00";"3179";"sem vítima";"3";"BR-116/SC";"Norte";"Atropelamento de Animal";1;0;0;0;0;0;0;0;0;0;1;0;0;0;0
"28/02/2013";"10:29:00";"3182";"sem vítima";"196";"BR-116/SC";"Norte";"Colisão Traseira";0;0;0;0;0;0;0;0;0;2;3;0;0;0;0
"28/02/2013";"11:11:00";"3183";"sem vítima";"165.4";"BR-116/PR";"Norte";"Colisão Traseira";2;0;0;0;0;0;0;0;0;0;14;0;0;0;0
"01/03/2013";"05:52:00";"10";"sem vítima";"128.15";"BR-116/PR";"Norte";"Choque - Veiculo parado na pista";2;0;0;0;0;0;0;0;0;0;7;0;0;0;0
"01/03/2013";"01:49:00";"56";"sem vítima";"204";"BR-116/PR";"Sul";"Objeto lançado contra veículo";1;0;0;0;0;0;0;0;0;0;2;0;0;0;0
"01/03/2013";"08:31:00";"114";"sem vítima";"271.3";"BR-116/SC";"Sul";"Atropelamento de Animal";0;0;1;0;0;0;0;0;0;0;1;0;0;0;0
"01/03/2013";"08:38:00";"116";"com vítima";"143.7";"BR-116/PR";"Norte";"Colisão Frontal";3;0;0;0;0;0;0;0;0;0;1;6;0;0;0
"01/03/2013";"09:37:00";"120";"com vítima";"152.4";"BR-116/PR";"Sul";"Colisão Transversal";2;0;0;0;0;0;0;0;0;0;2;3;0;0;0
"02/03/2013";"06:17:00";"142";"sem vítima";"201";"BR-116/SC";"Sul";"Atropelamento de Animal";1;0;0;0;0;0;0;0;0;0;1;0;0;0;0
"02/03/2013";"07:01:00";"144";"sem vítima";"202.8";"BR-116/SC";"Norte";"Colisão Traseira";1;0;1;0;0;0;0;0;0;0;2;0;0;0;0
"02/03/2013";"11:21:00";"169";"com vítima";"111";"BR-116/SC";"Sul";"Colisão Transversal";1;0;1;0;0;0;0;0;0;0;4;2;0;0;0
"02/03/2013";"12:04:00";"172";"sem vítima";"245";"BR-116/SC";"Norte";"Colisão Transversal";2;0;0;0;0;0;0;0;0;0;2;0;0;0;0
"02/03/2013";"12:41:00";"173";"sem vítima";"133";"BR-116/PR";"Sul";"Atropelamento de Animal";1;0;0;0;0;0;0;0;0;0;3;0;0;0;0
"02/03/2013";"01:10:00";"176";"com vítima";"153";"BR-116/PR";"Sul";"Colisão Transversal";1;0;0;1;0;0;0;0;0;0;1;1;0;0;0
"02/03/2013";"02:42:00";"186";"sem vítima";"187";"BR-116/PR";"Norte";"Objeto lançado contra veículo";1;0;0;0;0;0;0;0;0;0;11;0;0;0;0
"02/03/2013";"04:08:00";"195";"com vítima";"149.2";"BR-116/SC";"Norte";"Choque - Defensa, barreira ou "submarino"";0;0;0;1;0;0;0;0;0;0;0;1;0;0;0
"02/03/2013";"07:19:00";"216";"com vítima";"211";"BR-116/PR";"Sul";"Colisão Transversal";1;0;0;1;0;0;0;0;0;0;1;1;0;0;0
"02/03/2013";"09:20:00";"230";"sem vítima";"251.3";"BR-116/SC";"Norte";"Colisão Traseira";1;0;1;0;0;0;0;0;0;0;2;0;0;0;0
"03/03/2013";"07:59:00";"257";"com vítima";"160.5";"BR-116/PR";"Sul";"Saida de Pista";1;0;0;0;0;0;0;0;0;0;0;1;0;0;0
"03/03/2013";"02:13:00";"275";"sem vítima";"234";"BR-116/SC";"Sul";"Queda de Moto";0;0;0;1;0;0;0;0;0;0;2;0;0;0;0
"03/03/2013";"06:41:00";"304";"sem vítima";"119.4";"BR-116/PR";"Norte";"Queda de Moto";0;0;0;1;0;0;0;0;0;0;1;0;0;0;0
"03/03/2013";"07:40:00";"313";"sem vítima";"65";"BR-116/SC";"Norte";"Colisão Lateral";1;0;1;0;0;0;0;0;0;0;5;0;0;0;0
"03/03/2013";"08:05:00";"318";"sem vítima";"198";"BR-116/SC";"Sul";"Atropelamento de Animal";1;0;0;0;0;0;0;0;0;0;1;0;0;0;0
"04/03/2013";"05:03:00";"355";"sem vítima";"88";"BR-116/SC";"Sul";"Atropelamento de Animal";0;0;1;0;0;0;0;0;0;0;1;0;0;0;0
"04/03/2013";"06:47:00";"359";"com vítima";"115.1";"BR-116/PR";"Norte";"Colisão Lateral";0;0;0;1;1;0;0;0;0;0;1;1;0;0;0
"04/03/2013";"09:47:00";"372";"sem vítima";"38.15";"BR-116/SC";"Norte";"Colisão Traseira";1;0;0;1;0;0;0;0;0;0;2;0;0;0;0
"04/03/2013";"10:27:00";"378";"sem vítima";"74.2";"BR-116/SC";"Sul";"Saida de Pista";1;0;0;0;0;0;0;0;0;0;2;0;0;0;0
"04/03/2013";"02:20:00";"407";"sem vítima";"125.8";"BR-116/PR";"Sul";"Choque - Objeto sobre a pista";2;0;0;0;0;0;0;0;0;0;2;0;0;0;0
"04/03/2013";"03:16:00";"417";"sem vítima";"301.4";"BR-116/SC";"Norte";"Saida de Pista";1;0;0;0;0;0;0;0;0;0;1;0;0;0;0
"04/03/2013";"03:48:00";"423";"sem vítima";"200";"BR-116/PR";"Norte";"Choque - Objeto não identificado";1;0;0;0;0;0;0;0;0;0;1;0;0;0;0
"04/03/2013";"04:59:00";"430";"sem vítima";"134.8";"BR-116/PR";"Norte";"Choque - Cancela de Pedagio";0;0;0;0;0;0;0;0;0;1;1;0;0;0;0