data;horario;n_da_ocorrencia;tipo_de_ocorrencia;km;trecho;sentido;tipo_de_acidente;automovel;bicicleta;caminhao;moto;onibus;outros;tracao_animal;transporte_de_cargas_especiais;trator_maquinas;utilitarios;ilesos;levemente_feridos;moderadamente_feridos;gravemente_feridos;mortos
"01/04/2013";"08:02:00";"100";"com vítima";"53.05";"BR-116/SC";"Sul";"Saida de Pista";1;0;0;0;0;0;0;0;0;0;0;1;0;0;0
"02/04/2013";"02:27:00";"177";"sem vítima";"119.5";"BR-116/PR";"Sul";"Colisão Transversal";1;0;0;0;1;0;0;0;0;0;19;0;0;0;0
"02/04/2013";"04:59:00";"205";"sem vítima";"134";"BR-116/PR";"Norte";"Colisão Traseira";0;0;1;0;0;0;0;0;0;1;2;0;0;0;0
"02/04/2013";"06:39:00";"217";"com vítima";"219.3";"BR-116/SC";"Norte";"Colisão Transversal";1;0;0;1;0;0;0;0;0;0;2;0;1;0;0
"02/04/2013";"07:01:00";"219";"sem vítima";"233";"BR-116/SC";"Sul";"Objeto lançado contra veículo";1;0;0;0;0;0;0;0;0;0;1;0;0;0;0
"02/04/2013";"10:35:00";"228";"sem vítima";"126.3";"BR-116/PR";"Sul";"Colisão Lateral";1;0;1;0;0;0;0;0;0;0;2;0;0;0;0
"03/04/2013";"01:12:00";"236";"sem vítima";"206";"BR-116/PR";"Norte";"Objeto lançado contra veículo";0;0;0;0;0;0;0;0;0;1;1;0;0;0;0
"03/04/2013";"09:50:00";"260";"sem vítima";"131";"BR-116/PR";"Sul";"Objeto lançado contra veículo";1;0;0;0;0;0;0;0;0;0;1;0;0;0;0
"03/04/2013";"03:24:00";"284";"com vítima";"171.7";"BR-116/PR";"Sul";"Saida de Pista";1;0;0;0;0;0;0;0;0;0;0;1;0;0;0
"04/04/2013";"09:01:00";"342";"sem vítima";"13";"BR-116/SC";"Sul";"Objeto lançado contra veículo";0;0;1;0;0;0;0;0;0;0;1;0;0;0;0
"04/04/2013";"11:08:00";"358";"sem vítima";"117.5";"BR-116/PR";"Sul";"Colisão Lateral";1;0;0;0;0;0;0;0;0;1;5;0;0;0;0
"04/04/2013";"11:15:00";"360";"com vítima";"180.9";"BR-116/SC";"Sul";"Saida de Pista";0;0;1;0;0;0;0;0;0;0;0;1;0;0;0
"04/04/2013";"07:03:00";"403";"com vítima";"159.6";"BR-116/PR";"Norte";"Colisão Traseira";0;1;1;0;0;0;0;0;0;0;1;0;0;0;1
"04/04/2013";"09:12:00";"414";"com vítima";"128";"BR-116/PR";"Sul";"Colisão Transversal";1;0;0;1;0;0;0;0;0;0;4;0;1;0;0
"04/04/2013";"10:53:00";"423";"sem vítima";"119.5";"BR-116/PR";"Sul";"Colisão Transversal";2;0;0;0;0;0;0;0;0;0;3;0;0;0;0
"05/04/2013";"05:28:00";"436";"sem vítima";"12";"BR-116/SC";"Norte";"Tombamento";0;0;1;0;0;0;0;0;0;0;1;0;0;0;0
"05/04/2013";"12:23:00";"478";"sem vítima";"80";"BR-116/SC";"Sul";"Colisão Lateral";2;0;0;0;0;0;0;0;0;0;2;0;0;0;0
"05/04/2013";"02:42:00";"492";"sem vítima";"182.6";"BR-116/SC";"Sul";"Objeto lançado contra veículo";1;0;0;0;0;0;0;0;0;0;1;0;0;0;0
"05/04/2013";"06:32:00";"519";"com vítima";"172";"BR-116/SC";"Norte";"Colisão Transversal";0;0;0;1;0;0;0;0;0;1;2;0;0;0;1
"05/04/2013";"07:19:00";"522";"sem vítima";"172";"BR-116/SC";"Sul";"Saida de Pista";1;0;0;0;0;0;0;0;0;0;1;0;0;0;0
"05/04/2013";"11:48:00";"533";"sem vítima";"128.7";"BR-116/PR";"Sul";"Colisão Traseira";1;0;1;0;0;0;0;0;0;0;2;0;0;0;0
"06/04/2013";"07:57:00";"554";"sem vítima";"203";"BR-116/SC";"Norte";"Choque - Cancela de Pedagio";1;0;0;0;0;0;0;0;0;0;1;0;0;0;0
"06/04/2013";"07:24:00";"597";"com vítima";"50.4";"BR-116/SC";"Sul";"Colisão Transversal";2;0;1;0;0;0;0;0;0;0;1;6;1;1;0
"06/04/2013";"07:29:00";"598";"sem vítima";"163.2";"BR-116/PR";"Sul";"Saida de Pista";0;0;1;0;0;0;0;0;0;0;1;0;0;0;0
"06/04/2013";"09:22:00";"607";"sem vítima";"129";"BR-116/PR";"Norte";"Colisão Traseira";1;0;0;0;0;0;0;0;0;1;3;0;0;0;0
"06/04/2013";"09:38:00";"608";"sem vítima";"211.1";"BR-116/SC";"Norte";"Capotamento";0;0;1;0;0;0;0;0;0;0;1;0;0;0;0
"06/04/2013";"09:52:00";"609";"sem vítima";"139.8";"BR-116/SC";"Sul";"Choque - Suporte de Sinalização";1;0;0;0;0;0;0;0;0;0;1;0;0;0;0
"06/04/2013";"10:54:00";"613";"com vítima";"139.8";"BR-116/SC";"Norte";"Atropelamento - Funcionário";2;0;0;0;0;0;0;0;0;0;2;1;0;0;0
"07/04/2013";"02:51:00";"620";"sem vítima";"174.6";"BR-116/SC";"Sul";"Choque - Suporte de Sinalização";1;0;0;0;0;0;0;0;0;0;1;0;0;0;0
"07/04/2013";"06:53:00";"629";"sem vítima";"166.5";"BR-116/PR";"Sul";"Saida de Pista";1;0;0;0;0;0;0;0;0;0;2;0;0;0;0
"07/04/2013";"03:24:00";"666";"com vítima";"239.7";"BR-116/SC";"Norte";"Saida de Pista";1;0;0;0;0;0;0;0;0;0;0;1;0;0;0
"07/04/2013";"04:01:00";"669";"com vítima";"52";"BR-116/SC";"Norte";"Colisão Transversal";2;0;1;0;0;0;0;0;0;0;8;0;1;0;0
"07/04/2013";"07:42:00";"693";"com vítima";"241.9";"BR-116/SC";"Sul";"Colisão Traseira";1;0;1;1;0;0;0;0;0;0;4;0;1;0;1
"07/04/2013";"09:07:00";"698";"sem vítima";"168.1";"BR-116/PR";"Sul";"Colisão Lateral";1;0;1;0;0;0;0;0;0;0;2;0;0;0;0
"07/04/2013";"09:08:00";"699";"sem vítima";"125.4";"BR-116/PR";"Norte";"Colisão Traseira";3;0;0;0;0;0;0;0;0;0;10;0;0;0;0
"07/04/2013";"10:21:00";"704";"sem vítima";"199.9";"BR-116/SC";"Sul";"Choque - Suporte de Sinalização";1;0;0;0;0;0;0;0;0;0;1;0;0;0;0
"07/04/2013";"10:34:00";"705";"com vítima";"116.6";"BR-116/PR";"Sul";"Saida de Pista";1;0;0;0;0;0;0;0;0;0;0;1;0;0;0
"08/04/2013";"11:07:00";"745";"sem vítima";"48.6";"BR-116/SC";"Sul";"Objeto lançado contra veículo";0;0;1;0;0;0;0;0;0;0;1;0;0;0;0
"08/04/2013";"01:05:00";"764";"sem vítima";"227";"BR-116/SC";"Sul";"Choque - Objeto sobre a pista";1;0;0;0;0;0;0;0;0;0;1;0;0;0;0
"08/04/2013";"06:15:00";"806";"sem vítima";"118.4";"BR-116/PR";"Norte";"Colisão Transversal";1;0;0;1;0;0;0;0;0;0;2;0;0;0;0
"08/04/2013";"09:46:00";"818";"sem vítima";"210.5";"BR-116/PR";"Sul";"Atropelamento de Animal";1;0;0;0;0;0;0;0;0;0;1;0;0;0;0
"09/04/2013";"01:10:00";"827";"com vítima";"86.8";"BR-116/SC";"Sul";"Colisão Frontal";1;0;1;0;0;0;0;0;0;0;1;0;1;2;2
"09/04/2013";"03:34:00";"828";"com vítima";"305.4";"BR-116/SC";"Sul";"Tombamento";0;0;1;0;0;0;0;0;0;0;0;1;0;0;0
"09/04/2013";"06:57:00";"831";"sem vítima";"121";"BR-116/SC";"Norte";"Colisão Transversal";1;0;0;1;0;0;0;0;0;0;2;0;0;0;0
"09/04/2013";"01:06:00";"877";"sem vítima";"142";"BR-116/SC";"Norte";"Saida de Pista";0;0;1;0;0;0;0;0;0;0;1;0;0;0;0
"09/04/2013";"07:06:00";"923";"com vítima";"122.4";"BR-116/PR";"Sul";"Colisão Transversal";1;0;0;1;0;0;0;0;0;0;5;0;1;0;0
"09/04/2013";"10:01:00";"931";"sem vítima";"236.2";"BR-116/SC";"Sul";"Saida de Pista";1;0;0;0;0;0;0;0;0;0;1;0;0;0;0
"10/04/2013";"10:52:00";"972";"sem vítima";"132";"BR-116/PR";"Sul";"Colisão Traseira";1;0;1;0;0;0;0;0;0;0;2;0;0;0;0
"10/04/2013";"06:52:00";"1025";"sem vítima";"140.3";"BR-116/PR";"Sul";"Colisão Lateral";0;0;1;1;0;0;0;0;0;0;2;0;0;0;0
"11/04/2013";"02:38:00";"1043";"sem vítima";"133.7";"BR-116/PR";"Norte";"Tombamento";0;0;1;0;0;0;0;0;0;0;1;0;0;0;0
"11/04/2013";"07:12:00";"1049";"com vítima";"120.9";"BR-116/PR";"Norte";"Colisão Lateral";0;0;0;2;0;0;0;0;0;0;0;2;0;0;0
"11/04/2013";"07:03:00";"1141";"com vítima";"132.5";"BR-116/PR";"Norte";"Colisão Transversal";1;0;1;0;0;0;0;0;0;0;1;1;0;0;0
"11/04/2013";"07:18:00";"1142";"sem vítima";"81";"BR-116/SC";"Sul";"Choque - Cancela de Pedagio";1;0;0;0;0;0;0;0;0;0;1;0;0;0;0
"11/04/2013";"07:34:00";"1147";"com vítima";"128.2";"BR-116/PR";"Norte";"Colisão Lateral";1;0;0;1;0;0;0;0;0;0;1;1;0;0;0
"11/04/2013";"11:58:00";"1158";"com vítima";"148.15";"BR-116/PR";"Sul";"Colisão Frontal";0;0;2;0;0;0;0;0;0;0;0;0;0;0;2
"12/04/2013";"08:11:00";"1178";"com vítima";"117.2";"BR-116/PR";"Norte";"Atropelamento - Usuário";0;0;0;1;0;0;0;0;0;0;1;1;0;0;0
"12/04/2013";"09:17:00";"1188";"sem vítima";"159";"BR-116/SC";"Norte";"Objeto lançado contra veículo";0;0;0;0;0;0;0;0;0;1;1;0;0;0;0
"12/04/2013";"11:52:00";"1205";"sem vítima";"210.3";"BR-116/SC";"Sul";"Saida de Pista";1;0;0;0;0;0;0;0;0;0;1;0;0;0;0
"12/04/2013";"12:02:00";"1206";"sem vítima";"210.3";"BR-116/SC";"Sul";"Saida de Pista";1;0;0;0;0;0;0;0;0;0;2;0;0;0;0
"12/04/2013";"12:15:00";"1209";"sem vítima";"115";"BR-116/PR";"Sul";"Capotamento";1;0;1;0;0;0;0;0;0;0;2;0;0;0;0
"12/04/2013";"03:10:00";"1220";"com vítima";"8";"BR-116/SC";"Norte";"Saida de Pista";1;0;0;0;0;0;0;0;0;0;0;3;0;0;0
"12/04/2013";"03:11:00";"1221";"sem vítima";"4.5";"BR-116/SC";"Sul";"Colisão Traseira";0;0;1;1;0;0;0;0;0;0;2;0;0;0;0
"12/04/2013";"03:15:00";"1222";"sem vítima";"2.1";"BR-116/SC";"Sul";"Engavetamento";4;0;0;0;0;0;0;0;0;0;10;0;0;0;0
"12/04/2013";"03:24:00";"1223";"com vítima";"210.9";"BR-116/PR";"Sul";"Colisão Traseira";2;0;1;0;0;0;0;0;0;0;2;1;0;0;0
"12/04/2013";"05:09:00";"1234";"sem vítima";"209";"BR-116/PR";"Sul";"Colisão Traseira";0;0;2;0;0;0;0;0;0;0;2;0;0;0;0
"12/04/2013";"06:08:00";"1247";"sem vítima";"118.4";"BR-116/PR";"Norte";"Colisão Transversal";2;0;1;0;0;0;0;0;0;1;5;0;0;0;0
"13/04/2013";"12:46:00";"1277";"sem vítima";"188";"BR-116/SC";"Sul";"Choque - Objeto sobre a pista";0;0;1;0;0;0;0;0;0;0;1;0;0;0;0
"13/04/2013";"05:23:00";"1288";"com vítima";"227";"BR-116/SC";"Norte";"Saida de Pista";1;0;0;0;0;0;0;0;0;0;1;1;2;0;0
"13/04/2013";"07:34:00";"1293";"sem vítima";"124";"BR-116/PR";"Sul";"Colisão Traseira";2;0;0;0;0;0;0;0;0;0;5;0;0;0;0
"13/04/2013";"02:01:00";"1313";"sem vítima";"220";"BR-116/SC";"Norte";"Colisão Transversal";3;0;0;0;0;0;0;0;0;0;3;0;0;0;0
"13/04/2013";"03:36:00";"1316";"sem vítima";"131.1";"BR-116/PR";"Norte";"Colisão Transversal";2;0;0;0;0;0;0;0;0;0;2;0;0;0;0
"13/04/2013";"04:17:00";"1320";"sem vítima";"162.6";"BR-116/SC";"Norte";"Colisão Lateral";1;0;1;0;0;0;0;0;0;0;5;0;0;0;0
"13/04/2013";"05:35:00";"1326";"sem vítima";"167.75";"BR-116/SC";"Norte";"Colisão Transversal";2;0;0;0;0;0;0;0;0;0;4;0;0;0;0
"13/04/2013";"05:49:00";"1329";"sem vítima";"211.1";"BR-116/PR";"Sul";"Colisão Lateral";1;0;1;0;0;0;0;0;0;0;2;0;0;0;0
"14/04/2013";"12:23:00";"1346";"sem vítima";"211.5";"BR-116/PR";"Norte";"Colisão Traseira";1;0;0;0;0;1;0;0;0;0;2;0;0;0;0
"14/04/2013";"02:26:00";"1372";"sem vítima";"205";"BR-116/PR";"Sul";"Colisão Lateral";2;0;0;0;0;0;0;0;0;0;2;0;0;0;0
"14/04/2013";"03:26:00";"1374";"com vítima";"300";"BR-116/SC";"Norte";"Capotamento";1;0;0;0;0;0;0;0;0;0;0;1;0;0;0
"14/04/2013";"08:16:00";"1403";"sem vítima";"117.6";"BR-116/PR";"Sul";"Choque - Defensa, barreira ou "submarino"";1;0;0;0;0;0;0;0;0;0;1;0;0;0;0
"14/04/2013";"08:29:00";"1405";"com vítima";"66";"BR-116/SC";"Norte";"Atropelamento - Andarilho";0;0;1;0;0;0;0;0;0;0;1;0;1;0;0
"14/04/2013";"08:31:00";"1406";"com vítima";"119.4";"BR-116/PR";"Sul";"Colisão Transversal";4;0;0;0;0;0;0;0;0;0;6;0;2;0;0
"15/04/2013";"12:37:00";"1467";"sem vítima";"27.8";"BR-116/SC";"Sul";"Objeto lançado contra veículo";1;0;0;0;0;0;0;0;0;0;1;0;0;0;0
"15/04/2013";"07:11:00";"1510";"sem vítima";"126.3";"BR-116/PR";"Sul";"Choque - Veiculo parado na pista";3;0;0;0;0;0;0;0;0;0;3;0;0;0;0
"15/04/2013";"07:28:00";"1511";"com vítima";"168.1";"BR-116/PR";"Sul";"Atropelamento de Animal";0;0;0;1;0;0;0;0;0;0;0;1;0;0;0
"15/04/2013";"07:58:00";"1515";"sem vítima";"134";"BR-116/PR";"Sul";"Saida de Pista";1;0;0;0;0;0;0;0;0;0;1;0;0;0;0
"16/04/2013";"10:18:00";"1574";"sem vítima";"122.8";"BR-116/PR";"Sul";"Objeto lançado contra veículo";1;0;0;0;0;0;0;0;0;0;1;0;0;0;0
"16/04/2013";"10:59:00";"1581";"sem vítima";"184.3";"BR-116/SC";"Sul";"Colisão Transversal";0;0;3;0;0;0;0;0;0;0;6;0;0;0;0
"16/04/2013";"01:05:00";"1596";"sem vítima";"308.7";"BR-116/SC";"Sul";"Objeto lançado contra veículo";1;0;0;0;0;0;0;0;0;0;1;0;0;0;0
"16/04/2013";"02:51:00";"1602";"sem vítima";"173";"BR-116/SC";"Norte";"Colisão Traseira";2;0;0;0;0;0;0;0;0;0;2;0;0;0;0
"16/04/2013";"03:20:00";"1605";"sem vítima";"137";"BR-116/SC";"Norte";"Capotamento";1;0;0;0;0;0;0;0;0;0;1;0;0;0;0
"16/04/2013";"03:29:00";"1607";"sem vítima";"37.8";"BR-116/SC";"Sul";"Objeto lançado contra veículo";1;0;0;0;0;0;0;0;0;0;1;0;0;0;0
"16/04/2013";"06:59:00";"1633";"sem vítima";"159.5";"BR-116/PR";"Sul";"Colisão Transversal";1;0;0;0;1;0;0;0;0;0;6;0;0;0;0
"17/04/2013";"01:31:00";"1652";"sem vítima";"139";"BR-116/PR";"Norte";"Atropelamento de Animal";1;0;0;0;0;0;0;0;0;0;1;0;0;0;0
"17/04/2013";"07:32:00";"1669";"sem vítima";"125";"BR-116/PR";"Norte";"Queda de Moto";0;0;0;1;0;0;0;0;0;0;2;0;0;0;0
"17/04/2013";"12:59:00";"1695";"com vítima";"77.5";"BR-116/SC";"Sul";"Saida de Pista";1;0;0;0;0;1;0;0;0;0;1;1;0;0;0
"17/04/2013";"02:47:00";"1706";"com vítima";"115";"BR-116/PR";"Norte";"Colisão Lateral";0;0;1;1;0;0;0;0;0;0;1;1;0;0;0
"17/04/2013";"03:15:00";"1711";"sem vítima";"204";"BR-116/PR";"Norte";"Choque - Defensa, barreira ou "submarino"";0;0;1;0;0;0;0;0;0;0;1;0;0;0;0
"17/04/2013";"04:12:00";"1716";"com vítima";"39.4";"BR-116/SC";"Norte";"Colisão Lateral";0;0;2;0;0;0;0;0;0;0;1;1;0;0;0
"17/04/2013";"04:52:00";"1717";"com vítima";"117.4";"BR-116/PR";"Sul";"Queda de Moto";0;0;0;1;0;0;0;0;0;0;0;0;1;0;0
"17/04/2013";"06:55:00";"1729";"com vítima";"17.78";"BR-116/SC";"Sul";"Colisão Frontal";3;0;0;0;0;0;0;0;0;0;2;0;0;1;1
"18/04/2013";"12:27:00";"1745";"com vítima";"262";"BR-116/SC";"Norte";"Saida de Pista";1;0;0;0;0;0;0;0;0;0;0;1;0;0;0
"18/04/2013";"03:57:00";"1749";"sem vítima";"233.8";"BR-116/SC";"Norte";"Saida de Pista";0;0;1;0;0;0;0;0;0;0;1;0;0;0;0
"18/04/2013";"07:14:00";"1755";"sem vítima";"119";"BR-116/PR";"Norte";"Colisão Transversal";1;0;1;0;0;0;0;0;0;0;2;0;0;0;0
"18/04/2013";"11:18:00";"1789";"sem vítima";"133.3";"BR-116/PR";"Norte";"Colisão Traseira";2;0;0;0;0;0;0;0;0;0;2;0;0;0;0
"18/04/2013";"07:11:00";"1838";"sem vítima";"47.9";"BR-116/SC";"Norte";"Colisão Lateral";0;0;1;0;0;0;0;0;1;0;2;0;0;0;0
"18/04/2013";"10:54:00";"1855";"sem vítima";"148.2";"BR-116/PR";"Sul";"Colisão Lateral";1;0;1;0;0;0;0;0;0;0;2;0;0;0;0
"19/04/2013";"02:06:00";"1913";"sem vítima";"217";"BR-116/SC";"Norte";"Colisão Traseira";1;0;1;0;0;0;0;0;0;0;2;0;0;0;0
"19/04/2013";"04:22:00";"1930";"sem vítima";"264";"BR-116/SC";"Norte";"Objeto lançado contra veículo";0;0;1;0;0;0;0;0;0;0;1;0;0;0;0
"19/04/2013";"06:34:00";"1949";"sem vítima";"115.4";"BR-116/PR";"Norte";"Colisão Traseira";1;0;0;1;0;0;0;0;0;0;2;0;0;0;0
"19/04/2013";"06:46:00";"1952";"sem vítima";"132";"BR-116/PR";"Sul";"Objeto lançado contra veículo";1;0;0;0;0;0;0;0;0;0;3;0;0;0;0
"19/04/2013";"07:12:00";"1956";"sem vítima";"231";"BR-116/SC";"Sul";"Choque - Objeto sobre a pista";1;0;0;0;0;0;0;0;0;0;2;0;0;0;0
"19/04/2013";"07:58:00";"1962";"sem vítima";"172";"BR-116/SC";"Norte";"Objeto lançado contra veículo";1;0;0;0;0;0;0;0;0;0;1;0;0;0;0
"19/04/2013";"09:07:00";"1967";"sem vítima";"16.4";"BR-116/SC";"Norte";"Saida de Pista";1;0;0;0;0;0;0;0;0;0;1;0;0;0;0
"19/04/2013";"10:55:00";"1976";"sem vítima";"207";"BR-116/PR";"Sul";"Objeto lançado contra veículo";1;0;0;0;0;0;0;0;0;0;1;0;0;0;0
"20/04/2013";"10:57:00";"2020";"com vítima";"107.8";"BR-116/SC";"Norte";"Tombamento";0;0;1;0;0;0;0;0;0;0;0;1;0;0;0
"20/04/2013";"01:52:00";"2029";"sem vítima";"139.8";"BR-116/SC";"Norte";"Colisão Traseira";0;0;1;0;1;0;0;0;0;0;2;0;0;0;0
"20/04/2013";"02:51:00";"2036";"com vítima";"0.5";"BR-116/SC";"Sul";"Queda de Moto";0;0;0;1;0;0;0;0;0;0;0;1;0;0;0
"20/04/2013";"02:53:00";"2037";"com vítima";"160";"BR-116/PR";"Norte";"Colisão Traseira";1;0;1;0;0;0;0;0;0;0;2;0;0;1;0
"20/04/2013";"03:03:00";"2038";"sem vítima";"131.8";"BR-116/PR";"Sul";"Colisão Transversal";2;0;0;0;0;0;0;0;0;0;5;0;0;0;0
"20/04/2013";"03:40:00";"2044";"sem vítima";"72.5";"BR-116/SC";"Norte";"Colisão Traseira";2;0;0;0;0;0;0;0;0;0;2;0;0;0;0
"20/04/2013";"03:50:00";"2045";"com vítima";"134.2";"BR-116/SC";"Norte";"Colisão Traseira";1;0;0;1;0;0;0;0;0;0;1;1;0;0;0
"20/04/2013";"08:00:00";"2065";"com vítima";"131.1";"BR-116/PR";"Norte";"Colisão Transversal";2;0;0;0;0;0;0;0;0;0;2;1;0;0;0
"20/04/2013";"08:43:00";"2069";"com vítima";"126.3";"BR-116/PR";"Norte";"Colisão Transversal";2;0;0;0;0;0;0;0;0;0;3;1;0;0;0
"20/04/2013";"09:10:00";"2070";"sem vítima";"119";"BR-116/PR";"Norte";"Colisão Transversal";2;0;0;0;0;0;0;0;0;0;2;0;0;0;0
"20/04/2013";"09:30:00";"2072";"sem vítima";"126.3";"BR-116/PR";"Sul";"Colisão Traseira";1;0;1;0;0;0;0;0;0;0;2;0;0;0;0
"21/04/2013";"12:52:00";"2083";"sem vítima";"240.7";"BR-116/SC";"Norte";"Atropelamento de Animal";1;0;0;0;0;0;0;0;0;0;3;0;0;0;0
"21/04/2013";"05:23:00";"2094";"sem vítima";"2";"BR-116/SC";"Sul";"Choque - Suporte de Sinalização";1;0;0;0;0;0;0;0;0;0;1;0;0;0;0
"21/04/2013";"10:27:00";"2113";"sem vítima";"140.9";"BR-116/SC";"Norte";"Choque - Veiculo parado no acostamento";2;0;0;0;0;0;0;0;0;0;2;0;0;0;0
"21/04/2013";"10:52:00";"2114";"com vítima";"168.5";"BR-116/PR";"Sul";"Colisão Transversal";2;0;0;0;0;0;0;0;0;0;6;1;1;0;0
"21/04/2013";"02:13:00";"2133";"sem vítima";"136.6";"BR-116/PR";"Sul";"Choque - Defensa, barreira ou "submarino"";0;0;0;0;1;0;0;0;0;0;1;0;0;0;0
"21/04/2013";"04:04:00";"2144";"com vítima";"144.008";"BR-116/SC";"Norte";"Saida de Pista";0;0;1;0;0;0;0;0;0;0;0;1;0;0;0
"21/04/2013";"04:59:00";"2151";"sem vítima";"147.6";"BR-116/PR";"Norte";"Objeto lançado contra veículo";1;0;0;0;0;0;0;0;0;0;1;0;0;0;0
"21/04/2013";"06:09:00";"2155";"sem vítima";"23.6";"BR-116/SC";"Sul";"Colisão Transversal";2;0;0;0;0;0;0;0;0;0;2;0;0;0;0
"21/04/2013";"06:25:00";"2158";"com vítima";"131.1";"BR-116/PR";"Norte";"Colisão Transversal";1;0;0;1;0;0;0;0;0;0;1;1;0;0;0
"22/04/2013";"07:07:00";"2204";"com vítima";"116.5";"BR-116/PR";"Sul";"Queda de Moto";0;0;0;1;0;0;0;0;0;0;0;2;0;0;0
"22/04/2013";"08:39:00";"2213";"sem vítima";"140.9";"BR-116/PR";"Norte";"Colisão Traseira";1;0;1;0;0;0;0;0;0;0;2;0;0;0;0
"22/04/2013";"10:43:00";"2231";"com vítima";"117";"BR-116/PR";"Norte";"Tombamento";0;0;1;0;0;0;0;0;0;0;0;1;0;0;0
"22/04/2013";"11:18:00";"2232";"sem vítima";"115";"BR-116/PR";"Norte";"Colisão Traseira";2;0;1;0;0;0;0;0;0;0;3;0;0;0;0
"22/04/2013";"03:28:00";"2249";"sem vítima";"173.5";"BR-116/PR";"Norte";"Objeto lançado contra veículo";1;0;0;0;0;0;0;0;0;0;3;0;0;0;0
"22/04/2013";"08:19:00";"2277";"sem vítima";"99";"BR-116/SC";"Norte";"Colisão Transversal";0;0;2;0;0;0;0;0;0;0;2;0;0;0;0
"22/04/2013";"09:10:00";"2279";"sem vítima";"114.1";"BR-116/SC";"Norte";"Saida de Pista";1;0;0;0;0;0;0;0;0;0;1;0;0;0;0
"22/04/2013";"10:19:00";"2282";"com vítima";"209.9";"BR-116/SC";"Norte";"Colisão Traseira";1;0;1;0;0;0;0;0;0;0;1;1;0;0;0
"23/04/2013";"03:26:00";"2297";"sem vítima";"189.9";"BR-116/PR";"Sul";"Colisão Traseira";2;0;0;0;0;0;0;0;0;0;2;0;0;0;0
"23/04/2013";"08:14:00";"2387";"sem vítima";"207";"BR-116/PR";"Norte";"Objeto lançado contra veículo";0;0;1;0;0;0;0;0;0;0;1;0;0;0;0
"24/04/2013";"05:48:00";"2411";"com vítima";"124.8";"BR-116/SC";"Norte";"Saida de Pista";0;0;1;0;0;0;0;0;0;0;0;1;0;0;0
"24/04/2013";"08:54:00";"2427";"sem vítima";"152";"BR-116/SC";"Norte";"Objeto lançado contra veículo";0;0;1;0;0;0;0;0;0;0;1;0;0;0;0
"24/04/2013";"10:10:00";"2436";"sem vítima";"42";"BR-116/SC";"Sul";"Objeto lançado contra veículo";0;0;1;0;0;0;0;0;0;0;1;0;0;0;0
"24/04/2013";"02:39:00";"2458";"com vítima";"128.2";"BR-116/PR";"Norte";"Choque - Veiculo parado na pista";0;0;1;1;0;0;0;0;0;0;1;1;0;0;0
"24/04/2013";"05:56:00";"2489";"com vítima";"208.2";"BR-116/PR";"Norte";"Atropelamento - Usuário";1;0;0;0;0;0;0;0;0;0;1;0;0;1;0
"25/04/2013";"07:39:00";"2525";"sem vítima";"125.2";"BR-116/PR";"Norte";"Colisão Lateral";1;0;1;0;0;0;0;0;0;0;3;0;0;0;0
"25/04/2013";"09:51:00";"2543";"sem vítima";"10";"BR-116/SC";"Norte";"Colisão Traseira";1;0;2;0;0;0;0;0;0;0;3;0;0;0;0
"25/04/2013";"09:59:00";"2544";"sem vítima";"81.6";"BR-116/SC";"Sul";"Colisão Traseira";1;0;1;0;0;0;0;0;0;0;2;0;0;0;0
"25/04/2013";"10:22:00";"2551";"sem vítima";"74.5";"BR-116/SC";"Norte";"Saida de Pista";1;0;0;0;0;0;0;0;0;0;1;0;0;0;0
"25/04/2013";"11:23:00";"2560";"sem vítima";"5.8";"BR-116/SC";"Norte";"Colisão Transversal";0;0;1;0;0;0;0;0;0;1;3;0;0;0;0
"25/04/2013";"12:03:00";"2562";"sem vítima";"129";"BR-116/SC";"Sul";"Colisão Traseira";0;0;2;0;0;0;0;0;0;0;2;0;0;0;0
"25/04/2013";"12:56:00";"2567";"sem vítima";"131.9";"BR-116/PR";"Sul";"Objeto lançado contra veículo";1;0;0;0;0;0;0;0;0;0;1;0;0;0;0
"25/04/2013";"03:38:00";"2589";"sem vítima";"139.3";"BR-116/PR";"Norte";"Objeto lançado contra veículo";1;0;0;0;0;0;0;0;0;0;1;0;0;0;0
"25/04/2013";"03:59:00";"2590";"sem vítima";"211.7";"BR-116/SC";"Sul";"Colisão Traseira";0;0;2;0;0;0;0;0;0;0;2;0;0;0;0
"25/04/2013";"04:33:00";"2597";"sem vítima";"233";"BR-116/SC";"Norte";"Choque - Cancela de Pedagio";0;0;1;0;0;0;0;0;0;0;1;0;0;0;0
"25/04/2013";"08:16:00";"2619";"sem vítima";"42.2";"BR-116/SC";"Norte";"Objeto lançado contra veículo";0;0;1;0;0;0;0;0;0;0;1;0;0;0;0
"25/04/2013";"10:07:00";"2626";"sem vítima";"153.2";"BR-116/SC";"Norte";"Choque - Objeto sobre a pista";0;0;1;0;0;0;0;0;0;0;1;0;0;0;0
"26/04/2013";"12:39:00";"2633";"sem vítima";"108.9";"BR-116/SC";"Norte";"Choque - Objeto sobre a pista";1;0;0;0;0;0;0;0;0;0;2;0;0;0;0