data;horario;n_da_ocorrencia;tipo_de_ocorrencia;km;trecho;sentido;tipo_de_acidente;automovel;bicicleta;caminhao;moto;onibus;outros;tracao_animal;transporte_de_cargas_especiais;trator_maquinas;utilitarios;ilesos;levemente_feridos;moderadamente_feridos;gravemente_feridos;mortos
"19/05/2013";"10:24:00";"1863";"sem vítima";"116.2";"BR-116/PR";"Sul";"Choque - Defensa, barreira ou "submarino"";1;0;1;0;0;0;0;0;0;0;3;0;0;0;0
"19/05/2013";"04:25:00";"1888";"sem vítima";"205.4";"BR-116/SC";"Sul";"Saida de Pista";1;0;0;0;0;0;0;0;0;0;3;0;0;0;0
"19/05/2013";"06:32:00";"1901";"com vítima";"156.6";"BR-116/PR";"Sul";"Atropelamento - Andarilho";0;0;0;0;0;1;0;0;0;0;1;1;0;0;0
"19/05/2013";"08:25:00";"1909";"sem vítima";"225.8";"BR-116/SC";"Sul";"Colisão Lateral";2;0;0;0;0;0;0;0;0;0;3;0;0;0;0
"19/05/2013";"09:23:00";"1912";"sem vítima";"225.9";"BR-116/SC";"Norte";"Colisão Traseira";1;0;2;0;0;0;0;0;0;0;3;0;0;0;0
"19/05/2013";"11:14:00";"1919";"com vítima";"185.5";"BR-116/PR";"Norte";"Colisão Traseira";1;0;1;0;0;0;0;0;0;0;1;1;1;1;1
"20/05/2013";"01:34:00";"1924";"sem vítima";"117.8";"BR-116/PR";"Sul";"Saida de Pista";1;0;0;0;0;0;0;0;0;0;1;0;0;0;0
"20/05/2013";"07:49:00";"1936";"sem vítima";"189.5";"BR-116/SC";"Norte";"Capotamento";1;0;0;0;0;0;0;0;0;0;1;0;0;0;0
"20/05/2013";"11:54:00";"1961";"sem vítima";"203.6";"BR-116/PR";"Sul";"Choque - Cancela de Pedagio";1;0;0;0;0;0;0;0;0;0;1;0;0;0;0
"20/05/2013";"12:18:00";"1967";"sem vítima";"127";"BR-116/PR";"Sul";"Colisão Frontal";1;0;1;0;0;0;0;0;0;0;2;0;0;0;0
"20/05/2013";"05:20:00";"1997";"sem vítima";"159";"BR-116/PR";"Norte";"Colisão Traseira";1;0;0;0;0;1;0;0;0;0;2;0;0;0;0
"21/05/2013";"06:30:00";"2033";"sem vítima";"127.4";"BR-116/PR";"Norte";"Colisão Traseira";1;0;1;0;0;0;0;0;0;0;3;0;0;0;0
"21/05/2013";"09:07:00";"2049";"sem vítima";"81";"BR-116/SC";"Sul";"Colisão Traseira";1;0;1;0;0;0;0;0;0;0;2;0;0;0;0
"21/05/2013";"04:37:00";"2089";"sem vítima";"130";"BR-116/SC";"Sul";"Choque - Objeto sobre a pista";1;0;0;0;0;0;0;0;0;0;1;0;0;0;0
"21/05/2013";"04:53:00";"2094";"sem vítima";"283.9";"BR-116/SC";"Norte";"Choque - Objeto sobre a pista";1;0;0;0;0;0;0;0;0;0;1;0;0;0;0
"21/05/2013";"05:06:00";"2097";"sem vítima";"139";"BR-116/PR";"Sul";"Objeto lançado contra veículo";1;0;0;0;0;0;0;0;0;0;3;0;0;0;0
"21/05/2013";"10:08:00";"2124";"sem vítima";"208";"BR-116/SC";"Sul";"Objeto lançado contra veículo";0;0;1;0;0;0;0;0;0;0;1;0;0;0;0
"21/05/2013";"11:35:00";"2127";"sem vítima";"126";"BR-116/PR";"Sul";"Colisão Traseira";1;0;0;1;0;0;0;0;0;0;2;0;0;0;0
"21/05/2013";"11:43:00";"2128";"sem vítima";"117.6";"BR-116/PR";"Norte";"Choque - Defensa, barreira ou "submarino"";1;0;0;0;0;0;0;0;0;0;1;0;0;0;0
"22/05/2013";"06:22:00";"2140";"sem vítima";"266.7";"BR-116/SC";"Norte";"Choque - Objeto sobre a pista";0;0;1;0;0;0;0;0;0;0;1;0;0;0;0
"22/05/2013";"06:22:00";"2137";"sem vítima";"266.7";"BR-116/SC";"Norte";"Choque - Talude";0;0;1;0;0;0;0;0;0;0;1;0;0;0;0
"22/05/2013";"07:04:00";"2144";"sem vítima";"1.2";"BR-116/SC";"Sul";"Colisão Lateral";0;0;2;0;0;0;0;0;0;0;2;0;0;0;0
"22/05/2013";"07:44:00";"2147";"sem vítima";"17";"BR-116/SC";"Sul";"Colisão Traseira";1;0;0;0;0;1;0;0;0;0;2;0;0;0;0
"22/05/2013";"09:58:00";"2155";"sem vítima";"120.6";"BR-116/PR";"Norte";"Colisão Traseira";2;0;0;0;0;0;0;0;0;0;2;0;0;0;0
"22/05/2013";"12:38:00";"2170";"sem vítima";"67.7";"BR-116/SC";"Norte";"Colisão Traseira";2;0;0;0;0;0;0;0;0;0;5;0;0;0;0
"22/05/2013";"06:08:00";"2197";"sem vítima";"118.2";"BR-116/PR";"Sul";"Colisão Transversal";1;0;0;1;0;0;0;0;0;0;2;0;0;0;0
"23/05/2013";"10:00:00";"2247";"sem vítima";"174.5";"BR-116/SC";"Sul";"Colisão Traseira";0;0;2;0;0;0;0;0;0;0;2;0;0;0;0
"23/05/2013";"12:13:00";"2259";"sem vítima";"142.1";"BR-116/PR";"Sul";"Colisão Transversal";1;0;1;0;0;0;0;0;0;0;2;0;0;0;0
"23/05/2013";"04:28:00";"2286";"sem vítima";"197.9";"BR-116/PR";"Norte";"Choque - Arvore";0;0;1;0;0;0;0;0;0;0;1;0;0;0;0
"23/05/2013";"05:09:00";"2294";"sem vítima";"238";"BR-116/SC";"Sul";"Colisão Traseira";0;0;2;0;0;0;0;0;0;0;2;0;0;0;0
"23/05/2013";"05:41:00";"2297";"sem vítima";"211";"BR-116/PR";"Norte";"Colisão Lateral";1;0;1;0;0;0;0;0;0;0;3;0;0;0;0
"23/05/2013";"07:14:00";"2307";"com vítima";"268";"BR-116/SC";"Sul";"Colisão Transversal";0;0;1;0;0;0;0;0;0;1;1;2;0;0;0
"23/05/2013";"08:15:00";"2316";"sem vítima";"206";"BR-116/PR";"Norte";"Objeto lançado contra veículo";0;0;0;0;1;0;0;0;0;0;25;0;0;0;0
"24/05/2013";"01:02:00";"2332";"sem vítima";"115.7";"BR-116/PR";"Sul";"Saida de Pista";1;0;0;0;0;0;0;0;0;0;1;0;0;0;0
"24/05/2013";"07:02:00";"2347";"sem vítima";"124.9";"BR-116/PR";"Sul";"Colisão Lateral";1;0;1;0;0;0;0;0;0;0;2;0;0;0;0
"24/05/2013";"01:00:00";"2381";"sem vítima";"177.9";"BR-116/PR";"Sul";"Saida de Pista";0;0;1;0;0;0;0;0;0;0;1;0;0;0;0
"24/05/2013";"05:24:00";"2410";"com vítima";"140.6";"BR-116/SC";"Sul";"Colisão Transversal";1;0;1;0;0;0;0;0;0;0;1;3;0;0;0
"24/05/2013";"05:34:00";"2411";"sem vítima";"119.05";"BR-116/PR";"Sul";"Colisão Lateral";3;0;0;0;0;0;0;0;0;0;3;0;0;0;0
"24/05/2013";"06:32:00";"2419";"sem vítima";"123.1";"BR-116/PR";"Norte";"Colisão Traseira";2;0;0;0;0;0;0;0;0;0;2;0;0;0;0
"24/05/2013";"08:05:00";"2428";"sem vítima";"76";"BR-116/SC";"Sul";"Objeto lançado contra veículo";0;0;1;0;0;0;0;0;0;0;1;0;0;0;0
"24/05/2013";"09:35:00";"2435";"sem vítima";"287.8";"BR-116/SC";"Sul";"Atropelamento de Animal";1;0;0;0;0;0;0;0;0;0;1;0;0;0;0
"24/05/2013";"10:01:00";"2446";"sem vítima";"301.5";"BR-116/SC";"Norte";"Colisão Lateral";0;0;2;0;0;1;0;0;0;0;3;0;0;0;0
"24/05/2013";"11:36:00";"2451";"sem vítima";"19";"BR-116/SC";"Sul";"Saida de Pista";0;0;1;0;0;0;0;0;0;0;1;0;0;0;0
"25/05/2013";"12:58:00";"2452";"sem vítima";"21";"BR-116/SC";"Sul";"Atropelamento de Animal";0;0;1;0;0;0;0;0;0;0;1;0;0;0;0
"25/05/2013";"03:08:00";"2457";"sem vítima";"115";"BR-116/PR";"Sul";"Colisão Lateral";2;0;0;0;0;0;0;0;0;0;2;0;0;0;0
"25/05/2013";"06:19:00";"2466";"com vítima";"126.3";"BR-116/PR";"Norte";"Colisão Transversal";1;0;1;0;0;0;0;0;0;0;2;1;0;0;0
"25/05/2013";"08:01:00";"2474";"com vítima";"138.5";"BR-116/SC";"Norte";"Colisão Traseira";1;0;1;0;0;0;0;0;0;0;1;1;0;0;0
"25/05/2013";"03:32:00";"2509";"com vítima";"146.9";"BR-116/PR";"Sul";"Saida de Pista";1;0;0;0;0;0;0;0;0;0;0;1;1;0;0
"25/05/2013";"06:47:00";"2534";"com vítima";"163.85";"BR-116/PR";"Sul";"Colisão Traseira";1;0;0;1;0;0;0;0;0;0;1;1;0;0;0
"26/05/2013";"05:32:00";"2569";"sem vítima";"172.9";"BR-116/SC";"Norte";"Saida de Pista";1;0;0;0;0;0;0;0;0;0;4;0;0;0;0
"26/05/2013";"06:39:00";"2627";"sem vítima";"91.6";"BR-116/SC";"Sul";"Colisão Lateral";2;0;0;0;0;0;0;0;0;0;5;0;0;0;0
"26/05/2013";"07:17:00";"2633";"sem vítima";"152";"BR-116/SC";"Sul";"Choque - Objeto sobre a pista";0;0;1;0;0;0;0;0;0;0;1;0;0;0;0
"26/05/2013";"11:12:00";"2655";"sem vítima";"117.6";"BR-116/PR";"Sul";"Saida de Pista";1;0;0;0;0;0;0;0;0;0;1;0;0;0;0
"27/05/2013";"07:25:00";"2663";"sem vítima";"125.1";"BR-116/PR";"Norte";"Colisão Lateral";1;0;1;0;0;0;0;0;0;0;5;0;0;0;0
"27/05/2013";"08:17:00";"2671";"com vítima";"193.8";"BR-116/PR";"Norte";"Saida de Pista";1;0;0;0;0;0;0;0;0;0;2;1;0;0;0
"27/05/2013";"08:59:00";"2674";"sem vítima";"1";"BR-116/SC";"Norte";"Colisão Traseira";2;0;0;0;0;0;0;0;0;0;2;0;0;0;0
"27/05/2013";"12:39:00";"2693";"sem vítima";"63.7";"BR-116/SC";"Norte";"Atropelamento de Animal";1;0;0;0;0;0;0;0;0;0;3;0;0;0;0
"27/05/2013";"05:30:00";"2717";"com vítima";"120";"BR-116/PR";"Sul";"Colisão Transversal";0;0;1;1;0;0;0;0;0;0;2;0;0;1;0
"27/05/2013";"06:34:00";"2721";"com vítima";"166.95";"BR-116/PR";"Sul";"Choque - Veiculo parado no acostamento";0;0;0;1;0;1;0;0;0;0;1;0;1;0;0
"28/05/2013";"07:36:00";"2748";"sem vítima";"59.4";"BR-116/SC";"Norte";"Saida de Pista";1;0;0;0;0;0;0;0;0;0;1;0;0;0;0
"28/05/2013";"09:44:00";"2760";"sem vítima";"240";"BR-116/SC";"Sul";"Objeto lançado contra veículo";1;0;0;0;0;0;0;0;0;0;2;0;0;0;0
"28/05/2013";"12:41:00";"2776";"sem vítima";"115";"BR-116/PR";"Norte";"Colisão Traseira";2;0;0;0;0;0;0;0;0;0;2;0;0;0;0
"28/05/2013";"04:19:00";"2793";"sem vítima";"202";"BR-116/PR";"Sul";"Saida de Pista";1;0;0;0;0;0;0;0;0;0;1;0;0;0;0
"28/05/2013";"06:35:00";"2800";"sem vítima";"127.5";"BR-116/PR";"Sul";"Engavetamento";1;0;0;0;0;0;0;0;0;2;4;0;0;0;0
"28/05/2013";"06:50:00";"2801";"sem vítima";"180.9";"BR-116/SC";"Norte";"Saida de Pista";1;0;0;0;0;0;0;0;0;0;1;0;0;0;0
"28/05/2013";"07:14:00";"2803";"com vítima";"211.4";"BR-116/PR";"Sul";"Saida de Pista";0;0;0;1;0;0;0;0;0;0;0;0;0;1;0
"29/05/2013";"07:41:00";"2835";"com vítima";"275.7";"BR-116/SC";"Norte";"Queda de Moto";0;0;0;1;0;0;0;0;0;0;0;1;0;0;0
"29/05/2013";"11:38:00";"2871";"sem vítima";"134";"BR-116/PR";"Norte";"Choque - Outros";0;0;0;0;0;1;0;0;0;0;1;0;0;0;0
"29/05/2013";"12:05:00";"2873";"sem vítima";"161.9";"BR-116/PR";"Norte";"Choque - Objeto sobre a pista";1;0;0;0;0;0;0;0;0;0;1;0;0;0;0
"29/05/2013";"01:09:00";"2876";"com vítima";"172";"BR-116/SC";"Norte";"Colisão Frontal";2;0;0;0;0;0;0;0;0;0;3;2;0;0;0
"29/05/2013";"07:49:00";"2917";"com vítima";"7.1";"BR-116/SC";"Norte";"Colisão Transversal";1;0;0;1;0;0;0;0;0;0;1;0;1;0;0
"29/05/2013";"08:07:00";"2918";"sem vítima";"169.7";"BR-116/SC";"Norte";"Colisão Traseira";1;0;1;0;0;0;0;0;0;0;5;0;0;0;0
"29/05/2013";"08:48:00";"2925";"sem vítima";"79.9";"BR-116/SC";"Sul";"Choque - Objeto sobre a pista";1;0;0;0;0;0;0;0;0;0;4;0;0;0;0
"29/05/2013";"10:16:00";"2936";"sem vítima";"202.2";"BR-116/SC";"Sul";"Colisão Lateral";1;0;0;0;0;1;0;0;0;0;2;0;0;0;0
"30/05/2013";"12:22:00";"2940";"sem vítima";"81";"BR-116/SC";"Norte";"Choque - Objeto sobre a pista";1;0;0;0;0;0;0;0;0;0;2;0;0;0;0
"30/05/2013";"05:50:00";"2952";"sem vítima";"204";"BR-116/PR";"Sul";"Choque - Veiculo parado no acostamento";0;0;1;0;0;1;0;0;0;0;2;0;0;0;0
"30/05/2013";"09:27:00";"2975";"com vítima";"139";"BR-116/SC";"Sul";"Colisão Transversal";0;0;1;1;0;0;0;0;0;0;3;1;0;0;0
"30/05/2013";"11:23:00";"2979";"sem vítima";"152";"BR-116/PR";"Sul";"Objeto lançado contra veículo";1;0;0;0;0;0;0;0;0;0;1;0;0;0;0
"30/05/2013";"11:32:00";"2980";"sem vítima";"204";"BR-116/SC";"Norte";"Objeto lançado contra veículo";0;0;0;0;0;0;0;0;0;1;1;0;0;0;0
"30/05/2013";"02:38:00";"2990";"sem vítima";"4.5";"BR-116/SC";"Norte";"Colisão Traseira";2;0;0;0;0;0;0;0;0;0;2;0;0;0;0
"30/05/2013";"03:23:00";"2993";"sem vítima";"160";"BR-116/SC";"Norte";"Choque - Objeto sobre a pista";1;0;0;0;0;0;0;0;0;0;2;0;0;0;0
"30/05/2013";"07:10:00";"3021";"sem vítima";"168.3";"BR-116/SC";"Sul";"Choque - Veiculo parado na pista";1;0;0;0;0;1;0;0;0;0;6;0;0;0;0
"30/05/2013";"07:21:00";"3022";"com vítima";"31.7";"BR-116/SC";"Sul";"Saida de Pista";1;0;0;0;0;0;0;0;0;0;1;0;3;0;0
"30/05/2013";"09:12:00";"3025";"sem vítima";"270.2";"BR-116/SC";"Sul";"Atropelamento de Animal";1;0;0;0;0;0;0;0;0;0;1;0;0;0;0
"30/05/2013";"09:45:00";"3029";"sem vítima";"241.05";"BR-116/SC";"Norte";"Atropelamento de Animal";1;0;0;0;0;0;0;0;0;0;1;0;0;0;0
"30/05/2013";"10:08:00";"3033";"sem vítima";"189";"BR-116/SC";"Norte";"Choque - Objeto sobre a pista";0;0;0;0;0;0;0;0;0;1;1;0;0;0;0
"31/05/2013";"04:53:00";"3092";"sem vítima";"128.15";"BR-116/PR";"Norte";"Choque - Veiculo parado na pista";1;0;1;0;0;0;0;0;0;0;3;0;0;0;0
"31/05/2013";"07:26:00";"3104";"sem vítima";"7";"BR-116/SC";"Norte";"Choque - Veiculo parado na pista";1;0;0;1;0;0;0;0;0;0;3;0;0;0;0
"31/05/2013";"08:01:00";"3109";"com vítima";"137.8";"BR-116/SC";"Norte";"Colisão Frontal";2;0;0;0;0;0;0;0;0;0;1;1;4;0;0
"01/06/2013";"05:29:00";"11";"sem vítima";"123.1";"BR-116/PR";"Norte";"Saida de Pista";0;0;1;0;0;0;0;0;0;0;2;0;0;0;0
"01/06/2013";"08:04:00";"19";"sem vítima";"100";"BR-116/SC";"Sul";"Objeto lançado contra veículo";0;0;1;0;0;0;0;0;0;0;1;0;0;0;0
"01/06/2013";"10:39:00";"31";"sem vítima";"218";"BR-116/SC";"Norte";"Colisão Transversal";2;0;0;0;0;0;0;0;0;0;4;0;0;0;0
"01/06/2013";"02:43:00";"50";"sem vítima";"211.08";"BR-116/PR";"Norte";"Choque - Objeto sobre a pista";1;0;0;0;0;0;0;0;0;0;1;0;0;0;0
"01/06/2013";"03:51:00";"56";"sem vítima";"262";"BR-116/SC";"Sul";"Saida de Pista";1;0;0;0;0;0;0;0;0;0;1;0;0;0;0
"01/06/2013";"03:53:00";"57";"sem vítima";"10.5";"BR-116/SC";"Sul";"Saida de Pista";1;0;0;0;0;0;0;0;0;0;1;0;0;0;0
"01/06/2013";"06:38:00";"68";"com vítima";"167.9";"BR-116/PR";"Sul";"Colisão Transversal";1;0;0;1;0;0;0;0;0;0;4;2;0;0;0
"01/06/2013";"08:38:00";"79";"com vítima";"5.7";"BR-116/SC";"Sul";"Atropelamento - Morador";1;0;0;0;0;0;0;0;0;0;2;0;0;0;1
"01/06/2013";"09:43:00";"82";"com vítima";"36.3";"BR-116/SC";"Norte";"Colisão Frontal";2;0;0;0;0;0;0;0;0;0;0;1;2;0;0
"01/06/2013";"09:51:00";"83";"sem vítima";"201.5";"BR-116/PR";"Sul";"Saida de Pista";1;0;0;0;0;0;0;0;0;0;5;0;0;0;0
"01/06/2013";"11:26:00";"89";"com vítima";"222.5";"BR-116/SC";"Norte";"Saida de Pista";1;0;0;0;0;0;0;0;0;0;0;1;0;0;0
"02/06/2013";"04:22:00";"99";"com vítima";"263.09";"BR-116/SC";"Sul";"Saida de Pista";0;0;0;0;0;0;0;0;0;1;0;2;0;0;0
"02/06/2013";"11:44:00";"135";"sem vítima";"2.2";"BR-116/SC";"Norte";"Colisão Traseira";2;0;0;0;0;0;0;0;0;0;6;0;0;0;0
"02/06/2013";"05:12:00";"176";"sem vítima";"2.9";"BR-116/SC";"Norte";"Colisão Traseira";1;0;1;0;0;0;0;0;0;0;2;0;0;0;0
"02/06/2013";"05:57:00";"184";"com vítima";"126";"BR-116/PR";"Sul";"Colisão Transversal";2;0;0;0;0;0;0;0;0;0;2;3;0;0;0
"02/06/2013";"08:38:00";"192";"sem vítima";"266.04";"BR-116/SC";"Norte";"Colisão Lateral";1;0;0;1;0;0;0;0;0;0;2;0;0;0;0
"03/06/2013";"08:19:00";"236";"com vítima";"125.3";"BR-116/PR";"Norte";"Colisão Lateral";1;0;0;1;0;0;0;0;0;0;3;1;0;0;0
"03/06/2013";"12:54:00";"275";"sem vítima";"176.5";"BR-116/PR";"Norte";"Saida de Pista";1;0;0;0;0;0;0;0;0;0;1;0;0;0;0
"03/06/2013";"02:18:00";"286";"sem vítima";"120.95";"BR-116/PR";"Norte";"Colisão Lateral";0;0;1;0;1;0;0;0;0;0;42;0;0;0;0
"03/06/2013";"04:49:00";"312";"sem vítima";"226";"BR-116/SC";"Sul";"Objeto lançado contra veículo";1;0;0;0;0;0;0;0;0;0;1;0;0;0;0
"03/06/2013";"11:35:00";"338";"sem vítima";"65.5";"BR-116/SC";"Norte";"Saida de Pista";1;0;0;0;0;0;0;0;0;0;1;0;0;0;0
"04/06/2013";"06:13:00";"346";"sem vítima";"35";"BR-116/SC";"Sul";"Atropelamento de Animal";0;0;1;0;0;0;0;0;0;0;1;0;0;0;0
"04/06/2013";"01:04:00";"388";"sem vítima";"4.5";"BR-116/SC";"Norte";"Outros";1;0;0;0;0;0;0;0;0;0;1;0;0;0;0
"04/06/2013";"05:28:00";"416";"sem vítima";"139.8";"BR-116/PR";"Norte";"Choque - Objeto sobre a pista";1;0;0;0;0;0;0;0;0;0;1;0;0;0;0
"04/06/2013";"06:14:00";"427";"sem vítima";"117";"BR-116/PR";"Norte";"Colisão Lateral";1;0;1;0;0;0;0;0;0;0;5;0;0;0;0
"05/06/2013";"11:30:00";"498";"sem vítima";"117.4";"BR-116/PR";"Sul";"Colisão Lateral";1;0;1;0;0;0;0;0;0;0;2;0;0;0;0
"05/06/2013";"05:15:00";"522";"sem vítima";"171";"BR-116/SC";"Norte";"Colisão Transversal";2;0;0;0;0;0;0;0;0;0;5;0;0;0;0
"05/06/2013";"06:07:00";"530";"com vítima";"4.4";"BR-116/SC";"Sul";"Atropelamento de Animal";0;0;0;1;0;0;0;0;0;0;0;1;0;0;0
"05/06/2013";"07:25:00";"534";"sem vítima";"119.7";"BR-116/PR";"Sul";"Colisão Traseira";1;0;0;0;0;1;0;0;0;0;2;0;0;0;0
"06/06/2013";"08:08:00";"565";"sem vítima";"49";"BR-116/SC";"Norte";"Choque - Veiculo parado na pista";2;0;0;0;0;0;0;0;0;0;2;0;0;0;0
"06/06/2013";"01:31:00";"607";"sem vítima";"69.3";"BR-116/SC";"Sul";"Atropelamento de Animal";1;0;0;0;0;0;0;0;0;0;1;0;0;0;0
"06/06/2013";"02:16:00";"614";"sem vítima";"203.6";"BR-116/PR";"Norte";"Colisão Traseira";1;0;1;0;0;0;0;0;0;0;3;0;0;0;0
"07/06/2013";"10:23:00";"692";"sem vítima";"221.2";"BR-116/SC";"Sul";"Colisão Traseira";1;0;1;0;0;0;0;0;0;0;2;0;0;0;0
"07/06/2013";"01:22:00";"708";"com vítima";"231.4";"BR-116/SC";"Norte";"Saida de Pista";0;0;0;0;0;0;0;0;0;1;0;2;0;0;0
"07/06/2013";"02:04:00";"714";"com vítima";"140.2";"BR-116/PR";"Norte";"Colisão Transversal";3;0;0;0;0;0;0;0;0;0;6;1;0;0;0
"07/06/2013";"02:36:00";"717";"sem vítima";"12";"BR-116/SC";"Norte";"Colisão Transversal";0;0;2;0;0;0;0;0;0;0;2;0;0;0;0
"07/06/2013";"05:01:00";"737";"sem vítima";"160.1";"BR-116/PR";"Norte";"Atropelamento - Usuário";1;0;0;0;0;0;0;0;0;0;3;0;0;0;0
"07/06/2013";"07:15:00";"751";"com vítima";"8.6";"BR-116/SC";"Norte";"Colisão Lateral";2;0;0;0;0;0;0;0;0;0;1;1;0;0;0
"07/06/2013";"07:46:00";"754";"sem vítima";"139.6";"BR-116/SC";"Sul";"Choque - Objeto sobre a pista";0;0;1;0;0;0;0;0;0;0;1;0;0;0;0
"07/06/2013";"08:59:00";"763";"sem vítima";"281.7";"BR-116/SC";"Norte";"Atropelamento de Animal";0;0;1;0;0;0;0;0;0;0;1;0;0;0;0
"08/06/2013";"02:29:00";"779";"com vítima";"116.3";"BR-116/PR";"Sul";"Choque - Defensa, barreira ou "submarino"";0;0;0;1;0;0;0;0;0;0;0;1;0;0;0
"08/06/2013";"05:31:00";"786";"sem vítima";"67.7";"BR-116/SC";"Norte";"Saida de Pista";0;0;1;0;0;0;0;0;0;0;1;0;0;0;0
"08/06/2013";"12:37:00";"818";"sem vítima";"245.2";"BR-116/SC";"Norte";"Colisão Transversal";1;0;1;0;0;0;0;0;0;0;3;0;0;0;0
"08/06/2013";"02:08:00";"823";"sem vítima";"134";"BR-116/PR";"Sul";"Choque - Veiculo parado na pista";2;0;0;0;0;0;0;0;0;0;8;0;0;0;0
"08/06/2013";"04:07:00";"839";"sem vítima";"162";"BR-116/PR";"Sul";"Objeto lançado contra veículo";1;0;0;0;0;0;0;0;0;0;1;0;0;0;0
"08/06/2013";"06:52:00";"857";"sem vítima";"260";"BR-116/SC";"Sul";"Saida de Pista";1;0;0;0;0;0;0;0;0;0;5;0;0;0;0
"09/06/2013";"02:42:00";"873";"sem vítima";"9.15";"BR-116/SC";"Norte";"Saida de Pista";1;0;0;0;0;0;0;0;0;0;1;0;0;0;0
"09/06/2013";"05:07:00";"877";"sem vítima";"242.8";"BR-116/SC";"Sul";"Saida de Pista";1;0;0;0;0;0;0;0;0;0;2;0;0;0;0
"09/06/2013";"06:34:00";"878";"com vítima";"118.9";"BR-116/PR";"Norte";"Colisão Lateral";1;0;1;0;0;0;0;0;0;0;1;1;0;0;0
"09/06/2013";"01:57:00";"899";"com vítima";"128.2";"BR-116/PR";"Norte";"Choque - Veiculo parado na pista";3;0;0;0;0;0;0;0;0;0;2;2;0;0;0
"09/06/2013";"03:52:00";"908";"sem vítima";"85.5";"BR-116/SC";"Norte";"Colisão Traseira";2;0;0;0;0;0;0;0;0;0;2;0;0;0;0
"09/06/2013";"04:28:00";"913";"sem vítima";"125.3";"BR-116/PR";"Norte";"Colisão Transversal";1;0;1;0;0;0;0;0;0;0;2;0;0;0;0
"09/06/2013";"04:35:00";"914";"sem vítima";"204";"BR-116/PR";"Norte";"Atropelamento - Morador";1;0;0;0;0;0;0;0;0;0;2;0;0;0;0
"09/06/2013";"07:53:00";"934";"sem vítima";"54";"BR-116/SC";"Sul";"Atropelamento de Animal";1;0;0;0;0;0;0;0;0;0;1;0;0;0;0
"09/06/2013";"08:00:00";"937";"com vítima";"149.1";"BR-116/PR";"Sul";"Saida de Pista";1;0;0;0;0;0;0;0;0;0;0;1;0;0;0
"09/06/2013";"11:41:00";"954";"sem vítima";"145.9";"BR-116/PR";"Norte";"Saida de Pista";1;0;0;0;0;0;0;0;0;0;1;0;0;0;0
"10/06/2013";"05:55:00";"965";"sem vítima";"239";"BR-116/SC";"Norte";"Objeto lançado contra veículo";1;0;1;0;0;0;0;0;0;0;2;0;0;0;0
"10/06/2013";"05:56:00";"966";"com vítima";"119.7";"BR-116/PR";"Norte";"Colisão Traseira";0;0;0;1;0;1;0;0;0;0;2;0;1;0;0
"10/06/2013";"11:24:00";"1004";"sem vítima";"139.3";"BR-116/SC";"Norte";"Objeto lançado contra veículo";1;0;0;0;0;0;0;0;0;0;1;0;0;0;0
"10/06/2013";"12:58:00";"1011";"sem vítima";"77";"BR-116/SC";"Sul";"Atropelamento de Animal";0;0;1;0;0;0;0;0;0;0;1;0;0;0;0
"10/06/2013";"01:57:00";"1019";"sem vítima";"22.4";"BR-116/SC";"Norte";"Colisão Lateral";1;0;1;0;0;0;0;0;0;0;4;0;0;0;0
"10/06/2013";"02:49:00";"1024";"sem vítima";"58";"BR-116/SC";"Norte";"Colisão Traseira";1;0;1;0;0;0;0;0;0;0;2;0;0;0;0
"10/06/2013";"08:18:00";"1058";"sem vítima";"214.2";"BR-116/SC";"Sul";"Colisão Lateral";0;0;1;0;1;0;0;0;0;0;26;0;0;0;0
"11/06/2013";"01:53:00";"1118";"sem vítima";"242.2";"BR-116/SC";"Sul";"Colisão Traseira";1;0;0;0;0;1;0;0;0;0;3;0;0;0;0
"11/06/2013";"05:03:00";"1142";"sem vítima";"107.8";"BR-116/SC";"Norte";"Saida de Pista";1;0;0;0;0;0;0;0;0;0;1;0;0;0;0
"11/06/2013";"06:20:00";"1149";"sem vítima";"172";"BR-116/SC";"Norte";"Choque - Talude";0;0;0;0;0;0;0;0;0;1;1;0;0;0;0
"11/06/2013";"07:11:00";"1154";"sem vítima";"191.4";"BR-116/PR";"Norte";"Colisão Transversal";1;0;1;0;0;0;0;0;0;0;2;0;0;0;0
"11/06/2013";"07:13:00";"1155";"sem vítima";"122.7";"BR-116/PR";"Sul";"Colisão Transversal";1;0;0;1;0;0;0;0;0;0;2;0;0;0;0
"11/06/2013";"08:32:00";"1165";"com vítima";"119.5";"BR-116/PR";"Sul";"Colisão Transversal";0;0;1;1;0;0;0;0;0;0;2;1;0;0;0
"11/06/2013";"10:26:00";"1172";"sem vítima";"116.2";"BR-116/PR";"Sul";"Colisão Lateral";1;0;1;0;0;0;0;0;0;0;2;0;0;0;0
"12/06/2013";"04:02:00";"1185";"sem vítima";"189.8";"BR-116/PR";"Sul";"Atropelamento de Animal";0;0;1;0;0;0;0;0;0;0;1;0;0;0;0
"12/06/2013";"06:47:00";"1191";"com vítima";"117.4";"BR-116/PR";"Norte";"Colisão Traseira";1;0;0;1;0;0;0;0;0;0;1;1;0;0;0