data;horario;n_da_ocorrencia;tipo_de_ocorrencia;km;trecho;sentido;tipo_de_acidente;automovel;bicicleta;caminhao;moto;onibus;outros;tracao_animal;transporte_de_cargas_especiais;trator_maquinas;utilitarios;ilesos;levemente_feridos;moderadamente_feridos;gravemente_feridos;mortos
"25/09/2013";"07:41:00";"2498";"sem vítima";"177.3";"BR-116/PR";"Norte";"Tombamento";0;0;1;0;0;0;0;0;0;0;1;0;0;0;0
"26/09/2013";"06:41:00";"2523";"sem vítima";"178.4";"BR-116/SC";"Norte";"Colisão Transversal";1;0;0;0;0;0;0;0;0;1;2;0;0;0;0
"26/09/2013";"09:48:00";"2540";"sem vítima";"120";"BR-116/SC";"Sul";"Atropelamento de Animal";1;0;0;0;0;0;0;0;0;0;3;0;0;0;0
"26/09/2013";"11:04:00";"2548";"sem vítima";"81";"BR-116/SC";"Sul";"Colisão Traseira";1;0;1;0;0;0;0;0;0;0;5;0;0;0;0
"26/09/2013";"07:05:00";"2592";"com vítima";"208.9";"BR-116/SC";"Norte";"Colisão Transversal";0;0;1;1;0;0;0;0;0;0;1;0;1;0;0
"27/09/2013";"12:20:00";"2613";"sem vítima";"160.3";"BR-116/PR";"Norte";"Saida de Pista";0;0;1;0;0;0;0;0;0;0;1;0;0;0;0
"27/09/2013";"03:14:00";"2619";"com vítima";"126.3";"BR-116/PR";"Sul";"Colisão Transversal";1;0;1;0;0;0;0;0;0;0;1;1;0;0;0
"27/09/2013";"06:58:00";"2624";"sem vítima";"124.2";"BR-116/PR";"Norte";"Colisão Traseira";2;0;0;0;0;0;0;0;0;0;8;0;0;0;0
"27/09/2013";"08:07:00";"2630";"sem vítima";"136.4";"BR-116/SC";"Norte";"Colisão Lateral";1;0;0;0;0;1;0;0;0;0;3;0;0;0;0
"27/09/2013";"09:06:00";"2635";"sem vítima";"209.5";"BR-116/PR";"Sul";"Colisão Transversal";2;0;0;0;0;0;0;0;0;0;3;0;0;0;0
"27/09/2013";"10:14:00";"2642";"sem vítima";"81";"BR-116/SC";"Norte";"Objeto lançado contra veículo";1;0;0;0;0;0;0;0;0;0;1;0;0;0;0
"27/09/2013";"03:15:00";"2682";"sem vítima";"190";"BR-116/PR";"Sul";"Objeto lançado contra veículo";1;0;0;0;0;0;0;0;0;0;1;0;0;0;0
"27/09/2013";"06:17:00";"2707";"sem vítima";"142";"BR-116/PR";"Sul";"Objeto lançado contra veículo";1;0;0;0;0;0;0;0;0;0;1;0;0;0;0
"27/09/2013";"08:48:00";"2719";"sem vítima";"156";"BR-116/PR";"Norte";"Saida de Pista";1;0;0;0;0;0;0;0;0;0;1;0;0;0;0
"28/09/2013";"06:39:00";"2744";"sem vítima";"121.2";"BR-116/PR";"Norte";"Choque - Defensa, barreira ou "submarino"";1;0;0;0;0;0;0;0;0;0;1;0;0;0;0
"28/09/2013";"08:33:00";"2752";"sem vítima";"81";"BR-116/SC";"Sul";"Objeto lançado contra veículo";1;0;0;0;0;0;0;0;0;0;1;0;0;0;0
"28/09/2013";"08:41:00";"2755";"com vítima";"119.4";"BR-116/PR";"Sul";"Colisão Transversal";2;0;0;0;0;0;0;0;0;0;3;1;0;0;0
"28/09/2013";"09:19:00";"2758";"com vítima";"121.9";"BR-116/PR";"Sul";"Colisão Lateral";0;0;1;1;0;0;0;0;0;0;1;0;1;0;0
"28/09/2013";"02:46:00";"2777";"sem vítima";"193.6";"BR-116/SC";"Norte";"Saida de Pista";0;0;1;0;0;0;0;0;0;0;1;0;0;0;0
"28/09/2013";"02:48:00";"2778";"sem vítima";"208.2";"BR-116/PR";"Norte";"Choque - Defensa, barreira ou "submarino"";1;0;0;0;0;0;0;0;0;0;2;0;0;0;0
"28/09/2013";"02:52:00";"2779";"sem vítima";"134";"BR-116/PR";"Sul";"Objeto lançado contra veículo";0;0;0;0;0;0;0;0;0;1;3;0;0;0;0
"28/09/2013";"03:02:00";"2780";"sem vítima";"118.4";"BR-116/PR";"Norte";"Queda de Moto";0;0;0;1;0;0;0;0;0;0;1;0;0;0;0
"28/09/2013";"06:51:00";"2796";"com vítima";"139.5";"BR-116/PR";"Norte";"Colisão Transversal";1;0;0;0;0;1;0;0;0;0;2;1;0;0;0
"28/09/2013";"06:57:00";"2798";"sem vítima";"152";"BR-116/SC";"Norte";"Colisão Lateral";1;0;0;0;0;1;0;0;0;0;2;0;0;0;0
"28/09/2013";"07:13:00";"2801";"sem vítima";"105";"BR-116/SC";"Norte";"Tombamento";0;0;1;0;0;0;0;0;0;0;1;0;0;0;0
"28/09/2013";"07:54:00";"2804";"sem vítima";"75";"BR-116/SC";"Norte";"Colisão Lateral";1;0;1;0;0;0;0;0;0;0;2;0;0;0;0
"28/09/2013";"08:13:00";"2805";"sem vítima";"117.6";"BR-116/PR";"Sul";"Saida de Pista";1;0;0;0;0;0;0;0;0;0;4;0;0;0;0
"28/09/2013";"09:52:00";"2811";"sem vítima";"134";"BR-116/PR";"Sul";"Objeto lançado contra veículo";0;0;0;0;0;0;0;0;0;1;1;0;0;0;0
"29/09/2013";"12:12:00";"2821";"sem vítima";"196";"BR-116/SC";"Norte";"Atropelamento de Animal";1;0;0;0;0;0;0;0;0;0;1;0;0;0;0
"29/09/2013";"12:05:00";"2848";"sem vítima";"204";"BR-116/PR";"Sul";"Choque - Cancela de Pedagio";1;0;0;0;0;0;0;0;0;0;3;0;0;0;0
"29/09/2013";"07:24:00";"2890";"com vítima";"220.9";"BR-116/SC";"Sul";"Colisão Lateral";1;0;0;1;0;0;0;0;0;0;1;0;0;1;0
"29/09/2013";"07:45:00";"2891";"sem vítima";"25";"BR-116/SC";"Sul";"Objeto lançado contra veículo";1;0;0;0;0;0;0;0;0;0;4;0;0;0;0
"30/09/2013";"05:25:00";"2917";"sem vítima";"123.4";"BR-116/PR";"Norte";"Colisão Traseira";2;0;0;0;0;0;0;0;0;0;2;0;0;0;0
"30/09/2013";"09:08:00";"2933";"sem vítima";"52.3";"BR-116/SC";"Norte";"Atropelamento de Animal";1;0;0;0;0;0;0;0;0;0;1;0;0;0;0
"30/09/2013";"10:24:00";"2939";"sem vítima";"154.1";"BR-116/PR";"Sul";"Colisão Transversal";1;0;0;0;0;1;0;0;0;0;2;0;0;0;0
"30/09/2013";"02:21:00";"2962";"sem vítima";"267";"BR-116/SC";"Norte";"Objeto lançado contra veículo";1;0;0;0;0;0;0;0;0;0;1;0;0;0;0
"30/09/2013";"05:47:00";"2993";"sem vítima";"172";"BR-116/PR";"Sul";"Outros";0;0;0;0;0;0;0;0;0;1;2;0;0;0;0
"30/09/2013";"06:25:00";"2998";"com vítima";"124.8";"BR-116/PR";"Sul";"Queda de Moto";0;0;0;1;0;0;0;0;0;0;0;1;0;0;0
"30/09/2013";"07:08:00";"3001";"sem vítima";"142";"BR-116/PR";"Norte";"Objeto lançado contra veículo";0;0;0;0;1;0;0;0;0;0;25;0;0;0;0
"01/10/2013";"03:25:00";"3";"sem vítima";"233.1";"BR-116/SC";"Sul";"Choque - Objeto sobre a pista";1;0;0;0;0;0;0;0;0;0;1;0;0;0;0
"01/10/2013";"09:17:00";"26";"sem vítima";"213";"BR-116/SC";"Sul";"Choque - Suporte de Sinalização";1;0;0;0;0;0;0;0;0;0;1;0;0;0;0
"01/10/2013";"06:26:00";"72";"sem vítima";"117.1";"BR-116/PR";"Norte";"Colisão Traseira";2;0;0;0;0;0;0;0;0;0;2;0;0;0;0
"01/10/2013";"06:55:00";"75";"sem vítima";"117.1";"BR-116/PR";"Norte";"Colisão Lateral";1;0;0;1;0;0;0;0;0;0;3;0;0;0;0
"02/10/2013";"11:09:00";"143";"sem vítima";"134";"BR-116/PR";"Sul";"Objeto lançado contra veículo";1;0;0;0;0;0;0;0;0;0;1;0;0;0;0
"02/10/2013";"02:56:00";"164";"sem vítima";"12";"BR-116/SC";"Sul";"Colisão Transversal";0;0;1;0;0;0;0;0;0;1;2;0;0;0;0
"02/10/2013";"03:06:00";"165";"sem vítima";"116.5";"BR-116/PR";"Norte";"Tombamento";0;0;1;0;0;0;0;0;0;0;1;0;0;0;0
"02/10/2013";"03:12:00";"167";"sem vítima";"134.9";"BR-116/SC";"Sul";"Objeto lançado contra veículo";1;0;0;0;0;0;0;0;0;0;1;0;0;0;0
"02/10/2013";"03:34:00";"169";"sem vítima";"4.5";"BR-116/SC";"Norte";"Colisão Traseira";1;0;1;0;0;0;0;0;0;0;2;0;0;0;0
"02/10/2013";"03:59:00";"170";"sem vítima";"258";"BR-116/SC";"Norte";"Saida de Pista";0;0;1;0;0;0;0;0;0;0;1;0;0;0;0
"02/10/2013";"05:40:00";"177";"com vítima";"120.6";"BR-116/PR";"Sul";"Colisão Transversal";0;0;0;1;0;1;0;0;0;0;1;1;0;0;0
"02/10/2013";"07:49:00";"186";"sem vítima";"262";"BR-116/SC";"Sul";"Colisão Lateral";0;0;1;0;0;1;0;0;0;0;2;0;0;0;0
"02/10/2013";"08:48:00";"190";"sem vítima";"114.5";"BR-116/SC";"Norte";"Colisão Traseira";0;0;2;0;0;1;0;0;0;0;3;0;0;0;0
"02/10/2013";"11:49:00";"200";"sem vítima";"127";"BR-116/PR";"Sul";"Saida de Pista";1;0;0;0;0;0;0;0;0;0;1;0;0;0;0
"03/10/2013";"12:24:00";"203";"sem vítima";"129.8";"BR-116/PR";"Sul";"Colisão Traseira";0;0;1;0;0;1;0;0;0;0;2;0;0;0;0
"03/10/2013";"01:47:00";"253";"com vítima";"119.4";"BR-116/PR";"Norte";"Colisão Transversal";1;0;1;0;0;0;0;0;0;0;1;1;0;0;0
"03/10/2013";"02:56:00";"259";"sem vítima";"85";"BR-116/SC";"Sul";"Objeto lançado contra veículo";1;0;0;0;0;0;0;0;0;0;1;0;0;0;0
"03/10/2013";"04:59:00";"270";"sem vítima";"203.65";"BR-116/PR";"Sul";"Choque - Suporte de Sinalização";0;0;1;0;0;0;0;0;0;0;1;0;0;0;0
"03/10/2013";"05:58:00";"272";"sem vítima";"132";"BR-116/PR";"Norte";"Colisão Transversal";1;0;0;0;1;0;0;0;0;0;61;0;0;0;0
"03/10/2013";"07:20:00";"281";"sem vítima";"120.5";"BR-116/PR";"Sul";"Colisão Transversal";1;0;1;0;0;0;0;0;0;0;2;0;0;0;0
"04/10/2013";"01:42:00";"304";"sem vítima";"233";"BR-116/SC";"Sul";"Colisão Lateral";0;0;1;0;0;1;0;0;0;0;2;0;0;0;0
"04/10/2013";"07:29:00";"317";"sem vítima";"131.9";"BR-116/PR";"Sul";"Colisão Transversal";1;0;1;0;0;0;0;0;0;0;2;0;0;0;0
"04/10/2013";"06:30:00";"377";"sem vítima";"138.9";"BR-116/PR";"Norte";"Colisão Transversal";1;0;1;0;0;0;0;0;0;0;4;0;0;0;0
"04/10/2013";"07:19:00";"384";"sem vítima";"202";"BR-116/PR";"Norte";"Atropelamento de Animal";1;0;0;0;0;0;0;0;0;0;2;0;0;0;0
"04/10/2013";"07:47:00";"388";"sem vítima";"69";"BR-116/SC";"Sul";"Colisão Transversal";2;0;0;0;0;0;0;0;0;0;2;0;0;0;0
"04/10/2013";"07:58:00";"389";"sem vítima";"197";"BR-116/PR";"Sul";"Objeto lançado contra veículo";1;0;0;0;0;0;0;0;0;0;1;0;0;0;0
"04/10/2013";"08:26:00";"393";"com vítima";"71.5";"BR-116/SC";"Norte";"Colisão Lateral";1;0;0;0;0;0;0;0;0;1;4;1;0;0;0
"04/10/2013";"08:59:00";"395";"com vítima";"140.2";"BR-116/PR";"Sul";"Colisão Transversal";1;0;0;1;0;0;0;0;0;0;3;1;0;0;0
"04/10/2013";"10:52:00";"404";"sem vítima";"196";"BR-116/PR";"Sul";"Saida de Pista";0;0;0;1;0;0;0;0;0;0;1;0;0;0;0
"05/10/2013";"12:51:00";"412";"sem vítima";"120.9";"BR-116/PR";"Sul";"Saida de Pista";1;0;0;0;0;0;0;0;0;0;1;0;0;0;0
"05/10/2013";"04:54:00";"417";"com vítima";"38";"BR-116/SC";"Sul";"Colisão Traseira";1;0;0;1;0;0;0;0;0;0;1;0;1;0;0
"05/10/2013";"03:31:00";"459";"com vítima";"200.7";"BR-116/SC";"Sul";"Queda de Moto";0;0;0;1;0;0;0;0;0;0;1;1;0;0;0
"05/10/2013";"05:10:00";"466";"com vítima";"157.8";"BR-116/PR";"Sul";"Saida de Pista";1;0;0;0;0;0;0;0;0;0;0;1;0;1;0
"05/10/2013";"05:20:00";"467";"sem vítima";"134.8";"BR-116/PR";"Sul";"Choque - Cancela de Pedagio";0;0;1;0;0;0;0;0;0;0;1;0;0;0;0
"05/10/2013";"06:54:00";"472";"com vítima";"237";"BR-116/SC";"Sul";"Colisão Traseira";2;0;0;1;0;0;0;0;0;0;6;0;0;0;1
"05/10/2013";"11:41:00";"482";"sem vítima";"130";"BR-116/PR";"Sul";"Colisão Traseira";2;0;0;0;0;0;0;0;0;0;2;0;0;0;0
"06/10/2013";"12:53:00";"483";"sem vítima";"122";"BR-116/PR";"Norte";"Saida de Pista";1;0;0;0;0;0;0;0;0;0;1;0;0;0;0
"06/10/2013";"04:14:00";"491";"sem vítima";"255";"BR-116/SC";"Sul";"Colisão Lateral";2;0;0;0;0;0;0;0;0;0;7;0;0;0;0
"06/10/2013";"10:02:00";"507";"com vítima";"231.7";"BR-116/SC";"Sul";"Tombamento";1;0;0;0;0;0;0;0;0;0;0;2;0;0;0
"06/10/2013";"01:25:00";"516";"sem vítima";"81";"BR-116/SC";"Norte";"Choque - Cancela de Pedagio";1;0;0;0;0;0;0;0;0;0;1;0;0;0;0
"06/10/2013";"02:43:00";"529";"sem vítima";"180.8";"BR-116/PR";"Sul";"Colisão Lateral";1;0;0;0;0;1;0;0;0;0;2;0;0;0;0
"06/10/2013";"03:38:00";"536";"sem vítima";"173.3";"BR-116/PR";"Sul";"Colisão Transversal";2;0;0;0;0;0;0;0;0;0;6;0;0;0;0
"06/10/2013";"06:58:00";"555";"sem vítima";"152.4";"BR-116/PR";"Sul";"Colisão Transversal";2;0;0;0;0;0;0;0;0;0;9;0;0;0;0
"06/10/2013";"07:02:00";"556";"com vítima";"72.9";"BR-116/SC";"Norte";"Atropelamento - Ciclista";0;1;0;0;0;1;0;0;0;0;1;0;1;0;0
"06/10/2013";"10:40:00";"572";"sem vítima";"162.3";"BR-116/PR";"Norte";"Atropelamento de Animal";1;0;0;0;0;0;0;0;0;0;3;0;0;0;0
"07/10/2013";"12:11:00";"580";"sem vítima";"126.2";"BR-116/PR";"Norte";"Colisão Traseira";0;0;1;0;0;0;0;0;0;1;2;0;0;0;0
"07/10/2013";"06:23:00";"588";"com vítima";"115.9";"BR-116/PR";"Sul";"Colisão Traseira";2;0;0;0;0;0;0;0;0;0;1;1;0;0;0
"07/10/2013";"07:07:00";"591";"sem vítima";"134";"BR-116/PR";"Sul";"Objeto lançado contra veículo";1;0;0;0;0;0;0;0;0;0;1;0;0;0;0
"08/10/2013";"07:41:00";"709";"sem vítima";"304";"BR-116/SC";"Norte";"Objeto lançado contra veículo";0;0;1;0;0;0;0;0;0;0;1;0;0;0;0
"08/10/2013";"08:51:00";"718";"sem vítima";"140.5";"BR-116/SC";"Sul";"Tombamento";0;0;1;0;0;0;0;0;0;0;1;0;0;0;0
"08/10/2013";"10:09:00";"727";"sem vítima";"17";"BR-116/SC";"Sul";"Objeto lançado contra veículo";1;0;0;0;0;0;0;0;0;0;1;0;0;0;0
"08/10/2013";"10:23:00";"730";"sem vítima";"197";"BR-116/SC";"Norte";"Saida de Pista";0;0;1;0;0;0;0;0;0;0;1;0;0;0;0
"08/10/2013";"10:38:00";"731";"sem vítima";"119";"BR-116/PR";"Norte";"Colisão Lateral";1;0;0;0;0;1;0;0;0;0;2;0;0;0;0
"08/10/2013";"12:51:00";"741";"com vítima";"130";"BR-116/PR";"Sul";"Colisão Transversal";1;1;0;0;0;0;0;0;0;0;2;0;0;1;0
"09/10/2013";"10:29:00";"832";"sem vítima";"115.3";"BR-116/PR";"Norte";"Colisão Traseira";1;0;0;1;0;0;0;0;0;0;2;0;0;0;0
"09/10/2013";"10:57:00";"838";"sem vítima";"217";"BR-116/SC";"Norte";"Colisão Traseira";1;0;0;1;0;0;0;0;0;0;2;0;0;0;0
"09/10/2013";"02:28:00";"851";"com vítima";"118";"BR-116/PR";"Sul";"Colisão Lateral";2;0;0;0;0;0;0;0;0;0;2;1;0;0;0
"09/10/2013";"02:30:00";"852";"sem vítima";"82";"BR-116/SC";"Norte";"Objeto lançado contra veículo";0;0;1;0;0;0;0;0;0;0;1;0;0;0;0
"09/10/2013";"04:40:00";"869";"sem vítima";"198";"BR-116/PR";"Sul";"Objeto lançado contra veículo";1;0;0;0;0;0;0;0;0;0;1;0;0;0;0
"10/10/2013";"12:23:00";"900";"com vítima";"127.3";"BR-116/PR";"Norte";"Atropelamento - Usuário";1;0;0;0;0;0;0;0;0;0;1;0;0;0;1
"10/10/2013";"02:50:00";"905";"com vítima";"126.2";"BR-116/PR";"Norte";"Colisão Traseira";0;0;0;0;0;0;0;0;0;2;1;1;0;0;0
"10/10/2013";"07:34:00";"922";"com vítima";"118.7";"BR-116/PR";"Sul";"Colisão Traseira";1;0;0;1;0;0;0;0;0;0;5;1;0;0;0
"10/10/2013";"02:22:00";"963";"sem vítima";"125.8";"BR-116/PR";"Sul";"Choque - Veiculo parado na pista";2;0;0;0;0;0;0;0;0;0;2;0;0;0;0
"10/10/2013";"06:55:00";"1003";"sem vítima";"52";"BR-116/SC";"Sul";"Atropelamento de Animal";1;0;0;0;0;0;0;0;0;0;1;0;0;0;0
"10/10/2013";"08:47:00";"1015";"sem vítima";"23.3";"BR-116/SC";"Sul";"Atropelamento de Animal";1;0;0;0;0;0;0;0;0;0;1;0;0;0;0
"10/10/2013";"11:20:00";"1031";"com vítima";"127.8";"BR-116/PR";"Sul";"Colisão Transversal";1;0;1;0;0;0;0;0;0;0;1;1;0;0;0
"11/10/2013";"10:40:00";"1087";"sem vítima";"195";"BR-116/SC";"Sul";"Atropelamento de Animal";0;0;0;0;0;0;0;0;0;1;1;0;0;0;0
"11/10/2013";"11:24:00";"1092";"com vítima";"122.5";"BR-116/PR";"Sul";"Colisão Traseira";1;0;0;1;0;0;0;0;0;0;5;1;0;0;0
"11/10/2013";"12:11:00";"1098";"sem vítima";"118.95";"BR-116/PR";"Sul";"Choque - Veiculo parado na pista";3;0;0;0;0;0;0;0;0;0;6;0;0;0;0
"11/10/2013";"06:55:00";"1155";"com vítima";"19.8";"BR-116/SC";"Sul";"Colisão Lateral";0;0;1;1;0;0;0;0;0;0;1;1;0;0;0
"11/10/2013";"09:19:00";"1167";"sem vítima";"119";"BR-116/PR";"Sul";"Colisão Traseira";3;0;0;0;0;0;0;0;0;0;3;0;0;0;0
"11/10/2013";"09:55:00";"1168";"sem vítima";"86.9";"BR-116/SC";"Sul";"Colisão Lateral";1;0;0;1;0;0;0;0;0;0;5;0;0;0;0
"12/10/2013";"07:07:00";"1198";"sem vítima";"209";"BR-116/PR";"Norte";"Colisão Traseira";2;0;0;0;0;0;0;0;0;0;5;0;0;0;0
"12/10/2013";"01:16:00";"1227";"com vítima";"126.3";"BR-116/PR";"Norte";"Colisão Transversal";2;0;0;1;0;0;0;0;0;0;4;1;0;1;0
"12/10/2013";"06:10:00";"1261";"sem vítima";"191.5";"BR-116/PR";"Sul";"Colisão Lateral";1;0;0;0;1;0;0;0;0;0;2;0;0;0;0
"13/10/2013";"01:52:00";"1289";"com vítima";"121.5";"BR-116/PR";"Norte";"Choque - Defensa, barreira ou "submarino"";1;0;0;0;0;0;0;0;0;0;1;1;0;0;0
"13/10/2013";"10:06:00";"1307";"sem vítima";"123.8";"BR-116/SC";"Norte";"Saida de Pista";1;0;0;0;0;0;0;0;0;0;1;0;0;0;0
"13/10/2013";"12:28:00";"1314";"com vítima";"152.3";"BR-116/PR";"Norte";"Colisão Transversal";1;0;0;1;0;0;0;0;0;0;4;1;0;0;0
"13/10/2013";"01:26:00";"1320";"sem vítima";"12";"BR-116/SC";"Norte";"Colisão Transversal";2;0;0;0;0;0;0;0;0;0;3;0;0;0;0
"13/10/2013";"02:41:00";"1329";"sem vítima";"135.5";"BR-116/PR";"Sul";"Colisão Lateral";1;0;0;1;0;0;0;0;0;0;2;0;0;0;0
"13/10/2013";"05:59:00";"1355";"sem vítima";"303.6";"BR-116/SC";"Sul";"Colisão Traseira";1;0;0;0;0;0;0;0;0;1;3;0;0;0;0
"13/10/2013";"06:40:00";"1359";"sem vítima";"132.9";"BR-116/PR";"Norte";"Choque - Veiculo parado na pista";3;0;0;0;0;0;0;0;0;0;13;0;0;0;0
"13/10/2013";"06:57:00";"1362";"com vítima";"36";"BR-116/SC";"Norte";"Atropelamento - Usuário";1;0;0;0;0;0;0;0;0;0;1;0;0;1;0
"13/10/2013";"10:56:00";"1374";"com vítima";"189.5";"BR-116/SC";"Sul";"Saida de Pista";1;0;0;0;0;0;0;0;0;0;0;1;0;0;0
"14/10/2013";"01:20:00";"1383";"sem vítima";"141";"BR-116/PR";"Norte";"Choque - Objeto sobre a pista";1;0;0;0;0;0;0;0;0;0;1;0;0;0;0
"14/10/2013";"01:20:00";"1381";"sem vítima";"141";"BR-116/PR";"Norte";"Choque - Objeto sobre a pista";1;0;0;0;0;0;0;0;0;0;1;0;0;0;0
"14/10/2013";"05:29:00";"1387";"com vítima";"126.3";"BR-116/PR";"Sul";"Atropelamento - Ciclista";1;1;0;0;0;0;0;0;0;0;1;0;0;1;0
"14/10/2013";"10:34:00";"1420";"sem vítima";"120";"BR-116/SC";"Sul";"Objeto lançado contra veículo";1;0;0;0;0;0;0;0;0;0;1;0;0;0;0
"14/10/2013";"11:44:00";"1426";"sem vítima";"172";"BR-116/SC";"Norte";"Objeto lançado contra veículo";1;0;0;0;0;0;0;0;0;0;5;0;0;0;0
"14/10/2013";"07:32:00";"1481";"sem vítima";"48.1";"BR-116/SC";"Sul";"Atropelamento de Animal";0;0;1;0;0;0;0;0;0;0;1;0;0;0;0
"15/10/2013";"08:55:00";"1517";"sem vítima";"123.35";"BR-116/PR";"Norte";"Colisão Lateral";0;0;1;0;0;1;0;0;0;0;2;0;0;0;0
"15/10/2013";"10:22:00";"1531";"sem vítima";"124.1";"BR-116/PR";"Norte";"Colisão Traseira";4;0;0;0;0;0;0;0;0;0;5;0;0;0;0
"15/10/2013";"10:28:00";"1532";"com vítima";"118.3";"BR-116/PR";"Norte";"Colisão Transversal";1;0;1;1;0;0;0;0;0;0;2;1;0;0;0
"15/10/2013";"01:35:00";"1546";"sem vítima";"139.5";"BR-116/SC";"Sul";"Objeto lançado contra veículo";1;0;0;0;0;0;0;0;0;0;1;0;0;0;0
"15/10/2013";"03:05:00";"1558";"sem vítima";"103.5";"BR-116/SC";"Norte";"Choque - Outros";1;0;0;0;0;0;0;0;0;0;3;0;0;0;0
"15/10/2013";"07:12:00";"1582";"sem vítima";"258";"BR-116/SC";"Norte";"Choque - Veiculo parado no acostamento";0;0;2;0;0;0;0;0;0;0;2;0;0;0;0
"16/10/2013";"09:08:00";"1626";"sem vítima";"12.3";"BR-116/SC";"Norte";"Colisão Transversal";2;0;0;0;0;0;0;0;0;0;5;0;0;0;0
"16/10/2013";"09:43:00";"1632";"sem vítima";"81";"BR-116/SC";"Norte";"Objeto lançado contra veículo";1;0;0;0;0;0;0;0;0;0;1;0;0;0;0
"16/10/2013";"11:26:00";"1645";"sem vítima";"140";"BR-116/PR";"Norte";"Tombamento";0;0;1;0;0;0;0;0;0;0;1;0;0;0;0
"16/10/2013";"01:52:00";"1660";"sem vítima";"1.3";"BR-116/SC";"Sul";"Saida de Pista";0;0;1;0;0;0;0;0;0;0;1;0;0;0;0
"17/10/2013";"06:14:00";"1710";"com vítima";"179.7";"BR-116/SC";"Sul";"Saida de Pista";1;0;0;0;0;0;0;0;0;0;0;1;0;0;0
"17/10/2013";"08:58:00";"1720";"sem vítima";"0.9";"BR-116/SC";"Norte";"Choque - Defensa, barreira ou "submarino"";0;0;1;0;0;0;0;0;0;0;1;0;0;0;0
"17/10/2013";"09:33:00";"1725";"sem vítima";"115.8";"BR-116/PR";"Norte";"Colisão Traseira";2;0;0;0;0;0;0;0;0;0;3;0;0;0;0
"17/10/2013";"01:31:00";"1753";"com vítima";"204";"BR-116/PR";"Norte";"Colisão Transversal";1;0;0;1;0;0;0;0;0;0;1;1;0;0;0
"17/10/2013";"05:39:00";"1771";"sem vítima";"210";"BR-116/PR";"Sul";"Colisão Transversal";2;0;0;0;0;0;0;0;0;0;2;0;0;0;0
"17/10/2013";"06:20:00";"1774";"sem vítima";"35";"BR-116/SC";"Sul";"Objeto lançado contra veículo";0;0;1;0;0;0;0;0;0;0;1;0;0;0;0
"17/10/2013";"07:02:00";"1777";"com vítima";"142.15";"BR-116/SC";"Sul";"Colisão Frontal";2;0;0;0;0;0;0;0;0;0;1;2;0;0;0
"17/10/2013";"11:07:00";"1787";"com vítima";"145";"BR-116/PR";"Sul";"Choque - Objeto sobre a pista";1;0;0;0;0;0;0;0;0;0;1;1;0;0;0
"18/10/2013";"05:26:00";"1872";"com vítima";"4";"BR-116/SC";"Norte";"Colisão Transversal";1;0;0;1;0;0;0;0;0;0;1;1;0;0;0
"18/10/2013";"05:53:00";"1874";"sem vítima";"171.4";"BR-116/SC";"Norte";"Colisão Traseira";1;0;0;0;0;0;0;0;0;1;5;0;0;0;0
"18/10/2013";"06:05:00";"1877";"sem vítima";"132";"BR-116/SC";"Sul";"Objeto lançado contra veículo";0;0;0;0;0;0;0;0;0;1;1;0;0;0;0
"19/10/2013";"02:19:00";"1902";"sem vítima";"202";"BR-116/PR";"Norte";"Choque - Veiculo parado na pista";1;0;1;0;0;0;0;0;0;0;3;0;0;0;0
"19/10/2013";"07:04:00";"1912";"sem vítima";"126.1";"BR-116/PR";"Norte";"Colisão Traseira";2;0;0;0;0;1;0;0;0;0;3;0;0;0;0
"19/10/2013";"10:40:00";"1928";"sem vítima";"174.8";"BR-116/SC";"Norte";"Tombamento";0;0;1;0;0;0;0;0;0;0;1;0;0;0;0
"19/10/2013";"12:49:00";"1940";"sem vítima";"204";"BR-116/PR";"Sul";"Objeto lançado contra veículo";1;0;0;0;0;0;0;0;0;0;1;0;0;0;0
"19/10/2013";"07:23:00";"1973";"sem vítima";"123.7";"BR-116/PR";"Norte";"Colisão Traseira";2;0;0;0;0;0;0;0;0;1;5;0;0;0;0
"19/10/2013";"07:56:00";"1976";"com vítima";"119.4";"BR-116/PR";"Sul";"Colisão Transversal";2;0;0;0;0;0;0;0;0;0;2;1;0;0;0
"19/10/2013";"07:57:00";"1977";"sem vítima";"32.3";"BR-116/SC";"Sul";"Saida de Pista";1;0;0;0;0;0;0;0;0;0;1;0;0;0;0
"19/10/2013";"08:32:00";"1978";"com vítima";"61.7";"BR-116/SC";"Sul";"Colisão Traseira";0;0;0;1;0;0;0;0;0;1;4;1;0;0;0
"19/10/2013";"09:25:00";"1983";"sem vítima";"78.4";"BR-116/SC";"Norte";"Atropelamento de Animal";0;0;1;0;0;0;0;0;0;0;1;0;0;0;0
"20/10/2013";"03:52:00";"2000";"com vítima";"196";"BR-116/PR";"Sul";"Saida de Pista";0;0;0;1;0;0;0;0;0;0;0;1;0;0;0
"20/10/2013";"05:00:00";"2001";"com vítima";"129.8";"BR-116/PR";"Sul";"Colisão Traseira";0;0;0;1;0;1;0;0;0;0;1;1;0;0;0