data;horario;n_da_ocorrencia;tipo_de_ocorrencia;km;trecho;sentido;tipo_de_acidente;automovel;bicicleta;caminhao;moto;onibus;outros;tracao_animal;transporte_de_cargas_especiais;trator_maquinas;utilitarios;ilesos;levemente_feridos;moderadamente_feridos;gravemente_feridos;mortos
"11/11/2013";"07:58:00";"1078";"sem vítima";"73.9";"BR-116/SC";"Norte";"Saida de Pista";1;0;0;0;0;0;0;0;0;0;2;0;0;0;0
"11/11/2013";"08:44:00";"1081";"sem vítima";"55";"BR-116/SC";"Norte";"Choque - Objeto sobre a pista";1;0;0;0;0;0;0;0;0;0;1;0;0;0;0
"11/11/2013";"10:13:00";"1097";"sem vítima";"134.5";"BR-116/PR";"Norte";"Colisão Traseira";1;0;1;0;0;0;0;0;0;0;2;0;0;0;0
"11/11/2013";"02:45:00";"1122";"sem vítima";"202.5";"BR-116/PR";"Sul";"Colisão Traseira";1;0;0;0;1;0;0;0;0;0;2;0;0;0;0
"11/11/2013";"03:24:00";"1128";"sem vítima";"183.55";"BR-116/PR";"Sul";"Saida de Pista";0;0;0;0;0;0;0;0;0;1;1;0;0;0;0
"11/11/2013";"03:53:00";"1132";"sem vítima";"246";"BR-116/SC";"Sul";"Saida de Pista";1;0;0;0;0;0;0;0;0;0;1;0;0;0;0
"11/11/2013";"05:50:00";"1144";"sem vítima";"0.1";"BR-116/SC";"Sul";"Colisão Traseira";2;0;0;0;0;0;0;0;0;0;2;0;0;0;0
"11/11/2013";"09:09:00";"1164";"com vítima";"127.5";"BR-116/PR";"Norte";"Colisão Transversal";0;0;0;2;0;0;0;0;0;0;0;2;0;0;0
"11/11/2013";"09:28:00";"1165";"sem vítima";"133";"BR-116/PR";"Norte";"Colisão Traseira";1;0;1;0;0;0;0;0;0;0;2;0;0;0;0
"11/11/2013";"11:10:00";"1172";"sem vítima";"203";"BR-116/PR";"Norte";"Choque - Defensa, barreira ou "submarino"";0;0;1;0;0;0;0;0;0;0;1;0;0;0;0
"12/11/2013";"07:33:00";"1186";"sem vítima";"183.5";"BR-116/PR";"Norte";"Saida de Pista";0;0;0;0;1;0;0;0;0;0;14;0;0;0;0
"12/11/2013";"07:52:00";"1188";"sem vítima";"14.9";"BR-116/SC";"Norte";"Saida de Pista";1;0;0;0;0;0;0;0;0;0;1;0;0;0;0
"12/11/2013";"09:05:00";"1196";"sem vítima";"120";"BR-116/SC";"Sul";"Objeto lançado contra veículo";1;0;0;0;0;0;0;0;0;0;1;0;0;0;0
"12/11/2013";"09:11:00";"1198";"sem vítima";"128";"BR-116/PR";"Norte";"Colisão Traseira";0;0;2;0;0;0;0;0;0;0;2;0;0;0;0
"12/11/2013";"04:17:00";"1249";"sem vítima";"20";"BR-116/SC";"Sul";"Objeto lançado contra veículo";1;0;0;0;0;0;0;0;0;0;1;0;0;0;0
"12/11/2013";"06:59:00";"1273";"com vítima";"55";"BR-116/SC";"Norte";"Tombamento";0;0;1;0;0;0;0;0;0;0;0;1;0;0;0
"13/11/2013";"12:33:00";"1323";"sem vítima";"233";"BR-116/SC";"Sul";"Objeto lançado contra veículo";1;0;0;0;0;0;0;0;0;0;1;0;0;0;0
"13/11/2013";"02:12:00";"1332";"com vítima";"247.3";"BR-116/SC";"Sul";"Atropelamento - Morador";0;0;0;0;0;1;0;0;0;0;1;1;0;0;0
"13/11/2013";"03:43:00";"1341";"sem vítima";"117";"BR-116/PR";"Norte";"Colisão Lateral";1;0;0;0;1;0;0;0;0;0;2;0;0;0;0
"13/11/2013";"04:58:00";"1351";"sem vítima";"131.8";"BR-116/PR";"Sul";"Colisão Transversal";1;0;0;0;0;0;0;0;0;1;5;0;0;0;0
"13/11/2013";"05:58:00";"1356";"sem vítima";"202";"BR-116/PR";"Sul";"Saida de Pista";1;0;0;0;0;0;0;0;0;0;2;0;0;0;0
"13/11/2013";"10:54:00";"1369";"sem vítima";"161";"BR-116/PR";"Norte";"Saida de Pista";1;0;0;0;0;0;0;0;0;0;1;0;0;0;0
"14/11/2013";"03:44:00";"1433";"sem vítima";"11.5";"BR-116/SC";"Norte";"Colisão Traseira";2;0;0;0;0;0;0;0;0;0;2;0;0;0;0
"14/11/2013";"05:02:00";"1443";"sem vítima";"119.4";"BR-116/PR";"Norte";"Colisão Transversal";2;0;0;0;0;0;0;0;0;0;2;0;0;0;0
"14/11/2013";"05:03:00";"1444";"com vítima";"129.8";"BR-116/PR";"Norte";"Colisão Transversal";2;0;0;0;0;0;0;0;0;0;1;0;1;0;0
"14/11/2013";"07:08:00";"1461";"sem vítima";"194";"BR-116/SC";"Sul";"Colisão Transversal";1;0;0;0;0;0;0;0;1;0;3;0;0;0;0
"14/11/2013";"08:46:00";"1471";"sem vítima";"259";"BR-116/SC";"Norte";"Atropelamento de Animal";1;0;0;0;0;0;0;0;0;0;1;0;0;0;0
"14/11/2013";"09:52:00";"1488";"com vítima";"119";"BR-116/PR";"Norte";"Colisão Transversal";1;0;0;1;0;0;0;0;0;0;2;1;0;0;0
"15/11/2013";"12:22:00";"1492";"sem vítima";"145.95";"BR-116/PR";"Sul";"Colisão Transversal";2;0;0;0;0;0;0;0;0;0;2;0;0;0;0
"15/11/2013";"06:55:00";"1563";"com vítima";"134.4";"BR-116/PR";"Norte";"Colisão Transversal";1;0;1;0;0;0;0;0;0;0;2;1;0;0;0
"16/11/2013";"03:56:00";"1594";"com vítima";"173";"BR-116/SC";"Norte";"Saida de Pista";0;0;0;0;0;0;0;0;0;1;0;0;1;0;0
"16/11/2013";"05:34:00";"1600";"sem vítima";"203";"BR-116/PR";"Norte";"Choque - Objeto sobre a pista";0;0;0;0;1;0;0;0;0;0;37;0;0;0;0
"16/11/2013";"08:29:00";"1609";"sem vítima";"127.4";"BR-116/PR";"Norte";"Colisão Traseira";2;0;1;0;0;0;0;0;0;0;3;0;0;0;0
"16/11/2013";"01:47:00";"1625";"sem vítima";"143";"BR-116/PR";"Norte";"Objeto lançado contra veículo";1;0;0;0;0;0;0;0;0;0;1;0;0;0;0
"16/11/2013";"04:40:00";"1637";"sem vítima";"117.5";"BR-116/PR";"Norte";"Saida de Pista";1;0;0;0;0;0;0;0;0;0;1;0;0;0;0
"16/11/2013";"05:26:00";"1642";"sem vítima";"1.2";"BR-116/SC";"Sul";"Saida de Pista";1;0;0;0;0;0;0;0;0;0;3;0;0;0;0
"16/11/2013";"05:37:00";"1644";"sem vítima";"195.6";"BR-116/PR";"Sul";"Saida de Pista";1;0;0;0;0;0;0;0;0;0;1;0;0;0;0
"16/11/2013";"09:22:00";"1661";"sem vítima";"183.4";"BR-116/PR";"Sul";"Saida de Pista";1;0;0;0;0;0;0;0;0;0;2;0;0;0;0
"16/11/2013";"10:45:00";"1664";"sem vítima";"220.6";"BR-116/SC";"Sul";"Queda de Moto";0;0;0;1;0;0;0;0;0;0;1;0;0;0;0
"17/11/2013";"12:23:00";"1669";"sem vítima";"137.4";"BR-116/SC";"Sul";"Colisão Traseira";0;0;2;0;0;0;0;0;0;0;2;0;0;0;0
"17/11/2013";"01:56:00";"1676";"sem vítima";"115";"BR-116/SC";"Norte";"Choque - Defensa, barreira ou "submarino"";0;0;1;0;0;0;0;0;0;0;1;0;0;0;0
"17/11/2013";"03:42:00";"1678";"sem vítima";"155";"BR-116/SC";"Norte";"Saida de Pista";1;0;0;0;0;0;0;0;0;0;3;0;0;0;0
"17/11/2013";"04:55:00";"1679";"com vítima";"199";"BR-116/SC";"Sul";"Capotamento";1;0;0;0;0;0;0;0;0;0;0;1;0;0;0
"17/11/2013";"08:17:00";"1691";"sem vítima";"117.5";"BR-116/PR";"Norte";"Colisão Lateral";1;0;1;0;0;0;0;0;0;0;2;0;0;0;0
"17/11/2013";"01:28:00";"1711";"sem vítima";"193";"BR-116/SC";"Norte";"Saida de Pista";1;0;0;0;0;0;0;0;0;0;2;0;0;0;0
"17/11/2013";"05:12:00";"1733";"sem vítima";"134.3";"BR-116/PR";"Norte";"Colisão Lateral";1;0;1;0;0;0;0;0;0;0;4;0;0;0;0
"18/11/2013";"12:05:00";"1774";"sem vítima";"233";"BR-116/SC";"Norte";"Atropelamento de Animal";1;0;0;0;0;0;0;0;0;0;3;0;0;0;0
"18/11/2013";"12:14:00";"1776";"sem vítima";"191";"BR-116/PR";"Norte";"Choque - Objeto sobre a pista";1;0;0;0;0;0;0;0;0;0;3;0;0;0;0
"18/11/2013";"07:22:00";"1796";"sem vítima";"124.6";"BR-116/SC";"Sul";"Saida de Pista";1;0;0;0;0;0;0;0;0;0;1;0;0;0;0
"18/11/2013";"08:50:00";"1807";"com vítima";"13.2";"BR-116/SC";"Norte";"Choque - Defensa, barreira ou "submarino"";1;0;0;0;0;0;0;0;0;0;0;2;0;0;0
"18/11/2013";"10:34:00";"1821";"com vítima";"152.4";"BR-116/PR";"Sul";"Colisão Transversal";2;0;0;0;0;0;0;0;0;0;5;1;0;0;0
"18/11/2013";"10:47:00";"1823";"sem vítima";"138";"BR-116/PR";"Sul";"Saida de Pista";1;0;0;0;0;0;0;0;0;0;5;0;0;0;0
"18/11/2013";"11:02:00";"1827";"sem vítima";"125";"BR-116/PR";"Sul";"Colisão Traseira";1;0;1;0;0;0;0;0;0;0;2;0;0;0;0
"18/11/2013";"12:01:00";"1831";"sem vítima";"139";"BR-116/PR";"Norte";"Objeto lançado contra veículo";1;0;0;0;0;0;0;0;0;0;1;0;0;0;0
"18/11/2013";"02:04:00";"1839";"com vítima";"267.9";"BR-116/SC";"Norte";"Saida de Pista";0;0;0;0;0;0;0;0;0;1;1;1;0;0;0
"18/11/2013";"02:07:00";"1840";"sem vítima";"119.4";"BR-116/PR";"Sul";"Colisão Transversal";1;0;1;0;0;0;0;0;0;0;2;0;0;0;0
"18/11/2013";"03:10:00";"1844";"com vítima";"162.5";"BR-116/SC";"Norte";"Tombamento";0;0;1;0;0;0;0;0;0;0;1;1;0;0;0
"18/11/2013";"04:59:00";"1855";"com vítima";"152.4";"BR-116/PR";"Norte";"Colisão Transversal";1;0;0;0;0;0;0;0;0;1;4;1;0;0;0
"18/11/2013";"07:14:00";"1868";"com vítima";"61.8";"BR-116/SC";"Sul";"Saida de Pista";1;0;0;0;0;0;0;0;0;0;0;0;4;0;0
"18/11/2013";"09:03:00";"1881";"sem vítima";"50.8";"BR-116/SC";"Norte";"Saida de Pista";1;0;0;0;0;0;0;0;0;0;4;0;0;0;0
"18/11/2013";"10:02:00";"1887";"com vítima";"251.3";"BR-116/SC";"Norte";"Colisão Transversal";2;0;0;0;0;0;0;0;0;0;2;2;0;1;0
"18/11/2013";"10:43:00";"1892";"com vítima";"122.3";"BR-116/PR";"Norte";"Colisão Traseira";0;0;1;1;0;0;0;0;0;0;1;1;0;0;0
"19/11/2013";"10:24:00";"1926";"sem vítima";"12.3";"BR-116/SC";"Norte";"Colisão Transversal";1;0;1;0;0;0;0;0;0;0;2;0;0;0;0
"19/11/2013";"01:00:00";"1939";"sem vítima";"118";"BR-116/PR";"Sul";"Colisão Traseira";1;0;1;0;0;0;0;0;0;0;2;0;0;0;0
"19/11/2013";"04:08:00";"1958";"sem vítima";"208";"BR-116/PR";"Sul";"Objeto lançado contra veículo";1;0;0;0;0;0;0;0;0;0;3;0;0;0;0
"19/11/2013";"10:00:00";"1980";"sem vítima";"208.8";"BR-116/SC";"Norte";"Colisão Transversal";1;0;1;0;0;0;0;0;0;0;3;0;0;0;0
"19/11/2013";"10:46:00";"1982";"sem vítima";"202.5";"BR-116/PR";"Norte";"Choque - Veiculo parado na pista";2;0;0;0;0;0;0;0;0;0;2;0;0;0;0
"19/11/2013";"11:51:00";"1983";"sem vítima";"118";"BR-116/PR";"Sul";"Choque - Suporte de Sinalização";1;0;0;0;0;0;0;0;0;0;2;0;0;0;0
"20/11/2013";"06:32:00";"1989";"com vítima";"262.2";"BR-116/SC";"Sul";"Capotamento";1;0;0;0;0;0;0;0;0;0;0;1;0;0;0
"20/11/2013";"06:52:00";"1991";"com vítima";"119.4";"BR-116/PR";"Sul";"Colisão Transversal";0;0;0;1;0;0;0;0;0;1;2;1;0;0;0
"20/11/2013";"12:18:00";"2018";"sem vítima";"126.2";"BR-116/PR";"Norte";"Colisão Lateral";2;0;1;0;0;0;0;0;0;0;6;0;0;0;0
"20/11/2013";"02:50:00";"2031";"sem vítima";"115.3";"BR-116/PR";"Sul";"Colisão Lateral";1;0;1;0;0;0;0;0;0;0;2;0;0;0;0
"20/11/2013";"02:59:00";"2033";"sem vítima";"79";"BR-116/SC";"Sul";"Objeto lançado contra veículo";0;0;1;0;0;0;0;0;0;0;1;0;0;0;0
"20/11/2013";"05:19:00";"2051";"sem vítima";"119";"BR-116/PR";"Sul";"Saida de Pista";1;0;0;0;0;0;0;0;0;0;1;0;0;0;0
"21/11/2013";"01:01:00";"2077";"sem vítima";"21.5";"BR-116/SC";"Sul";"Choque - Objeto sobre a pista";1;0;0;0;0;0;0;0;0;0;1;0;0;0;0
"21/11/2013";"02:29:00";"2086";"sem vítima";"119.1";"BR-116/PR";"Sul";"Choque - Objeto sobre a pista";1;0;0;0;0;0;0;0;0;0;1;0;0;0;0
"21/11/2013";"02:34:00";"2088";"sem vítima";"119.4";"BR-116/PR";"Sul";"Choque - Objeto sobre a pista";1;0;0;0;0;0;0;0;0;0;3;0;0;0;0
"21/11/2013";"02:34:00";"2087";"sem vítima";"119.4";"BR-116/PR";"Sul";"Choque - Objeto sobre a pista";0;0;0;1;0;0;0;0;0;0;1;0;0;0;0
"21/11/2013";"02:34:00";"2089";"sem vítima";"119.4";"BR-116/PR";"Sul";"Choque - Objeto sobre a pista";1;0;0;0;0;0;0;0;0;0;1;0;0;0;0
"21/11/2013";"12:31:00";"2121";"com vítima";"128.4";"BR-116/PR";"Sul";"Atropelamento - Ciclista";0;1;0;0;1;0;0;0;0;0;18;1;0;0;0
"21/11/2013";"01:19:00";"2125";"sem vítima";"8.4";"BR-116/SC";"Norte";"Saida de Pista";1;0;0;0;0;0;0;0;0;0;2;0;0;0;0
"21/11/2013";"05:18:00";"2141";"sem vítima";"302.7";"BR-116/SC";"Sul";"Saida de Pista";1;0;0;0;0;0;0;0;0;0;1;0;0;0;0
"22/11/2013";"12:26:00";"2163";"sem vítima";"175.6";"BR-116/PR";"Sul";"Saida de Pista";1;0;0;0;0;0;0;0;0;0;1;0;0;0;0
"22/11/2013";"07:44:00";"2184";"sem vítima";"100";"BR-116/SC";"Norte";"Outros";1;0;0;0;0;0;0;0;0;0;1;0;0;0;0
"22/11/2013";"09:26:00";"2198";"sem vítima";"203";"BR-116/PR";"Norte";"Colisão Traseira";0;0;2;0;0;0;0;0;0;0;2;0;0;0;0
"22/11/2013";"10:44:00";"2205";"com vítima";"144.2";"BR-116/PR";"Norte";"Atropelamento - Funcionário";1;0;0;0;0;0;0;0;0;0;3;0;0;1;0
"22/11/2013";"11:50:00";"2207";"sem vítima";"117.6";"BR-116/PR";"Norte";"Colisão Lateral";0;0;1;0;0;0;0;0;0;1;2;0;0;0;0
"22/11/2013";"02:18:00";"2212";"com vítima";"93";"BR-116/SC";"Norte";"Colisão Lateral";2;0;0;0;0;0;0;0;0;0;2;1;0;0;0
"22/11/2013";"04:59:00";"2229";"sem vítima";"233";"BR-116/SC";"Norte";"Choque - Veiculo parado na pista";0;0;2;0;0;0;0;0;0;0;2;0;0;0;0
"22/11/2013";"05:04:00";"2231";"sem vítima";"42";"BR-116/SC";"Sul";"Objeto lançado contra veículo";1;0;0;0;0;0;0;0;0;0;1;0;0;0;0
"22/11/2013";"06:23:00";"2243";"sem vítima";"131.7";"BR-116/PR";"Sul";"Colisão Transversal";0;0;1;0;1;0;0;0;0;0;2;0;0;0;0
"22/11/2013";"09:39:00";"2254";"com vítima";"69";"BR-116/SC";"Sul";"Objeto lançado contra veículo";0;0;1;0;0;0;0;0;0;0;0;1;0;0;0
"22/11/2013";"10:59:00";"2257";"sem vítima";"122";"BR-116/PR";"Sul";"Saida de Pista";1;0;0;0;0;0;0;0;0;0;1;0;0;0;0
"23/11/2013";"04:04:00";"2268";"sem vítima";"208";"BR-116/PR";"Norte";"Saida de Pista";0;0;0;0;0;0;0;0;0;1;1;0;0;0;0
"23/11/2013";"08:39:00";"2282";"sem vítima";"127";"BR-116/SC";"Sul";"Choque - Objeto sobre a pista";1;0;0;0;0;0;0;0;0;0;1;0;0;0;0
"23/11/2013";"11:29:00";"2301";"sem vítima";"221.22";"BR-116/SC";"Norte";"Saida de Pista";1;0;0;0;0;0;0;0;0;0;2;0;0;0;0
"23/11/2013";"11:41:00";"2302";"sem vítima";"0.5";"BR-116/SC";"Norte";"Colisão Traseira";2;0;0;0;0;0;0;0;0;0;4;0;0;0;0
"23/11/2013";"05:09:00";"2320";"sem vítima";"41";"BR-116/SC";"Norte";"Objeto lançado contra veículo";1;0;0;0;0;0;0;0;0;0;2;0;0;0;0
"23/11/2013";"05:36:00";"2325";"sem vítima";"43.4";"BR-116/SC";"Sul";"Objeto lançado contra veículo";1;0;0;0;0;0;0;0;0;0;1;0;0;0;0
"23/11/2013";"07:48:00";"2338";"sem vítima";"84.4";"BR-116/SC";"Sul";"Atropelamento de Animal";1;0;0;0;0;0;0;0;0;0;1;0;0;0;0
"23/11/2013";"11:56:00";"2351";"sem vítima";"210.5";"BR-116/SC";"Norte";"Saida de Pista";1;0;0;0;0;0;0;0;0;0;1;0;0;0;0
"24/11/2013";"07:33:00";"2363";"sem vítima";"177.5";"BR-116/PR";"Sul";"Tombamento";0;0;1;0;0;0;0;0;0;0;1;0;0;0;0
"24/11/2013";"08:33:00";"2368";"sem vítima";"97";"BR-116/SC";"Norte";"Choque - Objeto sobre a pista";0;0;1;0;0;0;0;0;0;0;1;0;0;0;0
"24/11/2013";"09:17:00";"2373";"sem vítima";"175.2";"BR-116/SC";"Norte";"Saida de Pista";1;0;1;0;0;0;0;0;0;0;3;0;0;0;0
"24/11/2013";"08:57:00";"2420";"com vítima";"233.1";"BR-116/SC";"Sul";"Choque - Veiculo parado na pista";4;0;0;0;0;0;0;0;0;0;10;1;0;0;0
"25/11/2013";"12:01:00";"2426";"com vítima";"125.4";"BR-116/PR";"Sul";"Atropelamento - Morador";1;0;0;0;0;0;0;0;0;0;1;0;0;0;1
"26/11/2013";"06:51:00";"2545";"sem vítima";"124";"BR-116/PR";"Norte";"Colisão Lateral";0;0;0;1;0;0;0;0;0;0;1;0;0;0;0
"26/11/2013";"07:55:00";"2551";"sem vítima";"119.4";"BR-116/PR";"Norte";"Colisão Traseira";1;0;1;0;0;0;0;0;0;0;2;0;0;0;0
"26/11/2013";"03:46:00";"2598";"sem vítima";"143.9";"BR-116/PR";"Norte";"Colisão Traseira";1;0;0;0;0;0;0;0;0;1;2;0;0;0;0
"26/11/2013";"05:18:00";"2609";"sem vítima";"102.8";"BR-116/SC";"Sul";"Objeto lançado contra veículo";0;0;1;0;0;0;0;0;0;0;1;0;0;0;0
"26/11/2013";"07:20:00";"2616";"sem vítima";"204";"BR-116/SC";"Sul";"Objeto lançado contra veículo";1;0;0;0;0;0;0;0;0;0;1;0;0;0;0
"26/11/2013";"08:28:00";"2620";"sem vítima";"246.2";"BR-116/SC";"Sul";"Choque - Objeto sobre a pista";1;0;0;0;0;0;0;0;0;0;1;0;0;0;0
"27/11/2013";"12:53:00";"2634";"sem vítima";"152.8";"BR-116/PR";"Norte";"Saida de Pista";0;0;1;0;0;0;0;0;0;0;1;0;0;0;0
"27/11/2013";"05:47:00";"2640";"com vítima";"115.8";"BR-116/PR";"Sul";"Colisão Traseira";3;0;0;0;0;0;0;0;0;0;3;1;0;0;0
"27/11/2013";"01:28:00";"2686";"sem vítima";"134";"BR-116/PR";"Sul";"Choque - Cancela de Pedagio";1;0;0;0;0;0;0;0;0;0;2;0;0;0;0
"27/11/2013";"02:46:00";"2694";"sem vítima";"161.65";"BR-116/PR";"Sul";"Objeto lançado contra veículo";1;0;0;0;0;0;0;0;0;0;1;0;0;0;0
"27/11/2013";"03:06:00";"2698";"sem vítima";"194";"BR-116/PR";"Sul";"Choque - Objeto sobre a pista";1;0;0;0;0;0;0;0;0;0;1;0;0;0;0
"27/11/2013";"03:18:00";"2704";"sem vítima";"32";"BR-116/SC";"Sul";"Choque - Arvore";0;0;1;0;0;0;0;0;0;0;1;0;0;0;0
"28/11/2013";"12:10:00";"2755";"sem vítima";"209.5";"BR-116/PR";"Norte";"Colisão Transversal";2;0;0;0;0;0;0;0;0;0;2;0;0;0;0
"28/11/2013";"08:06:00";"2778";"sem vítima";"134";"BR-116/PR";"Sul";"Choque - Cancela de Pedagio";1;0;0;0;0;0;0;0;0;0;1;0;0;0;0
"28/11/2013";"08:49:00";"2786";"sem vítima";"184.1";"BR-116/SC";"Norte";"Objeto lançado contra veículo";1;0;0;0;0;0;0;0;0;0;1;0;0;0;0
"28/11/2013";"03:03:00";"2825";"com vítima";"138";"BR-116/SC";"Norte";"Colisão Transversal";1;0;1;0;0;0;0;0;0;0;2;1;0;0;0
"28/11/2013";"05:47:00";"2848";"sem vítima";"257.8";"BR-116/SC";"Norte";"Colisão Lateral";1;0;1;0;0;0;0;0;0;0;2;0;0;0;0
"28/11/2013";"06:58:00";"2856";"sem vítima";"146";"BR-116/SC";"Norte";"Choque - Objeto sobre a pista";1;0;0;0;0;0;0;0;0;0;1;0;0;0;0
"28/11/2013";"11:28:00";"2883";"sem vítima";"183.6";"BR-116/PR";"Sul";"Saida de Pista";0;0;1;0;0;0;0;0;0;0;1;0;0;0;0
"28/11/2013";"11:58:00";"2885";"sem vítima";"241.7";"BR-116/SC";"Norte";"Saida de Pista";1;0;0;0;0;0;0;0;0;0;1;0;0;0;0
"29/11/2013";"12:19:00";"2886";"com vítima";"247.7";"BR-116/SC";"Sul";"Colisão Transversal";1;0;0;0;1;0;0;0;0;0;1;2;4;0;0
"29/11/2013";"07:46:00";"2896";"com vítima";"166.1";"BR-116/PR";"Norte";"Colisão Transversal";1;0;0;1;0;0;0;0;0;0;2;1;0;0;0
"29/11/2013";"01:25:00";"2923";"sem vítima";"24";"BR-116/SC";"Norte";"Objeto lançado contra veículo";1;0;0;0;0;0;0;0;0;0;1;0;0;0;0
"29/11/2013";"03:20:00";"2939";"sem vítima";"82";"BR-116/SC";"Sul";"Colisão Lateral";0;0;1;0;0;0;0;0;0;0;1;0;0;0;0
"29/11/2013";"03:28:00";"2941";"sem vítima";"134";"BR-116/PR";"Sul";"Choque - Veiculo parado na pista";0;0;2;0;0;0;0;0;0;0;2;0;0;0;0
"29/11/2013";"04:08:00";"2948";"com vítima";"159.15";"BR-116/PR";"Sul";"Saida de Pista";1;0;0;0;0;0;0;0;0;0;0;2;0;0;0
"29/11/2013";"04:17:00";"2949";"com vítima";"191";"BR-116/PR";"Norte";"Colisão Transversal";0;0;1;0;0;0;0;0;0;1;6;1;0;0;0
"29/11/2013";"05:37:00";"2958";"sem vítima";"131";"BR-116/PR";"Sul";"Choque - Cancela de Pedagio";0;0;1;0;0;0;0;0;0;0;1;0;0;0;0
"29/11/2013";"06:41:00";"2965";"sem vítima";"1.2";"BR-116/SC";"Norte";"Colisão Transversal";0;0;1;0;0;0;0;0;0;1;3;0;0;0;0
"30/11/2013";"04:15:00";"2998";"sem vítima";"143";"BR-116/SC";"Norte";"Saida de Pista";1;0;0;0;0;0;0;0;0;0;1;0;0;0;0
"30/11/2013";"06:20:00";"3002";"sem vítima";"143";"BR-116/SC";"Norte";"Colisão Lateral";0;0;2;0;0;0;0;0;0;0;2;0;0;0;0
"30/11/2013";"07:08:00";"3004";"sem vítima";"20.3";"BR-116/SC";"Norte";"Saida de Pista";1;0;0;0;0;0;0;0;0;0;3;0;0;0;0
"30/11/2013";"07:12:00";"3005";"com vítima";"247.9";"BR-116/SC";"Sul";"Saida de Pista";1;0;0;0;0;0;0;0;0;0;0;1;0;0;0
"30/11/2013";"08:01:00";"3009";"com vítima";"20.3";"BR-116/SC";"Norte";"Colisão Traseira";2;0;0;0;0;0;0;0;0;0;1;1;0;0;0
"30/11/2013";"11:18:00";"3018";"sem vítima";"201";"BR-116/PR";"Sul";"Objeto lançado contra veículo";1;0;0;0;0;0;0;0;0;0;1;0;0;0;0
"30/11/2013";"12:19:00";"3025";"sem vítima";"132";"BR-116/PR";"Sul";"Objeto lançado contra veículo";1;0;0;0;0;0;0;0;0;0;1;0;0;0;0
"30/11/2013";"01:53:00";"3031";"sem vítima";"134";"BR-116/PR";"Norte";"Choque - Defensa, barreira ou "submarino"";0;0;1;0;0;0;0;0;0;0;1;0;0;0;0
"30/11/2013";"05:45:00";"3048";"sem vítima";"181.5";"BR-116/SC";"Norte";"Colisão Lateral";1;0;1;0;0;0;0;0;0;0;3;0;0;0;0
"30/11/2013";"06:42:00";"3050";"sem vítima";"179";"BR-116/SC";"Norte";"Objeto lançado contra veículo";0;0;1;0;0;0;0;0;0;0;1;0;0;0;0
"30/11/2013";"06:51:00";"3052";"sem vítima";"152";"BR-116/SC";"Sul";"Choque - Veiculo parado na pista";0;0;2;0;0;0;0;0;0;0;2;0;0;0;0
"30/11/2013";"10:26:00";"3060";"sem vítima";"173.5";"BR-116/PR";"Norte";"Colisão Transversal";2;0;0;0;0;0;0;0;0;0;2;0;0;0;0
"30/11/2013";"10:55:00";"3064";"sem vítima";"122.3";"BR-116/PR";"Norte";"Colisão Traseira";2;0;0;0;0;0;0;0;0;0;2;0;0;0;0
"30/11/2013";"11:25:00";"3065";"sem vítima";"117";"BR-116/PR";"Norte";"Colisão Traseira";2;0;0;0;0;0;0;0;0;0;2;0;0;0;0
"30/11/2013";"11:26:00";"3066";"sem vítima";"233";"BR-116/SC";"Sul";"Choque - Suporte de Sinalização";0;0;1;0;0;0;0;0;0;0;1;0;0;0;0
"01/12/2013";"12:10:00";"2";"sem vítima";"149.009";"BR-116/SC";"Sul";"Colisão Lateral";1;0;0;0;0;1;0;0;0;0;2;0;0;0;0
"01/12/2013";"12:29:00";"3";"sem vítima";"119.4";"BR-116/PR";"Norte";"Colisão Transversal";1;0;1;0;0;0;0;0;0;0;2;0;0;0;0
"01/12/2013";"04:18:00";"12";"com vítima";"0.8";"BR-116/SC";"Norte";"Colisão Lateral";2;0;0;0;0;0;0;0;0;0;4;1;0;0;0
"01/12/2013";"04:22:00";"13";"sem vítima";"121.7";"BR-116/PR";"Sul";"Colisão Traseira";2;0;0;0;0;0;0;0;0;0;2;0;0;0;0
"01/12/2013";"02:12:00";"37";"sem vítima";"145";"BR-116/SC";"Sul";"Objeto lançado contra veículo";1;0;0;0;0;0;0;0;0;0;1;0;0;0;0
"01/12/2013";"03:05:00";"44";"com vítima";"123.5";"BR-116/PR";"Norte";"Engavetamento";3;0;0;0;0;0;0;0;0;0;10;4;0;0;0
"01/12/2013";"07:51:00";"70";"com vítima";"213.3";"BR-116/SC";"Norte";"Colisão Frontal";2;0;0;0;0;0;0;0;0;0;0;3;3;0;0
"01/12/2013";"11:06:00";"80";"sem vítima";"81";"BR-116/SC";"Sul";"Atropelamento de Animal";1;0;0;0;0;0;0;0;0;0;1;0;0;0;0
"02/12/2013";"06:24:00";"93";"sem vítima";"115.9";"BR-116/PR";"Norte";"Colisão Lateral";1;0;0;1;0;0;0;0;0;0;3;0;0;0;0
"02/12/2013";"01:02:00";"123";"sem vítima";"217";"BR-116/SC";"Norte";"Colisão Transversal";1;0;0;0;1;0;0;0;0;0;10;0;0;0;0