data;horario;n_da_ocorrencia;tipo_de_ocorrencia;km;trecho;sentido;tipo_de_acidente;automovel;bicicleta;caminhao;moto;onibus;outros;tracao_animal;transporte_de_cargas_especiais;trator_maquinas;utilitarios;ilesos;levemente_feridos;moderadamente_feridos;gravemente_feridos;mortos
"02/12/2013";"07:22:00";"155";"sem vítima";"74.5";"BR-116/SC";"Norte";"Colisão Traseira";1;0;1;0;0;0;0;0;0;0;4;0;0;0;0
"02/12/2013";"08:29:00";"158";"com vítima";"166.9";"BR-116/PR";"Norte";"Queda de Moto";0;0;0;1;0;0;0;0;0;0;0;0;1;0;0
"02/12/2013";"10:33:00";"165";"sem vítima";"226.9";"BR-116/SC";"Sul";"Saida de Pista";1;0;0;0;0;0;0;0;0;0;1;0;0;0;0
"03/12/2013";"06:48:00";"190";"sem vítima";"154.85";"BR-116/PR";"Norte";"Colisão Transversal";1;0;0;0;1;0;0;0;0;0;33;0;0;0;0
"03/12/2013";"08:19:00";"201";"com vítima";"124.2";"BR-116/PR";"Norte";"Colisão Traseira";0;0;1;1;0;0;0;0;0;0;1;2;0;0;0
"03/12/2013";"09:48:00";"219";"sem vítima";"130";"BR-116/PR";"Norte";"Tombamento";0;0;1;0;0;0;0;0;0;0;1;0;0;0;0
"03/12/2013";"02:26:00";"248";"com vítima";"120.2";"BR-116/PR";"Norte";"Colisão Traseira";0;0;0;1;0;0;0;0;0;1;1;1;0;0;0
"03/12/2013";"02:28:00";"249";"sem vítima";"78.5";"BR-116/SC";"Norte";"Objeto lançado contra veículo";1;0;0;0;0;0;0;0;0;0;1;0;0;0;0
"03/12/2013";"02:30:00";"250";"sem vítima";"132.6";"BR-116/PR";"Norte";"Capotamento";1;0;0;0;0;0;0;0;0;0;1;0;0;0;0
"03/12/2013";"03:34:00";"263";"sem vítima";"132";"BR-116/SC";"Norte";"Objeto lançado contra veículo";0;0;1;0;0;0;0;0;0;0;1;0;0;0;0
"03/12/2013";"04:52:00";"271";"sem vítima";"143";"BR-116/SC";"Sul";"Objeto lançado contra veículo";1;0;0;0;0;0;0;0;0;0;1;0;0;0;0
"03/12/2013";"07:08:00";"288";"sem vítima";"122";"BR-116/PR";"Norte";"Colisão Lateral";0;0;1;1;0;0;0;0;0;0;3;0;0;0;0
"04/12/2013";"12:23:00";"303";"sem vítima";"191";"BR-116/PR";"Norte";"Atropelamento de Animal";1;0;0;0;0;0;0;0;0;0;2;0;0;0;0
"04/12/2013";"12:40:00";"306";"com vítima";"219.2";"BR-116/SC";"Sul";"Saida de Pista";1;0;0;0;0;0;0;0;0;0;4;1;0;0;0
"04/12/2013";"02:33:00";"309";"sem vítima";"208";"BR-116/PR";"Sul";"Saida de Pista";0;0;0;0;0;0;0;0;0;1;2;0;0;0;0
"04/12/2013";"09:45:00";"338";"com vítima";"143.9";"BR-116/PR";"Norte";"Colisão Transversal";2;0;0;0;0;0;0;0;0;0;2;2;0;0;0
"04/12/2013";"12:06:00";"354";"sem vítima";"149";"BR-116/SC";"Norte";"Objeto lançado contra veículo";0;0;1;0;0;0;0;0;0;0;1;0;0;0;0
"04/12/2013";"07:22:00";"393";"com vítima";"157";"BR-116/PR";"Norte";"Colisão Transversal";1;0;1;0;0;0;0;0;0;0;7;0;1;0;0
"04/12/2013";"07:51:00";"399";"com vítima";"118.5";"BR-116/PR";"Sul";"Queda de Moto";0;0;0;1;0;0;0;0;0;0;1;1;0;0;0
"04/12/2013";"08:41:00";"401";"com vítima";"117";"BR-116/PR";"Sul";"Atropelamento - Ciclista";1;1;0;0;0;0;0;0;0;0;1;1;0;0;0
"05/12/2013";"10:00:00";"441";"sem vítima";"116";"BR-116/PR";"Norte";"Colisão Traseira";0;0;2;0;0;0;0;0;0;0;2;0;0;0;0
"05/12/2013";"11:08:00";"448";"sem vítima";"33.5";"BR-116/SC";"Sul";"Colisão Traseira";0;0;2;0;0;0;0;0;0;0;2;0;0;0;0
"05/12/2013";"01:11:00";"459";"com vítima";"71.1";"BR-116/SC";"Norte";"Colisão Traseira";0;0;2;0;0;0;0;0;0;0;1;1;0;0;0
"05/12/2013";"02:27:00";"465";"sem vítima";"155.4";"BR-116/PR";"Norte";"Saida de Pista";0;0;1;0;0;0;0;0;0;0;1;0;0;0;0
"05/12/2013";"04:45:00";"480";"sem vítima";"121.5";"BR-116/PR";"Sul";"Colisão Traseira";2;0;0;0;0;0;0;0;0;0;2;0;0;0;0
"05/12/2013";"05:23:00";"487";"sem vítima";"234";"BR-116/SC";"Norte";"Choque - Objeto sobre a pista";0;0;1;0;0;0;0;0;0;0;1;0;0;0;0
"05/12/2013";"06:07:00";"488";"sem vítima";"110.5";"BR-116/SC";"Sul";"Engavetamento";2;0;2;0;0;0;0;0;0;1;6;0;0;0;0
"05/12/2013";"08:52:00";"506";"sem vítima";"143";"BR-116/SC";"Norte";"Objeto lançado contra veículo";0;0;1;0;0;0;0;0;0;0;1;0;0;0;0
"06/12/2013";"06:32:00";"531";"sem vítima";"202";"BR-116/SC";"Sul";"Saida de Pista";1;0;0;0;0;0;0;0;0;0;1;0;0;0;0
"06/12/2013";"06:58:00";"533";"com vítima";"123.3";"BR-116/PR";"Norte";"Colisão Lateral";1;0;0;1;0;0;0;0;0;0;1;1;1;0;0
"06/12/2013";"07:54:00";"538";"com vítima";"197.6";"BR-116/SC";"Sul";"Colisão Traseira";2;0;0;0;0;0;0;0;0;0;1;1;0;0;0
"06/12/2013";"04:32:00";"594";"sem vítima";"62";"BR-116/SC";"Sul";"Atropelamento de Animal";1;0;0;0;0;0;0;0;0;0;2;0;0;0;0
"06/12/2013";"07:02:00";"613";"sem vítima";"148.6";"BR-116/SC";"Norte";"Objeto lançado contra veículo";0;0;1;0;0;0;1;0;0;0;2;0;0;0;0
"06/12/2013";"09:48:00";"632";"sem vítima";"122.3";"BR-116/PR";"Norte";"Colisão Transversal";1;0;1;0;0;0;0;0;0;0;4;0;0;0;0
"06/12/2013";"10:04:00";"634";"com vítima";"117.6";"BR-116/PR";"Sul";"Colisão Traseira";0;0;1;1;0;0;0;0;0;0;2;1;0;0;0
"06/12/2013";"10:55:00";"638";"sem vítima";"3.2";"BR-116/SC";"Norte";"Objeto lançado contra veículo";1;0;0;0;0;0;0;0;0;0;3;0;0;0;0
"06/12/2013";"11:07:00";"639";"sem vítima";"70";"BR-116/SC";"Norte";;1;0;0;0;0;0;0;0;0;0;1;0;0;0;0
"07/12/2013";"01:28:00";"645";"sem vítima";"191";"BR-116/SC";"Sul";"Saida de Pista";1;0;0;0;0;0;0;0;0;0;1;0;0;0;0
"07/12/2013";"01:38:00";"646";"sem vítima";"117";"BR-116/PR";"Norte";"Capotamento";1;0;0;0;0;0;0;0;0;0;1;0;0;0;0
"07/12/2013";"02:11:00";"648";"sem vítima";"117";"BR-116/PR";"Sul";"Objeto lançado contra veículo";1;0;0;0;0;0;0;0;0;0;1;0;0;0;0
"07/12/2013";"02:33:00";"651";"sem vítima";"122.3";"BR-116/PR";"Sul";"Colisão Lateral";1;0;1;0;0;0;0;0;0;0;2;0;0;0;0
"07/12/2013";"05:52:00";"659";"com vítima";"204";"BR-116/SC";"Norte";"Saida de Pista";1;0;0;0;0;0;0;0;0;0;0;1;0;0;0
"07/12/2013";"11:36:00";"670";"sem vítima";"119";"BR-116/PR";"Norte";"Colisão Transversal";3;0;0;0;0;0;0;0;0;0;3;0;0;0;0
"07/12/2013";"02:42:00";"683";"sem vítima";"130";"BR-116/PR";"Sul";"Objeto lançado contra veículo";1;0;0;0;0;0;0;0;0;0;1;0;0;0;0
"07/12/2013";"02:51:00";"685";"sem vítima";"234";"BR-116/SC";"Sul";"Objeto lançado contra veículo";1;0;0;0;0;0;0;0;0;0;3;0;0;0;0
"07/12/2013";"03:29:00";"692";"sem vítima";"204";"BR-116/PR";"Sul";"Choque - Cancela de Pedagio";0;0;1;0;0;0;0;0;0;0;1;0;0;0;0
"07/12/2013";"04:02:00";"697";"com vítima";"247.8";"BR-116/SC";"Sul";"Colisão Transversal";1;0;1;0;0;0;0;0;0;0;1;1;0;1;0
"07/12/2013";"04:08:00";"699";"com vítima";"131.15";"BR-116/PR";"Norte";"Colisão Transversal";1;0;0;0;0;0;0;0;0;1;2;2;1;0;0
"07/12/2013";"04:49:00";"702";"sem vítima";"116.8";"BR-116/PR";"Norte";"Colisão Traseira";1;0;0;0;0;1;0;0;0;0;2;0;0;0;0
"07/12/2013";"06:38:00";"711";"sem vítima";"206.2";"BR-116/PR";"Sul";"Colisão Lateral";0;0;1;0;0;0;0;0;0;1;5;0;0;0;0
"07/12/2013";"08:51:00";"721";"sem vítima";"98.8";"BR-116/SC";"Sul";"Colisão Transversal";1;0;1;0;0;0;0;0;0;0;2;0;0;0;0
"07/12/2013";"10:42:00";"729";"sem vítima";"126";"BR-116/PR";"Norte";"Saida de Pista";1;0;0;0;0;0;0;0;0;0;1;0;0;0;0
"08/12/2013";"01:12:00";"735";"sem vítima";"119";"BR-116/PR";"Norte";"Colisão Transversal";2;0;0;0;0;0;0;0;0;0;2;0;0;0;0
"08/12/2013";"01:29:00";"771";"sem vítima";"183";"BR-116/PR";"Norte";"Saida de Pista";1;0;0;0;0;0;0;0;0;0;1;0;0;0;0
"08/12/2013";"03:02:00";"777";"sem vítima";"123.3";"BR-116/PR";"Norte";"Engavetamento";3;0;0;0;0;0;0;0;0;0;7;0;0;0;0
"08/12/2013";"04:27:00";"782";"com vítima";"117.4";"BR-116/PR";"Norte";"Colisão Traseira";1;0;0;1;0;0;0;0;0;0;2;2;0;0;0
"08/12/2013";"09:43:00";"816";"com vítima";"139.7";"BR-116/SC";"Sul";"Saida de Pista";1;0;0;0;0;0;0;0;0;0;1;1;0;0;0
"08/12/2013";"11:33:00";"820";"sem vítima";"188.7";"BR-116/SC";"Norte";"Atropelamento de Animal";1;0;0;0;0;0;0;0;0;0;1;0;0;0;0
"09/12/2013";"12:03:00";"824";"sem vítima";"188.7";"BR-116/SC";"Norte";"Atropelamento de Animal";0;0;0;0;1;0;0;0;0;0;1;0;0;0;0
"09/12/2013";"12:50:00";"828";"sem vítima";"279.4";"BR-116/SC";"Norte";"Atropelamento de Animal";0;0;1;0;0;0;0;0;0;0;1;0;0;0;0
"09/12/2013";"06:33:00";"841";"sem vítima";"31.5";"BR-116/SC";"Sul";"Colisão Lateral";1;0;1;0;0;0;0;0;0;0;2;0;0;0;0
"09/12/2013";"10:18:00";"859";"sem vítima";"111";"BR-116/SC";"Sul";"Colisão Lateral";1;0;2;0;0;0;0;0;0;0;3;0;0;0;0
"09/12/2013";"10:40:00";"861";"sem vítima";"11";"BR-116/SC";"Norte";"Choque - Objeto sobre a pista";1;0;0;0;0;0;0;0;0;0;1;0;0;0;0
"09/12/2013";"03:19:00";"881";"sem vítima";"134.5";"BR-116/PR";"Norte";"Choque - Veiculo parado na pista";0;0;2;0;0;0;0;0;0;0;2;0;0;0;0
"09/12/2013";"05:32:00";"897";"com vítima";"128.7";"BR-116/PR";"Sul";"Atropelamento de Animal";0;0;0;1;0;0;0;0;0;0;0;1;0;0;0
"09/12/2013";"07:11:00";"906";"sem vítima";"245.6";"BR-116/SC";"Norte";"Colisão Transversal";0;0;1;0;1;0;0;0;0;0;2;0;0;0;0
"09/12/2013";"08:29:00";"912";"com vítima";"128.2";"BR-116/PR";"Sul";"Colisão Transversal";2;0;0;0;0;0;0;0;0;0;3;2;0;0;0
"09/12/2013";"09:43:00";"918";"com vítima";"206.4";"BR-116/SC";"Sul";"Colisão Traseira";0;0;0;1;0;1;0;0;0;0;1;0;1;0;0
"09/12/2013";"11:13:00";"933";"sem vítima";"204";"BR-116/PR";"Sul";"Choque - Objeto sobre a pista";0;0;0;0;0;0;0;0;0;1;1;0;0;0;0
"10/12/2013";"01:04:00";"939";"com vítima";"0";"BR-116/SC";"Sul";"Saida de Pista";0;0;0;1;0;0;0;0;0;0;0;1;0;0;0
"10/12/2013";"02:56:00";"941";"com vítima";"126.95";"BR-116/SC";"Sul";"Atropelamento - Morador";0;0;1;0;0;0;0;0;0;0;1;0;0;0;1
"10/12/2013";"07:04:00";"946";"sem vítima";"201";"BR-116/PR";"Norte";"Objeto lançado contra veículo";1;0;0;0;0;0;0;0;0;0;1;0;0;0;0
"10/12/2013";"01:18:00";"981";"com vítima";"308";"BR-116/SC";"Sul";"Colisão Transversal";2;0;0;0;0;0;0;0;0;0;0;1;0;0;1
"10/12/2013";"02:36:00";"989";"sem vítima";"147";"BR-116/PR";"Norte";"Objeto lançado contra veículo";1;0;0;0;0;0;0;0;0;0;4;0;0;0;0
"10/12/2013";"05:53:00";"1008";"sem vítima";"218.9";"BR-116/SC";"Norte";"Colisão Lateral";1;0;0;0;0;1;0;0;0;0;2;0;0;0;0
"10/12/2013";"07:13:00";"1018";"com vítima";"129.6";"BR-116/PR";"Norte";"Colisão Lateral";0;1;0;0;0;1;0;0;0;0;1;1;0;0;0
"10/12/2013";"10:37:00";"1030";"com vítima";"125.9";"BR-116/PR";"Norte";"Colisão Traseira";1;0;1;0;0;0;0;0;0;0;1;0;0;1;1
"11/12/2013";"04:26:00";"1042";"sem vítima";"26";"BR-116/SC";"Sul";"Saida de Pista";1;0;0;0;0;0;0;0;0;0;2;0;0;0;0
"11/12/2013";"08:31:00";"1056";"sem vítima";"7";"BR-116/SC";"Sul";"Colisão Transversal";1;0;1;0;0;0;0;0;0;0;3;0;0;0;0
"11/12/2013";"09:22:00";"1063";"sem vítima";"308.9";"BR-116/SC";"Sul";"Saida de Pista";0;0;1;0;0;0;0;0;0;0;1;0;0;0;0
"11/12/2013";"01:29:00";"1088";"sem vítima";"117.4";"BR-116/PR";"Sul";"Capotamento";0;0;0;0;0;0;0;0;0;2;2;0;0;0;0
"11/12/2013";"06:00:00";"1127";"com vítima";"43.3";"BR-116/SC";"Norte";"Colisão Frontal";2;0;0;0;0;0;0;0;0;0;2;1;1;0;0
"11/12/2013";"06:52:00";"1130";"sem vítima";"117.4";"BR-116/PR";"Sul";"Colisão Traseira";2;0;0;0;0;0;0;0;0;0;3;0;0;0;0
"11/12/2013";"07:05:00";"1131";"sem vítima";"122";"BR-116/PR";"Norte";"Colisão Transversal";1;0;0;1;0;0;0;0;0;0;3;0;0;0;0
"11/12/2013";"10:42:00";"1153";"sem vítima";"117.6";"BR-116/PR";"Norte";"Colisão Lateral";1;0;0;0;1;0;0;0;0;0;5;0;0;0;0
"11/12/2013";"11:33:00";"1157";"sem vítima";"226.2";"BR-116/SC";"Sul";"Outros";0;0;1;0;0;0;0;0;0;0;1;0;0;0;0
"12/12/2013";"12:50:00";"1211";"sem vítima";"128";"BR-116/PR";"Norte";"Colisão Lateral";0;0;2;0;0;0;0;0;0;0;2;0;0;0;0
"12/12/2013";"02:32:00";"1218";"com vítima";"117";"BR-116/PR";"Sul";;0;0;0;0;0;1;0;0;0;0;1;1;0;0;0
"12/12/2013";"04:02:00";"1234";"sem vítima";"130.6";"BR-116/PR";"Sul";"Objeto lançado contra veículo";1;0;0;0;0;0;0;0;0;0;1;0;0;0;0
"12/12/2013";"04:30:00";"1237";"sem vítima";"131.8";"BR-116/PR";"Sul";"Objeto lançado contra veículo";1;0;0;0;0;0;0;0;0;0;2;0;0;0;0
"13/12/2013";"12:11:00";"1269";"sem vítima";"203";"BR-116/PR";"Sul";"Atropelamento de Animal";1;0;0;0;0;0;0;0;0;0;1;0;0;0;0
"13/12/2013";"04:33:00";"1282";"sem vítima";"135.5";"BR-116/PR";"Sul";"Atropelamento de Animal";0;0;1;0;0;0;0;0;0;0;1;0;0;0;0
"13/12/2013";"10:07:00";"1302";"sem vítima";"49";"BR-116/SC";"Sul";"Objeto lançado contra veículo";1;0;0;0;0;0;0;0;0;0;1;0;0;0;0
"13/12/2013";"12:36:00";"1314";"sem vítima";"115";"BR-116/PR";"Norte";"Colisão Traseira";2;0;0;0;0;0;0;0;0;0;2;0;0;0;0
"13/12/2013";"05:19:00";"1351";"sem vítima";"204";"BR-116/PR";"Norte";"Colisão Lateral";1;0;1;0;0;0;0;0;0;0;2;0;0;0;0
"13/12/2013";"06:31:00";"1359";"sem vítima";"219.4";"BR-116/SC";"Norte";"Colisão Transversal";2;0;0;0;0;0;0;0;0;0;2;0;0;0;0
"13/12/2013";"06:32:00";"1360";"sem vítima";"233";"BR-116/SC";"Norte";"Choque - Cancela de Pedagio";1;0;0;0;0;0;0;0;0;0;1;0;0;0;0
"13/12/2013";"07:08:00";"1364";"sem vítima";"203";"BR-116/PR";"Sul";"Choque - Objeto sobre a pista";0;0;1;0;0;0;0;0;0;0;1;0;0;0;0
"14/12/2013";"12:31:00";"1383";"sem vítima";"0.05";"BR-116/SC";"Norte";"Colisão Traseira";1;0;0;0;0;1;0;0;0;0;2;0;0;0;0
"14/12/2013";"04:04:00";"1391";"com vítima";"123.3";"BR-116/PR";"Norte";"Colisão Traseira";1;0;0;1;0;0;0;0;0;0;1;1;1;0;0
"14/12/2013";"05:17:00";"1396";"sem vítima";"208";"BR-116/PR";"Norte";"Saida de Pista";1;0;0;0;0;0;0;0;0;0;1;0;0;0;0
"14/12/2013";"06:20:00";"1402";"sem vítima";"93.3";"BR-116/SC";"Sul";"Colisão Transversal";0;0;2;0;0;0;0;0;0;0;2;0;0;0;0
"14/12/2013";"06:40:00";"1404";"sem vítima";"203";"BR-116/SC";"Sul";"Saida de Pista";1;0;0;0;0;0;0;0;0;0;1;0;0;0;0
"14/12/2013";"06:52:00";"1405";"sem vítima";"1.2";"BR-116/SC";"Sul";"Saida de Pista";0;0;1;0;0;0;0;0;0;0;1;0;0;0;0
"14/12/2013";"08:03:00";"1411";"sem vítima";"244.9";"BR-116/SC";"Norte";"Saida de Pista";1;0;0;0;0;0;0;0;0;0;1;0;0;0;0
"14/12/2013";"08:03:00";"1410";"com vítima";"152";"BR-116/PR";"Sul";"Colisão Frontal";2;0;0;0;0;0;0;0;0;0;1;3;0;2;0
"14/12/2013";"10:25:00";"1417";"com vítima";"184";"BR-116/SC";"Sul";"Saida de Pista";1;0;0;0;0;0;0;0;0;0;1;1;0;0;0
"14/12/2013";"02:31:00";"1430";"sem vítima";"199";"BR-116/PR";"Sul";"Choque - Objeto sobre a pista";1;0;0;0;0;0;0;0;0;0;1;0;0;0;0
"14/12/2013";"05:04:00";"1446";"sem vítima";"73";"BR-116/SC";"Norte";"Saida de Pista";0;0;0;0;0;0;0;0;0;1;1;0;0;0;0
"14/12/2013";"05:30:00";"1449";"sem vítima";"52.3";"BR-116/SC";"Norte";"Colisão Transversal";1;0;1;0;0;0;0;0;0;0;7;0;0;0;0
"15/12/2013";"12:51:00";"1469";"sem vítima";"117";"BR-116/PR";"Sul";"Saida de Pista";1;0;0;0;0;0;0;0;0;0;2;0;0;0;0
"15/12/2013";"02:50:00";"1476";"com vítima";"117.3";"BR-116/PR";"Norte";"Colisão Traseira";1;0;0;1;0;0;0;0;0;0;1;0;1;0;0
"15/12/2013";"04:07:00";"1482";"sem vítima";"156.8";"BR-116/PR";"Sul";"Colisão Lateral";1;0;1;0;0;0;0;0;0;0;4;0;0;0;0
"15/12/2013";"05:14:00";"1486";"com vítima";"170.9";"BR-116/SC";"Sul";"Choque - Talude";0;0;1;0;0;0;0;0;0;0;4;2;1;0;1
"15/12/2013";"07:38:00";"1488";"com vítima";"35.2";"BR-116/SC";"Sul";"Saida de Pista";1;0;0;0;0;0;0;0;0;0;0;0;0;1;0
"15/12/2013";"08:47:00";"1490";"sem vítima";"142";"BR-116/SC";"Sul";"Capotamento";1;0;0;0;0;0;0;0;0;0;1;0;0;0;0
"15/12/2013";"10:07:00";"1499";"sem vítima";"121";"BR-116/PR";"Sul";"Objeto lançado contra veículo";1;0;0;0;0;0;0;0;0;0;1;0;0;0;0
"15/12/2013";"10:40:00";"1502";"sem vítima";"0.09";"BR-116/SC";"Norte";"Colisão Traseira";2;0;0;0;0;0;0;0;0;0;2;0;0;0;0
"15/12/2013";"01:40:00";"1513";"sem vítima";"134";"BR-116/PR";"Sul";"Choque - Objeto sobre a pista";0;0;1;0;0;0;0;0;0;0;1;0;0;0;0
"15/12/2013";"03:28:00";"1527";"sem vítima";"123.7";"BR-116/PR";"Norte";"Choque - Veiculo parado na pista";3;0;0;0;0;0;0;0;0;0;8;0;0;0;0
"15/12/2013";"03:43:00";"1529";"com vítima";"189.3";"BR-116/SC";"Sul";"Capotamento";1;0;0;0;0;0;0;0;0;0;0;0;0;0;1
"15/12/2013";"04:11:00";"1533";"com vítima";"129";"BR-116/PR";"Norte";"Atropelamento - Morador";0;0;0;0;0;1;0;0;0;0;1;1;0;0;0
"15/12/2013";"05:00:00";"1541";"sem vítima";"191";"BR-116/PR";"Sul";"Saida de Pista";1;0;0;0;0;0;0;0;0;0;4;0;0;0;0
"15/12/2013";"08:43:00";"1567";"sem vítima";"126";"BR-116/PR";"Norte";;2;0;0;0;0;0;0;0;0;0;2;0;0;0;0
"15/12/2013";"08:59:00";"1572";"sem vítima";"126";"BR-116/PR";"Norte";"Colisão Traseira";1;0;0;0;0;0;0;0;0;1;2;0;0;0;0
"15/12/2013";"09:04:00";"1573";"sem vítima";"233";"BR-116/SC";"Norte";"Choque - Objeto sobre a pista";1;0;0;0;0;0;0;0;0;0;1;0;0;0;0
"15/12/2013";"10:21:00";"1580";"sem vítima";"147";"BR-116/SC";"Norte";"Atropelamento de Animal";1;0;0;0;0;0;0;0;0;0;1;0;0;0;0
"15/12/2013";"11:01:00";"1584";"sem vítima";"129.8";"BR-116/PR";"Norte";"Colisão Transversal";2;0;0;0;0;0;0;0;0;0;2;0;0;0;0
"16/12/2013";"07:16:00";"1603";"sem vítima";"117";"BR-116/PR";"Norte";"Colisão Lateral";0;0;1;0;1;0;0;0;0;0;2;0;0;0;0
"16/12/2013";"07:54:00";"1608";"com vítima";"124";"BR-116/PR";"Norte";"Colisão Traseira";0;0;2;0;0;0;0;0;0;0;1;1;0;0;0
"16/12/2013";"12:02:00";"1637";"sem vítima";"5";"BR-116/SC";"Sul";"Colisão Transversal";1;0;0;0;0;1;0;0;0;0;2;0;0;0;0
"16/12/2013";"02:28:00";"1649";"sem vítima";"134";"BR-116/PR";"Sul";"Objeto lançado contra veículo";1;0;0;0;0;0;0;0;0;0;1;0;0;0;0
"16/12/2013";"02:30:00";"1650";"sem vítima";"233";"BR-116/SC";"Sul";"Objeto lançado contra veículo";1;0;0;0;0;0;0;0;0;0;1;0;0;0;0
"16/12/2013";"10:40:00";"1696";"sem vítima";"115.8";"BR-116/PR";"Sul";"Colisão Traseira";2;0;0;0;0;0;0;0;0;0;2;0;0;0;0
"17/12/2013";"12:51:00";"1701";"sem vítima";"70";"BR-116/SC";"Norte";"Atropelamento de Animal";1;0;0;0;0;0;0;0;0;0;2;0;0;0;0
"17/12/2013";"04:12:00";"1717";"sem vítima";"115.8";"BR-116/PR";"Sul";"Colisão Lateral";0;0;0;1;0;0;0;0;0;1;2;0;0;0;0
"17/12/2013";"06:14:00";"1719";"sem vítima";"140";"BR-116/PR";"Norte";"Colisão Transversal";3;0;0;0;0;0;0;0;0;0;6;0;0;0;0
"17/12/2013";"04:41:00";"1787";"sem vítima";"116.6";"BR-116/PR";"Norte";"Colisão Traseira";1;0;1;0;0;0;0;0;0;0;2;0;0;0;0
"17/12/2013";"04:44:00";"1788";"sem vítima";"214.8";"BR-116/SC";"Sul";"Choque - Objeto sobre a pista";1;0;0;0;0;0;0;0;0;0;2;0;0;0;0
"17/12/2013";"05:34:00";"1793";"sem vítima";"210.81";"BR-116/PR";"Norte";"Colisão Lateral";1;0;0;1;0;0;0;0;0;0;4;0;0;0;0
"18/12/2013";"08:51:00";"1843";"sem vítima";"172.2";"BR-116/SC";"Norte";"Capotamento";1;0;0;0;0;0;0;0;0;0;1;0;0;0;0
"18/12/2013";"12:40:00";"1866";"sem vítima";"64";"BR-116/SC";"Sul";"Objeto lançado contra veículo";0;0;1;0;0;0;0;0;0;0;1;0;0;0;0
"18/12/2013";"06:26:00";"1899";"com vítima";"131.2";"BR-116/PR";"Norte";"Colisão Transversal";1;0;1;0;0;0;0;0;0;0;2;1;0;0;0
"18/12/2013";"10:46:00";"1912";"sem vítima";"257.6";"BR-116/SC";"Norte";"Saida de Pista";1;0;0;0;0;0;0;0;0;0;1;0;0;0;0
"19/12/2013";"01:42:00";"1922";"sem vítima";"14";"BR-116/SC";"Sul";"Saida de Pista";1;0;0;0;0;0;0;0;0;0;2;0;0;0;0
"19/12/2013";"06:46:00";"1933";"sem vítima";"130";"BR-116/PR";"Norte";"Colisão Transversal";2;0;0;0;0;0;0;0;0;0;2;0;0;0;0
"19/12/2013";"11:53:00";"1976";"sem vítima";"206";"BR-116/PR";"Norte";"Choque - Objeto sobre a pista";1;0;0;0;0;0;0;0;0;0;1;0;0;0;0
"19/12/2013";"03:46:00";"1998";"sem vítima";"203";"BR-116/PR";"Norte";"Choque - Cancela de Pedagio";1;0;0;0;0;0;0;0;0;0;1;0;0;0;0
"19/12/2013";"03:51:00";"1999";"sem vítima";"34";"BR-116/SC";"Norte";"Colisão Traseira";1;0;0;0;0;1;0;0;0;0;2;0;0;0;0
"19/12/2013";"03:51:00";"2001";"com vítima";"104";"BR-116/SC";"Sul";"Saida de Pista";1;0;0;0;0;0;0;0;0;0;0;1;0;0;0
"19/12/2013";"06:46:00";"2019";"sem vítima";"130.9";"BR-116/PR";"Norte";"Colisão Traseira";1;0;1;0;0;0;0;0;0;0;2;0;0;0;0
"19/12/2013";"10:38:00";"2030";"sem vítima";"166";"BR-116/SC";"Norte";"Colisão Lateral";0;0;1;0;0;1;0;0;0;0;2;0;0;0;0
"20/12/2013";"04:32:00";"2045";"com vítima";"186.7";"BR-116/PR";"Norte";"Saida de Pista";0;0;0;0;0;0;0;0;0;1;0;1;0;0;0
"20/12/2013";"06:49:00";"2049";"sem vítima";"14";"BR-116/SC";"Norte";"Objeto lançado contra veículo";1;0;0;0;0;0;0;0;0;0;1;0;0;0;0
"20/12/2013";"06:55:00";"2050";"sem vítima";"125.8";"BR-116/PR";"Norte";"Colisão Traseira";2;0;0;0;0;0;0;0;0;0;2;0;0;0;0
"20/12/2013";"07:15:00";"2052";"com vítima";"5.5";"BR-116/SC";"Norte";"Colisão Transversal";2;0;1;0;0;0;0;0;0;0;3;2;0;0;0
"20/12/2013";"02:28:00";"2089";"sem vítima";"137.6";"BR-116/PR";"Norte";"Objeto lançado contra veículo";1;0;0;0;0;0;0;0;0;0;3;0;0;0;0
"20/12/2013";"06:32:00";"2124";"sem vítima";"117.5";"BR-116/SC";"Sul";"Choque - Objeto sobre a pista";0;0;1;0;1;0;0;0;0;0;2;0;0;0;0
"21/12/2013";"03:20:00";"2159";"sem vítima";"298.2";"BR-116/SC";"Norte";"Colisão Lateral";0;0;1;0;1;0;0;0;0;0;42;0;0;0;0
"21/12/2013";"06:29:00";"2168";"sem vítima";"0.005";"BR-116/SC";"Norte";"Colisão Traseira";2;0;0;0;0;0;0;0;0;0;2;0;0;0;0
"21/12/2013";"06:38:00";"2169";"sem vítima";"193";"BR-116/SC";"Sul";"Saida de Pista";1;0;0;0;0;0;0;0;0;0;1;0;0;0;0
"21/12/2013";"07:45:00";"2178";"sem vítima";"191";"BR-116/PR";"Sul";"Colisão Frontal";2;0;0;0;0;0;0;0;0;0;2;0;0;0;0
"21/12/2013";"09:13:00";"2186";"sem vítima";"199";"BR-116/PR";"Sul";"Atropelamento de Animal";1;0;0;0;0;0;0;0;0;0;1;0;0;0;0