data;horario;n_da_ocorrencia;tipo_de_ocorrencia;km;trecho;sentido;tipo_de_acidente;automovel;bicicleta;caminhao;moto;onibus;outros;tracao_animal;transporte_de_cargas_especiais;trator_maquinas;utilitarios;ilesos;levemente_feridos;moderadamente_feridos;gravemente_feridos;mortos
"21/12/2013";"09:28:00";"2189";"sem vítima";"267.6";"BR-116/SC";"Sul";"Colisão Traseira";2;0;0;0;0;0;0;0;0;0;2;0;0;0;0
"21/12/2013";"10:33:00";"2194";"sem vítima";"123";"BR-116/PR";"Norte";"Colisão Traseira";2;0;0;0;0;0;0;0;0;0;2;0;0;0;0
"21/12/2013";"10:46:00";"2196";"sem vítima";"152";"BR-116/PR";"Sul";"Colisão Transversal";1;0;1;0;0;0;0;0;0;0;2;0;0;0;0
"21/12/2013";"10:50:00";"2197";"com vítima";"140";"BR-116/SC";"Sul";"Colisão Transversal";1;0;0;1;0;0;0;0;0;0;1;1;0;0;0
"21/12/2013";"11:14:00";"2199";"sem vítima";"184";"BR-116/SC";"Sul";"Colisão Traseira";2;0;0;0;0;0;0;0;0;0;2;0;0;0;0
"21/12/2013";"04:55:00";"2233";"sem vítima";"191";"BR-116/PR";"Sul";"Colisão Lateral";0;0;2;0;0;0;0;0;0;0;2;0;0;0;0
"21/12/2013";"07:24:00";"2247";"sem vítima";"69.4";"BR-116/SC";"Norte";"Colisão Traseira";2;0;0;0;0;0;0;0;0;0;4;0;0;0;0
"21/12/2013";"08:48:00";"2253";"sem vítima";"131";"BR-116/PR";"Sul";"Colisão Transversal";2;0;0;0;0;0;0;0;0;0;2;0;0;0;0
"21/12/2013";"10:13:00";"2262";"sem vítima";"220.3";"BR-116/SC";"Sul";"Atropelamento - Morador";0;0;0;1;0;0;0;0;0;0;2;0;0;0;0
"22/12/2013";"12:47:00";"2275";"sem vítima";"284.7";"BR-116/SC";"Sul";"Saida de Pista";1;0;0;0;0;0;0;0;0;0;1;0;0;0;0
"22/12/2013";"01:42:00";"2276";"com vítima";"122";"BR-116/PR";"Norte";"Colisão Frontal";2;0;0;0;0;0;0;0;0;0;3;1;0;0;0
"22/12/2013";"05:32:00";"2287";"sem vítima";"308.57";"BR-116/SC";"Sul";"Saida de Pista";1;0;0;0;0;0;0;0;0;0;1;0;0;0;0
"22/12/2013";"05:22:00";"2356";"sem vítima";"81";"BR-116/SC";"Sul";"Choque - Cancela de Pedagio";0;0;1;0;0;0;0;0;0;1;6;0;0;0;0
"22/12/2013";"05:40:00";"2359";"sem vítima";"115";"BR-116/PR";"Sul";"Choque - Objeto sobre a pista";0;0;0;0;0;0;0;0;0;1;1;0;0;0;0
"22/12/2013";"06:19:00";"2361";"sem vítima";"131.05";"BR-116/PR";"Norte";"Colisão Transversal";2;0;0;0;0;0;0;0;0;0;4;0;0;0;0
"22/12/2013";"06:32:00";"2363";"sem vítima";"122.5";"BR-116/PR";"Norte";"Colisão Traseira";2;0;0;0;0;0;0;0;0;0;2;0;0;0;0
"22/12/2013";"07:28:00";"2369";"sem vítima";"115.8";"BR-116/PR";"Sul";"Engavetamento";2;0;1;0;0;0;0;0;0;0;6;0;0;0;0
"22/12/2013";"11:35:00";"2386";"com vítima";"54";"BR-116/SC";"Norte";"Choque - Defensa, barreira ou "submarino"";1;0;0;0;0;0;0;0;0;0;0;1;0;0;0
"23/12/2013";"08:55:00";"2404";"sem vítima";"191";"BR-116/PR";"Sul";"Colisão Transversal";1;0;1;0;0;0;0;0;0;0;2;0;0;0;0
"23/12/2013";"10:09:00";"2408";"com vítima";"86";"BR-116/SC";"Norte";"Colisão Transversal";2;0;0;0;0;0;0;0;0;0;0;4;0;0;0
"23/12/2013";"12:16:00";"2416";"sem vítima";"117";"BR-116/PR";"Sul";"Colisão Traseira";1;0;1;0;0;0;0;0;0;0;2;0;0;0;0
"23/12/2013";"03:57:00";"2442";"sem vítima";"148";"BR-116/PR";"Sul";"Choque - Objeto sobre a pista";1;0;1;0;0;0;0;0;0;0;3;0;0;0;0
"23/12/2013";"04:51:00";"2455";"com vítima";"298.5";"BR-116/SC";"Sul";"Colisão Frontal";2;0;1;0;0;0;0;0;0;0;3;0;0;0;1
"23/12/2013";"11:16:00";"2483";"com vítima";"207";"BR-116/SC";"Norte";"Saida de Pista";1;0;0;0;0;0;0;0;0;0;0;1;0;0;0
"24/12/2013";"04:39:00";"2506";"com vítima";"82.3";"BR-116/SC";"Norte";"Colisão Frontal";1;0;1;0;0;0;0;0;0;0;1;0;0;0;1
"24/12/2013";"10:25:00";"2523";"sem vítima";"264.9";"BR-116/SC";"Sul";"Colisão Lateral";1;0;1;0;0;0;0;0;0;0;2;0;0;0;0
"24/12/2013";"01:01:00";"2537";"com vítima";"170.3";"BR-116/PR";"Norte";"Colisão Transversal";1;0;0;0;1;0;0;0;0;0;9;6;0;0;0
"24/12/2013";"03:40:00";"2546";"com vítima";"268";"BR-116/SC";"Norte";"Colisão Transversal";1;0;0;0;0;0;0;0;0;1;5;3;0;0;0
"24/12/2013";"05:20:00";"2556";"com vítima";"117.4";"BR-116/PR";"Norte";"Colisão Lateral";1;0;0;1;0;0;0;0;0;0;1;1;0;0;0
"24/12/2013";"07:24:00";"2568";"sem vítima";"218.2";"BR-116/SC";"Norte";"Saida de Pista";1;0;0;0;0;0;0;0;0;0;2;0;0;0;0
"25/12/2013";"06:04:00";"2593";"com vítima";"39.1";"BR-116/SC";"Norte";"Saida de Pista";1;0;0;0;0;0;0;0;0;0;1;1;0;0;0
"25/12/2013";"11:17:00";"2604";"sem vítima";"119";"BR-116/PR";"Norte";"Colisão Transversal";1;0;0;0;1;0;0;0;0;0;2;0;0;0;0
"25/12/2013";"02:48:00";"2613";"sem vítima";"153.8";"BR-116/PR";"Norte";"Choque - Objeto sobre a pista";1;0;0;0;0;0;0;0;0;0;3;0;0;0;0
"25/12/2013";"04:10:00";"2617";"sem vítima";"59.09";"BR-116/SC";"Norte";"Colisão Transversal";2;0;0;0;0;0;0;0;0;0;4;0;0;0;0
"25/12/2013";"06:42:00";"2633";"com vítima";"167";"BR-116/PR";"Sul";"Colisão Transversal";0;0;0;1;0;0;0;0;0;1;4;1;0;0;0
"25/12/2013";"07:05:00";"2635";"sem vítima";"152";"BR-116/SC";"Norte";"Queda de Moto";0;0;0;1;0;0;0;0;0;0;2;0;0;0;0
"26/12/2013";"04:20:00";"2665";"sem vítima";"160";"BR-116/PR";"Norte";"Saida de Pista";1;0;0;0;0;0;0;0;0;0;1;0;0;0;0
"26/12/2013";"11:18:00";"2691";"sem vítima";"301";"BR-116/SC";"Sul";"Colisão Traseira";1;0;0;0;0;0;0;0;0;1;2;0;0;0;0
"26/12/2013";"01:34:00";"2698";"sem vítima";"289.9";"BR-116/SC";"Sul";"Colisão Lateral";1;0;1;0;0;0;0;0;0;0;4;0;0;0;0
"26/12/2013";"03:15:00";"2707";"sem vítima";"206";"BR-116/PR";"Sul";"Tombamento";1;0;0;0;0;0;0;0;0;0;5;0;0;0;0
"26/12/2013";"04:49:00";"2717";"sem vítima";"134";"BR-116/PR";"Sul";"Objeto lançado contra veículo";1;0;0;0;0;0;0;0;0;0;1;0;0;0;0
"26/12/2013";"05:39:00";"2727";"sem vítima";"184.5";"BR-116/SC";"Norte";"Saida de Pista";1;0;0;0;0;0;0;0;0;0;3;0;0;0;0
"27/12/2013";"04:30:00";"2776";"sem vítima";"173";"BR-116/PR";"Norte";"Atropelamento de Animal";1;0;0;0;0;0;0;0;0;0;1;0;0;0;0
"27/12/2013";"03:07:00";"2841";"sem vítima";"12";"BR-116/SC";"Norte";"Colisão Transversal";2;0;0;0;0;0;0;0;0;0;3;0;0;0;0
"27/12/2013";"05:03:00";"2858";"com vítima";"93";"BR-116/SC";"Norte";"Saida de Pista";1;0;0;0;0;0;0;0;0;0;0;4;0;0;0
"27/12/2013";"05:45:00";"2865";"com vítima";"140";"BR-116/SC";"Norte";"Choque - Veiculo parado no acostamento";2;0;0;0;0;0;0;0;0;0;2;1;0;0;0
"27/12/2013";"07:01:00";"2870";"sem vítima";"204";"BR-116/PR";"Norte";"Colisão Traseira";0;0;2;0;0;0;0;0;0;0;2;0;0;0;0
"27/12/2013";"09:06:00";"2878";"sem vítima";"134";"BR-116/PR";"Norte";;1;0;0;0;0;0;0;0;0;0;1;0;0;0;0
"27/12/2013";"10:20:00";"2887";"sem vítima";"233";"BR-116/SC";"Sul";"Atropelamento de Animal";1;0;0;0;0;0;0;0;0;0;1;0;0;0;0
"28/12/2013";"08:50:00";"2927";"sem vítima";"153";"BR-116/PR";"Sul";"Colisão Traseira";2;0;0;0;0;0;0;0;0;0;2;0;0;0;0
"28/12/2013";"11:29:00";"2944";"com vítima";"190.9";"BR-116/PR";"Sul";"Queda de Moto";0;0;0;1;0;0;0;0;0;0;1;1;0;0;0
"28/12/2013";"12:53:00";"2951";"sem vítima";"128";"BR-116/PR";"Sul";"Colisão Traseira";2;0;0;0;0;0;0;0;0;0;2;0;0;0;0
"28/12/2013";"02:19:00";"2959";"sem vítima";"118.1";"BR-116/PR";"Sul";"Colisão Lateral";1;0;1;0;0;0;0;0;0;0;2;0;0;0;0
"28/12/2013";"05:53:00";"2978";"sem vítima";"139.6";"BR-116/SC";"Norte";"Colisão Traseira";2;0;0;0;0;0;0;0;0;0;2;0;0;0;0
"28/12/2013";"11:35:00";"3000";"com vítima";"125.8";"BR-116/PR";"Norte";"Colisão Transversal";2;0;0;0;0;0;0;0;0;0;2;2;0;0;0
"29/12/2013";"07:36:00";"3014";"sem vítima";"13.3";"BR-116/SC";"Norte";"Colisão Lateral";1;0;1;0;0;0;0;0;0;0;2;0;0;0;0
"29/12/2013";"11:08:00";"3029";"com vítima";"47.5";"BR-116/SC";"Norte";"Saida de Pista";0;0;1;0;0;0;0;0;0;0;0;0;0;1;0
"29/12/2013";"03:36:00";"3044";"com vítima";"33.8";"BR-116/SC";"Norte";"Colisão Frontal";2;0;0;0;0;0;0;0;0;0;0;3;2;0;2
"29/12/2013";"03:54:00";"3047";"sem vítima";"210";"BR-116/PR";"Norte";"Objeto lançado contra veículo";1;0;0;0;0;0;0;0;0;0;1;0;0;0;0
"29/12/2013";"06:44:00";"3057";"sem vítima";"121.8";"BR-116/PR";"Norte";"Colisão Traseira";1;0;0;0;1;0;0;0;0;0;24;0;0;0;0
"29/12/2013";"08:01:00";"3059";"sem vítima";"147";"BR-116/PR";"Norte";"Objeto lançado contra veículo";1;0;0;0;0;0;0;0;0;0;1;0;0;0;0
"30/12/2013";"01:15:00";"3077";"com vítima";"37.05";"BR-116/SC";"Norte";"Colisão Frontal";0;0;1;1;0;0;0;0;0;0;1;0;0;1;0
"30/12/2013";"05:38:00";"3123";"com vítima";"210.7";"BR-116/SC";"Norte";"Colisão Transversal";2;0;0;0;0;0;0;0;0;0;0;2;0;0;0
"01/01/2014";"03:41:00";"5";"com vítima";"116.5";"BR-116/PR";"Norte";"Queda de Moto";0;0;0;1;0;0;0;0;0;0;0;2;0;0;0
"01/01/2014";"10:11:00";"18";"sem vítima";"139.8";"BR-116/SC";"Sul";"Colisão Transversal";2;0;0;0;0;0;0;0;0;0;2;0;0;0;0
"01/01/2014";"03:56:00";"31";"sem vítima";"53.4";"BR-116/SC";"Sul";"Saida de Pista";1;0;0;0;0;0;0;0;0;0;2;0;0;0;0
"01/01/2014";"10:13:00";"62";"sem vítima";"125.8";"BR-116/PR";"Sul";"Choque - Veiculo parado na pista";2;0;0;0;0;0;0;0;0;0;2;0;0;0;0
"02/01/2014";"09:26:00";"89";"sem vítima";"79";"BR-116/SC";"Sul";"Objeto lançado contra veículo";1;0;0;0;0;0;0;0;0;0;1;0;0;0;0
"02/01/2014";"10:41:00";"135";"com vítima";"145.5";"BR-116/PR";"Norte";"Atropelamento - Sem Informação";0;0;0;1;0;0;0;0;0;0;1;0;0;1;0
"03/01/2014";"08:22:00";"153";"sem vítima";"117";"BR-116/PR";"Norte";"Colisão Traseira";1;0;1;0;0;0;0;0;0;0;2;0;0;0;0
"03/01/2014";"08:31:00";"156";"sem vítima";"67";"BR-116/SC";"Norte";"Colisão Traseira";2;0;0;0;0;0;0;0;0;0;2;0;0;0;0
"03/01/2014";"09:08:00";"160";"sem vítima";"187.95";"BR-116/PR";"Norte";"Saida de Pista";1;0;0;0;0;0;0;0;0;0;1;0;0;0;0
"03/01/2014";"02:53:00";"182";"sem vítima";"155.2";"BR-116/SC";"Sul";"Capotamento";0;0;1;0;0;0;0;0;0;0;2;0;0;0;0
"03/01/2014";"06:10:00";"205";"sem vítima";"126";"BR-116/PR";"Sul";"Colisão Lateral";1;0;1;0;0;0;0;0;0;0;3;0;0;0;0
"03/01/2014";"06:31:00";"207";"sem vítima";"197.25";"BR-116/PR";"Sul";"Saida de Pista";1;0;0;0;0;0;0;0;0;0;5;0;0;0;0
"03/01/2014";"08:42:00";"218";"sem vítima";"9.5";"BR-116/SC";"Norte";"Colisão Lateral";2;0;0;0;0;0;0;0;0;0;4;0;0;0;0
"04/01/2014";"09:45:00";"249";"sem vítima";"171.6";"BR-116/PR";"Sul";"Choque - Objeto sobre a pista";1;0;0;0;0;0;0;0;0;0;2;0;0;0;0
"04/01/2014";"01:44:00";"267";"sem vítima";"134.5";"BR-116/PR";"Sul";"Objeto lançado contra veículo";1;0;0;0;0;0;0;0;0;0;2;0;0;0;0
"04/01/2014";"06:03:00";"289";"sem vítima";"117.5";"BR-116/PR";"Norte";"Colisão Traseira";2;0;0;0;0;0;0;0;0;0;2;0;0;0;0
"04/01/2014";"10:28:00";"296";"com vítima";"35.5";"BR-116/SC";"Sul";"Colisão Traseira";1;0;0;1;0;0;0;0;0;0;4;1;0;0;0
"05/01/2014";"02:40:00";"305";"sem vítima";"178.7";"BR-116/SC";"Sul";"Saida de Pista";1;0;0;0;0;0;0;0;0;0;1;0;0;0;0
"05/01/2014";"02:05:00";"369";"com vítima";"244.6";"BR-116/SC";"Norte";"Atropelamento - Outros";0;0;1;1;0;0;0;0;0;0;2;0;0;0;1
"05/01/2014";"03:11:00";"372";"sem vítima";"245.6";"BR-116/SC";"Norte";"Colisão Transversal";2;0;0;0;0;0;0;0;0;0;5;0;0;0;0
"05/01/2014";"03:39:00";"376";"sem vítima";"123.5";"BR-116/PR";"Norte";"Colisão Traseira";3;0;0;0;0;0;0;0;0;0;10;0;0;0;0
"05/01/2014";"05:47:00";"386";"com vítima";"125.9";"BR-116/PR";"Sul";"Queda de Moto";0;0;0;1;0;0;0;0;0;0;0;1;0;0;0
"05/01/2014";"07:26:00";"410";"sem vítima";"243";"BR-116/SC";"Sul";"Colisão Lateral";2;0;0;0;0;0;0;0;0;0;3;0;0;0;0
"06/01/2014";"01:17:00";"428";"com vítima";"125.8";"BR-116/PR";"Sul";"Colisão Transversal";2;0;0;0;0;0;0;0;0;0;0;2;0;0;0
"06/01/2014";"12:37:00";"471";"sem vítima";"134";"BR-116/PR";"Sul";"Objeto lançado contra veículo";1;0;0;0;0;0;0;0;0;0;1;0;0;0;0
"06/01/2014";"02:11:00";"479";"sem vítima";"134";"BR-116/PR";"Norte";"Objeto lançado contra veículo";1;0;0;0;0;0;0;0;0;0;1;0;0;0;0
"07/01/2014";"08:01:00";"546";"sem vítima";"207.4";"BR-116/SC";"Norte";"Colisão Transversal";2;0;0;0;0;0;0;0;0;0;2;0;0;0;0
"07/01/2014";"08:13:00";"547";"com vítima";"152";"BR-116/PR";"Norte";"Atropelamento de Animal";0;0;0;1;0;0;0;0;0;0;0;1;0;0;0
"07/01/2014";"09:11:00";"554";"sem vítima";"134";"BR-116/SC";"Sul";"Objeto lançado contra veículo";1;0;0;0;0;0;0;0;0;0;1;0;0;0;0
"07/01/2014";"10:25:00";"562";"sem vítima";"202.6";"BR-116/PR";"Norte";"Choque - Objeto não identificado";0;0;1;0;0;0;0;0;0;0;1;0;0;0;0
"07/01/2014";"12:35:00";"569";"sem vítima";"103";"BR-116/SC";"Sul";"Objeto lançado contra veículo";1;0;0;0;0;0;0;0;0;0;1;0;0;0;0
"07/01/2014";"01:54:00";"575";"com vítima";"219";"BR-116/SC";"Sul";"Choque - Objeto sobre a pista";1;0;1;0;0;0;0;0;0;0;1;1;0;0;0
"07/01/2014";"05:51:00";"610";"com vítima";"128.1";"BR-116/PR";"Sul";"Colisão Transversal";1;0;0;1;0;0;0;0;0;0;2;1;0;0;0
"08/01/2014";"08:21:00";"665";"sem vítima";"134";"BR-116/PR";"Norte";"Choque - Cancela de Pedagio";1;0;0;0;0;0;0;0;0;0;1;0;0;0;0
"08/01/2014";"09:10:00";"670";"sem vítima";"189";"BR-116/PR";"Norte";"Saida de Pista";0;0;1;0;0;0;0;0;0;0;1;0;0;0;0
"08/01/2014";"04:05:00";"725";"sem vítima";"135.8";"BR-116/PR";"Sul";"Colisão Traseira";1;0;1;0;0;0;0;0;0;0;2;0;0;0;0
"09/01/2014";"07:19:00";"778";"sem vítima";"141";"BR-116/SC";"Norte";"Choque - Talude";1;0;0;0;0;0;0;0;0;0;1;0;0;0;0
"09/01/2014";"07:23:00";"779";"com vítima";"122";"BR-116/PR";"Sul";"Colisão Transversal";1;0;0;1;0;0;0;0;0;0;1;0;1;0;0
"09/01/2014";"08:11:00";"785";"sem vítima";"121";"BR-116/PR";"Sul";"Colisão Traseira";0;0;2;0;0;0;0;0;0;0;8;0;0;0;0
"09/01/2014";"09:42:00";"801";"sem vítima";"263";"BR-116/SC";"Norte";"Choque - Objeto sobre a pista";1;0;0;0;0;0;0;0;0;0;1;0;0;0;0
"09/01/2014";"02:10:00";"823";"com vítima";"12.4";"BR-116/SC";"Sul";"Colisão Transversal";1;0;1;0;0;0;0;0;0;0;0;0;1;2;2
"09/01/2014";"04:56:00";"842";"sem vítima";"168.3";"BR-116/SC";"Sul";"Saida de Pista";1;0;0;0;0;0;0;0;0;0;3;0;0;0;0
"09/01/2014";"05:28:00";"846";"sem vítima";"140";"BR-116/SC";"Norte";"Colisão Transversal";2;0;0;0;0;0;0;0;0;0;4;0;0;0;0
"09/01/2014";"07:47:00";"858";"sem vítima";"204";"BR-116/PR";"Norte";"Choque - Cancela de Pedagio";1;0;0;0;0;0;0;0;0;0;1;0;0;0;0
"09/01/2014";"10:12:00";"868";"sem vítima";"208.6";"BR-116/SC";"Norte";"Atropelamento de Animal";1;0;0;0;0;0;0;0;0;0;1;0;0;0;0
"10/01/2014";"06:25:00";"897";"sem vítima";"122";"BR-116/PR";"Norte";"Engavetamento";3;0;0;0;0;0;0;0;0;0;3;0;0;0;0
"10/01/2014";"08:02:00";"907";"sem vítima";"117";"BR-116/PR";"Sul";"Colisão Traseira";2;0;0;0;0;0;0;0;0;0;2;0;0;0;0
"10/01/2014";"10:54:00";"927";"sem vítima";"96";"BR-116/SC";"Sul";"Objeto lançado contra veículo";1;0;0;0;0;0;0;0;0;0;1;0;0;0;0
"10/01/2014";"05:04:00";"956";"sem vítima";"175";"BR-116/SC";"Norte";"Atropelamento de Animal";1;0;0;0;0;0;0;0;0;0;1;0;0;0;0
"10/01/2014";"06:22:00";"966";"com vítima";"139.9";"BR-116/SC";"Sul";"Saida de Pista";1;0;0;0;0;0;0;0;0;0;0;2;0;0;0
"10/01/2014";"06:25:00";"968";"sem vítima";"126";"BR-116/PR";"Sul";"Objeto lançado contra veículo";0;0;1;0;0;0;0;0;0;0;1;0;0;0;0
"10/01/2014";"07:43:00";"974";"sem vítima";"204";"BR-116/PR";"Norte";"Colisão Traseira";0;0;1;0;0;0;0;0;0;1;2;0;0;0;0
"10/01/2014";"08:06:00";"976";"sem vítima";"75.3";"BR-116/SC";"Norte";"Choque - Defensa, barreira ou "submarino"";2;0;0;0;0;0;0;0;0;0;2;0;0;0;0
"10/01/2014";"10:33:00";"989";"sem vítima";"203";"BR-116/PR";"Sul";"Objeto lançado contra veículo";1;0;0;0;0;0;0;0;0;0;1;0;0;0;0
"11/01/2014";"12:36:00";"995";"sem vítima";"35.5";"BR-116/SC";"Norte";"Choque - Objeto sobre a pista";1;0;0;0;0;0;0;0;0;0;1;0;0;0;0
"11/01/2014";"07:42:00";"1009";"sem vítima";"96.1";"BR-116/SC";"Norte";"Colisão Traseira";2;0;0;0;0;0;0;0;0;0;3;0;0;0;0
"11/01/2014";"04:20:00";"1052";"com vítima";"210";"BR-116/SC";"Sul";"Saida de Pista";1;0;0;0;0;0;0;0;0;0;0;0;0;1;1
"11/01/2014";"07:29:00";"1075";"com vítima";"207.4";"BR-116/SC";"Sul";"Atropelamento - Morador";0;0;0;0;0;1;0;0;0;0;1;2;0;0;0
"11/01/2014";"08:30:00";"1080";"sem vítima";"122.5";"BR-116/PR";"Sul";"Colisão Frontal";2;0;0;0;0;0;0;0;0;0;2;0;0;0;0
"12/01/2014";"05:48:00";"1108";"com vítima";"138.8";"BR-116/PR";"Norte";"Atropelamento - Morador";1;0;0;0;0;0;0;0;0;0;1;0;1;0;0
"12/01/2014";"06:18:00";"1110";"sem vítima";"157";"BR-116/PR";"Norte";"Saida de Pista";1;0;0;0;0;0;0;0;0;0;1;0;0;0;0
"12/01/2014";"06:58:00";"1117";"sem vítima";"177";"BR-116/PR";"Norte";"Capotamento";1;0;0;0;0;0;0;0;0;0;1;0;0;0;0
"12/01/2014";"12:13:00";"1140";"sem vítima";"118";"BR-116/PR";"Norte";"Colisão Lateral";1;0;1;0;0;0;0;0;0;0;2;0;0;0;0
"12/01/2014";"02:28:00";"1146";"sem vítima";"139.15";"BR-116/PR";"Sul";"Saida de Pista";1;0;0;0;0;0;0;0;0;0;1;0;0;0;0
"13/01/2014";"07:40:00";"1208";"sem vítima";"25.9";"BR-116/SC";"Sul";"Saida de Pista";0;0;1;0;0;0;0;0;0;0;1;0;0;0;0
"13/01/2014";"01:05:00";"1263";"sem vítima";"292";"BR-116/SC";"Sul";"Saida de Pista";0;0;1;0;0;0;0;0;0;0;1;0;0;0;0
"13/01/2014";"01:49:00";"1272";"com vítima";"169";"BR-116/PR";"Sul";"Colisão Traseira";2;0;0;0;0;0;0;0;0;0;3;0;0;1;0
"13/01/2014";"03:43:00";"1286";"sem vítima";"123";"BR-116/PR";"Norte";"Colisão Traseira";2;0;0;0;0;0;0;0;0;0;3;0;0;0;0
"13/01/2014";"06:10:00";"1305";"sem vítima";"134.4";"BR-116/PR";"Sul";"Objeto lançado contra veículo";1;0;0;0;0;0;0;0;0;0;1;0;0;0;0
"13/01/2014";"10:10:00";"1319";"sem vítima";"218.6";"BR-116/SC";"Sul";"Saida de Pista";1;0;0;0;0;0;0;0;0;0;1;0;0;0;0
"14/01/2014";"12:00:00";"1329";"sem vítima";"39.5";"BR-116/SC";"Sul";"Tombamento";0;0;1;0;0;0;0;0;0;0;1;0;0;0;0
"14/01/2014";"12:35:00";"1378";"com vítima";"186.6";"BR-116/SC";"Norte";"Capotamento";1;0;0;0;0;0;0;0;0;0;0;2;0;0;0
"14/01/2014";"12:50:00";"1380";"sem vítima";"210";"BR-116/SC";"Norte";"Saida de Pista";0;0;1;0;0;0;0;0;0;0;1;0;0;0;0
"14/01/2014";"02:53:00";"1387";"sem vítima";"134";"BR-116/PR";"Norte";"Objeto lançado contra veículo";1;0;0;0;0;0;0;0;0;0;2;0;0;0;0
"14/01/2014";"09:29:00";"1426";"sem vítima";"177.2";"BR-116/PR";"Norte";"Saida de Pista";0;0;1;0;0;0;0;0;0;0;1;0;0;0;0
"15/01/2014";"07:14:00";"1448";"sem vítima";"74";"BR-116/SC";"Sul";"Objeto lançado contra veículo";1;0;0;0;0;0;0;0;0;0;2;0;0;0;0
"15/01/2014";"09:52:00";"1465";"sem vítima";"203.65";"BR-116/PR";"Sul";"Colisão Traseira";1;0;1;0;0;0;0;0;0;0;3;0;0;0;0
"15/01/2014";"04:40:00";"1500";"sem vítima";"129.1";"BR-116/PR";"Norte";"Queda de Moto";0;0;0;1;0;0;0;0;0;0;1;0;0;0;0
"15/01/2014";"05:22:00";"1505";"com vítima";"245.6";"BR-116/SC";"Norte";"Colisão Transversal";2;0;0;0;0;0;0;0;0;0;2;1;0;0;0
"15/01/2014";"05:43:00";"1506";"sem vítima";"152.6";"BR-116/SC";"Sul";"Colisão Traseira";1;0;0;0;0;0;0;0;0;1;2;0;0;0;0
"15/01/2014";"06:20:00";"1509";"sem vítima";"240";"BR-116/SC";"Norte";"Choque - Objeto sobre a pista";1;0;0;0;0;0;0;0;0;0;1;0;0;0;0
"15/01/2014";"06:32:00";"1510";"sem vítima";"118";"BR-116/PR";"Sul";"Colisão Traseira";2;0;0;0;0;0;0;0;0;0;2;0;0;0;0
"16/01/2014";"05:24:00";"1535";"sem vítima";"119.4";"BR-116/PR";"Norte";"Colisão Transversal";2;0;0;0;0;0;0;0;0;0;2;0;0;0;0
"16/01/2014";"07:24:00";"1539";"com vítima";"210.98";"BR-116/SC";"Norte";"Tombamento";0;0;1;0;0;0;0;0;0;0;0;0;0;1;0
"16/01/2014";"08:12:00";"1542";"com vítima";"289.9";"BR-116/SC";"Sul";"Saida de Pista";1;0;0;0;0;0;0;0;0;0;0;0;0;0;1
"16/01/2014";"11:38:00";"1558";"sem vítima";"134";"BR-116/PR";"Sul";"Choque - Cancela de Pedagio";1;0;0;0;0;0;0;0;0;0;1;0;0;0;0
"16/01/2014";"12:00:00";"1562";"com vítima";"162.2";"BR-116/SC";"Sul";"Tombamento";0;0;1;0;0;0;0;0;0;0;0;1;0;0;0
"16/01/2014";"02:10:00";"1572";"sem vítima";"193";"BR-116/PR";"Norte";"Choque - Poste";0;0;1;0;0;0;0;0;0;0;1;0;0;0;0
"16/01/2014";"04:30:00";"1588";"sem vítima";"50.5";"BR-116/SC";"Sul";"Colisão Traseira";0;0;1;0;0;0;0;0;0;1;4;0;0;0;0
"16/01/2014";"06:44:00";"1600";"sem vítima";"125.8";"BR-116/PR";"Sul";"Saida de Pista";1;0;0;0;0;0;0;0;0;0;1;0;0;0;0
"16/01/2014";"07:49:00";"1608";"sem vítima";"106";"BR-116/SC";"Norte";"Choque - Elemento de Drenagem";1;0;0;0;0;0;0;0;0;0;2;0;0;0;0
"17/01/2014";"03:51:00";"1698";"sem vítima";"7.8";"BR-116/SC";"Sul";"Objeto lançado contra veículo";1;0;0;0;0;0;0;0;0;0;1;0;0;0;0
"17/01/2014";"10:40:00";"1722";"sem vítima";"162.4";"BR-116/PR";"Norte";"Colisão Frontal";1;0;1;0;0;0;0;0;0;0;2;0;0;0;0
"18/01/2014";"09:20:00";"1758";"sem vítima";"130";"BR-116/PR";"Sul";"Objeto lançado contra veículo";1;0;0;0;0;0;0;0;0;0;1;0;0;0;0
"18/01/2014";"01:55:00";"1790";"sem vítima";"89";"BR-116/SC";"Norte";"Objeto lançado contra veículo";1;0;0;0;0;0;0;0;0;0;1;0;0;0;0
"18/01/2014";"02:43:00";"1795";"com vítima";"119.4";"BR-116/PR";"Norte";"Colisão Lateral";0;0;0;2;0;1;0;0;0;0;2;1;0;0;0
"18/01/2014";"04:33:00";"1812";"sem vítima";"303.8";"BR-116/SC";"Sul";"Colisão Traseira";2;0;0;0;0;0;0;0;0;0;6;0;0;0;0
"18/01/2014";"04:47:00";"1813";"com vítima";"132";"BR-116/PR";"Sul";"Colisão Transversal";2;0;0;0;0;0;0;0;0;0;2;1;0;0;0
"18/01/2014";"06:59:00";"1818";"com vítima";"246.1";"BR-116/SC";"Norte";"Colisão Transversal";1;0;0;1;0;0;0;0;0;0;3;2;0;0;0