data;horario;n_da_ocorrencia;tipo_de_ocorrencia;km;trecho;sentido;tipo_de_acidente;automovel;bicicleta;caminhao;moto;onibus;outros;tracao_animal;transporte_de_cargas_especiais;trator_maquinas;utilitarios;ilesos;levemente_feridos;moderadamente_feridos;gravemente_feridos;mortos
"19/01/2014";"01:32:00";"1841";"com vítima";"122.9";"BR-116/SC";"Norte";"Choque - Defensa, barreira ou "submarino"";1;0;0;0;0;0;0;0;0;0;1;2;0;0;0
"19/01/2014";"04:43:00";"1851";"sem vítima";"165.2";"BR-116/PR";"Norte";"Tombamento";0;0;1;0;0;0;0;0;0;0;1;0;0;0;0
"19/01/2014";"11:27:00";"1881";"sem vítima";"209";"BR-116/PR";"Norte";"Colisão Lateral";2;0;0;0;0;0;0;0;0;0;5;0;0;0;0
"19/01/2014";"03:23:00";"1908";"sem vítima";"245.7";"BR-116/SC";"Sul";"Colisão Transversal";2;0;0;0;0;0;0;0;0;0;4;0;0;0;0
"19/01/2014";"10:16:00";"1940";"com vítima";"125.8";"BR-116/PR";"Norte";"Colisão Traseira";2;0;1;0;0;0;0;0;0;0;5;0;0;1;0
"20/01/2014";"04:04:00";"1958";"sem vítima";"298.6";"BR-116/SC";"Sul";"Choque - Objeto sobre a pista";1;0;0;0;0;0;0;0;0;0;2;0;0;0;0
"20/01/2014";"05:17:00";"1960";"sem vítima";"66";"BR-116/SC";"Sul";"Atropelamento de Animal";1;0;0;0;0;0;0;0;0;0;1;0;0;0;0
"20/01/2014";"06:27:00";"1964";"sem vítima";"77.8";"BR-116/SC";"Sul";"Saida de Pista";2;0;0;0;0;0;0;0;0;0;3;0;0;0;0
"20/01/2014";"06:34:00";"1965";"com vítima";"184.4";"BR-116/PR";"Norte";"Saida de Pista";1;0;0;0;0;0;0;0;0;0;0;0;2;0;0
"20/01/2014";"08:56:00";"1976";"sem vítima";"133.5";"BR-116/PR";"Sul";"Objeto lançado contra veículo";1;0;0;0;0;0;0;0;0;0;1;0;0;0;0
"20/01/2014";"06:15:00";"2038";"sem vítima";"5";"BR-116/SC";"Sul";"Colisão Transversal";2;0;0;0;0;0;0;0;0;0;2;0;0;0;0
"20/01/2014";"08:47:00";"2049";"sem vítima";"37";"BR-116/SC";"Sul";"Atropelamento de Animal";1;0;0;0;0;0;0;0;0;0;1;0;0;0;0
"21/01/2014";"07:39:00";"2080";"sem vítima";"87";"BR-116/SC";"Sul";"Objeto lançado contra veículo";1;0;0;0;0;0;0;0;0;0;1;0;0;0;0
"21/01/2014";"11:33:00";"2132";"sem vítima";"134.9";"BR-116/SC";"Norte";"Objeto lançado contra veículo";1;0;0;0;0;0;0;0;0;0;1;0;0;0;0
"21/01/2014";"01:21:00";"2140";"sem vítima";"238.9";"BR-116/SC";"Norte";"Saida de Pista";0;0;1;0;0;0;0;0;0;0;1;0;0;0;0
"21/01/2014";"02:42:00";"2147";"sem vítima";"149";"BR-116/PR";"Norte";"Objeto lançado contra veículo";1;0;1;0;0;0;0;0;0;0;3;0;0;0;0
"21/01/2014";"04:57:00";"2166";"com vítima";"96.1";"BR-116/SC";"Sul";"Saida de Pista";1;0;1;0;0;0;0;0;0;0;1;1;0;0;0
"21/01/2014";"11:18:00";"2186";"com vítima";"26.4";"BR-116/SC";"Norte";"Colisão Frontal";0;0;1;1;0;0;0;0;0;0;1;0;0;0;2
"21/01/2014";"11:57:00";"2187";"sem vítima";"188.8";"BR-116/PR";"Norte";"Saida de Pista";0;0;1;0;0;0;0;0;0;0;1;0;0;0;0
"22/01/2014";"01:39:00";"2191";"sem vítima";"132";"BR-116/SC";"Norte";"Objeto lançado contra veículo";0;0;0;0;0;0;0;0;0;1;1;0;0;0;0
"22/01/2014";"10:02:00";"2224";"sem vítima";"206.8";"BR-116/SC";"Norte";"Colisão Transversal";2;0;0;0;0;0;0;0;0;0;3;0;0;0;0
"22/01/2014";"10:51:00";"2227";"sem vítima";"140.9";"BR-116/PR";"Norte";"Colisão Traseira";1;0;1;0;0;0;0;0;0;0;2;0;0;0;0
"22/01/2014";"02:49:00";"2253";"sem vítima";"69";"BR-116/SC";"Norte";"Choque - Objeto sobre a pista";1;0;0;0;0;0;0;0;0;0;1;0;0;0;0
"22/01/2014";"03:20:00";"2258";"sem vítima";"77";"BR-116/SC";"Sul";"Choque - Objeto sobre a pista";1;0;0;0;0;0;0;0;0;0;1;0;0;0;0
"23/01/2014";"10:47:00";"2342";"sem vítima";"127";"BR-116/SC";"Sul";"Atropelamento de Animal";1;0;0;0;0;0;0;0;0;0;1;0;0;0;0
"23/01/2014";"03:44:00";"2375";"sem vítima";"247";"BR-116/SC";"Sul";"Colisão Traseira";2;0;0;0;0;0;0;0;0;0;2;0;0;0;0
"23/01/2014";"05:03:00";"2386";"sem vítima";"122";"BR-116/PR";"Sul";"Colisão Lateral";1;0;1;0;0;0;0;0;0;0;2;0;0;0;0
"23/01/2014";"06:24:00";"2396";"sem vítima";"123.5";"BR-116/PR";"Norte";"Colisão Lateral";1;0;0;1;0;0;0;0;0;0;2;0;0;0;0
"23/01/2014";"06:48:00";"2398";"sem vítima";"245";"BR-116/SC";"Sul";"Colisão Transversal";2;0;0;0;0;0;0;0;0;0;2;0;0;0;0
"24/01/2014";"07:51:00";"2444";"com vítima";"107.8";"BR-116/SC";"Norte";"Tombamento";0;0;1;0;0;0;0;0;0;0;0;0;1;0;0
"24/01/2014";"08:04:00";"2445";"sem vítima";"134";"BR-116/PR";"Sul";"Choque - Cancela de Pedagio";1;0;0;0;0;0;0;0;0;0;1;0;0;0;0
"24/01/2014";"08:07:00";"2446";"sem vítima";"116.3";"BR-116/PR";"Norte";"Colisão Lateral";1;0;0;1;0;0;0;0;0;0;2;0;0;0;0
"24/01/2014";"08:49:00";"2449";"sem vítima";"139.2";"BR-116/SC";"Sul";"Colisão Lateral";1;0;0;0;0;0;0;0;0;1;4;0;0;0;0
"24/01/2014";"09:00:00";"2450";"sem vítima";"266";"BR-116/SC";"Sul";"Choque - Veiculo parado no acostamento";0;0;2;0;0;0;0;0;0;0;4;0;0;0;0
"24/01/2014";"11:25:00";"2466";"sem vítima";"52";"BR-116/SC";"Sul";"Objeto lançado contra veículo";0;0;0;0;0;0;0;0;0;1;3;0;0;0;0
"24/01/2014";"12:20:00";"2472";"sem vítima";"91";"BR-116/SC";"Sul";"Saida de Pista";1;0;0;0;0;0;0;0;0;0;1;0;0;0;0
"24/01/2014";"12:44:00";"2473";"sem vítima";"35";"BR-116/SC";"Sul";"Queda de Moto";0;0;0;1;0;0;0;0;0;0;1;0;0;0;0
"24/01/2014";"12:56:00";"2474";"sem vítima";"129.4";"BR-116/PR";"Sul";"Objeto lançado contra veículo";0;0;1;0;0;0;0;0;0;0;1;0;0;0;0
"24/01/2014";"02:22:00";"2480";"sem vítima";"119";"BR-116/PR";"Norte";"Objeto lançado contra veículo";0;0;2;0;0;0;0;0;0;1;3;0;0;0;0
"24/01/2014";"08:13:00";"2512";"com vítima";"164.9";"BR-116/PR";"Norte";"Saida de Pista";1;0;0;0;0;0;0;0;0;0;0;0;1;0;0
"24/01/2014";"11:15:00";"2529";"com vítima";"18.2";"BR-116/SC";"Norte";"Colisão Traseira";3;0;0;0;0;0;0;0;0;0;6;2;1;1;0
"24/01/2014";"11:23:00";"2530";"sem vítima";"58";"BR-116/SC";"Sul";"Colisão Lateral";1;0;1;0;0;0;0;0;0;0;2;0;0;0;0
"24/01/2014";"11:49:00";"2531";"sem vítima";"139.9";"BR-116/SC";"Norte";"Colisão Transversal";1;0;1;0;0;0;0;0;0;0;2;0;0;0;0
"25/01/2014";"06:02:00";"2542";"com vítima";"183.1";"BR-116/SC";"Norte";"Colisão Frontal";1;0;1;0;0;0;0;0;0;0;1;0;1;0;0
"25/01/2014";"11:15:00";"2567";"sem vítima";"134";"BR-116/PR";"Sul";"Choque - Veiculo parado na pista";0;0;2;0;0;0;0;0;0;0;3;0;0;0;0
"25/01/2014";"01:08:00";"2577";"com vítima";"116.3";"BR-116/PR";"Sul";"Colisão Lateral";0;0;1;1;0;0;0;0;0;0;1;2;0;0;0
"25/01/2014";"03:09:00";"2596";"sem vítima";"126.2";"BR-116/PR";"Norte";"Colisão Transversal";0;0;0;0;1;0;0;0;0;1;2;0;0;0;0
"25/01/2014";"03:40:00";"2599";"sem vítima";"204";"BR-116/PR";"Sul";"Objeto lançado contra veículo";0;0;0;0;0;0;0;0;0;1;2;0;0;0;0
"25/01/2014";"05:51:00";"2608";"sem vítima";"85.5";"BR-116/SC";"Sul";"Saida de Pista";1;0;0;0;0;0;0;0;0;0;1;0;0;0;0
"25/01/2014";"08:37:00";"2619";"sem vítima";"135.4";"BR-116/PR";"Norte";"Colisão Transversal";0;0;1;0;0;0;0;0;0;1;2;0;0;0;0
"26/01/2014";"09:18:00";"2654";"sem vítima";"134";"BR-116/PR";"Sul";"Choque - Cancela de Pedagio";1;0;0;0;0;0;0;0;0;0;1;0;0;0;0
"26/01/2014";"09:36:00";"2657";"sem vítima";"46";"BR-116/SC";"Norte";"Choque - Objeto sobre a pista";0;0;1;0;0;0;0;0;0;0;1;0;0;0;0
"26/01/2014";"11:02:00";"2662";"sem vítima";"55.85";"BR-116/SC";"Norte";"Colisão Traseira";0;0;2;0;0;0;0;0;0;0;2;0;0;0;0
"26/01/2014";"11:10:00";"2663";"sem vítima";"184.6";"BR-116/SC";"Sul";"Colisão Transversal";1;0;1;0;0;0;0;0;0;0;7;0;0;0;0
"26/01/2014";"03:04:00";"2680";"sem vítima";"98.8";"BR-116/SC";"Sul";"Choque - Outros";0;0;2;0;0;0;0;0;0;0;2;0;0;0;0
"26/01/2014";"04:46:00";"2690";"sem vítima";"134";"BR-116/PR";"Sul";"Objeto lançado contra veículo";1;0;0;0;0;0;0;0;0;0;1;0;0;0;0
"26/01/2014";"06:03:00";"2700";"sem vítima";"154.3";"BR-116/PR";"Sul";"Saida de Pista";1;0;0;0;0;0;0;0;0;0;2;0;0;0;0
"26/01/2014";"06:56:00";"2705";"sem vítima";"129.8";"BR-116/SC";"Norte";"Colisão Traseira";2;0;0;0;0;1;0;0;0;0;3;0;0;0;0
"26/01/2014";"07:30:00";"2708";"com vítima";"65.35";"BR-116/SC";"Norte";"Atropelamento - Morador";1;0;0;0;0;0;0;0;0;0;2;0;0;0;1
"26/01/2014";"09:24:00";"2714";"sem vítima";"164.4";"BR-116/PR";"Norte";"Colisão Transversal";2;0;0;0;0;0;0;0;0;0;7;0;0;0;0
"27/01/2014";"01:52:00";"2734";"sem vítima";"35";"BR-116/SC";"Norte";"Choque - Objeto sobre a pista";1;0;0;0;0;0;0;0;0;0;5;0;0;0;0
"27/01/2014";"06:59:00";"2742";"com vítima";"124.8";"BR-116/PR";"Norte";"Atropelamento - Usuário";0;0;0;1;0;0;0;0;0;0;1;0;1;0;0
"27/01/2014";"04:57:00";"2817";"com vítima";"176";"BR-116/PR";"Norte";"Colisão Frontal";2;0;0;0;0;0;0;0;0;0;1;1;0;0;0
"27/01/2014";"08:25:00";"2834";"sem vítima";"218.6";"BR-116/SC";"Sul";"Colisão Traseira";1;0;0;0;0;0;0;0;0;1;3;0;0;0;0
"27/01/2014";"11:42:00";"2845";"sem vítima";"47.5";"BR-116/SC";"Norte";"Choque - Defensa, barreira ou "submarino"";0;0;1;0;0;0;0;0;0;0;1;0;0;0;0
"28/01/2014";"01:21:00";"2849";"sem vítima";"148.5";"BR-116/PR";"Norte";"Atropelamento de Animal";0;0;0;0;0;0;0;0;0;1;1;0;0;0;0
"28/01/2014";"11:36:00";"2923";"sem vítima";"138";"BR-116/PR";"Norte";"Objeto lançado contra veículo";0;0;0;0;0;0;0;0;0;1;1;0;0;0;0
"28/01/2014";"12:03:00";"2925";"sem vítima";"152.6";"BR-116/SC";"Sul";"Choque - Suporte de Sinalização";0;0;0;0;0;0;0;0;0;1;1;0;0;0;0
"28/01/2014";"02:11:00";"2931";"sem vítima";"203";"BR-116/PR";"Sul";"Objeto lançado contra veículo";1;0;0;0;0;0;0;0;0;0;1;0;0;0;0
"28/01/2014";"03:43:00";"2943";"sem vítima";"203";"BR-116/PR";"Sul";"Objeto lançado contra veículo";0;0;0;0;0;0;0;0;0;1;1;0;0;0;0
"28/01/2014";"04:59:00";"2955";"sem vítima";"172";"BR-116/PR";"Norte";"Objeto lançado contra veículo";1;0;0;0;0;0;0;0;0;0;1;0;0;0;0
"28/01/2014";"09:01:00";"2977";"com vítima";"133.9";"BR-116/SC";"Sul";"Colisão Traseira";0;0;0;1;0;1;0;0;0;0;1;1;0;0;0
"28/01/2014";"10:18:00";"2982";"sem vítima";"134";"BR-116/SC";"Sul";"Objeto lançado contra veículo";1;0;0;0;0;0;0;0;0;0;1;0;0;0;0
"29/01/2014";"10:16:00";"3039";"sem vítima";"69.3";"BR-116/SC";"Norte";"Choque - Objeto sobre a pista";1;0;0;0;0;0;0;0;0;0;1;0;0;0;0
"29/01/2014";"11:19:00";"3045";"sem vítima";"9.7";"BR-116/SC";"Norte";"Colisão Traseira";2;0;0;0;0;0;0;0;0;0;2;0;0;0;0
"29/01/2014";"12:11:00";"3048";"sem vítima";"139.4";"BR-116/PR";"Sul";"Colisão Transversal";0;0;1;1;0;0;0;0;0;0;2;0;0;0;0
"29/01/2014";"03:16:00";"3071";"sem vítima";"130";"BR-116/PR";"Sul";"Objeto lançado contra veículo";1;0;0;0;0;0;0;0;0;0;1;0;0;0;0
"29/01/2014";"05:01:00";"3081";"sem vítima";"233";"BR-116/SC";"Norte";"Choque - Cancela de Pedagio";1;0;0;0;0;0;0;0;0;0;1;0;0;0;0
"29/01/2014";"05:07:00";"3084";"sem vítima";"134";"BR-116/PR";"Sul";"Choque - Cancela de Pedagio";1;0;0;0;0;0;0;0;0;0;1;0;0;0;0
"29/01/2014";"05:56:00";"3090";"sem vítima";"117";"BR-116/PR";"Sul";"Colisão Traseira";1;0;1;0;0;0;0;0;0;0;2;0;0;0;0
"29/01/2014";"07:08:00";"3098";"sem vítima";"122.4";"BR-116/PR";"Sul";"Colisão Transversal";2;0;0;0;0;0;0;0;0;0;5;0;0;0;0
"30/01/2014";"04:12:00";"3196";"com vítima";"107";"BR-116/SC";"Norte";"Tombamento";0;0;1;0;0;0;0;0;0;0;0;1;0;0;0
"30/01/2014";"04:16:00";"3198";"sem vítima";"127";"BR-116/PR";"Norte";"Objeto lançado contra veículo";1;0;0;0;0;0;0;0;0;0;1;0;0;0;0
"30/01/2014";"06:47:00";"3209";"sem vítima";"110";"BR-116/SC";"Sul";"Choque - Objeto sobre a pista";1;0;0;0;0;0;0;0;0;0;1;0;0;0;0
"31/01/2014";"04:24:00";"3247";"sem vítima";"163.9";"BR-116/PR";"Sul";"Saida de Pista";0;0;0;0;0;0;0;0;0;1;1;0;0;0;0
"31/01/2014";"06:22:00";"3250";"sem vítima";"198";"BR-116/SC";"Norte";"Colisão Frontal";1;0;1;0;0;0;0;0;0;0;2;0;0;0;0
"31/01/2014";"07:34:00";"3253";"sem vítima";"202.3";"BR-116/PR";"Norte";"Choque - Objeto sobre a pista";0;0;1;0;0;0;0;0;0;0;1;0;0;0;0
"31/01/2014";"09:27:00";"3266";"sem vítima";"246";"BR-116/SC";"Sul";"Colisão Transversal";1;0;1;0;0;0;0;0;0;0;2;0;0;0;0
"31/01/2014";"12:34:00";"3287";"com vítima";"126.3";"BR-116/PR";"Sul";"Colisão Transversal";0;1;0;1;0;0;0;0;0;0;2;0;0;1;0
"31/01/2014";"03:14:00";"3298";"sem vítima";"210";"BR-116/SC";"Sul";"Objeto lançado contra veículo";1;0;0;0;0;0;0;0;0;0;1;0;0;0;0
"31/01/2014";"03:23:00";"3300";"sem vítima";"289.5";"BR-116/SC";"Sul";"Colisão Traseira";2;0;0;0;0;0;0;0;0;0;2;0;0;0;0
"31/01/2014";"04:08:00";"3306";"sem vítima";"202";"BR-116/PR";"Sul";"Choque - Veiculo parado no acostamento";1;0;1;0;0;0;0;0;0;0;2;0;0;0;0
"31/01/2014";"08:50:00";"3337";"sem vítima";"204";"BR-116/PR";"Norte";"Choque - Cancela de Pedagio";1;0;0;0;0;0;0;0;0;0;1;0;0;0;0
"31/01/2014";"09:26:00";"3342";"com vítima";"122.3";"BR-116/PR";"Sul";"Colisão Traseira";2;0;0;0;0;0;0;0;0;0;5;1;0;0;0
"31/01/2014";"11:54:00";"3347";"sem vítima";"70.4";"BR-116/SC";"Norte";"Atropelamento de Animal";0;0;0;0;0;0;0;0;0;1;1;0;0;0;0
"01/02/2014";"11:39:00";"50";"com vítima";"149";"BR-116/PR";"Sul";"Colisão Lateral";0;0;1;1;0;0;0;0;0;0;3;1;0;0;0
"01/02/2014";"11:52:00";"53";"sem vítima";"211";"BR-116/PR";"Sul";"Colisão Traseira";2;0;0;0;0;0;0;0;0;0;2;0;0;0;0
"01/02/2014";"04:17:00";"83";"sem vítima";"5.5";"BR-116/SC";"Sul";"Colisão Transversal";2;0;0;0;0;0;0;0;0;0;3;0;0;0;0
"01/02/2014";"07:11:00";"107";"com vítima";"96";"BR-116/SC";"Sul";"Choque - Veiculo parado na pista";0;0;1;1;0;0;0;0;0;0;1;1;0;0;0
"01/02/2014";"07:15:00";"109";"com vítima";"121.15";"BR-116/PR";"Norte";"Colisão Traseira";2;0;1;0;0;0;0;0;0;0;7;1;0;0;0
"01/02/2014";"07:53:00";"113";"sem vítima";"183";"BR-116/SC";"Norte";"Choque - Objeto sobre a pista";0;0;0;1;0;0;0;0;0;0;1;0;0;0;0
"02/02/2014";"01:37:00";"136";"sem vítima";"139";"BR-116/PR";"Norte";"Objeto lançado contra veículo";0;0;1;0;0;0;0;0;0;0;1;0;0;0;0
"02/02/2014";"04:13:00";"146";"com vítima";"142.9";"BR-116/SC";"Norte";"Capotamento";1;0;0;0;0;0;0;0;0;0;3;1;0;0;0
"02/02/2014";"09:41:00";"156";"sem vítima";"203.2";"BR-116/PR";"Norte";"Colisão Traseira";2;0;0;0;0;0;0;0;0;0;5;0;0;0;0
"02/02/2014";"11:05:00";"161";"sem vítima";"54";"BR-116/SC";"Sul";"Colisão Traseira";0;0;2;0;0;0;0;0;0;0;2;0;0;0;0
"02/02/2014";"11:54:00";"166";"sem vítima";"105.5";"BR-116/SC";"Norte";"Colisão Traseira";0;0;2;0;0;0;0;0;0;0;2;0;0;0;0
"02/02/2014";"03:22:00";"181";"sem vítima";"233.1";"BR-116/SC";"Norte";"Choque - Cancela de Pedagio";0;0;1;0;0;0;0;0;0;0;1;0;0;0;0
"02/02/2014";"03:57:00";"184";"sem vítima";"13";"BR-116/SC";"Norte";"Colisão Lateral";1;0;1;0;0;0;0;0;0;0;7;0;0;0;0
"02/02/2014";"04:53:00";"190";"com vítima";"209";"BR-116/PR";"Sul";"Colisão Transversal";1;0;0;1;0;0;0;0;0;0;4;1;0;0;0
"02/02/2014";"06:38:00";"207";"sem vítima";"128";"BR-116/PR";"Norte";"Colisão Traseira";2;0;0;0;0;0;0;0;0;0;7;0;0;0;0
"02/02/2014";"08:22:00";"217";"sem vítima";"90";"BR-116/SC";"Sul";"Objeto lançado contra veículo";1;0;0;0;0;0;0;0;0;0;2;0;0;0;0
"03/02/2014";"06:52:00";"256";"sem vítima";"7.8";"BR-116/SC";"Norte";"Objeto lançado contra veículo";1;0;0;0;0;0;0;0;0;0;1;0;0;0;0
"03/02/2014";"09:38:00";"272";"sem vítima";"154";"BR-116/SC";"Norte";"Objeto lançado contra veículo";1;0;0;0;0;0;0;0;0;0;1;0;0;0;0
"03/02/2014";"02:43:00";"299";"sem vítima";"205";"BR-116/PR";"Sul";"Objeto lançado contra veículo";1;0;0;0;0;0;0;0;0;0;1;0;0;0;0
"03/02/2014";"04:11:00";"315";"com vítima";"194.2";"BR-116/PR";"Sul";"Saida de Pista";0;0;0;0;0;0;0;0;0;1;0;4;0;0;0
"04/02/2014";"07:54:00";"363";"sem vítima";"90.1";"BR-116/SC";"Norte";"Objeto lançado contra veículo";1;0;0;0;0;0;0;0;0;0;3;0;0;0;0
"04/02/2014";"12:47:00";"392";"sem vítima";"9";"BR-116/SC";"Sul";"Objeto lançado contra veículo";1;0;0;0;0;0;0;0;0;0;1;0;0;0;0
"04/02/2014";"04:18:00";"409";"com vítima";"12.5";"BR-116/SC";"Norte";"Colisão Transversal";0;0;0;1;0;0;0;0;0;1;4;0;0;1;0
"04/02/2014";"04:34:00";"414";"sem vítima";"117";"BR-116/PR";"Sul";"Colisão Traseira";0;0;1;0;0;0;0;0;0;1;2;0;0;0;0
"04/02/2014";"04:43:00";"417";"sem vítima";"126";"BR-116/PR";"Sul";"Colisão Traseira";2;0;1;0;0;0;0;0;0;0;3;0;0;0;0
"04/02/2014";"05:29:00";"425";"com vítima";"183.5";"BR-116/PR";"Sul";"Saida de Pista";1;0;0;0;0;0;0;0;0;0;1;2;0;0;0
"04/02/2014";"05:48:00";"428";"sem vítima";"120";"BR-116/PR";"Sul";"Choque - Defensa, barreira ou "submarino"";1;0;0;0;0;0;0;0;0;0;1;0;0;0;0
"04/02/2014";"05:51:00";"429";"sem vítima";"234";"BR-116/SC";"Sul";"Tombamento";0;0;1;0;0;0;0;0;0;0;1;0;0;0;0
"04/02/2014";"10:10:00";"442";"sem vítima";"233";"BR-116/SC";"Norte";"Choque - Cancela de Pedagio";0;0;1;0;0;0;0;0;0;0;1;0;0;0;0
"04/02/2014";"11:47:00";"447";"sem vítima";"216.5";"BR-116/SC";"Sul";"Atropelamento de Animal";0;0;0;0;0;0;0;0;0;1;1;0;0;0;0
"05/02/2014";"07:57:00";"465";"sem vítima";"135";"BR-116/PR";"Norte";"Objeto lançado contra veículo";1;0;0;0;0;0;0;0;0;0;1;0;0;0;0
"05/02/2014";"11:20:00";"492";"sem vítima";"233.9";"BR-116/SC";"Norte";"Saida de Pista";0;0;1;0;0;0;0;0;0;0;1;0;0;0;0
"05/02/2014";"05:37:00";"523";"com vítima";"166.1";"BR-116/PR";"Norte";"Colisão Transversal";2;0;0;0;0;0;0;0;0;0;1;1;0;0;0
"05/02/2014";"09:45:00";"541";"com vítima";"127.6";"BR-116/PR";"Norte";"Colisão Traseira";1;0;0;1;0;0;0;0;0;0;4;2;0;0;0
"06/02/2014";"04:17:00";"552";"com vítima";"117.4";"BR-116/PR";"Sul";"Colisão Frontal";1;1;0;0;0;0;0;0;0;0;1;0;1;0;0
"06/02/2014";"10:54:00";"590";"sem vítima";"134";"BR-116/SC";"Norte";"Colisão Lateral";1;0;1;0;0;0;0;0;0;0;2;0;0;0;0
"06/02/2014";"01:43:00";"603";"sem vítima";"135";"BR-116/PR";"Norte";"Objeto lançado contra veículo";1;0;0;0;0;0;0;0;0;0;1;0;0;0;0
"06/02/2014";"02:42:00";"610";"sem vítima";"123.7";"BR-116/PR";"Sul";"Colisão Traseira";2;0;0;0;0;0;0;0;0;0;2;0;0;0;0
"06/02/2014";"03:44:00";"617";"sem vítima";"109";"BR-116/SC";"Norte";"Objeto lançado contra veículo";1;0;0;0;0;0;0;0;0;0;1;0;0;0;0
"06/02/2014";"04:12:00";"623";"sem vítima";"238";"BR-116/SC";"Norte";"Objeto lançado contra veículo";0;0;0;0;0;0;0;0;0;1;1;0;0;0;0
"06/02/2014";"05:11:00";"628";"com vítima";"148";"BR-116/PR";"Norte";"Saida de Pista";1;0;0;0;0;0;0;0;0;0;0;0;0;1;0
"06/02/2014";"05:31:00";"631";"com vítima";"88.2";"BR-116/SC";"Sul";"Choque - Veiculo parado na pista";0;0;3;0;0;0;0;0;0;0;2;0;0;0;1
"06/02/2014";"07:43:00";"646";"sem vítima";"244.8";"BR-116/SC";"Sul";"Colisão Traseira";1;0;0;0;0;1;0;0;0;0;2;0;0;0;0
"07/02/2014";"05:52:00";"669";"com vítima";"166.5";"BR-116/PR";"Sul";"Colisão Traseira";1;0;0;1;0;0;0;0;0;0;2;1;0;0;0
"07/02/2014";"06:45:00";"670";"com vítima";"126";"BR-116/PR";"Norte";"Capotamento";1;0;1;0;0;0;0;0;0;0;1;1;0;0;0
"07/02/2014";"08:16:00";"680";"sem vítima";"180.1";"BR-116/PR";"Sul";"Tombamento";0;0;1;0;0;0;0;0;0;0;1;0;0;0;0
"07/02/2014";"08:42:00";"682";"sem vítima";"140";"BR-116/PR";"Sul";"Colisão Traseira";2;0;0;0;0;0;0;0;0;0;2;0;0;0;0
"07/02/2014";"10:21:00";"689";"sem vítima";"134.3";"BR-116/SC";"Sul";"Choque - Objeto sobre a pista";1;0;0;0;0;0;0;0;0;0;1;0;0;0;0
"07/02/2014";"01:12:00";"706";"sem vítima";"133.8";"BR-116/SC";"Norte";"Choque - Veiculo parado no acostamento";1;0;1;0;0;0;0;0;0;0;2;0;0;0;0
"07/02/2014";"01:30:00";"710";"sem vítima";"133.8";"BR-116/PR";"Sul";"Objeto lançado contra veículo";1;0;0;0;0;0;0;0;0;0;1;0;0;0;0
"07/02/2014";"03:07:00";"722";"sem vítima";"230.8";"BR-116/SC";"Norte";"Queda de Moto";0;0;0;1;0;0;0;0;0;0;1;0;0;0;0
"07/02/2014";"03:18:00";"725";"sem vítima";"138";"BR-116/PR";"Norte";"Objeto lançado contra veículo";0;0;0;0;0;0;0;0;0;1;1;0;0;0;0
"07/02/2014";"07:05:00";"753";"sem vítima";"96.5";"BR-116/SC";"Sul";"Saida de Pista";0;0;0;0;0;0;0;0;0;1;1;0;0;0;0
"07/02/2014";"08:38:00";"762";"sem vítima";"120.5";"BR-116/PR";"Sul";"Colisão Lateral";0;0;2;0;0;0;0;0;0;0;2;0;0;0;0
"08/02/2014";"06:15:00";"793";"sem vítima";"81";"BR-116/SC";"Norte";"Choque - Veiculo parado na pista";0;0;0;0;1;0;0;0;0;1;3;0;0;0;0
"08/02/2014";"07:12:00";"796";"sem vítima";"124.8";"BR-116/PR";"Norte";"Saida de Pista";1;0;0;0;0;0;0;0;0;0;1;0;0;0;0
"08/02/2014";"07:38:00";"798";"com vítima";"117.3";"BR-116/PR";"Sul";"Choque - Veiculo parado no acostamento";1;0;0;0;1;0;0;0;0;0;10;1;0;0;0
"08/02/2014";"08:10:00";"801";"sem vítima";"33";"BR-116/SC";"Sul";"Choque - Outros";1;0;0;0;0;0;0;0;0;0;2;0;0;0;0
"08/02/2014";"08:25:00";"804";"com vítima";"129.5";"BR-116/PR";"Sul";"Saida de Pista";1;0;0;0;0;0;0;0;0;0;0;1;0;0;0
"08/02/2014";"09:30:00";"810";"sem vítima";"145";"BR-116/SC";"Norte";"Choque - Outros";1;0;0;0;0;0;0;0;0;0;1;0;0;0;0
"08/02/2014";"02:20:00";"831";"sem vítima";"204.9";"BR-116/SC";"Sul";"Colisão Transversal";0;0;2;0;0;0;0;0;0;0;2;0;0;0;0
"08/02/2014";"02:23:00";"832";"sem vítima";"231";"BR-116/SC";"Sul";"Atropelamento de Animal";1;0;0;0;0;0;0;0;0;0;1;0;0;0;0
"08/02/2014";"04:17:00";"843";"sem vítima";"122";"BR-116/PR";"Norte";"Colisão Traseira";2;0;0;0;0;0;0;0;0;0;2;0;0;0;0
"08/02/2014";"06:30:00";"860";"com vítima";"117.4";"BR-116/PR";"Norte";"Engavetamento";4;0;1;0;0;0;0;0;0;0;5;1;0;0;0