data;horario;n_da_ocorrencia;tipo_de_ocorrencia;km;trecho;sentido;tipo_de_acidente;automovel;bicicleta;caminhao;moto;onibus;outros;tracao_animal;transporte_de_cargas_especiais;trator_maquinas;utilitarios;ilesos;levemente_feridos;moderadamente_feridos;gravemente_feridos;mortos
"08/02/2014";"07:00:00";"866";"sem vítima";"247.85";"BR-116/SC";"Sul";"Colisão Transversal";1;0;1;0;0;0;0;0;0;0;2;0;0;0;0
"08/02/2014";"08:54:00";"872";"com vítima";"44";"BR-116/SC";"Sul";"Colisão Transversal";1;0;1;0;0;0;0;0;0;0;1;1;1;0;0
"09/02/2014";"12:06:00";"882";"sem vítima";"127.3";"BR-116/PR";"Sul";"Colisão Lateral";1;0;1;0;0;0;0;0;0;0;2;0;0;0;0
"09/02/2014";"06:51:00";"898";"sem vítima";"124.1";"BR-116/PR";"Sul";"Saida de Pista";1;0;0;0;0;0;0;0;0;0;1;0;0;0;0
"09/02/2014";"07:50:00";"903";"com vítima";"136.4";"BR-116/PR";"Sul";"Colisão Frontal";1;0;0;0;1;0;0;0;0;0;31;0;0;0;1
"09/02/2014";"08:24:00";"906";"sem vítima";"292.7";"BR-116/SC";"Sul";"Choque - Objeto sobre a pista";1;0;0;0;0;0;0;0;0;0;4;0;0;0;0
"09/02/2014";"05:26:00";"944";"com vítima";"12";"BR-116/SC";"Norte";"Colisão Transversal";1;0;1;0;0;0;0;0;0;0;2;1;0;0;0
"09/02/2014";"05:36:00";"947";"sem vítima";"206.5";"BR-116/PR";"Norte";"Colisão Traseira";1;0;0;0;0;1;0;0;0;0;2;0;0;0;0
"10/02/2014";"03:05:00";"1047";"sem vítima";"5.5";"BR-116/SC";"Norte";"Colisão Transversal";1;0;0;0;0;0;0;0;0;1;6;0;0;0;0
"10/02/2014";"09:09:00";"1080";"sem vítima";"84";"BR-116/SC";"Norte";"Choque - Outros";1;0;0;0;0;0;0;0;0;0;1;0;0;0;0
"10/02/2014";"09:41:00";"1083";"sem vítima";"163";"BR-116/SC";"Norte";"Objeto lançado contra veículo";0;0;1;0;0;0;0;0;0;0;1;0;0;0;0
"10/02/2014";"11:13:00";"1087";"sem vítima";"136";"BR-116/PR";"Sul";"Choque - Objeto sobre a pista";1;0;0;0;0;0;0;0;0;0;3;0;0;0;0
"11/02/2014";"07:40:00";"1109";"com vítima";"144";"BR-116/PR";"Norte";"Colisão Frontal";1;0;0;1;0;0;0;0;0;0;1;0;0;1;0
"11/02/2014";"09:11:00";"1117";"sem vítima";"166.03";"BR-116/SC";"Sul";"Choque - Elemento de Drenagem";0;0;1;0;0;0;0;0;0;0;1;0;0;0;0
"11/02/2014";"03:43:00";"1152";"sem vítima";"100";"BR-116/SC";"Sul";"Objeto lançado contra veículo";1;0;0;0;0;0;0;0;0;0;3;0;0;0;0
"11/02/2014";"05:35:00";"1166";"sem vítima";"124";"BR-116/PR";"Sul";"Colisão Traseira";2;0;0;0;0;0;0;0;0;0;2;0;0;0;0
"11/02/2014";"05:53:00";"1169";"com vítima";"304.8";"BR-116/SC";"Sul";"Tombamento";0;0;1;0;0;0;0;0;0;0;0;1;0;0;0
"11/02/2014";"08:07:00";"1189";"sem vítima";"185.6";"BR-116/SC";"Sul";"Saida de Pista";0;0;1;0;0;0;0;0;0;0;1;0;0;0;0
"11/02/2014";"10:44:00";"1201";"sem vítima";"134";"BR-116/PR";"Sul";"Objeto lançado contra veículo";0;0;0;0;0;0;0;0;0;1;2;0;0;0;0
"12/02/2014";"11:10:00";"1242";"sem vítima";"184.2";"BR-116/SC";"Sul";"Colisão Lateral";1;0;1;0;0;0;0;0;0;0;2;0;0;0;0
"12/02/2014";"02:31:00";"1254";"sem vítima";"195.6";"BR-116/PR";"Sul";"Choque - Arvore";0;0;1;0;0;0;0;0;0;0;1;0;0;0;0
"12/02/2014";"03:24:00";"1263";"com vítima";"178";"BR-116/SC";"Norte";"Saida de Pista";1;0;0;0;0;0;0;0;0;0;0;0;2;0;0
"12/02/2014";"06:33:00";"1285";"sem vítima";"124.15";"BR-116/PR";"Norte";"Colisão Traseira";1;0;1;0;1;0;0;0;0;0;5;0;0;0;0
"12/02/2014";"08:52:00";"1290";"sem vítima";"133.3";"BR-116/PR";"Norte";"Colisão Lateral";0;0;1;0;0;0;0;0;0;1;2;0;0;0;0
"12/02/2014";"10:22:00";"1296";"sem vítima";"85";"BR-116/SC";"Norte";"Choque - Objeto sobre a pista";0;0;1;0;0;0;0;0;0;0;1;0;0;0;0
"13/02/2014";"07:34:00";"1316";"com vítima";"126.3";"BR-116/PR";"Sul";"Colisão Transversal";1;0;0;1;0;0;0;0;0;0;1;1;0;0;0
"13/02/2014";"10:02:00";"1340";"sem vítima";"163.8";"BR-116/SC";"Norte";"Colisão Lateral";0;0;2;0;0;0;0;0;0;0;2;0;0;0;0
"13/02/2014";"10:55:00";"1346";"sem vítima";"81";"BR-116/SC";"Sul";"Colisão Lateral";1;0;1;0;0;0;0;0;0;0;2;0;0;0;0
"13/02/2014";"12:41:00";"1355";"sem vítima";"159.3";"BR-116/PR";"Norte";"Saida de Pista";0;0;1;0;0;0;0;0;0;0;1;0;0;0;0
"13/02/2014";"01:04:00";"1357";"sem vítima";"159.3";"BR-116/PR";"Norte";"Choque - Objeto sobre a pista";0;0;0;0;0;0;0;0;0;1;1;0;0;0;0
"13/02/2014";"03:18:00";"1368";"sem vítima";"103";"BR-116/SC";"Sul";"Choque - Objeto sobre a pista";0;0;0;0;0;0;0;0;0;1;1;0;0;0;0
"13/02/2014";"04:56:00";"1383";"sem vítima";"170";"BR-116/PR";"Sul";"Objeto lançado contra veículo";1;0;0;0;0;0;0;0;0;0;1;0;0;0;0
"13/02/2014";"06:43:00";"1398";"sem vítima";"1";"BR-116/SC";"Norte";"Saida de Pista";0;0;1;0;0;0;0;0;0;0;1;0;0;0;0
"13/02/2014";"09:12:00";"1411";"sem vítima";"119.5";"BR-116/PR";"Sul";"Saida de Pista";1;0;0;0;0;0;0;0;0;0;1;0;0;0;0
"13/02/2014";"10:59:00";"1421";"sem vítima";"134";"BR-116/PR";"Sul";"Objeto lançado contra veículo";0;0;1;0;0;0;0;0;0;0;1;0;0;0;0
"14/02/2014";"06:05:00";"1440";"com vítima";"126.5";"BR-116/PR";"Norte";"Colisão Traseira";1;0;0;1;0;0;0;0;0;0;1;3;0;0;0
"14/02/2014";"06:45:00";"1441";"com vítima";"128.25";"BR-116/PR";"Norte";"Saida de Pista";1;0;0;0;0;0;0;0;0;0;0;1;0;0;0
"14/02/2014";"09:01:00";"1459";"sem vítima";"8";"BR-116/SC";"Norte";"Colisão Traseira";2;0;0;0;0;0;0;0;0;0;2;0;0;0;0
"14/02/2014";"09:41:00";"1461";"sem vítima";"213";"BR-116/SC";"Sul";"Objeto lançado contra veículo";0;0;0;0;0;0;0;0;0;1;1;0;0;0;0
"14/02/2014";"11:05:00";"1470";"com vítima";"115.8";"BR-116/PR";"Norte";"Atropelamento - Sem Informação";0;0;0;1;0;0;0;0;0;0;1;1;0;0;0
"14/02/2014";"02:00:00";"1485";"sem vítima";"250.7";"BR-116/SC";"Sul";"Capotamento";1;0;0;0;0;0;0;0;0;0;1;0;0;0;0
"14/02/2014";"02:24:00";"1487";"sem vítima";"82";"BR-116/SC";"Norte";"Colisão Lateral";1;0;0;0;0;0;0;0;0;0;1;0;0;0;0
"14/02/2014";"03:44:00";"1492";"sem vítima";"125.9";"BR-116/PR";"Norte";"Colisão Traseira";3;0;0;0;0;0;0;0;0;0;7;0;0;0;0
"14/02/2014";"04:13:00";"1498";"sem vítima";"183.1";"BR-116/PR";"Sul";"Saida de Pista";0;0;1;0;0;0;0;0;0;0;1;0;0;0;0
"14/02/2014";"04:35:00";"1501";"com vítima";"184.3";"BR-116/PR";"Norte";"Choque - Suporte de Sinalização";1;0;0;0;0;0;0;0;0;0;0;2;0;0;0
"14/02/2014";"04:52:00";"1505";"sem vítima";"91.2";"BR-116/SC";"Norte";"Outros";1;0;0;0;0;0;0;0;0;0;1;0;0;0;0
"14/02/2014";"04:52:00";"1504";"sem vítima";"12";"BR-116/SC";"Norte";"Colisão Transversal";1;0;1;0;0;0;0;0;0;0;2;0;0;0;0
"14/02/2014";"06:41:00";"1519";"sem vítima";"78";"BR-116/SC";"Norte";"Objeto lançado contra veículo";0;0;1;0;0;0;0;0;0;0;1;0;0;0;0
"14/02/2014";"06:56:00";"1521";"com vítima";"129.8";"BR-116/PR";"Norte";"Colisão Transversal";1;0;0;1;0;0;0;0;0;0;1;1;0;0;0
"14/02/2014";"08:41:00";"1533";"com vítima";"153.5";"BR-116/PR";"Norte";"Colisão Transversal";1;0;0;1;0;0;0;0;0;0;2;1;0;0;0
"14/02/2014";"09:04:00";"1536";"sem vítima";"92.3";"BR-116/SC";"Norte";"Choque - Outros";1;0;0;0;0;0;0;0;0;0;4;0;0;0;0
"14/02/2014";"09:54:00";"1539";"sem vítima";"92.3";"BR-116/SC";"Norte";"Choque - Outros";1;0;0;0;0;0;0;0;0;0;2;0;0;0;0
"15/02/2014";"08:50:00";"1572";"com vítima";"235.8";"BR-116/SC";"Sul";"Colisão Frontal";0;0;1;1;0;0;0;0;0;0;1;0;0;0;2
"15/02/2014";"01:27:00";"1586";"com vítima";"127";"BR-116/PR";"Norte";"Colisão Lateral";0;0;1;1;0;0;0;0;0;0;1;1;0;0;0
"15/02/2014";"03:37:00";"1599";"sem vítima";"134";"BR-116/PR";"Norte";"Choque - Defensa, barreira ou "submarino"";1;0;0;0;0;0;0;0;0;0;1;0;0;0;0
"15/02/2014";"06:02:00";"1623";"sem vítima";"107.4";"BR-116/SC";"Sul";"Colisão Lateral";1;0;1;0;0;0;0;0;0;0;2;0;0;0;0
"15/02/2014";"11:45:00";"1651";"sem vítima";"130";"BR-116/PR";"Sul";"Choque - Objeto sobre a pista";0;0;1;0;0;0;0;0;0;0;1;0;0;0;0
"16/02/2014";"03:24:00";"1659";"sem vítima";"162.8";"BR-116/PR";"Sul";"Colisão Lateral";1;0;1;0;0;0;0;0;0;0;4;0;0;0;0
"16/02/2014";"03:45:00";"1661";"sem vítima";"252.2";"BR-116/SC";"Norte";"Saida de Pista";1;0;0;0;0;0;0;0;0;0;1;0;0;0;0
"16/02/2014";"08:51:00";"1672";"sem vítima";"90";"BR-116/SC";"Norte";"Objeto lançado contra veículo";1;0;0;0;0;0;0;0;0;0;5;0;0;0;0
"16/02/2014";"11:56:00";"1687";"com vítima";"117.8";"BR-116/PR";"Sul";"Queda de Moto";0;0;0;1;0;0;0;0;0;0;0;1;0;0;0
"16/02/2014";"04:17:00";"1716";"sem vítima";"120";"BR-116/SC";"Sul";"Choque - Outros";1;0;0;0;0;0;0;0;0;0;1;0;0;0;0
"16/02/2014";"04:59:00";"1724";"sem vítima";"234.6";"BR-116/SC";"Norte";"Saida de Pista";1;0;0;0;0;0;0;0;0;0;1;0;0;0;0
"16/02/2014";"05:46:00";"1729";"com vítima";"129.9";"BR-116/PR";"Norte";"Colisão Transversal";2;0;0;0;0;0;0;0;0;0;2;1;0;0;0
"16/02/2014";"05:59:00";"1731";"sem vítima";"38";"BR-116/SC";"Sul";"Objeto lançado contra veículo";1;0;0;0;0;0;0;0;0;0;1;0;0;0;0
"16/02/2014";"07:29:00";"1746";"com vítima";"131.8";"BR-116/PR";"Sul";"Colisão Transversal";1;0;0;1;0;0;0;0;0;0;2;1;0;0;0
"16/02/2014";"10:59:00";"1757";"sem vítima";"117.6";"BR-116/PR";"Norte";"Colisão Traseira";2;0;0;0;0;0;0;0;0;0;5;0;0;0;0
"17/02/2014";"05:52:00";"1767";"com vítima";"117";"BR-116/PR";"Norte";"Colisão Lateral";0;0;2;0;1;0;0;0;0;0;63;1;0;0;0
"17/02/2014";"10:58:00";"1793";"sem vítima";"6";"BR-116/SC";"Sul";"Colisão Traseira";1;0;0;0;0;1;0;0;0;0;4;0;0;0;0
"17/02/2014";"02:41:00";"1815";"sem vítima";"122.9";"BR-116/PR";"Sul";"Colisão Lateral";2;0;0;0;0;0;0;0;0;0;2;0;0;0;0
"17/02/2014";"05:41:00";"1830";"com vítima";"122.5";"BR-116/PR";"Norte";"Colisão Transversal";1;0;0;1;0;0;0;0;0;0;2;1;0;0;0
"17/02/2014";"06:23:00";"1836";"com vítima";"117.5";"BR-116/PR";"Norte";"Choque - Outros";1;0;0;0;0;0;0;0;1;0;1;0;1;0;0
"17/02/2014";"08:30:00";"1848";"sem vítima";"123.3";"BR-116/PR";"Norte";"Colisão Lateral";2;0;0;0;1;0;0;0;0;0;4;0;0;0;0
"18/02/2014";"12:29:00";"1857";"sem vítima";"185.6";"BR-116/PR";"Sul";"Saida de Pista";0;0;1;0;0;0;0;0;0;0;1;0;0;0;0
"18/02/2014";"04:50:00";"1864";"sem vítima";"37";"BR-116/SC";"Sul";"Colisão Traseira";0;0;2;0;0;0;0;0;0;0;2;0;0;0;0
"18/02/2014";"07:16:00";"1868";"com vítima";"145.7";"BR-116/PR";"Sul";"Saida de Pista";1;0;0;0;0;0;0;0;0;0;2;1;0;0;0
"18/02/2014";"10:25:00";"1895";"sem vítima";"152.3";"BR-116/PR";"Norte";"Colisão Lateral";0;0;2;0;0;0;0;0;0;0;3;0;0;0;0
"18/02/2014";"03:09:00";"1916";"sem vítima";"298.9";"BR-116/SC";"Sul";"Saida de Pista";1;0;0;0;0;0;0;0;0;0;1;0;0;0;0
"18/02/2014";"06:01:00";"1940";"sem vítima";"96";"BR-116/SC";"Norte";"Objeto lançado contra veículo";1;0;0;0;0;0;0;0;0;0;1;0;0;0;0
"18/02/2014";"11:22:00";"1961";"sem vítima";"117.4";"BR-116/PR";"Sul";"Choque - Veiculo parado na pista";1;0;1;0;0;0;0;0;0;0;2;0;0;0;0
"19/02/2014";"08:06:00";"1983";"sem vítima";"134";"BR-116/PR";"Norte";"Choque - Cancela de Pedagio";0;0;0;0;0;0;0;0;0;1;1;0;0;0;0
"19/02/2014";"01:04:00";"2013";"sem vítima";"121";"BR-116/PR";"Norte";"Objeto lançado contra veículo";1;0;0;0;0;0;0;0;0;0;1;0;0;0;0
"19/02/2014";"01:09:00";"2014";"sem vítima";"204.7";"BR-116/PR";"Norte";"Colisão Traseira";2;0;0;0;0;0;0;0;0;0;5;0;0;0;0
"19/02/2014";"03:22:00";"2032";"sem vítima";"84";"BR-116/SC";"Norte";"Objeto lançado contra veículo";1;0;0;0;0;0;0;0;0;0;1;0;0;0;0
"19/02/2014";"03:41:00";"2036";"sem vítima";"84";"BR-116/SC";"Norte";"Objeto lançado contra veículo";1;0;0;0;0;0;0;0;0;0;1;0;0;0;0
"19/02/2014";"04:42:00";"2044";"sem vítima";"197";"BR-116/PR";"Sul";"Objeto lançado contra veículo";1;0;0;0;0;0;0;0;0;0;1;0;0;0;0
"20/02/2014";"08:42:00";"2094";"sem vítima";"169";"BR-116/PR";"Norte";"Choque - Objeto sobre a pista";1;0;0;0;0;0;0;0;0;0;3;0;0;0;0
"20/02/2014";"12:17:00";"2117";"com vítima";"204.5";"BR-116/SC";"Sul";"Colisão Lateral";0;0;1;0;0;0;0;0;1;0;1;0;1;0;0
"20/02/2014";"02:28:00";"2125";"sem vítima";"233";"BR-116/SC";"Sul";"Choque - Cancela de Pedagio";1;0;0;0;0;0;0;0;0;0;1;0;0;0;0
"20/02/2014";"02:36:00";"2127";"com vítima";"115.85";"BR-116/PR";"Sul";"Atropelamento - Usuário";0;0;0;0;0;1;0;0;0;0;1;1;0;0;0
"20/02/2014";"03:23:00";"2133";"sem vítima";"114.6";"BR-116/SC";"Sul";"Objeto lançado contra veículo";1;0;0;0;0;0;0;0;0;0;1;0;0;0;0
"20/02/2014";"04:33:00";"2140";"sem vítima";"123.7";"BR-116/PR";"Sul";"Choque - Suporte de Sinalização";1;0;0;0;0;0;0;0;0;0;1;0;0;0;0
"20/02/2014";"05:50:00";"2146";"sem vítima";"108.3";"BR-116/SC";"Norte";"Saida de Pista";0;0;2;0;0;0;0;0;0;0;2;0;0;0;0
"20/02/2014";"06:36:00";"2150";"com vítima";"122.5";"BR-116/PR";"Sul";"Colisão Transversal";0;0;0;2;0;0;0;0;0;0;1;2;0;0;0
"20/02/2014";"08:49:00";"2157";"sem vítima";"117.4";"BR-116/PR";"Norte";"Colisão Lateral";0;0;2;0;0;0;0;0;0;0;2;0;0;0;0
"21/02/2014";"01:12:00";"2171";"sem vítima";"306.6";"BR-116/SC";"Sul";"Choque - Talude";0;0;0;0;0;0;0;0;0;1;1;0;0;0;0
"21/02/2014";"04:08:00";"2230";"sem vítima";"135";"BR-116/PR";"Sul";"Objeto lançado contra veículo";0;0;0;0;0;0;0;0;0;1;1;0;0;0;0
"21/02/2014";"06:20:00";"2244";"com vítima";"285.2";"BR-116/SC";"Sul";"Saida de Pista";1;0;0;0;0;0;0;0;0;0;2;2;1;0;0
"21/02/2014";"10:18:00";"2257";"sem vítima";"115";"BR-116/PR";"Sul";"Colisão Traseira";2;0;0;0;0;0;0;0;0;0;6;0;0;0;0
"21/02/2014";"11:34:00";"2267";"sem vítima";"134.1";"BR-116/PR";"Norte";"Saida de Pista";0;0;0;0;0;0;0;0;0;1;2;0;0;0;0
"21/02/2014";"11:44:00";"2268";"sem vítima";"122.8";"BR-116/PR";"Norte";"Choque - Defensa, barreira ou "submarino"";1;0;0;0;0;0;0;0;0;0;1;0;0;0;0
"22/02/2014";"02:26:00";"2272";"com vítima";"126.2";"BR-116/PR";"Norte";"Atropelamento - Morador";1;0;0;0;0;0;0;0;0;0;2;0;0;1;0
"22/02/2014";"05:31:00";"2279";"com vítima";"142.1";"BR-116/SC";"Norte";"Colisão Frontal";0;0;0;1;1;0;0;0;0;0;1;0;0;0;1
"22/02/2014";"08:24:00";"2287";"sem vítima";"245";"BR-116/SC";"Sul";"Colisão Transversal";2;0;0;0;0;0;0;0;0;0;2;0;0;0;0
"22/02/2014";"10:59:00";"2303";"sem vítima";"127";"BR-116/PR";"Norte";"Colisão Traseira";1;0;1;0;0;0;0;0;0;0;2;0;0;0;0
"22/02/2014";"12:33:00";"2312";"sem vítima";"119.8";"BR-116/PR";"Norte";"Tombamento";0;0;1;0;0;0;0;0;0;0;1;0;0;0;0
"22/02/2014";"02:19:00";"2317";"sem vítima";"129";"BR-116/PR";"Sul";"Colisão Lateral";1;0;1;0;0;0;0;0;0;0;2;0;0;0;0
"22/02/2014";"02:44:00";"2320";"com vítima";"128.4";"BR-116/PR";"Sul";"Colisão Traseira";3;0;0;0;0;0;0;0;0;0;8;0;1;0;0
"22/02/2014";"03:00:00";"2321";"sem vítima";"129";"BR-116/PR";"Sul";"Colisão Traseira";2;0;0;0;0;0;0;0;0;0;2;0;0;0;0
"22/02/2014";"04:30:00";"2328";"sem vítima";"119.4";"BR-116/PR";"Sul";"Engavetamento";3;0;0;0;0;0;0;0;0;0;3;0;0;0;0
"22/02/2014";"04:57:00";"2330";"sem vítima";"116";"BR-116/PR";"Sul";"Objeto lançado contra veículo";0;0;0;0;0;0;0;0;0;1;1;0;0;0;0
"22/02/2014";"05:33:00";"2332";"com vítima";"41.9";"BR-116/SC";"Sul";"Colisão Frontal";1;0;1;0;0;0;0;0;0;0;1;0;0;1;3
"22/02/2014";"05:35:00";"2333";"sem vítima";"120";"BR-116/PR";"Norte";"Colisão Lateral";1;0;1;0;0;0;0;0;0;0;5;0;0;0;0
"22/02/2014";"07:26:00";"2337";"sem vítima";"20.8";"BR-116/SC";"Norte";"Colisão Lateral";1;0;1;0;0;0;0;0;0;0;2;0;0;0;0
"22/02/2014";"07:27:00";"2348";"sem vítima";"20.8";"BR-116/SC";"Norte";"Colisão Lateral";1;0;0;0;0;1;0;0;0;0;2;0;0;0;0
"22/02/2014";"07:56:00";"2343";"com vítima";"60";"BR-116/SC";"Norte";"Saida de Pista";1;0;0;0;0;1;0;0;0;0;1;3;2;0;0
"22/02/2014";"09:22:00";"2351";"sem vítima";"99";"BR-116/SC";"Norte";"Colisão Transversal";1;0;1;0;0;0;0;0;0;0;2;0;0;0;0
"22/02/2014";"11:40:00";"2358";"sem vítima";"183";"BR-116/PR";"Norte";"Colisão Lateral";1;0;1;0;0;0;0;0;0;0;7;0;0;0;0
"23/02/2014";"01:24:00";"2363";"sem vítima";"121.8";"BR-116/PR";"Sul";"Choque - Defensa, barreira ou "submarino"";1;0;0;0;0;0;0;0;0;0;1;0;0;0;0
"23/02/2014";"02:00:00";"2364";"sem vítima";"137.5";"BR-116/PR";"Norte";"Saida de Pista";1;0;0;0;0;0;0;0;0;0;1;0;0;0;0
"23/02/2014";"05:45:00";"2376";"sem vítima";"150.2";"BR-116/PR";"Sul";"Saida de Pista";1;0;0;0;0;0;0;0;0;0;1;0;0;0;0
"23/02/2014";"11:31:00";"2397";"com vítima";"159.4";"BR-116/PR";"Norte";"Colisão Lateral";2;0;1;0;0;0;0;0;0;0;7;0;1;0;0
"23/02/2014";"11:33:00";"2398";"com vítima";"129.5";"BR-116/PR";"Sul";"Atropelamento - Outros";1;0;0;0;0;0;0;0;0;0;2;0;1;0;0
"23/02/2014";"06:20:00";"2424";"sem vítima";"262.5";"BR-116/SC";"Norte";"Saida de Pista";1;0;0;0;0;0;0;0;0;0;1;0;0;0;0
"23/02/2014";"06:59:00";"2429";"com vítima";"180.9";"BR-116/SC";"Norte";"Saida de Pista";1;0;1;0;0;0;0;0;0;0;2;2;0;0;0
"23/02/2014";"08:06:00";"2431";"sem vítima";"241.6";"BR-116/SC";"Sul";"Saida de Pista";1;0;0;0;0;0;0;0;0;0;1;0;0;0;0
"24/02/2014";"06:24:00";"2452";"sem vítima";"134";"BR-116/PR";"Norte";"Choque - Cancela de Pedagio";1;0;0;0;0;0;0;0;0;0;5;0;0;0;0
"24/02/2014";"09:06:00";"2469";"sem vítima";"152";"BR-116/SC";"Sul";"Colisão Traseira";0;0;2;0;0;0;0;0;0;0;2;0;0;0;0
"24/02/2014";"03:30:00";"2511";"sem vítima";"119";"BR-116/PR";"Norte";"Objeto lançado contra veículo";1;0;0;0;0;0;0;0;0;0;1;0;0;0;0
"24/02/2014";"03:43:00";"2513";"sem vítima";"140";"BR-116/PR";"Sul";"Objeto lançado contra veículo";1;0;0;0;0;0;0;0;0;0;1;0;0;0;0
"24/02/2014";"04:00:00";"2516";"sem vítima";"172";"BR-116/PR";"Sul";"Saida de Pista";1;0;0;0;0;0;0;0;0;0;1;0;0;0;0
"24/02/2014";"04:37:00";"2521";"sem vítima";"250";"BR-116/SC";"Sul";"Objeto lançado contra veículo";1;0;0;0;0;0;0;0;0;0;1;0;0;0;0
"24/02/2014";"05:23:00";"2528";"sem vítima";"158";"BR-116/PR";"Norte";"Objeto lançado contra veículo";1;0;0;0;0;0;0;0;0;0;1;0;0;0;0
"24/02/2014";"07:41:00";"2542";"sem vítima";"134";"BR-116/PR";"Norte";"Choque - Cancela de Pedagio";1;0;0;0;0;0;0;0;0;0;1;0;0;0;0
"24/02/2014";"10:13:00";"2546";"sem vítima";"115.4";"BR-116/PR";"Norte";"Colisão Lateral";1;0;0;0;1;0;0;0;0;0;3;0;0;0;0
"25/02/2014";"04:56:00";"2565";"com vítima";"128.7";"BR-116/PR";"Norte";"Colisão Traseira";0;0;2;0;0;0;0;0;0;0;1;1;0;0;0
"25/02/2014";"07:45:00";"2575";"sem vítima";"237";"BR-116/SC";"Norte";"Objeto lançado contra veículo";0;0;0;0;0;0;0;0;0;1;2;0;0;0;0
"25/02/2014";"10:56:00";"2594";"sem vítima";"206";"BR-116/SC";"Sul";"Objeto lançado contra veículo";1;0;0;0;0;0;0;0;0;0;1;0;0;0;0
"25/02/2014";"05:07:00";"2632";"sem vítima";"134";"BR-116/PR";"Sul";"Objeto lançado contra veículo";1;0;0;0;0;0;0;0;0;0;1;0;0;0;0
"25/02/2014";"08:29:00";"2650";"sem vítima";"134";"BR-116/PR";"Sul";"Objeto lançado contra veículo";1;0;0;0;0;0;0;0;0;0;1;0;0;0;0
"25/02/2014";"09:35:00";"2652";"com vítima";"118";"BR-116/PR";"Sul";"Colisão Transversal";1;0;0;1;0;0;0;0;0;0;1;1;1;0;0
"26/02/2014";"05:08:00";"2677";"com vítima";"183.6";"BR-116/PR";"Sul";"Saida de Pista";0;0;1;0;0;0;0;0;0;0;0;1;0;0;0
"26/02/2014";"05:45:00";"2679";"sem vítima";"122";"BR-116/PR";"Sul";"Choque - Objeto sobre a pista";1;0;0;0;0;0;0;0;0;0;2;0;0;0;0
"26/02/2014";"12:35:00";"2723";"sem vítima";"116.8";"BR-116/PR";"Norte";"Colisão Traseira";3;0;0;0;0;0;0;0;0;0;3;0;0;0;0
"26/02/2014";"02:15:00";"2731";"com vítima";"226";"BR-116/SC";"Norte";"Colisão Transversal";3;0;0;0;0;0;0;0;0;0;2;1;1;0;0
"26/02/2014";"02:49:00";"2736";"com vítima";"117.5";"BR-116/PR";"Norte";"Atropelamento - Funcionário";0;0;0;0;0;1;0;0;0;0;1;1;0;0;0
"26/02/2014";"03:11:00";"2738";"sem vítima";"115.9";"BR-116/PR";"Norte";"Colisão Lateral";1;0;1;0;0;0;0;0;0;0;2;0;0;0;0
"26/02/2014";"05:39:00";"2753";"sem vítima";"20";"BR-116/SC";"Norte";"Objeto lançado contra veículo";1;0;0;0;0;0;0;0;0;0;1;0;0;0;0
"26/02/2014";"06:39:00";"2760";"sem vítima";"120";"BR-116/PR";"Sul";"Objeto lançado contra veículo";1;0;0;0;0;0;0;0;0;0;1;0;0;0;0
"26/02/2014";"07:49:00";"2774";"com vítima";"201.002";"BR-116/PR";"Sul";"Atropelamento - Ciclista";1;1;0;0;0;0;0;0;0;0;1;0;1;0;0
"26/02/2014";"10:41:00";"2782";"sem vítima";"273";"BR-116/SC";"Norte";"Choque - Objeto sobre a pista";1;0;0;0;0;0;0;0;0;0;1;0;0;0;0
"27/02/2014";"01:20:00";"2796";"sem vítima";"169.9";"BR-116/SC";"Norte";"Saida de Pista";0;0;1;0;0;0;0;0;0;0;1;0;0;0;0
"27/02/2014";"06:25:00";"2808";"sem vítima";"234.5";"BR-116/SC";"Norte";"Saida de Pista";0;0;1;0;0;0;0;0;0;0;1;0;0;0;0
"27/02/2014";"06:46:00";"2811";"sem vítima";"189";"BR-116/PR";"Norte";"Saida de Pista";0;0;1;0;0;0;0;0;0;0;1;0;0;0;0
"27/02/2014";"07:04:00";"2812";"sem vítima";"118.9";"BR-116/PR";"Norte";"Colisão Traseira";3;0;0;0;0;0;0;0;0;0;3;0;0;0;0
"27/02/2014";"09:30:00";"2821";"sem vítima";"139.54";"BR-116/SC";"Sul";"Colisão Transversal";1;0;0;0;0;0;0;0;0;1;4;0;0;0;0
"27/02/2014";"12:22:00";"2835";"sem vítima";"212";"BR-116/SC";"Sul";"Queda de Moto";0;0;0;1;0;0;0;0;0;0;2;0;0;0;0
"27/02/2014";"06:36:00";"2869";"sem vítima";"185.8";"BR-116/PR";"Sul";"Saida de Pista";0;0;0;0;0;0;0;0;0;1;1;0;0;0;0
"27/02/2014";"08:27:00";"2877";"com vítima";"133.7";"BR-116/PR";"Norte";"Colisão Lateral";0;0;0;1;0;1;0;0;0;0;1;0;2;0;0
"27/02/2014";"10:31:00";"2880";"sem vítima";"66";"BR-116/SC";"Norte";"Colisão Lateral";0;0;0;0;0;1;0;0;0;1;4;0;0;0;0
"28/02/2014";"12:20:00";"2931";"sem vítima";"40";"BR-116/SC";"Sul";"Objeto lançado contra veículo";0;0;1;0;0;0;0;0;0;0;2;0;0;0;0