data;horario;n_da_ocorrencia;tipo_de_ocorrencia;km;trecho;sentido;tipo_de_acidente;automovel;bicicleta;caminhao;moto;onibus;outros;tracao_animal;transporte_de_cargas_especiais;trator_maquinas;utilitarios;ilesos;levemente_feridos;moderadamente_feridos;gravemente_feridos;mortos
"28/02/2014";"01:42:00";"2938";"sem vítima";"4.5";"BR-116/SC";"Norte";"Colisão Transversal";1;0;0;0;0;0;0;0;0;1;2;0;0;0;0
"28/02/2014";"02:09:00";"2940";"sem vítima";"152";"BR-116/SC";"Sul";"Choque - Cancela de Pedagio";1;0;0;0;0;0;0;0;0;0;1;0;0;0;0
"28/02/2014";"02:23:00";"2943";"com vítima";"210.7";"BR-116/PR";"Sul";"Colisão Transversal";1;0;1;0;0;0;0;0;0;0;2;1;0;0;0
"28/02/2014";"05:54:00";"2971";"sem vítima";"44";"BR-116/SC";"Sul";"Atropelamento de Animal";1;0;0;0;0;0;0;0;0;0;1;0;0;0;0
"28/02/2014";"09:27:00";"2992";"sem vítima";"195";"BR-116/SC";"Norte";"Atropelamento de Animal";1;0;0;0;0;0;0;0;0;0;1;0;0;0;0
"28/02/2014";"09:36:00";"2996";"com vítima";"117.4";"BR-116/PR";"Norte";"Colisão Traseira";1;0;0;0;1;0;0;0;0;0;2;1;0;0;0
"28/02/2014";"10:32:00";"2998";"com vítima";"118.2";"BR-116/PR";"Sul";"Queda de Moto";0;0;0;1;0;0;0;0;0;0;1;1;0;0;0
"01/03/2014";"02:07:00";"10";"com vítima";"116";"BR-116/PR";"Sul";"Colisão Lateral";1;0;0;1;0;0;0;0;0;0;1;0;1;0;0
"01/03/2014";"06:50:00";"27";"sem vítima";"119.3";"BR-116/PR";"Sul";"Colisão Traseira";1;0;1;0;0;0;0;0;0;0;2;0;0;0;0
"01/03/2014";"10:06:00";"57";"sem vítima";"134";"BR-116/PR";"Norte";"Colisão Traseira";2;0;0;0;0;0;0;0;0;0;2;0;0;0;0
"01/03/2014";"01:06:00";"73";"com vítima";"12";"BR-116/SC";"Sul";"Colisão Transversal";2;0;0;0;0;0;0;0;0;0;2;1;0;0;0
"01/03/2014";"02:55:00";"82";"com vítima";"113.6";"BR-116/SC";"Sul";"Colisão Traseira";3;0;0;0;0;0;0;0;0;0;3;1;0;0;0
"01/03/2014";"06:11:00";"103";"com vítima";"154.9";"BR-116/SC";"Sul";"Tombamento";0;0;1;0;0;0;0;0;0;0;0;1;0;0;0
"01/03/2014";"07:30:00";"112";"sem vítima";"129.3";"BR-116/PR";"Norte";"Colisão Transversal";1;0;0;0;1;0;0;0;0;0;2;0;0;0;0
"01/03/2014";"09:04:00";"120";"com vítima";"129.35";"BR-116/PR";"Sul";"Atropelamento - Usuário";1;0;0;0;0;0;0;0;0;0;2;0;0;1;0
"02/03/2014";"02:07:00";"143";"com vítima";"117.5";"BR-116/PR";"Sul";"Colisão Traseira";2;0;0;0;0;0;0;0;0;0;2;1;0;0;0
"02/03/2014";"01:08:00";"177";"sem vítima";"184.3";"BR-116/SC";"Sul";"Saida de Pista";1;0;0;0;0;0;0;0;0;0;1;0;0;0;0
"03/03/2014";"03:43:00";"224";"sem vítima";"118.9";"BR-116/PR";"Sul";"Saida de Pista";1;0;0;0;0;0;0;0;0;0;1;0;0;0;0
"03/03/2014";"11:56:00";"254";"sem vítima";"129.9";"BR-116/PR";"Sul";"Colisão Transversal";0;0;0;1;0;0;0;0;0;1;2;0;0;0;0
"03/03/2014";"04:34:00";"273";"sem vítima";"23";"BR-116/SC";"Norte";"Objeto lançado contra veículo";0;0;1;0;0;0;0;0;0;0;1;0;0;0;0
"03/03/2014";"05:36:00";"277";"sem vítima";"125.8";"BR-116/PR";"Sul";"Engavetamento";2;0;0;0;0;0;0;0;0;1;3;0;0;0;0
"03/03/2014";"06:34:00";"285";"com vítima";"152";"BR-116/PR";"Norte";"Colisão Transversal";2;0;0;0;0;0;0;0;0;0;1;1;0;0;0
"03/03/2014";"06:52:00";"286";"sem vítima";"101";"BR-116/SC";"Norte";"Queda de Moto";0;0;0;1;0;0;0;0;0;0;1;0;0;0;0
"04/03/2014";"05:00:00";"310";"com vítima";"173";"BR-116/SC";"Norte";"Saida de Pista";0;0;0;0;0;0;0;0;0;1;1;1;0;0;0
"04/03/2014";"03:02:00";"348";"com vítima";"216";"BR-116/SC";"Sul";"Colisão Lateral";1;0;1;0;0;0;0;0;0;0;1;3;0;0;0
"04/03/2014";"04:46:00";"361";"sem vítima";"130";"BR-116/PR";"Sul";"Colisão Transversal";1;0;1;0;0;0;0;0;0;0;2;0;0;0;0
"04/03/2014";"05:36:00";"366";"sem vítima";"116.3";"BR-116/PR";"Norte";"Colisão Lateral";1;0;1;0;0;0;0;0;0;0;2;0;0;0;0
"04/03/2014";"06:22:00";"371";"com vítima";"131.1";"BR-116/PR";"Sul";"Colisão Transversal";1;0;0;0;1;0;0;0;0;0;2;2;1;0;2
"04/03/2014";"06:52:00";"374";"sem vítima";"77.8";"BR-116/SC";"Sul";"Saida de Pista";1;0;0;0;0;0;0;0;0;0;1;0;0;0;0
"05/03/2014";"02:33:00";"392";"sem vítima";"21.4";"BR-116/SC";"Sul";"Saida de Pista";0;0;1;0;0;0;0;0;0;0;1;0;0;0;0
"05/03/2014";"10:31:00";"416";"sem vítima";"72";"BR-116/SC";"Norte";"Objeto lançado contra veículo";1;0;1;0;0;0;0;0;0;0;2;0;0;0;0
"05/03/2014";"10:43:00";"418";"sem vítima";"204";"BR-116/PR";"Norte";"Colisão Lateral";1;0;1;0;0;0;0;0;0;0;4;0;0;0;0
"05/03/2014";"03:40:00";"453";"sem vítima";"236";"BR-116/SC";"Norte";"Colisão Lateral";0;0;1;0;0;0;0;0;0;1;2;0;0;0;0
"05/03/2014";"05:33:00";"460";"sem vítima";"304.8";"BR-116/SC";"Norte";"Colisão Transversal";0;0;2;0;0;0;0;0;0;0;2;0;0;0;0
"05/03/2014";"07:02:00";"471";"sem vítima";"155.1";"BR-116/PR";"Sul";"Colisão Lateral";0;0;2;0;0;0;0;0;0;0;2;0;0;0;0
"05/03/2014";"08:09:00";"475";"com vítima";"128";"BR-116/PR";"Norte";"Atropelamento - Usuário";0;0;0;1;0;0;0;0;0;0;1;1;0;0;0
"06/03/2014";"12:41:00";"490";"sem vítima";"210.3";"BR-116/SC";"Norte";"Saida de Pista";0;0;1;0;0;0;0;0;0;0;1;0;0;0;0
"06/03/2014";"06:36:00";"497";"sem vítima";"116.5";"BR-116/PR";"Norte";"Choque - Defensa, barreira ou "submarino"";1;0;0;0;0;0;0;0;0;0;1;0;0;0;0
"06/03/2014";"06:53:00";"498";"com vítima";"179.9";"BR-116/SC";"Norte";"Colisão Transversal";0;0;1;0;0;0;0;0;0;1;1;1;0;0;0
"06/03/2014";"08:36:00";"503";"sem vítima";"115";"BR-116/PR";"Sul";"Colisão Lateral";0;0;0;0;0;0;0;0;0;2;4;0;0;0;0
"06/03/2014";"11:49:00";"523";"sem vítima";"126.5";"BR-116/PR";"Norte";"Colisão Traseira";0;0;1;0;0;0;0;0;0;1;3;0;0;0;0
"06/03/2014";"02:11:00";"529";"sem vítima";"7";"BR-116/SC";"Norte";"Objeto lançado contra veículo";1;0;0;0;0;0;0;0;0;0;1;0;0;0;0
"06/03/2014";"05:55:00";"556";"sem vítima";"202.65";"BR-116/PR";"Sul";"Objeto lançado contra veículo";1;0;0;0;0;0;0;0;0;0;1;0;0;0;0
"06/03/2014";"06:12:00";"557";"sem vítima";"124";"BR-116/PR";"Norte";"Colisão Traseira";2;0;0;0;0;0;0;0;0;0;2;0;0;0;0
"06/03/2014";"09:16:00";"570";"sem vítima";"43.4";"BR-116/SC";"Sul";"Saida de Pista";0;0;1;0;0;0;0;0;0;0;1;0;0;0;0
"06/03/2014";"10:43:00";"575";"sem vítima";"150.5";"BR-116/SC";"Norte";"Choque - Objeto sobre a pista";1;0;0;0;0;0;0;0;0;0;1;0;0;0;0
"07/03/2014";"05:41:00";"598";"sem vítima";"304.7";"BR-116/SC";"Sul";"Choque - Objeto sobre a pista";0;0;1;0;0;0;0;0;0;0;1;0;0;0;0
"07/03/2014";"09:04:00";"614";"sem vítima";"45";"BR-116/SC";"Sul";"Objeto lançado contra veículo";1;0;0;0;0;0;0;0;0;0;3;0;0;0;0
"07/03/2014";"09:05:00";"615";"com vítima";"166.8";"BR-116/PR";"Sul";"Colisão Transversal";1;0;0;0;0;0;0;0;0;1;2;0;1;0;0
"07/03/2014";"10:55:00";"630";"sem vítima";"124.3";"BR-116/PR";"Norte";"Atropelamento de Animal";1;0;0;0;0;0;0;0;0;0;1;0;0;0;0
"07/03/2014";"03:59:00";"655";"sem vítima";"202";"BR-116/PR";"Norte";"Colisão Traseira";2;0;0;0;0;0;0;0;0;0;3;0;0;0;0
"07/03/2014";"05:37:00";"666";"com vítima";"132";"BR-116/PR";"Norte";"Queda de Moto";0;0;0;1;0;0;0;0;0;0;0;1;0;0;0
"08/03/2014";"01:23:00";"695";"sem vítima";"245.6";"BR-116/SC";"Norte";"Colisão Transversal";2;0;0;0;0;0;0;0;0;0;6;0;0;0;0
"08/03/2014";"01:49:00";"696";"com vítima";"125.1";"BR-116/PR";"Norte";"Colisão Lateral";2;0;0;0;0;0;0;0;0;0;1;1;0;0;0
"08/03/2014";"02:48:00";"698";"sem vítima";"107.85";"BR-116/SC";"Norte";"Saida de Pista";1;0;0;0;0;0;0;0;0;0;1;0;0;0;0
"08/03/2014";"07:27:00";"707";"sem vítima";"235.8";"BR-116/SC";"Sul";"Colisão Frontal";2;0;0;0;0;0;0;0;0;0;5;0;0;0;0
"08/03/2014";"12:13:00";"734";"sem vítima";"136";"BR-116/PR";"Sul";"Objeto lançado contra veículo";1;0;0;0;0;0;0;0;0;0;2;0;0;0;0
"08/03/2014";"12:40:00";"736";"sem vítima";"1.8";"BR-116/SC";"Norte";"Objeto lançado contra veículo";0;0;1;0;0;0;0;0;0;0;1;0;0;0;0
"08/03/2014";"04:52:00";"756";"com vítima";"107.6";"BR-116/SC";"Norte";"Queda de Moto";0;0;0;1;0;0;0;0;0;0;1;1;0;0;0
"08/03/2014";"06:32:00";"768";"com vítima";"166.5";"BR-116/SC";"Sul";"Colisão Frontal";2;0;0;0;0;0;0;0;0;0;2;1;0;0;0
"08/03/2014";"11:05:00";"792";"sem vítima";"216.4";"BR-116/SC";"Sul";"Choque - Elemento de Drenagem";1;0;0;0;0;0;0;0;0;0;3;0;0;0;0
"08/03/2014";"11:50:00";"793";"sem vítima";"177.2";"BR-116/SC";"Sul";"Saida de Pista";1;0;0;0;0;0;0;0;0;0;2;0;0;0;0
"09/03/2014";"10:45:00";"829";"sem vítima";"117.4";"BR-116/PR";"Norte";"Engavetamento";3;0;0;0;0;0;0;0;0;0;3;0;0;0;0
"09/03/2014";"04:42:00";"857";"sem vítima";"131.2";"BR-116/PR";"Sul";"Colisão Lateral";2;0;0;0;0;0;0;0;0;0;2;0;0;0;0
"09/03/2014";"05:51:00";"865";"sem vítima";"82";"BR-116/SC";"Sul";"Saida de Pista";1;0;0;0;0;0;0;0;0;0;1;0;0;0;0
"09/03/2014";"07:40:00";"879";"com vítima";"180.1";"BR-116/SC";"Norte";"Colisão Lateral";1;0;1;0;0;0;0;0;0;0;3;1;0;0;0
"10/03/2014";"07:00:00";"911";"sem vítima";"126";"BR-116/PR";"Sul";"Engavetamento";3;0;0;0;0;0;0;0;0;0;3;0;0;0;0
"10/03/2014";"08:10:00";"922";"sem vítima";"128.4";"BR-116/PR";"Norte";"Engavetamento";3;0;0;0;0;0;0;0;0;0;3;0;0;0;0
"10/03/2014";"09:57:00";"931";"sem vítima";"217.2";"BR-116/SC";"Sul";"Colisão Transversal";1;0;0;1;0;0;0;0;0;0;2;0;0;0;0
"10/03/2014";"10:31:00";"937";"sem vítima";"176";"BR-116/PR";"Sul";"Choque - Objeto sobre a pista";1;0;1;0;0;0;0;0;0;0;2;0;0;0;0
"10/03/2014";"04:05:00";"970";"sem vítima";"115.8";"BR-116/PR";"Sul";"Choque - Veiculo parado na pista";0;0;0;0;0;0;0;0;0;2;2;0;0;0;0
"10/03/2014";"04:45:00";"978";"sem vítima";"139";"BR-116/PR";"Sul";"Objeto lançado contra veículo";0;0;1;0;0;0;0;0;0;0;1;0;0;0;0
"10/03/2014";"05:06:00";"983";"sem vítima";"209";"BR-116/PR";"Norte";"Colisão Lateral";2;0;0;0;0;0;0;0;0;0;2;0;0;0;0
"10/03/2014";"09:08:00";"1002";"sem vítima";"124";"BR-116/PR";"Sul";"Choque - Suporte de Sinalização";1;0;0;0;0;0;0;0;0;0;1;0;0;0;0
"10/03/2014";"09:37:00";"1006";"sem vítima";"99";"BR-116/SC";"Norte";"Choque - Objeto sobre a pista";0;0;1;0;0;0;0;0;0;0;1;0;0;0;0
"11/03/2014";"06:03:00";"1022";"com vítima";"120.97";"BR-116/PR";"Norte";"Colisão Traseira";0;0;1;1;0;0;0;0;0;0;1;0;0;0;2
"11/03/2014";"07:02:00";"1025";"com vítima";"151";"BR-116/PR";"Norte";"Colisão Lateral";0;0;1;1;0;0;0;0;0;0;1;1;0;0;0
"11/03/2014";"01:13:00";"1058";"sem vítima";"31";"BR-116/SC";"Norte";"Objeto lançado contra veículo";1;0;0;0;0;0;0;0;0;0;1;0;0;0;0
"11/03/2014";"09:14:00";"1101";"sem vítima";"117.2";"BR-116/PR";"Sul";"Colisão Transversal";1;0;1;0;0;0;0;0;0;0;2;0;0;0;0
"12/03/2014";"03:44:00";"1114";"sem vítima";"110";"BR-116/SC";"Sul";"Colisão Traseira";0;0;1;0;0;0;0;0;0;1;2;0;0;0;0
"12/03/2014";"06:15:00";"1117";"com vítima";"119.4";"BR-116/PR";"Norte";"Queda de Moto";0;0;0;1;0;0;0;0;0;0;1;1;0;0;0
"12/03/2014";"04:43:00";"1182";"com vítima";"105";"BR-116/SC";"Norte";"Saida de Pista";0;0;1;0;0;0;0;0;0;0;1;1;0;0;0
"12/03/2014";"06:05:00";"1191";"sem vítima";"230";"BR-116/SC";"Sul";"Objeto lançado contra veículo";1;0;0;0;0;0;0;0;0;0;1;0;0;0;0
"13/03/2014";"12:50:00";"1217";"sem vítima";"183.5";"BR-116/PR";"Sul";"Saida de Pista";0;0;1;0;0;0;0;0;0;0;2;0;0;0;0
"13/03/2014";"05:16:00";"1228";"com vítima";"185.5";"BR-116/SC";"Norte";"Colisão Traseira";0;0;2;0;0;0;0;0;0;0;1;1;0;0;0
"13/03/2014";"05:57:00";"1230";"sem vítima";"140.3";"BR-116/SC";"Sul";"Tombamento";0;0;1;0;0;0;0;0;0;0;1;0;0;0;0
"13/03/2014";"07:24:00";"1235";"sem vítima";"141.3";"BR-116/SC";"Norte";"Colisão Traseira";1;0;1;0;0;0;0;0;0;0;2;0;0;0;0
"13/03/2014";"08:41:00";"1245";"sem vítima";"60";"BR-116/SC";"Sul";"Saida de Pista";1;0;0;0;0;0;0;0;0;0;1;0;0;0;0
"13/03/2014";"01:10:00";"1277";"sem vítima";"197";"BR-116/PR";"Sul";"Saida de Pista";1;0;0;0;0;0;0;0;0;0;1;0;0;0;0
"13/03/2014";"01:30:00";"1279";"sem vítima";"134.8";"BR-116/PR";"Norte";"Choque - Cancela de Pedagio";1;0;0;0;0;0;0;0;0;0;1;0;0;0;0
"13/03/2014";"05:31:00";"1304";"sem vítima";"5.7";"BR-116/SC";"Norte";"Colisão Transversal";2;0;0;0;0;0;0;0;0;0;3;0;0;0;0
"13/03/2014";"05:51:00";"1308";"com vítima";"122.2";"BR-116/PR";"Sul";"Colisão Lateral";2;0;0;1;0;0;0;0;0;0;4;4;0;0;0
"13/03/2014";"06:34:00";"1310";"com vítima";"267.7";"BR-116/SC";"Norte";"Colisão Transversal";1;0;1;0;0;0;0;0;0;0;1;2;0;0;0
"13/03/2014";"08:13:00";"1315";"sem vítima";"149.6";"BR-116/SC";"Sul";"Choque - Objeto não identificado";0;0;0;0;0;0;0;0;0;1;3;0;0;0;0
"13/03/2014";"08:52:00";"1320";"sem vítima";"33";"BR-116/SC";"Sul";"Objeto lançado contra veículo";0;0;1;0;0;0;0;0;0;0;1;0;0;0;0
"14/03/2014";"02:44:00";"1344";"sem vítima";"152";"BR-116/PR";"Sul";"Choque - Objeto não identificado";0;0;1;0;0;0;0;0;0;0;1;0;0;0;0
"14/03/2014";"08:52:00";"1361";"sem vítima";"12";"BR-116/SC";"Norte";"Colisão Transversal";1;0;1;0;0;0;0;0;0;0;2;0;0;0;0
"14/03/2014";"11:13:00";"1373";"com vítima";"107.7";"BR-116/SC";"Norte";"Colisão Frontal";0;0;2;0;0;0;0;0;0;0;1;1;0;0;0
"14/03/2014";"02:51:00";"1389";"com vítima";"4.6";"BR-116/SC";"Norte";"Colisão Frontal";1;0;1;0;0;0;0;0;0;0;1;1;0;0;0
"14/03/2014";"08:51:00";"1429";"com vítima";"218.3";"BR-116/SC";"Sul";"Colisão Frontal";2;0;0;0;0;0;0;0;0;0;0;0;0;2;0
"14/03/2014";"08:55:00";"1430";"sem vítima";"142";"BR-116/SC";"Sul";"Choque - Objeto sobre a pista";0;0;1;0;0;0;0;0;0;0;1;0;0;0;0
"14/03/2014";"10:35:00";"1437";"sem vítima";"203";"BR-116/PR";"Sul";"Colisão Traseira";1;0;1;0;0;0;0;0;0;0;2;0;0;0;0
"14/03/2014";"11:12:00";"1440";"com vítima";"211.3";"BR-116/SC";"Sul";"Saida de Pista";1;0;0;0;0;0;0;0;0;0;0;1;0;0;0
"15/03/2014";"12:06:00";"1444";"com vítima";"48.4";"BR-116/SC";"Norte";"Colisão Frontal";1;0;1;0;0;0;0;0;0;0;0;2;0;0;1
"15/03/2014";"12:12:00";"1445";"com vítima";"84.8";"BR-116/SC";"Norte";"Atropelamento - Morador";0;0;1;0;0;0;0;0;0;0;1;0;0;0;1
"15/03/2014";"12:47:00";"1449";"sem vítima";"117.5";"BR-116/PR";"Sul";"Choque - Defensa, barreira ou "submarino"";1;0;0;0;0;0;0;0;0;0;1;0;0;0;0
"15/03/2014";"04:12:00";"1456";"com vítima";"117.4";"BR-116/PR";"Sul";"Colisão Traseira";0;0;1;1;0;0;0;0;0;0;1;0;1;0;0
"15/03/2014";"08:43:00";"1469";"com vítima";"115";"BR-116/PR";"Norte";"Colisão Lateral";1;0;0;1;0;0;0;0;0;0;4;2;0;0;0
"15/03/2014";"10:01:00";"1476";"sem vítima";"1.2";"BR-116/SC";"Norte";"Tombamento";0;0;1;0;0;0;0;0;0;0;1;0;0;0;0
"15/03/2014";"01:16:00";"1491";"sem vítima";"134";"BR-116/PR";"Norte";"Choque - Cancela de Pedagio";1;0;0;0;0;0;0;0;0;0;1;0;0;0;0
"15/03/2014";"02:18:00";"1495";"sem vítima";"130.9";"BR-116/PR";"Norte";"Saida de Pista";1;0;0;0;0;0;0;0;0;0;1;0;0;0;0
"15/03/2014";"03:55:00";"1508";"sem vítima";"117.3";"BR-116/PR";"Sul";"Engavetamento";3;0;0;0;0;0;0;0;0;0;3;0;0;0;0
"15/03/2014";"04:09:00";"1510";"sem vítima";"119.7";"BR-116/PR";"Sul";"Colisão Traseira";2;0;0;0;0;0;0;0;0;0;2;0;0;0;0
"15/03/2014";"10:30:00";"1540";"sem vítima";"134";"BR-116/PR";"Norte";"Colisão Traseira";2;0;0;0;0;0;0;0;0;0;7;0;0;0;0
"16/03/2014";"12:02:00";"1544";"sem vítima";"60";"BR-116/SC";"Norte";"Atropelamento de Animal";1;0;0;0;0;0;0;0;0;0;2;0;0;0;0
"16/03/2014";"03:01:00";"1554";"sem vítima";"136.9";"BR-116/SC";"Sul";"Saida de Pista";1;0;0;0;0;0;0;0;0;0;1;0;0;0;0
"16/03/2014";"10:49:00";"1582";"sem vítima";"33";"BR-116/SC";"Sul";"Colisão Traseira";0;0;0;2;0;0;0;0;0;0;2;0;0;0;0
"16/03/2014";"02:18:00";"1595";"sem vítima";"66";"BR-116/SC";"Norte";"Objeto lançado contra veículo";1;0;1;0;0;0;0;0;0;0;2;0;0;0;0
"16/03/2014";"02:23:00";"1597";"com vítima";"129.2";"BR-116/PR";"Norte";"Queda de Moto";0;0;0;1;0;0;0;0;0;0;0;1;0;0;0
"16/03/2014";"03:33:00";"1602";"com vítima";"246.65";"BR-116/SC";"Sul";"Atropelamento - Morador";0;0;0;0;0;1;0;0;0;0;1;1;0;0;0
"16/03/2014";"05:48:00";"1615";"sem vítima";"130";"BR-116/PR";"Norte";"Saida de Pista";1;0;0;0;0;0;0;0;0;0;1;0;0;0;0
"16/03/2014";"06:43:00";"1622";"com vítima";"132";"BR-116/PR";"Norte";"Colisão Traseira";2;0;0;0;0;0;0;0;0;0;7;2;0;0;0
"16/03/2014";"07:40:00";"1632";"sem vítima";"159.7";"BR-116/SC";"Norte";"Saida de Pista";1;0;0;0;0;0;0;0;0;0;3;0;0;0;0
"16/03/2014";"09:31:00";"1639";"sem vítima";"123";"BR-116/PR";"Sul";"Saida de Pista";1;0;0;0;0;0;0;0;0;0;1;0;0;0;0
"16/03/2014";"09:55:00";"1642";"sem vítima";"119";"BR-116/SC";"Sul";"Colisão Traseira";2;0;0;0;0;0;0;0;0;0;3;0;0;0;0
"17/03/2014";"05:45:00";"1651";"com vítima";"116";"BR-116/PR";"Sul";"Queda de Moto";0;0;0;1;0;0;0;0;0;0;0;1;0;0;0
"17/03/2014";"08:09:00";"1662";"sem vítima";"116.7";"BR-116/PR";"Sul";"Colisão Lateral";0;0;1;0;1;0;0;0;0;0;2;0;0;0;0
"17/03/2014";"09:30:00";"1672";"sem vítima";"193";"BR-116/PR";"Norte";"Objeto lançado contra veículo";1;0;0;0;0;0;0;0;0;0;1;0;0;0;0
"17/03/2014";"09:46:00";"1674";"sem vítima";"148";"BR-116/PR";"Norte";"Objeto lançado contra veículo";1;0;0;0;0;0;0;0;0;0;1;0;0;0;0
"17/03/2014";"03:34:00";"1704";"sem vítima";"268";"BR-116/SC";"Norte";"Colisão Traseira";1;0;1;0;0;0;0;0;0;0;6;0;0;0;0
"17/03/2014";"05:19:00";"1714";"com vítima";"195.2";"BR-116/SC";"Norte";"Saida de Pista";0;0;1;0;0;0;0;0;0;0;1;2;0;0;0
"17/03/2014";"08:33:00";"1731";"com vítima";"179";"BR-116/PR";"Norte";"Saida de Pista";0;0;1;0;0;0;0;0;0;0;0;1;0;0;0
"17/03/2014";"10:43:00";"1740";"sem vítima";"223";"BR-116/SC";"Sul";"Choque - Suporte de Sinalização";1;0;0;0;0;0;0;0;0;0;3;0;0;0;0
"18/03/2014";"08:41:00";"1778";"sem vítima";"117.4";"BR-116/PR";"Norte";"Colisão Lateral";1;0;1;0;0;0;0;0;0;0;2;0;0;0;0
"18/03/2014";"01:47:00";"1813";"sem vítima";"133";"BR-116/PR";"Norte";"Objeto lançado contra veículo";1;0;0;0;0;0;0;0;0;0;1;0;0;0;0
"18/03/2014";"03:17:00";"1817";"sem vítima";"199.7";"BR-116/SC";"Norte";"Saida de Pista";0;0;0;0;0;0;0;0;0;1;1;0;0;0;0
"18/03/2014";"04:53:00";"1824";"sem vítima";"206";"BR-116/PR";"Sul";"Choque - Suporte de Sinalização";1;0;0;0;0;0;0;0;0;0;1;0;0;0;0
"18/03/2014";"05:23:00";"1828";"sem vítima";"184.4";"BR-116/SC";"Sul";"Colisão Traseira";2;0;1;0;0;0;0;0;0;0;3;0;0;0;0
"18/03/2014";"05:56:00";"1831";"sem vítima";"230";"BR-116/SC";"Sul";"Saida de Pista";1;0;0;0;0;0;0;0;0;0;1;0;0;0;0
"18/03/2014";"09:27:00";"1849";"sem vítima";"127";"BR-116/PR";"Sul";"Colisão Lateral";1;0;0;0;0;0;0;0;0;1;2;0;0;0;0
"18/03/2014";"10:49:00";"1855";"com vítima";"131.3";"BR-116/SC";"Norte";"Saida de Pista";0;0;0;1;0;0;0;0;0;0;0;1;0;0;0
"19/03/2014";"12:20:00";"1859";"sem vítima";"1.2";"BR-116/SC";"Sul";"Saida de Pista";1;0;0;0;0;0;0;0;0;0;1;0;0;0;0
"19/03/2014";"02:09:00";"1865";"sem vítima";"54.4";"BR-116/SC";"Sul";"Choque - Suporte de Sinalização";0;0;1;0;0;0;0;0;0;0;1;0;0;0;0
"19/03/2014";"10:44:00";"1904";"sem vítima";"41";"BR-116/SC";"Sul";"Objeto lançado contra veículo";1;0;0;0;0;0;0;0;0;0;1;0;0;0;0
"19/03/2014";"11:21:00";"1905";"sem vítima";"134";"BR-116/PR";"Sul";"Objeto lançado contra veículo";1;0;0;0;0;0;0;0;0;0;1;0;0;0;0
"19/03/2014";"03:12:00";"1919";"sem vítima";"118.4";"BR-116/PR";"Sul";"Colisão Lateral";1;0;1;0;0;0;0;0;0;0;2;0;0;0;0
"19/03/2014";"04:55:00";"1932";"com vítima";"165.7";"BR-116/PR";"Norte";"Colisão Frontal";1;0;1;0;0;0;0;0;0;0;1;1;0;0;0
"19/03/2014";"08:06:00";"1954";"sem vítima";"163.4";"BR-116/PR";"Norte";"Saida de Pista";1;0;0;0;0;0;0;0;0;0;1;0;0;0;0
"20/03/2014";"06:12:00";"1975";"sem vítima";"115";"BR-116/PR";"Norte";"Colisão Traseira";2;0;0;0;0;0;0;0;0;0;2;0;0;0;0
"20/03/2014";"06:15:00";"1976";"sem vítima";"186";"BR-116/SC";"Sul";"Choque - Objeto sobre a pista";0;0;1;0;0;0;0;0;0;0;1;0;0;0;0
"20/03/2014";"07:07:00";"1981";"sem vítima";"226.9";"BR-116/SC";"Sul";"Saida de Pista";0;0;1;0;0;0;0;0;0;0;1;0;0;0;0
"20/03/2014";"07:16:00";"1982";"sem vítima";"105";"BR-116/SC";"Sul";"Saida de Pista";0;0;1;0;0;0;0;0;0;0;1;0;0;0;0
"20/03/2014";"09:22:00";"1993";"sem vítima";"227.1";"BR-116/SC";"Sul";"Capotamento";0;0;0;0;0;1;0;0;0;1;3;0;0;0;0
"20/03/2014";"10:36:00";"2006";"com vítima";"133";"BR-116/PR";"Sul";"Colisão Lateral";0;0;1;1;0;0;0;0;0;0;1;0;0;1;0
"20/03/2014";"11:28:00";"2010";"sem vítima";"58";"BR-116/SC";"Sul";"Objeto lançado contra veículo";1;0;0;0;0;0;0;0;0;0;1;0;0;0;0
"20/03/2014";"12:53:00";"2020";"sem vítima";"134";"BR-116/SC";"Sul";"Objeto lançado contra veículo";1;0;0;0;0;0;0;0;0;0;1;0;0;0;0
"20/03/2014";"01:24:00";"2024";"sem vítima";"178";"BR-116/PR";"Norte";"Objeto lançado contra veículo";0;0;1;0;0;0;0;0;0;0;1;0;0;0;0
"20/03/2014";"03:30:00";"2044";"com vítima";"205.6";"BR-116/SC";"Sul";"Saida de Pista";1;0;0;0;0;0;0;0;0;0;1;1;0;0;0
"20/03/2014";"04:57:00";"2056";"sem vítima";"34.2";"BR-116/SC";"Norte";"Colisão Traseira";0;0;2;0;0;0;0;0;0;0;2;0;0;0;0
"20/03/2014";"05:54:00";"2065";"com vítima";"121";"BR-116/PR";"Sul";"Queda de Moto";0;0;0;1;0;0;0;0;0;0;1;0;1;0;0
"20/03/2014";"09:48:00";"2077";"sem vítima";"75";"BR-116/SC";"Sul";"Choque - Objeto sobre a pista";1;0;0;0;0;0;0;0;0;0;3;0;0;0;0
"20/03/2014";"09:51:00";"2078";"sem vítima";"75";"BR-116/SC";"Sul";"Choque - Objeto sobre a pista";1;0;0;0;0;0;0;0;0;0;2;0;0;0;0