data;horario;n_da_ocorrencia;tipo_de_ocorrencia;km;trecho;sentido;tipo_de_acidente;automovel;bicicleta;caminhao;moto;onibus;outros;tracao_animal;transporte_de_cargas_especiais;trator_maquinas;utilitarios;ilesos;levemente_feridos;moderadamente_feridos;gravemente_feridos;mortos
"20/03/2014";"11:06:00";"2081";"sem vítima";"75";"BR-116/SC";"Norte";"Choque - Objeto sobre a pista";0;0;1;0;0;0;0;0;0;0;1;0;0;0;0
"20/03/2014";"11:38:00";"2083";"com vítima";"206.1";"BR-116/PR";"Sul";"Colisão Traseira";2;0;0;0;0;0;0;0;0;0;4;2;0;0;0
"21/03/2014";"11:42:00";"2123";"com vítima";"143.5";"BR-116/PR";"Norte";"Colisão Lateral";2;0;1;0;0;0;0;0;0;0;2;1;0;0;0
"21/03/2014";"01:03:00";"2126";"sem vítima";"223.4";"BR-116/SC";"Sul";"Saida de Pista";1;0;0;0;0;0;0;0;0;0;1;0;0;0;0
"21/03/2014";"01:20:00";"2127";"sem vítima";"155.35";"BR-116/PR";"Sul";"Saida de Pista";1;0;0;0;0;0;0;0;0;0;2;0;0;0;0
"21/03/2014";"03:47:00";"2145";"sem vítima";"199.5";"BR-116/PR";"Sul";"Saida de Pista";1;0;0;0;0;0;0;0;0;0;3;0;0;0;0
"21/03/2014";"04:58:00";"2155";"sem vítima";"34";"BR-116/SC";"Norte";"Choque - Veiculo parado na pista";1;0;1;0;0;0;0;0;0;1;8;0;0;0;0
"21/03/2014";"05:36:00";"2160";"com vítima";"148.6";"BR-116/SC";"Sul";"Saida de Pista";0;0;0;1;0;0;0;0;0;0;0;1;0;0;0
"21/03/2014";"06:00:00";"2168";"sem vítima";"115";"BR-116/PR";"Norte";"Colisão Traseira";1;0;1;0;0;0;0;0;0;0;2;0;0;0;0
"22/03/2014";"05:21:00";"2190";"sem vítima";"44.8";"BR-116/SC";"Norte";"Colisão Lateral";1;0;1;0;0;0;0;0;0;0;4;0;0;0;0
"22/03/2014";"09:18:00";"2202";"sem vítima";"117";"BR-116/PR";"Norte";"Capotamento";0;0;0;0;0;1;0;0;0;1;2;0;0;0;0
"22/03/2014";"11:17:00";"2212";"sem vítima";"32.8";"BR-116/SC";"Sul";"Choque - Veiculo parado na pista";3;0;0;0;0;0;0;0;0;0;7;0;0;0;0
"22/03/2014";"03:23:00";"2227";"sem vítima";"198";"BR-116/SC";"Norte";"Objeto lançado contra veículo";1;0;0;0;0;0;0;0;0;0;1;0;0;0;0
"22/03/2014";"07:39:00";"2251";"sem vítima";"125.8";"BR-116/PR";"Sul";"Choque - Veiculo parado na pista";2;0;0;0;0;0;0;0;0;0;3;0;0;0;0
"22/03/2014";"07:50:00";"2252";"sem vítima";"80.7";"BR-116/SC";"Sul";"Saida de Pista";0;0;0;0;0;0;0;0;0;1;1;0;0;0;0
"22/03/2014";"09:38:00";"2258";"com vítima";"123.1";"BR-116/PR";"Norte";"Queda de Moto";1;0;0;1;0;0;0;0;0;0;2;0;0;0;1
"23/03/2014";"12:39:00";"2263";"sem vítima";"125.8";"BR-116/PR";"Sul";"Colisão Lateral";1;0;1;0;0;0;0;0;0;0;2;0;0;0;0
"23/03/2014";"02:32:00";"2268";"sem vítima";"237.8";"BR-116/SC";"Sul";"Saida de Pista";1;0;0;0;0;0;0;0;0;0;1;0;0;0;0
"23/03/2014";"04:04:00";"2309";"com vítima";"139.9";"BR-116/PR";"Sul";"Colisão Transversal";2;0;0;0;0;0;0;0;0;0;1;4;0;0;0
"23/03/2014";"06:12:00";"2327";"com vítima";"143.8";"BR-116/PR";"Norte";"Colisão Transversal";4;0;0;0;0;0;0;0;0;0;6;2;0;0;0
"23/03/2014";"07:13:00";"2332";"com vítima";"129";"BR-116/PR";"Sul";"Atropelamento - Sem Informação";1;0;0;0;0;0;0;0;0;1;11;0;0;0;1
"24/03/2014";"05:27:00";"2364";"sem vítima";"135.5";"BR-116/SC";"Sul";"Choque - Objeto sobre a pista";1;0;0;0;0;0;0;0;0;0;1;0;0;0;0
"24/03/2014";"06:39:00";"2369";"sem vítima";"117.6";"BR-116/PR";"Norte";"Colisão Transversal";1;0;1;0;0;0;0;0;0;0;2;0;0;0;0
"24/03/2014";"06:58:00";"2371";"sem vítima";"118";"BR-116/PR";"Norte";"Colisão Lateral";1;0;0;1;0;0;0;0;0;0;2;0;0;0;0
"24/03/2014";"07:13:00";"2373";"sem vítima";"152";"BR-116/SC";"Sul";"Colisão Traseira";1;0;1;0;0;0;0;0;0;0;2;0;0;0;0
"24/03/2014";"09:47:00";"2386";"sem vítima";"42";"BR-116/SC";"Norte";"Objeto lançado contra veículo";1;0;0;0;0;0;0;0;0;0;1;0;0;0;0
"24/03/2014";"01:12:00";"2412";"sem vítima";"134";"BR-116/PR";"Sul";"Choque - Cancela de Pedagio";0;0;0;0;0;0;0;0;0;1;1;0;0;0;0
"24/03/2014";"02:41:00";"2416";"com vítima";"290";"BR-116/SC";"Norte";"Saida de Pista";1;0;0;0;0;0;0;0;0;0;1;1;0;0;0
"24/03/2014";"03:00:00";"2418";"sem vítima";"43";"BR-116/SC";"Norte";"Objeto lançado contra veículo";0;0;1;0;0;0;0;0;0;0;1;0;0;0;0
"24/03/2014";"04:24:00";"2428";"com vítima";"9.8";"BR-116/SC";"Sul";"Colisão Transversal";0;0;0;1;0;0;0;0;0;1;1;1;0;0;0
"24/03/2014";"11:25:00";"2458";"sem vítima";"174.1";"BR-116/SC";"Sul";"Colisão Lateral";0;0;2;0;0;0;0;0;0;0;2;0;0;0;0
"25/03/2014";"09:52:00";"2486";"sem vítima";"156";"BR-116/SC";"Norte";"Objeto lançado contra veículo";0;0;1;0;0;0;0;0;0;0;3;0;0;0;0
"25/03/2014";"04:46:00";"2532";"sem vítima";"117.7";"BR-116/PR";"Sul";"Colisão Lateral";1;0;1;0;0;0;0;0;0;0;2;0;0;0;0
"25/03/2014";"06:51:00";"2541";"com vítima";"247.8";"BR-116/SC";"Sul";"Colisão Transversal";1;0;1;0;0;0;0;0;0;0;1;1;0;0;0
"26/03/2014";"12:01:00";"2557";"sem vítima";"104.3";"BR-116/SC";"Norte";"Colisão Traseira";0;0;2;0;0;0;0;0;0;0;2;0;0;0;0
"26/03/2014";"11:11:00";"2616";"com vítima";"189.7";"BR-116/SC";"Norte";"Colisão Lateral";0;0;0;1;0;0;0;0;0;1;1;1;0;0;0
"26/03/2014";"01:31:00";"2622";"sem vítima";"117";"BR-116/PR";"Norte";"Colisão Lateral";0;0;1;0;1;0;0;0;0;0;2;0;0;0;0
"26/03/2014";"02:08:00";"2625";"sem vítima";"60";"BR-116/SC";"Sul";"Objeto lançado contra veículo";1;0;0;0;0;0;0;0;0;0;1;0;0;0;0
"26/03/2014";"07:21:00";"2657";"com vítima";"194.1";"BR-116/PR";"Sul";"Colisão Traseira";2;0;0;0;0;0;0;0;0;0;3;2;0;0;0
"27/03/2014";"12:51:00";"2671";"sem vítima";"136";"BR-116/PR";"Norte";"Atropelamento de Animal";1;0;0;0;0;0;0;0;0;0;2;0;0;0;0
"27/03/2014";"01:29:00";"2673";"sem vítima";"203";"BR-116/PR";"Norte";"Choque - Cancela de Pedagio";0;0;1;0;0;0;0;0;0;0;1;0;0;0;0
"27/03/2014";"07:37:00";"2689";"com vítima";"118";"BR-116/PR";"Norte";"Atropelamento de Animal";0;0;0;1;0;0;0;0;0;0;0;1;0;0;0
"27/03/2014";"09:26:00";"2696";"sem vítima";"134";"BR-116/PR";"Norte";"Choque - Cancela de Pedagio";1;0;0;0;0;0;0;0;0;0;1;0;0;0;0
"27/03/2014";"10:28:00";"2702";"sem vítima";"124";"BR-116/PR";"Sul";"Objeto lançado contra veículo";1;0;0;0;0;0;0;0;0;0;1;0;0;0;0
"27/03/2014";"04:42:00";"2752";"sem vítima";"156.4";"BR-116/SC";"Norte";"Saida de Pista";1;0;0;0;0;0;0;0;0;0;1;0;0;0;0
"27/03/2014";"06:32:00";"2766";"sem vítima";"127.5";"BR-116/PR";"Norte";"Colisão Lateral";0;0;2;0;0;0;0;0;0;0;2;0;0;0;0
"27/03/2014";"08:55:00";"2777";"sem vítima";"117";"BR-116/PR";"Sul";"Colisão Traseira";1;0;0;0;0;1;0;0;0;0;2;0;0;0;0
"28/03/2014";"11:04:00";"2826";"sem vítima";"130";"BR-116/SC";"Norte";"Saida de Pista";1;0;0;0;0;0;0;0;0;0;2;0;0;0;0
"28/03/2014";"02:38:00";"2848";"sem vítima";"234.5";"BR-116/SC";"Norte";"Saida de Pista";0;0;1;0;0;0;0;0;0;0;1;0;0;0;0
"28/03/2014";"08:43:00";"2889";"com vítima";"126.3";"BR-116/PR";"Norte";"Colisão Transversal";2;0;0;0;0;0;0;0;0;0;0;3;1;0;0
"28/03/2014";"08:49:00";"2891";"sem vítima";"203";"BR-116/PR";"Norte";"Choque - Cancela de Pedagio";0;0;0;0;0;0;0;0;0;1;1;0;0;0;0
"28/03/2014";"10:23:00";"2902";"sem vítima";"158.8";"BR-116/PR";"Norte";"Objeto lançado contra veículo";1;0;1;0;0;0;0;0;0;0;3;0;0;0;0
"28/03/2014";"10:39:00";"2904";"sem vítima";"189.9";"BR-116/PR";"Norte";"Colisão Traseira";2;0;0;0;0;0;0;0;0;0;2;0;0;0;0
"29/03/2014";"05:35:00";"2920";"sem vítima";"125";"BR-116/PR";"Norte";"Saida de Pista";1;0;0;0;0;0;0;0;0;0;1;0;0;0;0
"29/03/2014";"03:57:00";"2969";"sem vítima";"209.4";"BR-116/SC";"Sul";"Choque - Objeto sobre a pista";1;0;1;0;0;0;0;0;0;0;4;0;0;0;0
"29/03/2014";"04:56:00";"2983";"com vítima";"224.8";"BR-116/SC";"Sul";"Choque - Outros";0;1;0;0;0;0;0;0;0;0;0;1;0;0;0
"29/03/2014";"07:48:00";"2999";"sem vítima";"151.9";"BR-116/SC";"Norte";"Colisão Lateral";0;0;2;0;0;0;0;0;0;0;2;0;0;0;0
"29/03/2014";"09:30:00";"3003";"sem vítima";"1.5";"BR-116/SC";"Sul";"Choque - Objeto sobre a pista";1;0;0;0;0;0;0;0;0;0;1;0;0;0;0
"29/03/2014";"10:44:00";"3008";"com vítima";"133.2";"BR-116/PR";"Norte";"Saida de Pista";0;0;0;0;0;0;0;0;0;1;4;2;0;0;0
"30/03/2014";"07:05:00";"3031";"sem vítima";"154.3";"BR-116/SC";"Norte";"Saida de Pista";0;0;1;0;0;0;0;0;0;0;1;0;0;0;0
"30/03/2014";"03:00:00";"3064";"sem vítima";"81.6";"BR-116/SC";"Norte";"Choque - Defensa, barreira ou "submarino"";0;0;1;0;0;0;0;0;0;0;1;0;0;0;0
"30/03/2014";"03:41:00";"3071";"com vítima";"131.9";"BR-116/PR";"Norte";"Colisão Transversal";2;0;0;0;0;0;0;0;0;0;8;1;0;0;0
"30/03/2014";"05:59:00";"3083";"sem vítima";"134.4";"BR-116/PR";"Norte";"Colisão Lateral";1;0;1;0;0;0;0;0;0;0;4;0;0;0;0
"30/03/2014";"06:14:00";"3085";"sem vítima";"117";"BR-116/PR";"Norte";"Colisão Lateral";1;0;1;0;0;0;0;0;0;0;2;0;0;0;0
"30/03/2014";"06:52:00";"3089";"sem vítima";"253.2";"BR-116/SC";"Sul";"Colisão Lateral";1;0;0;0;0;1;0;0;0;0;2;0;0;0;0
"30/03/2014";"07:47:00";"3100";"com vítima";"146.5";"BR-116/PR";"Norte";"Colisão Traseira";2;0;0;0;0;0;0;0;0;0;4;2;0;0;0
"30/03/2014";"08:52:00";"3104";"sem vítima";"123.7";"BR-116/SC";"Norte";"Choque - Talude";1;0;0;0;0;0;0;0;0;0;1;0;0;0;0
"30/03/2014";"09:00:00";"3105";"sem vítima";"13";"BR-116/SC";"Norte";"Colisão Traseira";1;0;1;0;0;0;0;0;0;0;2;0;0;0;0
"30/03/2014";"11:40:00";"3113";"sem vítima";"193.9";"BR-116/PR";"Norte";"Saida de Pista";1;0;0;0;0;0;0;0;0;0;1;0;0;0;0
"31/03/2014";"11:35:00";"3148";"sem vítima";"203.65";"BR-116/PR";"Sul";"Choque - Cancela de Pedagio";1;0;0;0;0;0;0;0;0;0;1;0;0;0;0
"31/03/2014";"12:13:00";"3150";"sem vítima";"1.1";"BR-116/SC";"Sul";"Choque - Defensa, barreira ou "submarino"";1;0;0;0;0;0;0;0;0;0;1;0;0;0;0
"31/03/2014";"03:19:00";"3160";"com vítima";"136.4";"BR-116/SC";"Sul";"Choque - Talude";0;0;1;0;0;0;0;0;0;0;0;1;0;0;0
"31/03/2014";"08:59:00";"3183";"sem vítima";"121.2";"BR-116/PR";"Sul";"Saida de Pista";1;0;0;0;0;0;0;0;0;0;2;0;0;0;0
"31/03/2014";"10:15:00";"3191";"sem vítima";"129.7";"BR-116/PR";"Norte";"Colisão Traseira";1;0;0;0;1;0;0;0;0;0;4;0;0;0;0
"01/04/2014";"01:25:00";"2";"sem vítima";"171";"BR-116/SC";"Norte";"Atropelamento de Animal";0;0;1;0;0;0;0;0;0;0;1;0;0;0;0
"01/04/2014";"08:03:00";"22";"sem vítima";"122.7";"BR-116/PR";"Norte";"Saida de Pista";1;0;0;1;0;0;0;0;0;0;2;0;0;0;0
"01/04/2014";"09:32:00";"35";"sem vítima";"220";"BR-116/SC";"Sul";"Objeto lançado contra veículo";1;0;0;0;0;0;0;0;0;0;1;0;0;0;0
"01/04/2014";"10:13:00";"41";"sem vítima";"185.7";"BR-116/SC";"Norte";"Saida de Pista";1;0;0;0;0;0;0;0;0;0;1;0;0;0;0
"01/04/2014";"10:19:00";"43";"sem vítima";"149";"BR-116/SC";"Norte";"Objeto lançado contra veículo";1;0;0;0;0;0;0;0;0;0;1;0;0;0;0
"01/04/2014";"10:44:00";"46";"sem vítima";"77";"BR-116/SC";"Norte";"Objeto lançado contra veículo";1;0;0;0;0;0;0;0;0;0;2;0;0;0;0
"01/04/2014";"11:16:00";"49";"sem vítima";"121";"BR-116/PR";"Sul";"Colisão Traseira";0;0;1;0;1;0;0;0;0;0;17;0;0;0;0
"01/04/2014";"03:28:00";"70";"sem vítima";"34.5";"BR-116/SC";"Norte";"Colisão Traseira";0;0;2;0;0;0;0;0;0;0;4;0;0;0;0
"01/04/2014";"04:56:00";"79";"sem vítima";"125.95";"BR-116/PR";"Sul";"Colisão Traseira";1;0;1;0;0;0;0;0;0;0;2;0;0;0;0
"01/04/2014";"05:07:00";"81";"sem vítima";"227.2";"BR-116/SC";"Sul";"Colisão Lateral";1;0;1;0;0;0;0;0;0;0;2;0;0;0;0
"01/04/2014";"05:46:00";"84";"com vítima";"131";"BR-116/PR";"Norte";"Colisão Lateral";0;0;0;1;0;0;0;0;0;0;0;1;0;0;0
"01/04/2014";"07:45:00";"99";"sem vítima";"130.9";"BR-116/PR";"Norte";"Colisão Traseira";2;0;0;0;0;0;0;0;0;0;4;0;0;0;0
"01/04/2014";"09:15:00";"106";"sem vítima";"226.2";"BR-116/SC";"Norte";"Saida de Pista";0;0;0;0;0;0;0;0;0;1;4;0;0;0;0
"01/04/2014";"09:18:00";"107";"sem vítima";"144";"BR-116/PR";"Norte";"Tombamento";0;0;1;0;0;0;0;0;0;0;1;0;0;0;0
"01/04/2014";"10:08:00";"109";"sem vítima";"295.8";"BR-116/SC";"Norte";"Atropelamento de Animal";0;0;1;0;0;0;0;0;0;0;1;0;0;0;0
"02/04/2014";"06:49:00";"188";"sem vítima";"130";"BR-116/SC";"Sul";"Objeto lançado contra veículo";0;0;0;0;0;0;0;0;0;1;1;0;0;0;0
"03/04/2014";"08:43:00";"220";"sem vítima";"203";"BR-116/PR";"Norte";"Objeto lançado contra veículo";0;0;0;0;1;0;0;0;0;0;1;0;0;0;0
"03/04/2014";"10:05:00";"235";"sem vítima";"129.7";"BR-116/PR";"Sul";"Engavetamento";2;0;1;0;0;0;0;0;0;0;3;0;0;0;0
"03/04/2014";"11:57:00";"251";"com vítima";"115.8";"BR-116/PR";"Norte";"Queda de Moto";0;0;0;1;0;0;0;0;0;0;0;1;0;0;0
"03/04/2014";"04:07:00";"265";"sem vítima";"6";"BR-116/SC";"Norte";"Colisão Traseira";0;0;2;0;0;0;0;0;0;0;2;0;0;0;0
"03/04/2014";"05:02:00";"275";"sem vítima";"121.1";"BR-116/SC";"Sul";"Colisão Lateral";1;0;1;0;0;0;0;0;0;0;2;0;0;0;0
"03/04/2014";"05:57:00";"279";"sem vítima";"129.3";"BR-116/PR";"Sul";"Colisão Lateral";2;0;0;0;0;0;0;0;0;0;3;0;0;0;0
"03/04/2014";"07:05:00";"287";"sem vítima";"120";"BR-116/SC";"Sul";"Colisão Traseira";0;0;2;0;0;0;0;0;0;0;2;0;0;0;0
"04/04/2014";"08:24:00";"317";"sem vítima";"5";"BR-116/SC";"Norte";"Choque - Objeto sobre a pista";1;0;0;0;0;0;0;0;0;0;1;0;0;0;0
"04/04/2014";"03:32:00";"353";"sem vítima";"112";"BR-116/SC";"Sul";"Colisão Traseira";1;0;2;0;0;0;0;0;0;0;3;0;0;0;0
"04/04/2014";"07:36:00";"380";"sem vítima";"2.5";"BR-116/SC";"Norte";"Queda de Moto";0;0;0;1;0;0;0;0;0;0;1;0;0;0;0
"04/04/2014";"08:07:00";"383";"sem vítima";"177";"BR-116/PR";"Norte";"Saida de Pista";1;0;0;0;0;0;0;0;0;0;1;0;0;0;0
"04/04/2014";"09:03:00";"391";"sem vítima";"210.2";"BR-116/SC";"Norte";"Saida de Pista";1;0;0;0;0;0;0;0;0;0;1;0;0;0;0
"05/04/2014";"01:26:00";"404";"sem vítima";"192.3";"BR-116/SC";"Sul";"Atropelamento de Animal";1;0;0;0;0;0;0;0;0;0;1;0;0;0;0
"05/04/2014";"09:03:00";"429";"sem vítima";"8";"BR-116/SC";"Sul";"Objeto lançado contra veículo";1;0;0;0;0;0;0;0;0;0;1;0;0;0;0
"05/04/2014";"10:25:00";"439";"sem vítima";"308.95";"BR-116/SC";"Sul";"Tombamento";0;0;1;0;0;0;0;0;0;0;1;0;0;0;0
"05/04/2014";"11:51:00";"445";"sem vítima";"206.8";"BR-116/SC";"Norte";"Colisão Lateral";1;0;0;1;0;0;0;0;0;0;2;0;0;0;0
"05/04/2014";"12:10:00";"447";"sem vítima";"40";"BR-116/SC";"Sul";"Objeto lançado contra veículo";1;0;0;0;0;0;0;0;0;0;1;0;0;0;0
"05/04/2014";"01:39:00";"456";"com vítima";"147";"BR-116/PR";"Sul";"Queda de Moto";0;0;0;1;0;0;0;0;0;0;0;2;0;0;0
"05/04/2014";"03:00:00";"461";"sem vítima";"117.5";"BR-116/PR";"Norte";"Colisão Traseira";2;0;0;0;0;0;0;0;0;0;2;0;0;0;0
"05/04/2014";"03:37:00";"465";"com vítima";"128.1";"BR-116/PR";"Norte";"Colisão Transversal";2;0;0;0;0;0;0;0;0;0;2;2;0;0;0
"05/04/2014";"06:25:00";"485";"sem vítima";"53.3";"BR-116/SC";"Norte";"Colisão Lateral";1;0;1;0;0;0;0;0;0;0;2;0;0;0;0
"05/04/2014";"08:41:00";"496";"com vítima";"208.5";"BR-116/SC";"Sul";"Saida de Pista";1;0;0;0;0;0;0;0;0;0;0;1;0;0;0
"05/04/2014";"09:22:00";"498";"sem vítima";"47";"BR-116/SC";"Norte";"Objeto lançado contra veículo";0;0;1;0;0;0;0;0;0;0;1;0;0;0;0
"05/04/2014";"09:32:00";"499";"sem vítima";"203";"BR-116/SC";"Sul";"Saida de Pista";1;0;0;0;0;0;0;0;0;0;1;0;0;0;0
"06/04/2014";"01:03:00";"512";"sem vítima";"197.4";"BR-116/SC";"Sul";"Saida de Pista";1;0;0;0;0;0;0;0;0;0;2;0;0;0;0
"06/04/2014";"01:16:00";"513";"sem vítima";"134";"BR-116/PR";"Norte";"Colisão Traseira";2;0;0;0;0;0;0;0;0;0;2;0;0;0;0
"06/04/2014";"01:53:00";"515";"com vítima";"126.1";"BR-116/PR";"Sul";"Colisão Transversal";2;0;0;0;0;0;0;0;0;0;2;1;0;0;0
"06/04/2014";"05:23:00";"523";"sem vítima";"28";"BR-116/SC";"Norte";"Saida de Pista";1;0;0;0;0;0;0;0;0;0;1;0;0;0;0
"06/04/2014";"07:28:00";"576";"com vítima";"141.5";"BR-116/PR";"Norte";"Choque - Veiculo parado na pista";2;0;0;0;0;0;0;0;0;0;4;1;0;0;0
"06/04/2014";"07:43:00";"581";"com vítima";"150.8";"BR-116/PR";"Norte";"Colisão Traseira";2;0;0;0;0;0;0;0;0;0;2;1;0;0;0
"07/04/2014";"09:09:00";"607";"com vítima";"148.14";"BR-116/PR";"Norte";"Colisão Lateral";1;0;1;0;0;0;0;0;0;0;1;0;0;0;1
"07/04/2014";"01:15:00";"623";"sem vítima";"132";"BR-116/PR";"Sul";"Objeto lançado contra veículo";1;0;0;0;0;0;0;0;0;0;1;0;0;0;0
"07/04/2014";"04:14:00";"638";"sem vítima";"131";"BR-116/PR";"Norte";"Colisão Transversal";1;0;1;0;0;0;0;0;0;0;2;0;0;0;0
"07/04/2014";"04:17:00";"639";"sem vítima";"126.3";"BR-116/PR";"Norte";"Colisão Lateral";1;0;1;0;0;0;0;0;0;0;2;0;0;0;0
"07/04/2014";"04:32:00";"641";"sem vítima";"210";"BR-116/PR";"Sul";"Colisão Transversal";0;0;2;0;0;0;0;0;0;0;2;0;0;0;0
"07/04/2014";"05:46:00";"647";"com vítima";"139";"BR-116/PR";"Norte";"Choque - Objeto sobre a pista";0;0;1;1;0;1;0;0;0;0;2;1;0;0;0
"07/04/2014";"08:44:00";"658";"sem vítima";"218.45";"BR-116/SC";"Norte";"Saida de Pista";1;0;0;0;0;0;0;0;0;0;4;0;0;0;0
"08/04/2014";"06:11:00";"675";"com vítima";"226.9";"BR-116/SC";"Norte";"Saida de Pista";0;0;1;0;0;0;0;0;0;0;1;1;0;0;0
"08/04/2014";"06:58:00";"677";"com vítima";"146.5";"BR-116/PR";"Norte";"Colisão Lateral";1;0;2;0;0;0;0;0;0;0;2;5;0;0;0
"08/04/2014";"08:42:00";"686";"sem vítima";"144";"BR-116/PR";"Norte";"Objeto lançado contra veículo";0;0;1;0;0;0;0;0;0;0;1;0;0;0;0
"08/04/2014";"10:12:00";"695";"sem vítima";"71.2";"BR-116/SC";"Sul";"Capotamento";1;0;0;0;0;0;0;0;0;0;1;0;0;0;0
"08/04/2014";"12:13:00";"707";"sem vítima";"115.85";"BR-116/PR";"Norte";"Tombamento";0;0;1;0;0;0;0;0;0;0;1;0;0;0;0
"08/04/2014";"05:17:00";"735";"sem vítima";"116.5";"BR-116/PR";"Sul";"Queda de Moto";0;0;0;1;0;0;0;0;0;0;1;0;0;0;0
"09/04/2014";"06:25:00";"771";"sem vítima";"117.2";"BR-116/PR";"Sul";"Colisão Traseira";2;0;0;0;0;0;0;0;0;0;3;0;0;0;0
"09/04/2014";"07:03:00";"772";"com vítima";"182.6";"BR-116/PR";"Sul";"Saida de Pista";1;0;0;0;0;0;0;0;0;0;0;2;0;0;0
"09/04/2014";"09:09:00";"780";"sem vítima";"11.7";"BR-116/SC";"Norte";"Colisão Traseira";2;0;0;0;0;0;0;0;0;0;2;0;0;0;0
"09/04/2014";"09:27:00";"782";"sem vítima";"116";"BR-116/SC";"Norte";"Objeto lançado contra veículo";0;0;1;0;0;0;0;0;0;0;1;0;0;0;0
"09/04/2014";"11:57:00";"789";"sem vítima";"191";"BR-116/PR";"Sul";"Objeto lançado contra veículo";0;0;1;0;0;0;0;0;0;0;1;0;0;0;0
"09/04/2014";"05:11:00";"813";"com vítima";"3";"BR-116/SC";"Sul";"Colisão Transversal";0;1;1;0;0;0;0;0;0;0;1;1;0;0;0
"09/04/2014";"05:55:00";"816";"sem vítima";"246.1";"BR-116/SC";"Norte";"Colisão Transversal";1;0;0;0;0;0;0;0;0;1;2;0;0;0;0
"09/04/2014";"06:18:00";"818";"sem vítima";"139.4";"BR-116/PR";"Sul";"Choque - Objeto sobre a pista";1;0;0;0;0;0;0;0;0;1;3;0;0;0;0
"10/04/2014";"11:54:00";"869";"com vítima";"59.9";"BR-116/SC";"Norte";"Colisão Traseira";1;0;1;0;0;0;0;0;0;0;1;1;0;0;0
"10/04/2014";"01:58:00";"875";"sem vítima";"78.3";"BR-116/SC";"Sul";"Colisão Traseira";1;0;0;0;0;0;0;0;0;1;3;0;0;0;0
"10/04/2014";"02:00:00";"877";"sem vítima";"203";"BR-116/SC";"Norte";"Colisão Lateral";1;0;1;0;0;0;0;0;0;0;3;0;0;0;0
"10/04/2014";"06:04:00";"901";"sem vítima";"81";"BR-116/SC";"Norte";"Colisão Lateral";0;0;2;0;0;0;0;0;0;0;2;0;0;0;0
"10/04/2014";"07:00:00";"904";"sem vítima";"132";"BR-116/PR";"Sul";"Objeto lançado contra veículo";1;0;0;0;0;0;0;0;0;0;1;0;0;0;0
"11/04/2014";"07:02:00";"935";"sem vítima";"132";"BR-116/PR";"Sul";"Objeto lançado contra veículo";1;0;0;0;0;0;0;0;0;0;1;0;0;0;0
"11/04/2014";"07:35:00";"940";"com vítima";"115.4";"BR-116/PR";"Norte";"Colisão Lateral";1;0;0;1;0;0;0;0;0;0;2;1;0;0;0
"11/04/2014";"09:38:00";"949";"sem vítima";"117";"BR-116/PR";"Norte";"Colisão Traseira";1;0;0;0;0;0;0;0;0;1;2;0;0;0;0
"11/04/2014";"12:32:00";"963";"sem vítima";"113.9";"BR-116/SC";"Sul";"Colisão Traseira";0;0;2;0;0;0;0;0;0;0;3;0;0;0;0
"11/04/2014";"03:10:00";"974";"sem vítima";"45";"BR-116/SC";"Norte";"Objeto lançado contra veículo";1;0;0;0;0;0;0;0;0;0;1;0;0;0;0
"11/04/2014";"06:23:00";"1002";"sem vítima";"152.3";"BR-116/SC";"Sul";"Choque - Cancela de Pedagio";1;0;0;0;0;0;0;0;0;0;3;0;0;0;0
"11/04/2014";"07:33:00";"1009";"sem vítima";"233.1";"BR-116/SC";"Sul";"Colisão Traseira";1;0;0;1;0;0;0;0;0;0;2;0;0;0;0
"12/04/2014";"12:59:00";"1026";"sem vítima";"127.1";"BR-116/PR";"Norte";"Colisão Lateral";1;0;1;0;0;0;0;0;0;0;2;0;0;0;0
"12/04/2014";"01:11:00";"1027";"com vítima";"59.3";"BR-116/SC";"Sul";"Saida de Pista";1;0;0;0;0;0;0;0;0;0;0;1;0;0;1
"12/04/2014";"11:43:00";"1071";"sem vítima";"132";"BR-116/PR";"Norte";"Objeto lançado contra veículo";1;0;0;0;0;0;0;0;0;0;1;0;0;0;0
"12/04/2014";"11:47:00";"1072";"sem vítima";"129.9";"BR-116/PR";"Norte";"Colisão Transversal";2;0;0;0;0;0;0;0;0;0;2;0;0;0;0
"12/04/2014";"01:31:00";"1078";"sem vítima";"273";"BR-116/SC";"Sul";"Choque - Objeto sobre a pista";1;0;0;0;0;0;0;0;0;0;3;0;0;0;0
"12/04/2014";"05:43:00";"1096";"com vítima";"257.2";"BR-116/SC";"Sul";"Colisão Frontal";2;0;0;0;0;0;0;0;0;0;1;2;0;0;0
"13/04/2014";"03:19:00";"1128";"sem vítima";"117.6";"BR-116/PR";"Norte";"Saida de Pista";1;0;0;0;0;0;0;0;0;0;1;0;0;0;0
"13/04/2014";"03:44:00";"1129";"sem vítima";"117.6";"BR-116/PR";"Norte";"Colisão Lateral";3;0;0;0;0;0;0;0;0;1;4;0;0;0;0
"13/04/2014";"03:58:00";"1130";"com vítima";"163";"BR-116/PR";"Norte";"Colisão Traseira";1;0;0;1;0;0;0;0;0;0;2;1;0;0;0