data;horario;n_da_ocorrencia;tipo_de_ocorrencia;km;trecho;sentido;tipo_de_acidente;automovel;bicicleta;caminhao;moto;onibus;outros;tracao_animal;transporte_de_cargas_especiais;trator_maquinas;utilitarios;ilesos;levemente_feridos;moderadamente_feridos;gravemente_feridos;mortos
"28/08/2014";"06:06:00";"2718";"sem vítima";"233";"BR-116/SC";"Sul";"Choque - Cancela de Pedagio";0;0;1;0;0;0;0;0;0;0;1;0;0;0;0
"28/08/2014";"10:00:00";"2730";"com vítima";"180";"BR-116/SC";"Norte";"Queda de Moto";0;0;0;2;0;0;0;0;0;0;2;1;0;0;0
"29/08/2014";"03:29:00";"2743";"sem vítima";"219";"BR-116/SC";"Sul";"Objeto lançado contra veículo";0;0;0;0;1;0;0;0;0;0;1;0;0;0;0
"29/08/2014";"03:58:00";"2746";"sem vítima";"219";"BR-116/SC";"Sul";"Objeto lançado contra veículo";0;0;1;0;0;0;0;0;0;0;1;0;0;0;0
"29/08/2014";"04:13:00";"2747";"sem vítima";"227";"BR-116/SC";"Sul";"Colisão Lateral";0;0;1;0;0;0;0;0;0;1;4;0;0;0;0
"29/08/2014";"07:35:00";"2756";"sem vítima";"184.3";"BR-116/SC";"Norte";"Colisão Traseira";0;0;2;0;0;0;0;0;0;0;2;0;0;0;0
"29/08/2014";"08:01:00";"2759";"sem vítima";"116.4";"BR-116/PR";"Norte";"Colisão Lateral";1;0;0;1;0;0;0;0;0;0;2;0;0;0;0
"29/08/2014";"09:41:00";"2767";"sem vítima";"3.6";"BR-116/SC";"Sul";"Colisão Lateral";1;0;1;0;0;0;0;0;0;0;2;0;0;0;0
"29/08/2014";"10:40:00";"2774";"sem vítima";"119.3";"BR-116/PR";"Norte";"Colisão Lateral";2;0;0;0;0;0;0;0;0;0;2;0;0;0;0
"29/08/2014";"12:12:00";"2782";"sem vítima";"196";"BR-116/PR";"Norte";"Saida de Pista";0;0;1;0;0;0;0;0;0;0;1;0;0;0;0
"29/08/2014";"06:08:00";"2820";"sem vítima";"210.9";"BR-116/SC";"Sul";"Choque - Veiculo parado na pista";1;0;1;0;0;0;0;0;0;0;3;0;0;0;0
"30/08/2014";"04:30:00";"2905";"sem vítima";"167.5";"BR-116/PR";"Sul";"Colisão Traseira";1;0;1;0;0;0;0;0;0;0;2;0;0;0;0
"30/08/2014";"06:49:00";"2922";"com vítima";"236.1";"BR-116/SC";"Norte";"Colisão Lateral";1;0;1;0;0;0;0;0;0;0;1;1;0;0;0
"30/08/2014";"09:14:00";"2931";"sem vítima";"129.8";"BR-116/PR";"Norte";"Colisão Traseira";2;0;0;0;0;0;0;0;0;0;2;0;0;0;0
"30/08/2014";"11:22:00";"2937";"com vítima";"122.7";"BR-116/PR";"Norte";"Colisão Traseira";2;0;0;0;0;0;0;0;0;0;2;2;0;0;0
"31/08/2014";"11:05:00";"2968";"sem vítima";"195.6";"BR-116/PR";"Norte";"Saida de Pista";2;0;0;0;0;0;0;0;0;0;2;0;0;0;0
"31/08/2014";"07:30:00";"3015";"sem vítima";"122";"BR-116/PR";"Norte";"Colisão Lateral";2;0;0;0;0;0;0;0;0;0;5;0;0;0;0
"01/09/2014";"08:47:00";"28";"com vítima";"166.4";"BR-116/SC";"Sul";"Choque - Poste";0;0;1;1;0;0;0;0;0;0;1;1;0;0;0
"01/09/2014";"01:29:00";"60";"sem vítima";"117.4";"BR-116/PR";"Norte";"Colisão Traseira";2;0;0;0;0;0;0;0;0;0;2;0;0;0;0
"01/09/2014";"01:50:00";"61";"com vítima";"158.8";"BR-116/SC";"Norte";"Colisão Lateral";0;0;1;0;0;0;0;0;0;1;1;0;0;1;0
"01/09/2014";"04:30:00";"76";"com vítima";"131.15";"BR-116/PR";"Norte";"Colisão Transversal";1;0;0;1;0;0;0;0;0;0;4;1;0;0;0
"01/09/2014";"05:02:00";"82";"com vítima";"131.8";"BR-116/PR";"Norte";"Colisão Transversal";1;0;0;1;0;0;0;0;0;0;3;1;0;0;0
"01/09/2014";"07:49:00";"94";"sem vítima";"115.1";"BR-116/PR";"Sul";"Colisão Traseira";2;0;0;0;0;0;0;0;0;0;2;0;0;0;0
"01/09/2014";"08:51:00";"97";"sem vítima";"238";"BR-116/SC";"Norte";"Choque - Objeto sobre a pista";0;0;1;0;0;0;0;0;0;0;1;0;0;0;0
"01/09/2014";"09:58:00";"101";"sem vítima";"204.9";"BR-116/PR";"Norte";"Choque - Objeto sobre a pista";1;0;0;0;0;0;0;0;0;0;1;0;0;0;0
"02/09/2014";"09:32:00";"145";"sem vítima";"134";"BR-116/PR";"Sul";"Choque - Cancela de Pedagio";1;0;0;0;0;0;0;0;0;0;1;0;0;0;0
"02/09/2014";"09:46:00";"148";"sem vítima";"114.5";"BR-116/SC";"Norte";"Colisão Traseira";1;0;0;0;0;1;0;0;0;0;2;0;0;0;0
"02/09/2014";"02:58:00";"183";"sem vítima";"141.3";"BR-116/SC";"Norte";"Saida de Pista";1;0;0;0;0;0;0;0;0;0;1;0;0;0;0
"02/09/2014";"03:59:00";"195";"sem vítima";"263.6";"BR-116/SC";"Norte";"Saida de Pista";1;0;0;0;0;0;0;0;0;0;1;0;0;0;0
"02/09/2014";"05:51:00";"222";"sem vítima";"184";"BR-116/SC";"Sul";"Saida de Pista";0;0;0;0;1;0;0;0;0;0;21;0;0;0;0
"02/09/2014";"09:27:00";"251";"sem vítima";"241.8";"BR-116/SC";"Sul";"Saida de Pista";0;0;1;0;0;0;0;0;0;0;1;0;0;0;0
"02/09/2014";"09:41:00";"253";"sem vítima";"122.7";"BR-116/PR";"Norte";"Colisão Traseira";2;0;0;0;0;0;0;0;0;0;2;0;0;0;0
"02/09/2014";"09:46:00";"254";"sem vítima";"122.7";"BR-116/PR";"Norte";"Colisão Traseira";2;0;0;0;0;0;0;0;0;0;2;0;0;0;0
"03/09/2014";"06:42:00";"274";"sem vítima";"117.4";"BR-116/PR";"Norte";"Colisão Traseira";3;0;0;0;0;0;0;0;0;0;3;0;0;0;0
"03/09/2014";"07:41:00";"280";"sem vítima";"12";"BR-116/SC";"Sul";"Colisão Transversal";2;0;0;0;0;0;0;0;0;0;2;0;0;0;0
"03/09/2014";"03:36:00";"322";"sem vítima";"134.6";"BR-116/PR";"Norte";"Colisão Traseira";2;0;0;0;0;0;0;0;0;0;4;0;0;0;0
"03/09/2014";"06:07:00";"340";"sem vítima";"122";"BR-116/PR";"Norte";"Colisão Frontal";2;0;0;0;0;0;0;0;0;0;2;0;0;0;0
"03/09/2014";"06:46:00";"343";"com vítima";"152.6";"BR-116/PR";"Norte";"Colisão Transversal";0;0;0;1;0;0;0;0;0;1;1;1;0;0;0
"03/09/2014";"06:50:00";"344";"sem vítima";"119";"BR-116/PR";"Norte";"Colisão Lateral";1;0;0;0;0;1;0;0;0;0;2;0;0;0;0
"03/09/2014";"09:20:00";"352";"sem vítima";"117.5";"BR-116/PR";"Sul";"Colisão Lateral";2;0;0;0;0;0;0;0;0;0;2;0;0;0;0
"03/09/2014";"11:57:00";"359";"sem vítima";"7";"BR-116/SC";"Norte";"Colisão Transversal";0;0;2;0;0;0;0;0;0;0;2;0;0;0;0
"04/09/2014";"11:39:00";"399";"sem vítima";"123.7";"BR-116/PR";"Sul";"Colisão Traseira";1;0;1;0;0;0;0;0;0;0;2;0;0;0;0
"04/09/2014";"12:33:00";"402";"sem vítima";"139.7";"BR-116/SC";"Sul";"Colisão Transversal";2;0;0;0;0;0;0;0;0;0;2;0;0;0;0
"04/09/2014";"02:01:00";"408";"sem vítima";"130";"BR-116/PR";"Norte";"Objeto lançado contra veículo";0;0;1;0;0;0;0;0;0;0;1;0;0;0;0
"04/09/2014";"06:40:00";"435";"com vítima";"126.4";"BR-116/PR";"Norte";"Atropelamento - Usuário";1;0;0;0;0;0;0;0;0;0;1;0;0;0;1
"05/09/2014";"01:30:00";"448";"sem vítima";"1";"BR-116/SC";"Norte";"Saida de Pista";1;0;0;0;0;0;0;0;0;0;1;0;0;0;0
"05/09/2014";"02:55:00";"450";"com vítima";"248";"BR-116/SC";"Norte";"Atropelamento de Animal";1;0;0;0;0;0;0;0;0;0;0;1;0;0;0
"05/09/2014";"06:23:00";"458";"sem vítima";"166.8";"BR-116/SC";"Norte";"Outros";0;0;1;0;0;0;0;0;0;0;1;0;0;0;0
"05/09/2014";"09:41:00";"489";"sem vítima";"246.8";"BR-116/SC";"Sul";"Colisão Traseira";3;0;0;0;0;0;0;0;0;0;6;0;0;0;0
"05/09/2014";"11:32:00";"501";"com vítima";"115.2";"BR-116/PR";"Norte";"Colisão Transversal";0;1;1;0;0;0;0;0;0;0;1;0;0;1;0
"05/09/2014";"01:56:00";"515";"com vítima";"121";"BR-116/PR";"Norte";"Colisão Transversal";1;0;1;0;0;0;0;0;0;0;1;2;0;0;0
"05/09/2014";"04:25:00";"529";"com vítima";"163";"BR-116/PR";"Sul";"Outros";0;1;0;0;0;0;0;0;0;0;0;1;0;0;0
"05/09/2014";"04:45:00";"530";"sem vítima";"154";"BR-116/PR";"Norte";"Saida de Pista";1;0;0;0;0;0;0;0;0;0;2;0;0;0;0
"05/09/2014";"04:56:00";"532";"com vítima";"131";"BR-116/SC";"Norte";"Objeto lançado contra veículo";1;0;0;0;0;1;0;0;0;0;4;1;0;0;0
"05/09/2014";"10:00:00";"549";"com vítima";"270.5";"BR-116/SC";"Norte";"Capotamento";1;0;0;0;0;0;0;0;0;0;0;1;0;0;0
"06/09/2014";"01:37:00";"558";"sem vítima";"248.22";"BR-116/SC";"Sul";"Atropelamento de Animal";0;0;1;0;0;0;0;0;0;0;2;0;0;0;0
"06/09/2014";"07:14:00";"578";"sem vítima";"143.7";"BR-116/PR";"Sul";"Colisão Traseira";1;0;1;0;0;0;0;0;0;0;2;0;0;0;0
"06/09/2014";"07:42:00";"580";"sem vítima";"146.5";"BR-116/SC";"Norte";"Saida de Pista";0;0;1;0;0;0;0;0;0;0;1;0;0;0;0
"06/09/2014";"05:24:00";"612";"sem vítima";"128";"BR-116/PR";"Sul";"Colisão Traseira";2;0;0;0;0;0;0;0;0;0;4;0;0;0;0
"06/09/2014";"05:46:00";"615";"sem vítima";"200";"BR-116/SC";"Sul";"Outros";0;0;1;0;0;0;0;0;0;0;1;0;0;0;0
"06/09/2014";"06:43:00";"619";"com vítima";"154.05";"BR-116/PR";"Norte";"Colisão Transversal";0;0;0;1;0;1;0;0;0;0;1;1;0;0;0
"06/09/2014";"07:17:00";"623";"sem vítima";"137.5";"BR-116/PR";"Sul";"Colisão Transversal";2;0;0;0;0;0;0;0;0;0;4;0;0;0;0
"06/09/2014";"08:31:00";"628";"sem vítima";"117.4";"BR-116/PR";"Sul";"Colisão Traseira";1;0;0;1;0;0;0;0;0;0;2;0;0;0;0
"07/09/2014";"05:12:00";"646";"sem vítima";"183.8";"BR-116/SC";"Norte";"Saida de Pista";1;0;0;0;0;0;0;0;0;0;1;0;0;0;0
"07/09/2014";"06:54:00";"650";"com vítima";"247.9";"BR-116/SC";"Norte";"Colisão Transversal";2;0;0;0;0;0;0;0;0;0;1;2;0;0;0
"07/09/2014";"11:36:00";"665";"com vítima";"125";"BR-116/PR";"Norte";"Capotamento";1;0;0;0;0;0;0;0;0;0;0;4;0;1;0
"07/09/2014";"06:20:00";"690";"sem vítima";"167.1";"BR-116/PR";"Sul";"Colisão Lateral";2;0;0;0;0;0;0;0;0;0;3;0;0;0;0
"07/09/2014";"06:40:00";"691";"sem vítima";"246";"BR-116/SC";"Sul";"Colisão Transversal";2;0;0;0;0;0;0;0;0;0;4;0;0;0;0
"07/09/2014";"07:02:00";"694";"com vítima";"12";"BR-116/SC";"Sul";"Colisão Transversal";1;0;1;0;0;0;0;0;0;0;1;1;0;0;0
"07/09/2014";"08:00:00";"699";"sem vítima";"141.3";"BR-116/SC";"Sul";"Colisão Lateral";1;0;1;0;0;0;0;0;0;0;2;0;0;0;0
"08/09/2014";"03:56:00";"710";"com vítima";"266.8";"BR-116/SC";"Norte";"Saida de Pista";1;0;0;0;0;0;0;0;0;0;0;1;0;0;0
"08/09/2014";"05:45:00";"717";"sem vítima";"245";"BR-116/SC";"Sul";"Colisão Transversal";1;0;1;0;0;0;0;0;0;0;2;0;0;0;0
"08/09/2014";"03:59:00";"775";"com vítima";"5";"BR-116/SC";"Norte";"Colisão Traseira";0;0;1;1;0;0;0;0;0;0;1;1;0;0;0
"08/09/2014";"05:43:00";"791";"sem vítima";"133";"BR-116/PR";"Norte";"Colisão Traseira";2;0;0;0;0;0;0;0;0;0;4;0;0;0;0
"08/09/2014";"06:59:00";"802";"sem vítima";"131";"BR-116/PR";"Sul";"Colisão Transversal";2;0;0;0;0;0;0;0;0;0;3;0;0;0;0
"08/09/2014";"07:13:00";"804";"com vítima";"131";"BR-116/PR";"Sul";"Colisão Transversal";2;0;0;1;0;0;0;0;0;0;4;1;0;0;0
"09/09/2014";"06:43:00";"828";"sem vítima";"140.5";"BR-116/SC";"Sul";"Colisão Transversal";0;0;0;0;1;0;0;0;0;1;3;0;0;0;0
"09/09/2014";"09:55:00";"850";"sem vítima";"230";"BR-116/SC";"Sul";"Objeto lançado contra veículo";1;0;0;0;0;0;0;0;0;0;1;0;0;0;0
"09/09/2014";"10:27:00";"855";"sem vítima";"169";"BR-116/PR";"Sul";"Objeto lançado contra veículo";1;0;0;0;0;0;0;0;0;0;1;0;0;0;0
"09/09/2014";"01:29:00";"878";"sem vítima";"164.1";"BR-116/SC";"Norte";"Colisão Traseira";1;0;0;0;0;0;0;0;0;1;6;0;0;0;0
"09/09/2014";"04:14:00";"899";"com vítima";"210";"BR-116/PR";"Norte";"Colisão Lateral";1;0;0;1;0;0;0;0;0;0;1;0;0;1;0
"09/09/2014";"07:07:00";"921";"sem vítima";"276.8";"BR-116/SC";"Norte";"Atropelamento de Animal";1;0;0;0;0;0;0;0;0;0;1;0;0;0;0
"09/09/2014";"07:30:00";"927";"sem vítima";"117.2";"BR-116/PR";"Sul";"Colisão Traseira";3;0;0;0;0;0;0;0;0;0;3;0;0;0;0
"10/09/2014";"09:56:00";"978";"com vítima";"169.5";"BR-116/SC";"Norte";"Saida de Pista";0;0;0;0;0;0;0;0;0;1;0;0;0;2;0
"10/09/2014";"10:02:00";"980";"sem vítima";"141";"BR-116/PR";"Norte";"Objeto lançado contra veículo";1;0;0;0;0;0;0;0;0;0;2;0;0;0;0
"10/09/2014";"11:34:00";"991";"sem vítima";"30";"BR-116/SC";"Sul";"Colisão Traseira";0;0;2;0;0;0;0;0;0;0;2;0;0;0;0
"10/09/2014";"04:16:00";"1024";"sem vítima";"128";"BR-116/PR";"Norte";"Colisão Transversal";0;0;0;0;0;0;0;0;0;2;2;0;0;0;0
"10/09/2014";"04:54:00";"1027";"sem vítima";"116";"BR-116/PR";"Sul";"Colisão Traseira";1;0;1;0;0;0;0;0;0;0;2;0;0;0;0
"10/09/2014";"06:23:00";"1038";"sem vítima";"117";"BR-116/PR";"Norte";"Colisão Traseira";2;0;0;0;0;0;0;0;0;0;2;0;0;0;0
"11/09/2014";"06:01:00";"1069";"sem vítima";"125.8";"BR-116/PR";"Norte";"Colisão Traseira";1;0;1;0;0;0;0;0;0;0;2;0;0;0;0
"11/09/2014";"08:08:00";"1079";"com vítima";"161";"BR-116/PR";"Norte";"Colisão Transversal";2;0;0;0;0;0;0;0;0;0;1;2;0;1;0
"11/09/2014";"10:50:00";"1106";"sem vítima";"37";"BR-116/SC";"Sul";"Colisão Lateral";1;0;1;0;0;0;0;0;0;0;2;0;0;0;0
"11/09/2014";"12:33:00";"1112";"sem vítima";"201.5";"BR-116/PR";"Sul";"Colisão Lateral";1;0;0;0;0;0;0;0;0;0;1;0;0;0;0
"11/09/2014";"01:44:00";"1118";"sem vítima";"142";"BR-116/PR";"Norte";"Colisão Traseira";2;0;0;0;0;0;0;0;0;0;3;0;0;0;0
"11/09/2014";"02:54:00";"1130";"sem vítima";"160";"BR-116/SC";"Norte";"Objeto lançado contra veículo";0;0;1;0;0;0;0;0;0;0;1;0;0;0;0
"11/09/2014";"05:05:00";"1142";"sem vítima";"6.95";"BR-116/SC";"Sul";"Colisão Transversal";2;0;0;0;0;0;0;0;0;0;2;0;0;0;0
"11/09/2014";"05:30:00";"1145";"sem vítima";"150.7";"BR-116/PR";"Norte";"Colisão Traseira";0;0;2;0;0;0;0;0;0;0;2;0;0;0;0
"11/09/2014";"07:04:00";"1152";"sem vítima";"209";"BR-116/SC";"Sul";"Colisão Transversal";2;0;0;0;0;0;0;0;0;0;2;0;0;0;0
"11/09/2014";"09:12:00";"1157";"sem vítima";"154";"BR-116/SC";"Sul";"Choque - Objeto sobre a pista";1;0;0;0;0;0;0;0;0;0;1;0;0;0;0
"12/09/2014";"02:51:00";"1180";"sem vítima";"205.9";"BR-116/PR";"Sul";"Saida de Pista";1;0;0;0;0;0;0;0;0;0;1;0;0;0;0
"12/09/2014";"07:31:00";"1192";"com vítima";"135.4";"BR-116/PR";"Sul";"Tombamento";0;0;1;0;0;1;0;0;0;0;1;1;0;0;0
"12/09/2014";"02:51:00";"1233";"com vítima";"159.8";"BR-116/PR";"Norte";"Colisão Transversal";2;0;0;0;0;0;0;0;0;0;3;1;0;0;0
"12/09/2014";"04:08:00";"1241";"sem vítima";"199";"BR-116/PR";"Sul";"Objeto lançado contra veículo";1;0;0;0;0;0;0;0;0;0;1;0;0;0;0
"12/09/2014";"04:48:00";"1249";"sem vítima";"27.9";"BR-116/SC";"Sul";"Engavetamento";2;0;1;0;0;0;0;0;0;0;4;0;0;0;0
"12/09/2014";"06:28:00";"1255";"com vítima";"122.6";"BR-116/PR";"Norte";"Choque - Veiculo parado na pista";1;0;0;1;0;0;0;0;0;0;1;0;0;1;0
"12/09/2014";"09:52:00";"1267";"sem vítima";"134";"BR-116/SC";"Sul";"Objeto lançado contra veículo";1;0;0;0;0;0;0;0;0;0;1;0;0;0;0
"12/09/2014";"10:52:00";"1274";"sem vítima";"134";"BR-116/SC";"Norte";"Objeto lançado contra veículo";1;0;0;0;0;0;0;0;0;0;1;0;0;0;0
"13/09/2014";"02:42:00";"1281";"sem vítima";"120";"BR-116/PR";"Norte";"Colisão Traseira";2;0;0;0;0;0;0;0;0;0;2;0;0;0;0
"13/09/2014";"08:58:00";"1298";"sem vítima";"149.95";"BR-116/PR";"Sul";"Colisão Transversal";1;0;0;0;0;0;0;0;0;1;6;0;0;0;0
"13/09/2014";"12:50:00";"1318";"sem vítima";"203.8";"BR-116/PR";"Sul";"Colisão Traseira";0;0;3;0;0;0;0;0;0;0;3;0;0;0;0
"13/09/2014";"02:51:00";"1339";"sem vítima";"124";"BR-116/SC";"Norte";"Objeto lançado contra veículo";0;0;0;0;0;0;0;0;0;1;3;0;0;0;0
"13/09/2014";"04:21:00";"1351";"com vítima";"213.9";"BR-116/SC";"Norte";"Colisão Frontal";1;0;2;0;0;0;0;0;0;0;2;0;0;1;1
"13/09/2014";"07:35:00";"1367";"sem vítima";"126";"BR-116/PR";"Norte";"Queda de Moto";0;0;0;1;0;0;0;0;0;0;1;0;0;0;0
"13/09/2014";"08:12:00";"1371";"sem vítima";"298.5";"BR-116/SC";"Sul";"Choque - Objeto sobre a pista";1;0;0;0;0;0;0;0;0;0;1;0;0;0;0
"13/09/2014";"09:59:00";"1381";"sem vítima";"298.5";"BR-116/SC";"Sul";"Choque - Objeto sobre a pista";1;0;0;0;0;0;0;0;0;0;5;0;0;0;0
"14/09/2014";"06:27:00";"1400";"com vítima";"53";"BR-116/SC";"Norte";"Saida de Pista";1;0;0;0;0;0;0;0;0;0;1;1;0;0;0
"14/09/2014";"10:09:00";"1413";"sem vítima";"118.8";"BR-116/PR";"Sul";"Saida de Pista";1;0;0;0;0;0;0;0;0;0;1;0;0;0;0
"14/09/2014";"10:26:00";"1414";"sem vítima";"152";"BR-116/SC";"Sul";"Choque - Suporte de Sinalização";0;0;1;0;0;1;0;0;0;0;2;0;0;0;0
"14/09/2014";"10:49:00";"1418";"sem vítima";"246";"BR-116/SC";"Sul";"Colisão Transversal";1;0;1;0;0;0;0;0;0;0;2;0;0;0;0
"14/09/2014";"04:11:00";"1449";"com vítima";"93.1";"BR-116/SC";"Norte";"Saida de Pista";1;0;0;0;0;0;0;0;0;0;0;1;0;0;0
"14/09/2014";"08:27:00";"1483";"com vítima";"75.2";"BR-116/SC";"Sul";"Saida de Pista";1;0;0;0;0;0;0;0;0;0;2;1;0;0;0
"14/09/2014";"08:45:00";"1486";"sem vítima";"129.3";"BR-116/PR";"Norte";"Colisão Lateral";1;0;1;0;0;0;0;0;0;0;6;0;0;0;0
"15/09/2014";"02:50:00";"1509";"sem vítima";"129.2";"BR-116/PR";"Sul";"Choque - Defensa, barreira ou "submarino"";1;0;0;0;0;0;0;0;0;0;1;0;0;0;0
"15/09/2014";"07:50:00";"1529";"com vítima";"2.1";"BR-116/SC";"Sul";"Colisão Transversal";1;0;0;1;0;0;0;0;0;0;2;1;0;0;0
"15/09/2014";"05:09:00";"1588";"com vítima";"198.35";"BR-116/SC";"Norte";"Colisão Transversal";2;0;0;0;0;0;0;0;0;0;1;5;0;0;0
"15/09/2014";"05:32:00";"1590";"com vítima";"218.4";"BR-116/SC";"Sul";"Colisão Transversal";1;0;1;0;0;0;0;0;0;0;2;1;0;0;0
"15/09/2014";"07:12:00";"1597";"com vítima";"174.3";"BR-116/SC";"Norte";"Saida de Pista";0;0;1;0;0;0;0;0;0;0;0;1;0;0;0
"16/09/2014";"05:03:00";"1622";"sem vítima";"132.5";"BR-116/SC";"Sul";"Saida de Pista";1;0;0;0;0;0;0;0;0;0;4;0;0;0;0
"16/09/2014";"06:51:00";"1627";"sem vítima";"184";"BR-116/SC";"Sul";"Outros";0;0;1;0;0;0;0;0;0;0;1;0;0;0;0
"16/09/2014";"12:02:00";"1667";"sem vítima";"52.45";"BR-116/SC";"Norte";"Saida de Pista";1;0;0;0;0;1;0;0;0;0;2;0;0;0;0
"16/09/2014";"01:18:00";"1672";"sem vítima";"130.5";"BR-116/SC";"Sul";"Choque - Objeto sobre a pista";1;0;0;0;0;0;0;0;0;0;1;0;0;0;0
"16/09/2014";"05:15:00";"1701";"sem vítima";"189";"BR-116/PR";"Norte";"Saida de Pista";0;0;1;0;0;0;0;0;0;0;1;0;0;0;0
"16/09/2014";"09:29:00";"1722";"com vítima";"142.2";"BR-116/PR";"Norte";"Tombamento";0;0;1;0;0;0;0;0;0;0;1;0;0;1;0
"17/09/2014";"03:15:00";"1738";"sem vítima";"118.6";"BR-116/PR";"Sul";"Saida de Pista";1;0;0;0;0;0;0;0;0;0;1;0;0;0;0
"17/09/2014";"07:15:00";"1748";"sem vítima";"122.4";"BR-116/PR";"Norte";"Choque - Defensa, barreira ou "submarino"";1;0;0;0;0;0;0;0;0;0;1;0;0;0;0
"17/09/2014";"05:09:00";"1812";"sem vítima";"196";"BR-116/PR";"Sul";"Objeto lançado contra veículo";1;0;0;0;0;0;0;0;0;0;4;0;0;0;0
"17/09/2014";"05:45:00";"1819";"sem vítima";"193";"BR-116/PR";"Sul";"Objeto lançado contra veículo";1;0;0;0;0;0;0;0;0;0;1;0;0;0;0
"17/09/2014";"05:51:00";"1821";"sem vítima";"117";"BR-116/PR";"Sul";"Colisão Lateral";1;0;1;0;0;0;0;0;0;0;2;0;0;0;0
"17/09/2014";"06:41:00";"1827";"com vítima";"164.6";"BR-116/PR";"Sul";"Atropelamento - Outros";1;0;0;0;0;0;0;0;0;0;1;0;0;0;1
"17/09/2014";"07:17:00";"1830";"sem vítima";"69.2";"BR-116/SC";"Sul";"Choque - Poste";0;0;1;0;0;0;0;0;0;0;1;0;0;0;0
"17/09/2014";"10:18:00";"1839";"sem vítima";"193";"BR-116/PR";"Norte";"Objeto lançado contra veículo";1;0;0;0;0;0;0;0;0;0;1;0;0;0;0
"17/09/2014";"11:39:00";"1843";"sem vítima";"129.4";"BR-116/PR";"Sul";"Colisão Traseira";1;0;1;0;0;0;0;0;0;0;2;0;0;0;0
"18/09/2014";"03:41:00";"1852";"sem vítima";"232.2";"BR-116/SC";"Sul";"Saida de Pista";1;0;0;0;0;0;0;0;0;0;1;0;0;0;0
"18/09/2014";"07:53:00";"1864";"sem vítima";"130.7";"BR-116/PR";"Norte";"Saida de Pista";1;0;0;0;0;0;0;0;0;0;2;0;0;0;0
"18/09/2014";"09:03:00";"1878";"sem vítima";"122.4";"BR-116/PR";"Sul";"Colisão Lateral";1;0;1;0;0;0;0;0;0;0;4;0;0;0;0
"18/09/2014";"11:33:00";"1948";"com vítima";"123.6";"BR-116/PR";"Sul";"Colisão Traseira";1;0;0;1;0;0;0;0;0;0;1;0;0;1;0
"19/09/2014";"12:14:00";"1949";"sem vítima";"219";"BR-116/SC";"Norte";"Saida de Pista";0;0;1;0;0;0;0;0;0;0;1;0;0;0;0
"19/09/2014";"02:44:00";"1953";"sem vítima";"205";"BR-116/PR";"Norte";"Saida de Pista";0;0;0;0;0;0;0;0;0;1;1;0;0;0;0
"19/09/2014";"02:45:00";"1954";"com vítima";"155";"BR-116/SC";"Norte";"Saida de Pista";0;0;1;0;0;0;0;0;0;0;0;0;0;0;1
"19/09/2014";"08:34:00";"1969";"sem vítima";"117";"BR-116/PR";"Sul";"Colisão Traseira";1;0;0;0;0;1;0;0;0;0;2;0;0;0;0
"19/09/2014";"11:22:00";"2043";"com vítima";"53.2";"BR-116/SC";"Sul";"Colisão Frontal";1;0;0;0;1;0;0;0;0;0;1;0;0;3;0
"19/09/2014";"11:41:00";"2045";"sem vítima";"235.8";"BR-116/SC";"Sul";"Saida de Pista";1;0;0;0;0;1;0;0;0;0;2;0;0;0;0
"20/09/2014";"04:25:00";"2060";"sem vítima";"182.4";"BR-116/PR";"Norte";"Choque - Objeto sobre a pista";0;0;1;0;0;0;0;0;0;0;1;0;0;0;0
"20/09/2014";"06:13:00";"2122";"com vítima";"156.8";"BR-116/PR";"Sul";"Colisão Transversal";2;0;0;0;0;0;0;0;0;0;1;2;0;0;0
"20/09/2014";"06:13:00";"2123";"sem vítima";"128.1";"BR-116/PR";"Norte";"Choque - Poste";1;0;0;0;0;0;0;0;0;0;2;0;0;0;0
"20/09/2014";"06:56:00";"2126";"sem vítima";"66";"BR-116/SC";"Sul";"Atropelamento de Animal";1;0;0;0;0;0;0;0;0;0;3;0;0;0;0
"20/09/2014";"07:38:00";"2131";"com vítima";"208.5";"BR-116/SC";"Sul";"Atropelamento - Ciclista";1;1;0;0;0;0;0;0;0;0;1;0;0;1;0
"20/09/2014";"10:53:00";"2143";"sem vítima";"220.4";"BR-116/SC";"Sul";"Colisão Transversal";0;0;2;0;0;0;0;0;0;0;2;0;0;0;0
"21/09/2014";"03:46:00";"2155";"sem vítima";"51.9";"BR-116/SC";"Norte";"Saida de Pista";1;0;0;0;0;0;0;0;0;0;1;0;0;0;0
"21/09/2014";"04:52:00";"2158";"com vítima";"51.6";"BR-116/SC";"Sul";"Colisão Frontal";1;0;1;0;0;0;0;0;0;0;1;1;0;1;1
"21/09/2014";"12:43:00";"2189";"sem vítima";"145.6";"BR-116/PR";"Sul";"Colisão Lateral";3;0;0;0;0;0;0;0;0;0;3;0;0;0;0
"21/09/2014";"04:25:00";"2211";"sem vítima";"22.48";"BR-116/SC";"Norte";"Colisão Traseira";2;0;0;0;0;0;0;0;0;0;4;0;0;0;0
"21/09/2014";"05:03:00";"2215";"com vítima";"123";"BR-116/PR";"Norte";"Colisão Traseira";2;0;0;0;0;0;0;0;0;0;7;3;0;0;0