data;horario;n_da_ocorrencia;tipo_de_ocorrencia;km;trecho;sentido;tipo_de_acidente;automovel;bicicleta;caminhao;moto;onibus;outros;tracao_animal;transporte_de_cargas_especiais;trator_maquinas;utilitarios;ilesos;levemente_feridos;moderadamente_feridos;gravemente_feridos;mortos
"21/09/2014";"05:42:00";"2220";"com vítima";"52.5";"BR-116/SC";"Norte";"Engavetamento";4;0;0;0;0;0;0;0;0;0;4;1;0;0;0
"21/09/2014";"06:37:00";"2226";"sem vítima";"131";"BR-116/PR";"Sul";"Colisão Transversal";2;0;0;0;0;0;0;0;0;0;4;0;0;0;0
"21/09/2014";"08:39:00";"2232";"sem vítima";"170.5";"BR-116/SC";"Sul";"Saida de Pista";1;0;0;0;0;0;0;0;0;0;1;0;0;0;0
"21/09/2014";"09:59:00";"2248";"sem vítima";"117";"BR-116/PR";"Sul";"Colisão Traseira";2;0;0;0;0;0;0;0;0;0;3;0;0;0;0
"21/09/2014";"09:59:00";"2242";"sem vítima";"117";"BR-116/PR";"Sul";"Choque - Veiculo parado na pista";2;0;0;0;0;0;0;0;0;0;2;0;0;0;0
"22/09/2014";"07:40:00";"2265";"sem vítima";"173";"BR-116/SC";"Norte";"Colisão Lateral";1;0;1;0;0;0;0;0;0;0;4;0;0;0;0
"22/09/2014";"02:00:00";"2317";"sem vítima";"147.5";"BR-116/PR";"Sul";"Colisão Transversal";2;0;0;0;0;0;0;0;0;0;2;0;0;0;0
"22/09/2014";"03:41:00";"2328";"sem vítima";"152";"BR-116/SC";"Norte";"Choque - Outros";0;0;1;0;0;0;0;0;0;0;1;0;0;0;0
"22/09/2014";"04:58:00";"2337";"sem vítima";"77.9";"BR-116/SC";"Sul";"Colisão Lateral";1;0;1;0;0;0;0;0;0;0;6;0;0;0;0
"22/09/2014";"07:08:00";"2353";"sem vítima";"222";"BR-116/SC";"Sul";"Colisão Frontal";1;0;1;0;0;0;0;0;0;0;2;0;0;0;0
"22/09/2014";"08:55:00";"2357";"sem vítima";"241.8";"BR-116/SC";"Norte";"Choque - Objeto sobre a pista";1;0;0;0;0;0;0;0;0;0;1;0;0;0;0
"22/09/2014";"10:45:00";"2367";"sem vítima";"133";"BR-116/SC";"Sul";"Saida de Pista";0;0;1;0;0;0;0;0;0;0;1;0;0;0;0
"23/09/2014";"07:17:00";"2476";"com vítima";"166.8";"BR-116/PR";"Norte";"Colisão Transversal";1;0;0;1;0;0;0;0;0;0;1;1;0;0;0
"23/09/2014";"07:23:00";"2478";"sem vítima";"117.8";"BR-116/PR";"Sul";"Colisão Traseira";2;0;0;0;0;0;0;0;0;0;2;0;0;0;0
"23/09/2014";"08:56:00";"2482";"com vítima";"2.6";"BR-116/SC";"Norte";"Colisão Frontal";1;0;1;0;0;0;0;0;0;0;1;0;0;0;1
"23/09/2014";"09:48:00";"2486";"sem vítima";"162";"BR-116/PR";"Norte";"Atropelamento de Animal";0;0;0;0;0;0;0;0;0;1;1;0;0;0;0
"24/09/2014";"10:49:00";"2545";"com vítima";"181.09";"BR-116/SC";"Sul";"Colisão Frontal";2;0;0;0;0;0;0;0;0;0;0;3;0;1;0
"24/09/2014";"02:15:00";"2562";"sem vítima";"210.7";"BR-116/SC";"Norte";"Saida de Pista";1;0;0;0;0;0;0;0;0;0;1;0;0;0;0
"24/09/2014";"05:12:00";"2581";"com vítima";"129";"BR-116/PR";"Norte";"Colisão Transversal";0;0;0;2;0;0;0;0;0;0;1;0;0;1;0
"24/09/2014";"07:16:00";"2596";"sem vítima";"235.7";"BR-116/SC";"Norte";"Saida de Pista";1;0;0;0;0;0;0;0;0;0;1;0;0;0;0
"24/09/2014";"10:18:00";"2608";"sem vítima";"117.6";"BR-116/PR";"Sul";"Colisão Lateral";1;0;1;0;0;0;0;0;0;0;2;0;0;0;0
"25/09/2014";"12:02:00";"2611";"com vítima";"129.4";"BR-116/PR";"Norte";"Colisão Transversal";2;0;0;0;0;0;0;0;0;0;3;1;0;0;0
"25/09/2014";"06:29:00";"2627";"sem vítima";"128.1";"BR-116/PR";"Norte";"Choque - Veiculo parado na pista";3;0;0;0;0;0;0;0;0;0;3;0;0;0;0
"25/09/2014";"07:59:00";"2638";"com vítima";"131.8";"BR-116/PR";"Norte";"Colisão Transversal";1;0;0;0;0;0;0;0;0;1;3;1;0;0;0
"25/09/2014";"10:49:00";"2653";"sem vítima";"193";"BR-116/PR";"Norte";"Saida de Pista";0;0;1;0;0;0;0;0;0;0;1;0;0;0;0
"25/09/2014";"11:35:00";"2659";"com vítima";"129.3";"BR-116/PR";"Norte";"Colisão Transversal";1;0;0;1;0;0;0;0;0;0;1;0;0;1;0
"25/09/2014";"05:04:00";"2696";"sem vítima";"134";"BR-116/PR";"Norte";"Choque - Cancela de Pedagio";0;0;1;0;0;0;0;0;0;0;1;0;0;0;0
"25/09/2014";"05:43:00";"2702";"sem vítima";"145.4";"BR-116/PR";"Sul";"Colisão Frontal";2;0;0;0;0;1;0;0;0;0;5;0;0;0;0
"25/09/2014";"07:07:00";"2710";"sem vítima";"130";"BR-116/PR";"Sul";"Saida de Pista";1;0;0;0;0;0;0;0;0;0;1;0;0;0;0
"26/09/2014";"02:47:00";"2734";"sem vítima";"191.6";"BR-116/PR";"Norte";"Saida de Pista";1;0;0;0;0;0;0;0;0;0;1;0;0;0;0
"26/09/2014";"08:28:00";"2754";"sem vítima";"7";"BR-116/SC";"Sul";"Colisão Lateral";0;0;1;0;0;0;0;0;0;1;2;0;0;0;0
"26/09/2014";"08:51:00";"2757";"sem vítima";"203";"BR-116/PR";"Sul";"Choque - Cancela de Pedagio";1;0;0;0;0;0;0;0;0;0;2;0;0;0;0
"26/09/2014";"10:49:00";"2768";"sem vítima";"288.7";"BR-116/SC";"Norte";"Colisão Traseira";1;0;0;0;0;1;0;0;0;0;2;0;0;0;0
"26/09/2014";"02:18:00";"2785";"com vítima";"201.8";"BR-116/PR";"Sul";"Saida de Pista";0;0;1;0;0;0;0;0;0;0;0;1;0;0;0
"26/09/2014";"02:58:00";"2792";"sem vítima";"172.5";"BR-116/SC";"Sul";"Colisão Traseira";2;0;0;0;0;0;0;0;0;0;4;0;0;0;0
"26/09/2014";"04:49:00";"2807";"sem vítima";"117.5";"BR-116/PR";"Norte";"Colisão Traseira";2;0;0;0;0;0;0;0;0;0;2;0;0;0;0
"26/09/2014";"06:43:00";"2826";"sem vítima";"238";"BR-116/SC";"Sul";"Colisão Traseira";2;0;0;0;0;0;0;0;0;0;5;0;0;0;0
"26/09/2014";"08:25:00";"2834";"sem vítima";"193.6";"BR-116/SC";"Norte";"Outros";0;0;1;0;0;0;0;0;0;0;1;0;0;0;0
"26/09/2014";"09:16:00";"2835";"com vítima";"150.4";"BR-116/PR";"Norte";"Colisão Frontal";1;0;1;0;0;0;0;0;0;0;1;0;0;0;2
"26/09/2014";"10:14:00";"2839";"sem vítima";"112.2";"BR-116/SC";"Norte";"Colisão Lateral";1;0;1;0;0;0;0;0;0;0;2;0;0;0;0
"27/09/2014";"09:36:00";"2872";"sem vítima";"6.2";"BR-116/SC";"Norte";"Colisão Traseira";2;0;0;0;0;0;0;0;0;0;2;0;0;0;0
"27/09/2014";"04:19:00";"2893";"sem vítima";"137.5";"BR-116/PR";"Norte";"Saida de Pista";1;0;0;0;0;0;0;0;0;0;2;0;0;0;0
"27/09/2014";"06:25:00";"2901";"sem vítima";"152.5";"BR-116/SC";"Sul";"Colisão Transversal";2;0;0;0;0;0;0;0;0;0;2;0;0;0;0
"27/09/2014";"08:34:00";"2909";"sem vítima";"154";"BR-116/PR";"Sul";"Objeto lançado contra veículo";1;0;0;0;0;0;0;0;0;0;1;0;0;0;0
"27/09/2014";"09:43:00";"2912";"sem vítima";"150.3";"BR-116/PR";"Sul";"Atropelamento de Animal";1;0;0;0;0;0;0;0;0;0;3;0;0;0;0
"28/09/2014";"01:48:00";"2928";"sem vítima";"243.9";"BR-116/SC";"Norte";"Choque - Objeto sobre a pista";1;0;0;0;0;0;0;0;0;0;1;0;0;0;0
"28/09/2014";"03:41:00";"2933";"com vítima";"143.2";"BR-116/PR";"Norte";"Saida de Pista";1;0;0;0;0;0;0;0;0;0;3;2;0;0;0
"28/09/2014";"02:25:00";"2962";"sem vítima";"194.5";"BR-116/PR";"Sul";"Saida de Pista";0;0;1;0;0;0;0;0;0;0;1;0;0;0;0
"28/09/2014";"03:53:00";"2972";"sem vítima";"151";"BR-116/SC";"Sul";"Outros";1;0;0;0;0;0;0;0;0;0;4;0;0;0;0
"28/09/2014";"05:11:00";"2978";"sem vítima";"133.1";"BR-116/PR";"Norte";"Saida de Pista";0;0;0;0;0;0;0;0;0;1;2;0;0;0;0
"28/09/2014";"06:34:00";"2984";"com vítima";"52";"BR-116/SC";"Norte";"Colisão Traseira";1;0;1;0;0;0;0;0;0;0;2;1;0;0;0
"28/09/2014";"06:35:00";"2985";"sem vítima";"154";"BR-116/SC";"Sul";"Engavetamento";3;0;0;0;0;0;0;0;0;0;7;0;0;0;0
"29/09/2014";"07:38:00";"3028";"com vítima";"115.8";"BR-116/PR";"Sul";"Queda de Moto";0;0;0;1;0;0;0;0;0;0;0;1;0;0;0
"29/09/2014";"02:50:00";"3072";"sem vítima";"233";"BR-116/SC";"Sul";"Choque - Objeto sobre a pista";0;0;1;0;0;0;0;0;0;0;1;0;0;0;0
"29/09/2014";"05:41:00";"3091";"com vítima";"127.2";"BR-116/PR";"Sul";"Saida de Pista";1;0;0;0;0;0;0;0;0;0;1;1;0;0;0
"29/09/2014";"08:01:00";"3101";"sem vítima";"255";"BR-116/SC";"Sul";"Colisão Lateral";0;0;2;0;0;0;0;0;0;0;2;0;0;0;0
"30/09/2014";"12:19:00";"3115";"sem vítima";"126.2";"BR-116/PR";"Sul";"Saida de Pista";1;0;0;0;0;0;0;0;0;0;1;0;0;0;0
"30/09/2014";"09:37:00";"3140";"sem vítima";"52.1";"BR-116/SC";"Norte";"Choque - Veiculo parado na pista";1;0;1;0;0;0;0;0;0;0;2;0;0;0;0
"30/09/2014";"10:21:00";"3142";"com vítima";"157.39";"BR-116/SC";"Sul";"Colisão Frontal";1;0;1;0;0;0;0;0;0;0;0;1;0;0;1
"30/09/2014";"02:13:00";"3166";"sem vítima";"54";"BR-116/SC";"Norte";"Colisão Lateral";1;0;1;0;0;0;0;0;0;0;2;0;0;0;0
"30/09/2014";"03:54:00";"3177";"sem vítima";"194";"BR-116/PR";"Sul";"Saida de Pista";0;0;1;0;0;0;0;0;0;0;1;0;0;0;0
"30/09/2014";"10:33:00";"3213";"sem vítima";"127.2";"BR-116/PR";"Norte";"Outros";1;0;0;0;0;0;0;0;0;0;2;0;0;0;0
"30/09/2014";"10:56:00";"3218";"sem vítima";"127.2";"BR-116/PR";"Norte";"Outros";1;0;0;0;0;0;0;0;0;0;1;0;0;0;0
"01/10/2014";"02:08:00";"11";"sem vítima";"183";"BR-116/PR";"Sul";"Choque - Objeto sobre a pista";0;0;1;0;0;0;0;0;0;0;1;0;0;0;0
"01/10/2014";"05:43:00";"22";"sem vítima";"146";"BR-116/PR";"Norte";"Choque - Arvore";1;0;0;0;0;0;0;0;0;0;2;0;0;0;0
"01/10/2014";"07:26:00";"31";"com vítima";"148.1";"BR-116/PR";"Norte";"Colisão Transversal";0;0;0;1;1;0;0;0;0;0;3;0;0;1;0
"01/10/2014";"12:22:00";"57";"sem vítima";"180";"BR-116/SC";"Sul";"Objeto lançado contra veículo";1;0;0;0;0;0;0;0;0;0;1;0;0;0;0
"01/10/2014";"02:42:00";"71";"com vítima";"167";"BR-116/PR";"Norte";"Colisão Transversal";2;0;0;0;0;0;0;0;0;0;2;2;0;0;0
"01/10/2014";"05:11:00";"86";"com vítima";"208.9";"BR-116/PR";"Norte";"Atropelamento - Ciclista";1;1;0;0;0;0;0;0;0;0;1;1;0;0;0
"02/10/2014";"02:18:00";"132";"com vítima";"47.4";"BR-116/SC";"Norte";"Choque - Defensa, barreira ou "submarino"";1;0;0;0;0;0;0;0;0;0;0;1;0;0;0
"02/10/2014";"07:08:00";"146";"sem vítima";"122.1";"BR-116/PR";"Sul";"Colisão Traseira";2;0;0;0;0;0;0;0;0;0;2;0;0;0;0
"02/10/2014";"08:01:00";"154";"com vítima";"129.5";"BR-116/PR";"Norte";"Colisão Transversal";0;0;0;2;0;0;0;0;0;0;1;1;0;0;0
"02/10/2014";"08:23:00";"155";"sem vítima";"129";"BR-116/PR";"Norte";"Colisão Traseira";2;0;0;0;0;0;0;0;0;0;5;0;0;0;0
"02/10/2014";"09:17:00";"160";"sem vítima";"34";"BR-116/SC";"Sul";"Colisão Traseira";0;0;2;0;0;0;0;0;0;0;2;0;0;0;0
"02/10/2014";"10:32:00";"167";"sem vítima";"33.2";"BR-116/SC";"Norte";"Colisão Traseira";1;0;1;0;0;0;0;0;0;0;2;0;0;0;0
"02/10/2014";"02:04:00";"185";"sem vítima";"127.4";"BR-116/PR";"Sul";"Colisão Lateral";2;0;0;0;0;0;0;0;0;0;2;0;0;0;0
"02/10/2014";"03:52:00";"201";"sem vítima";"38.3";"BR-116/SC";"Norte";"Outros";0;0;1;0;0;0;0;0;0;0;1;0;0;0;0
"02/10/2014";"05:22:00";"215";"sem vítima";"21";"BR-116/SC";"Sul";"Colisão Lateral";1;0;0;0;0;0;0;0;0;1;4;0;0;0;0
"02/10/2014";"06:24:00";"217";"sem vítima";"48.1";"BR-116/SC";"Norte";"Colisão Lateral";2;0;0;0;0;0;0;0;0;0;6;0;0;0;0
"02/10/2014";"10:01:00";"232";"sem vítima";"121";"BR-116/PR";"Sul";"Colisão Traseira";2;0;0;0;0;0;0;0;0;0;2;0;0;0;0
"03/10/2014";"08:21:00";"271";"com vítima";"251.495";"BR-116/SC";"Sul";"Colisão Transversal";2;0;0;0;0;0;0;0;0;0;3;1;0;0;0
"03/10/2014";"12:38:00";"300";"sem vítima";"117";"BR-116/PR";"Sul";"Colisão Transversal";1;0;0;0;0;1;0;0;0;0;2;0;0;0;0
"03/10/2014";"05:42:00";"328";"com vítima";"217.4";"BR-116/SC";"Sul";"Colisão Transversal";2;0;1;0;0;0;0;0;0;0;1;1;0;1;0
"03/10/2014";"06:45:00";"335";"sem vítima";"115";"BR-116/PR";"Norte";"Engavetamento";4;0;0;0;0;0;0;0;0;0;6;0;0;0;0
"04/10/2014";"12:02:00";"362";"sem vítima";"124.1";"BR-116/PR";"Norte";"Saida de Pista";1;0;0;0;0;0;0;0;0;0;3;0;0;0;0
"04/10/2014";"12:47:00";"367";"sem vítima";"183.3";"BR-116/SC";"Norte";"Saida de Pista";1;0;0;0;0;0;0;0;0;0;1;0;0;0;0
"04/10/2014";"01:13:00";"369";"com vítima";"120";"BR-116/PR";"Norte";"Colisão Frontal";2;0;0;0;0;0;0;0;0;0;0;0;0;1;1
"04/10/2014";"11:53:00";"401";"sem vítima";"134";"BR-116/PR";"Sul";"Choque - Veiculo parado na pista";0;0;1;1;0;0;0;0;0;0;2;0;0;0;0
"04/10/2014";"12:35:00";"405";"sem vítima";"205";"BR-116/PR";"Norte";"Saida de Pista";1;0;0;0;0;0;0;0;0;0;2;0;0;0;0
"04/10/2014";"03:07:00";"423";"com vítima";"136";"BR-116/PR";"Norte";"Colisão Traseira";2;0;0;0;0;0;0;0;0;0;3;1;0;0;0
"04/10/2014";"06:27:00";"448";"sem vítima";"117";"BR-116/PR";"Sul";"Engavetamento";3;0;0;0;0;0;0;0;0;0;5;0;0;0;0
"04/10/2014";"08:33:00";"456";"com vítima";"119";"BR-116/PR";"Norte";"Colisão Lateral";1;0;0;1;1;0;0;0;0;0;2;2;0;0;0
"05/10/2014";"01:48:00";"502";"sem vítima";"233";"BR-116/SC";"Norte";"Choque - Cancela de Pedagio";1;0;0;0;0;0;0;0;0;0;1;0;0;0;0
"05/10/2014";"06:08:00";"538";"sem vítima";"204";"BR-116/PR";"Norte";"Objeto lançado contra veículo";1;0;0;0;0;0;0;0;0;0;1;0;0;0;0
"05/10/2014";"06:16:00";"540";"sem vítima";"4.5";"BR-116/SC";"Norte";"Choque - Defensa, barreira ou "submarino"";1;0;0;0;0;0;0;0;0;0;3;0;0;0;0
"05/10/2014";"08:43:00";"550";"sem vítima";"303";"BR-116/SC";"Sul";"Colisão Lateral";1;0;1;0;0;0;0;0;0;0;4;0;0;0;0
"05/10/2014";"10:42:00";"560";"sem vítima";"180.1";"BR-116/SC";"Sul";"Colisão Traseira";1;0;1;0;0;0;0;0;0;0;2;0;0;0;0
"06/10/2014";"09:44:00";"596";"sem vítima";"162";"BR-116/SC";"Norte";"Objeto lançado contra veículo";1;0;0;0;0;1;0;0;0;0;2;0;0;0;0
"06/10/2014";"03:59:00";"637";"sem vítima";"66";"BR-116/SC";"Sul";"Objeto lançado contra veículo";1;0;0;0;0;0;0;0;0;0;1;0;0;0;0
"06/10/2014";"07:41:00";"656";"sem vítima";"7";"BR-116/SC";"Norte";"Objeto lançado contra veículo";1;0;0;0;0;0;0;0;0;0;1;0;0;0;0
"07/10/2014";"08:28:00";"686";"sem vítima";"7";"BR-116/SC";"Norte";"Colisão Traseira";2;0;0;0;0;0;0;0;0;1;3;0;0;0;0
"07/10/2014";"12:23:00";"707";"com vítima";"116.9";"BR-116/PR";"Norte";"Atropelamento - Usuário";0;0;1;0;0;0;0;0;0;0;1;1;0;0;0
"07/10/2014";"06:30:00";"746";"com vítima";"116.8";"BR-116/PR";"Sul";"Colisão Lateral";0;0;0;2;0;0;0;0;0;0;1;1;0;0;0
"07/10/2014";"07:10:00";"750";"sem vítima";"111";"BR-116/SC";"Norte";"Atropelamento de Animal";1;0;0;0;0;0;0;0;0;0;1;0;0;0;0
"07/10/2014";"07:21:00";"751";"sem vítima";"233";"BR-116/SC";"Sul";"Choque - Cancela de Pedagio";1;0;0;0;0;0;0;0;0;0;1;0;0;0;0
"07/10/2014";"10:21:00";"763";"sem vítima";"205";"BR-116/PR";"Norte";"Objeto lançado contra veículo";1;0;0;0;0;0;0;0;0;0;1;0;0;0;0
"07/10/2014";"10:32:00";"766";"sem vítima";"115.1";"BR-116/PR";"Norte";"Choque - Defensa, barreira ou "submarino"";1;0;0;0;0;0;0;0;0;0;1;0;0;0;0
"08/10/2014";"05:10:00";"778";"sem vítima";"58";"BR-116/SC";"Norte";"Saida de Pista";0;0;1;0;0;0;0;0;0;0;1;0;0;0;0
"08/10/2014";"06:37:00";"780";"sem vítima";"81";"BR-116/SC";"Norte";"Choque - Cancela de Pedagio";0;0;1;0;0;0;0;0;0;0;1;0;0;0;0
"08/10/2014";"07:34:00";"785";"sem vítima";"198.85";"BR-116/PR";"Norte";"Tombamento";0;0;1;0;0;0;0;0;0;0;1;0;0;0;0
"08/10/2014";"08:05:00";"787";"sem vítima";"198.85";"BR-116/PR";"Norte";"Choque - Veiculo parado no acostamento";2;0;0;0;0;0;0;0;0;0;3;0;0;0;0
"08/10/2014";"09:40:00";"799";"sem vítima";"243.9";"BR-116/SC";"Sul";"Objeto lançado contra veículo";1;0;0;0;0;0;0;0;0;0;1;0;0;0;0
"08/10/2014";"07:13:00";"861";"com vítima";"115.3";"BR-116/PR";"Sul";"Engavetamento";4;0;0;0;0;0;0;0;0;0;4;2;0;0;0
"08/10/2014";"09:25:00";"874";"com vítima";"128.9";"BR-116/PR";"Sul";"Colisão Traseira";2;0;0;0;0;0;0;0;0;0;1;1;0;0;0
"09/10/2014";"06:29:00";"897";"sem vítima";"42";"BR-116/SC";"Norte";"Choque - Veiculo parado no acostamento";0;0;2;0;0;0;0;0;0;0;2;0;0;0;0
"09/10/2014";"07:48:00";"901";"com vítima";"12.3";"BR-116/SC";"Norte";"Colisão Transversal";0;0;0;1;0;0;0;0;0;1;2;1;0;0;0
"09/10/2014";"09:48:00";"912";"com vítima";"68.1";"BR-116/SC";"Norte";"Colisão Lateral";0;0;2;0;0;0;0;0;0;0;1;0;0;1;0
"09/10/2014";"01:43:00";"932";"com vítima";"196.2";"BR-116/PR";"Sul";"Queda de Moto";0;0;0;1;0;0;0;0;0;0;0;2;0;0;0
"09/10/2014";"03:07:00";"939";"sem vítima";"134";"BR-116/PR";"Norte";"Choque - Cancela de Pedagio";0;0;0;0;0;0;0;0;0;1;1;0;0;0;0
"09/10/2014";"05:10:00";"958";"sem vítima";"81";"BR-116/SC";"Norte";"Colisão Traseira";0;0;0;0;1;1;0;0;0;0;2;0;0;0;0
"09/10/2014";"08:00:00";"971";"sem vítima";"121.5";"BR-116/PR";"Norte";"Colisão Lateral";1;0;1;0;0;0;0;0;0;0;2;0;0;0;0
"10/10/2014";"06:12:00";"994";"sem vítima";"117.7";"BR-116/PR";"Norte";"Colisão Traseira";0;0;0;1;0;0;0;0;0;1;2;0;0;0;0
"10/10/2014";"06:59:00";"997";"com vítima";"222";"BR-116/SC";"Norte";"Colisão Traseira";0;0;1;1;0;0;0;0;0;0;1;1;0;0;0
"10/10/2014";"01:06:00";"1029";"sem vítima";"201.35";"BR-116/PR";"Sul";"Saida de Pista";0;0;1;0;0;0;0;0;0;0;3;0;0;0;0
"10/10/2014";"05:41:00";"1063";"com vítima";"121.8";"BR-116/PR";"Norte";"Queda de Moto";0;0;0;1;0;0;0;0;0;0;0;2;0;0;0
"10/10/2014";"07:09:00";"1073";"sem vítima";"225";"BR-116/SC";"Sul";"Atropelamento de Animal";0;0;1;0;0;0;0;0;0;0;1;0;0;0;0
"10/10/2014";"07:58:00";"1079";"sem vítima";"190.9";"BR-116/SC";"Sul";"Saida de Pista";1;0;0;0;0;0;0;0;0;0;1;0;0;0;0
"10/10/2014";"09:46:00";"1086";"sem vítima";"122.7";"BR-116/PR";"Sul";"Saida de Pista";1;0;0;0;0;0;0;0;0;0;1;0;0;0;0
"11/10/2014";"07:56:00";"1131";"sem vítima";"163";"BR-116/SC";"Norte";"Saida de Pista";1;0;0;0;0;0;0;0;0;0;2;0;0;0;0
"11/10/2014";"09:18:00";"1143";"sem vítima";"152.4";"BR-116/PR";"Norte";"Colisão Transversal";1;0;1;0;0;0;0;0;0;0;7;0;0;0;0
"11/10/2014";"02:55:00";"1174";"com vítima";"120.6";"BR-116/PR";"Sul";"Queda de Moto";0;0;0;1;0;0;0;0;0;0;0;2;0;0;0
"11/10/2014";"05:24:00";"1186";"com vítima";"246.4";"BR-116/SC";"Norte";"Atropelamento - Morador";1;0;0;0;0;0;0;0;0;0;1;1;0;0;0
"12/10/2014";"01:54:00";"1219";"sem vítima";"123.3";"BR-116/PR";"Sul";"Saida de Pista";1;0;0;0;0;0;0;0;0;0;1;0;0;0;0
"12/10/2014";"10:24:00";"1260";"sem vítima";"142";"BR-116/PR";"Norte";"Objeto lançado contra veículo";1;0;0;0;0;0;0;0;0;0;4;0;0;0;0
"12/10/2014";"12:34:00";"1271";"com vítima";"42.165";"BR-116/SC";"Sul";"Colisão Transversal";0;0;0;1;0;0;0;0;0;1;1;2;0;0;0
"12/10/2014";"06:46:00";"1309";"com vítima";"197.6";"BR-116/SC";"Sul";"Colisão Lateral";2;0;0;0;0;0;0;0;0;0;0;2;0;0;0
"12/10/2014";"07:07:00";"1312";"sem vítima";"134";"BR-116/PR";"Norte";"Colisão Traseira";1;0;0;0;1;0;0;0;0;0;2;0;0;0;0
"12/10/2014";"07:08:00";"1313";"com vítima";"164.15";"BR-116/PR";"Sul";"Colisão Frontal";2;0;0;0;0;0;0;0;0;0;3;1;0;0;0
"12/10/2014";"07:14:00";"1314";"sem vítima";"130.7";"BR-116/PR";"Norte";"Colisão Traseira";2;0;0;0;0;0;0;0;0;0;2;0;0;0;0
"12/10/2014";"09:03:00";"1321";"com vítima";"117.25";"BR-116/PR";"Sul";"Atropelamento - Morador";0;0;0;0;1;0;0;0;0;0;1;0;0;0;1
"12/10/2014";"10:58:00";"1332";"com vítima";"115.2";"BR-116/PR";"Sul";"Colisão Lateral";1;0;0;1;0;0;0;0;0;0;2;0;0;0;1
"13/10/2014";"12:34:00";"1396";"sem vítima";"246.1";"BR-116/SC";"Norte";"Colisão Transversal";2;0;0;0;0;0;0;0;0;0;2;0;0;0;0
"13/10/2014";"04:05:00";"1425";"sem vítima";"305.4";"BR-116/SC";"Sul";"Saida de Pista";0;0;0;0;0;0;0;0;0;1;2;0;0;0;0
"13/10/2014";"04:08:00";"1428";"sem vítima";"48.3";"BR-116/SC";"Norte";"Choque - Objeto sobre a pista";2;0;0;0;0;0;0;0;0;0;3;0;0;0;0
"13/10/2014";"04:15:00";"1431";"sem vítima";"245.5";"BR-116/SC";"Sul";"Colisão Transversal";2;0;0;0;0;0;0;0;0;0;3;0;0;0;0
"13/10/2014";"05:03:00";"1435";"sem vítima";"120.5";"BR-116/SC";"Norte";"Colisão Lateral";1;0;1;0;0;0;0;0;0;0;4;0;0;0;0
"13/10/2014";"07:32:00";"1447";"sem vítima";"210.6";"BR-116/SC";"Sul";"Saida de Pista";1;0;0;0;0;0;0;0;0;0;1;0;0;0;0
"14/10/2014";"06:06:00";"1473";"com vítima";"129.6";"BR-116/PR";"Sul";"Colisão Transversal";2;0;0;0;0;0;0;0;0;0;1;1;0;0;0
"14/10/2014";"07:45:00";"1480";"sem vítima";"120.7";"BR-116/PR";"Norte";"Colisão Traseira";1;0;0;0;0;0;0;0;0;1;4;0;0;0;0
"14/10/2014";"11:17:00";"1503";"sem vítima";"12.3";"BR-116/SC";"Norte";"Colisão Transversal";1;0;0;0;0;0;0;0;0;1;3;0;0;0;0
"14/10/2014";"02:41:00";"1519";"sem vítima";"199";"BR-116/PR";"Sul";"Objeto lançado contra veículo";0;0;1;0;0;0;0;0;0;0;1;0;0;0;0
"15/10/2014";"11:30:00";"1626";"sem vítima";"246.6";"BR-116/SC";"Norte";"Saida de Pista";1;0;0;0;0;0;0;0;0;0;1;0;0;0;0
"15/10/2014";"05:13:00";"1671";"com vítima";"129.4";"BR-116/PR";"Norte";"Colisão Traseira";1;0;1;0;0;0;0;0;0;0;1;1;0;0;0
"15/10/2014";"06:27:00";"1679";"sem vítima";"277";"BR-116/SC";"Norte";"Choque - Poste";0;0;0;0;1;0;0;0;0;0;1;0;0;0;0
"15/10/2014";"07:05:00";"1686";"sem vítima";"118";"BR-116/PR";"Sul";"Saida de Pista";1;0;0;0;0;1;0;0;0;0;3;0;0;0;0
"15/10/2014";"09:32:00";"1691";"sem vítima";"139.9";"BR-116/SC";"Norte";"Colisão Traseira";0;0;1;0;1;0;0;0;0;0;2;0;0;0;0
"16/10/2014";"09:10:00";"1734";"com vítima";"117.5";"BR-116/PR";"Norte";"Queda de Moto";0;0;0;1;0;0;0;0;0;0;0;1;0;0;0
"16/10/2014";"03:11:00";"1781";"sem vítima";"308";"BR-116/SC";"Norte";"Choque - Objeto sobre a pista";1;0;0;0;0;0;0;0;0;0;1;0;0;0;0
"16/10/2014";"06:50:00";"1804";"com vítima";"5.5";"BR-116/SC";"Sul";"Colisão Transversal";1;0;0;1;0;0;0;0;0;0;3;1;0;0;0
"17/10/2014";"06:57:00";"1835";"com vítima";"122";"BR-116/PR";"Norte";"Colisão Lateral";0;0;0;1;0;1;0;0;0;0;1;1;0;0;0
"17/10/2014";"07:43:00";"1842";"com vítima";"196";"BR-116/PR";"Sul";"Colisão Transversal";1;0;1;0;0;0;0;0;0;0;1;1;0;0;0
"17/10/2014";"09:11:00";"1849";"sem vítima";"198";"BR-116/PR";"Norte";"Objeto lançado contra veículo";1;0;0;0;0;0;0;0;0;0;1;0;0;0;0
"17/10/2014";"09:16:00";"1851";"sem vítima";"132";"BR-116/PR";"Sul";"Choque - Objeto sobre a pista";1;0;0;0;0;1;0;0;0;0;2;0;0;0;0