data;horario;n_da_ocorrencia;tipo_de_ocorrencia;km;trecho;sentido;tipo_de_acidente;automovel;bicicleta;caminhao;moto;onibus;outros;tracao_animal;transporte_de_cargas_especiais;trator_maquinas;utilitarios;ilesos;levemente_feridos;moderadamente_feridos;gravemente_feridos;mortos
"08/11/2014";"10:06:00";"788";"sem vítima";"140.5";"BR-116/PR";"Norte";"Colisão Traseira";0;0;0;0;0;0;0;0;0;2;2;0;0;0;0
"09/11/2014";"01:02:00";"800";"sem vítima";"63.4";"BR-116/SC";"Norte";"Queda de Moto";0;0;0;1;0;0;0;0;0;0;1;0;0;0;0
"09/11/2014";"03:46:00";"805";"sem vítima";"195";"BR-116/PR";"Sul";"Atropelamento de Animal";1;0;0;0;0;0;0;0;0;0;1;0;0;0;0
"09/11/2014";"06:27:00";"810";"sem vítima";"4.3";"BR-116/SC";"Norte";"Choque - Objeto sobre a pista";1;0;0;0;0;0;0;0;0;0;1;0;0;0;0
"09/11/2014";"01:55:00";"837";"sem vítima";"78";"BR-116/SC";"Norte";"Saida de Pista";1;0;0;0;0;0;0;0;0;0;1;0;0;0;0
"09/11/2014";"04:34:00";"853";"sem vítima";"127";"BR-116/PR";"Norte";"Colisão Lateral";1;0;1;0;0;0;0;0;0;0;2;0;0;0;0
"10/11/2014";"12:34:00";"893";"sem vítima";"205.95";"BR-116/PR";"Sul";"Saida de Pista";1;0;0;0;0;0;0;0;0;0;1;0;0;0;0
"10/11/2014";"11:39:00";"936";"sem vítima";"70";"BR-116/SC";"Norte";"Choque - Objeto sobre a pista";0;0;1;0;0;1;0;0;0;0;2;0;0;0;0
"11/11/2014";"07:21:00";"1022";"sem vítima";"148.9";"BR-116/PR";"Norte";"Saida de Pista";1;0;0;0;0;0;0;0;0;0;1;0;0;0;0
"11/11/2014";"07:39:00";"1026";"com vítima";"117";"BR-116/PR";"Norte";"Colisão Lateral";1;0;0;1;0;0;0;0;0;0;2;1;0;0;0
"11/11/2014";"10:54:00";"1050";"sem vítima";"203.3";"BR-116/SC";"Sul";"Colisão Lateral";1;0;2;0;0;0;0;0;0;0;3;0;0;0;0
"11/11/2014";"12:05:00";"1057";"com vítima";"5.5";"BR-116/SC";"Sul";"Colisão Transversal";1;0;0;1;0;0;0;0;0;0;2;1;0;0;0
"11/11/2014";"08:56:00";"1136";"com vítima";"129.3";"BR-116/PR";"Norte";"Atropelamento - Usuário";0;0;0;0;0;1;0;0;0;0;1;0;0;1;0
"12/11/2014";"07:31:00";"1151";"com vítima";"117.2";"BR-116/PR";"Sul";"Colisão Lateral";1;0;0;1;0;0;0;0;0;0;1;1;0;0;0
"12/11/2014";"07:47:00";"1152";"com vítima";"115.9";"BR-116/PR";"Norte";"Colisão Lateral";1;0;0;1;0;0;0;0;0;0;1;0;0;1;0
"12/11/2014";"11:01:00";"1178";"sem vítima";"168.5";"BR-116/SC";"Norte";"Colisão Transversal";0;0;1;0;0;0;0;0;1;0;2;0;0;0;0
"12/11/2014";"11:16:00";"1183";"com vítima";"4.05";"BR-116/SC";"Norte";"Colisão Traseira";2;0;0;0;0;0;0;0;0;0;2;2;0;0;0
"12/11/2014";"04:34:00";"1218";"sem vítima";"10.6";"BR-116/SC";"Sul";"Choque - Defensa, barreira ou "submarino"";0;0;1;0;0;0;0;0;0;0;1;0;0;0;0
"12/11/2014";"06:29:00";"1230";"sem vítima";"126.7";"BR-116/PR";"Sul";"Colisão Lateral";1;0;1;0;0;0;0;0;0;0;2;0;0;0;0
"12/11/2014";"07:49:00";"1244";"sem vítima";"127";"BR-116/SC";"Norte";"Colisão Lateral";0;0;2;0;0;0;0;0;0;0;2;0;0;0;0
"12/11/2014";"09:31:00";"1249";"sem vítima";"187";"BR-116/SC";"Sul";"Atropelamento de Animal";1;0;0;0;0;0;0;0;0;0;1;0;0;0;0
"13/11/2014";"04:26:00";"1329";"sem vítima";"158.1";"BR-116/PR";"Sul";"Colisão Lateral";0;0;3;0;0;0;0;0;0;0;5;0;0;0;0
"13/11/2014";"09:30:00";"1355";"com vítima";"153";"BR-116/SC";"Norte";"Queda de Moto";0;0;0;1;0;0;0;0;0;0;0;1;0;0;0
"14/11/2014";"10:11:00";"1397";"sem vítima";"194";"BR-116/PR";"Sul";"Choque - Objeto sobre a pista";0;0;1;0;0;0;0;0;0;0;1;0;0;0;0
"14/11/2014";"12:36:00";"1408";"sem vítima";"210.2";"BR-116/SC";"Norte";"Capotamento";1;0;0;0;0;0;0;0;0;0;1;0;0;0;0
"14/11/2014";"03:05:00";"1429";"sem vítima";"146";"BR-116/PR";"Sul";"Objeto lançado contra veículo";1;0;0;0;0;0;0;0;0;0;1;0;0;0;0
"14/11/2014";"10:46:00";"1468";"com vítima";"70";"BR-116/SC";"Sul";"Saida de Pista";1;0;0;0;0;0;0;0;0;0;0;1;0;0;0
"15/11/2014";"04:31:00";"1476";"sem vítima";"182.5";"BR-116/PR";"Norte";"Saida de Pista";1;0;0;0;0;0;0;0;0;0;1;0;0;0;0
"15/11/2014";"08:56:00";"1490";"sem vítima";"204";"BR-116/PR";"Sul";"Choque - Cancela de Pedagio";0;0;0;0;0;0;0;0;0;1;1;0;0;0;0
"15/11/2014";"01:31:00";"1505";"com vítima";"129";"BR-116/PR";"Sul";"Atropelamento - Outros";0;0;0;0;0;0;0;0;0;1;4;0;0;1;0
"15/11/2014";"06:03:00";"1527";"com vítima";"49.5";"BR-116/SC";"Sul";"Saida de Pista";0;0;0;1;0;0;0;0;0;0;0;0;0;1;0
"15/11/2014";"06:15:00";"1528";"com vítima";"156";"BR-116/PR";"Sul";"Colisão Transversal";1;0;0;1;0;0;0;0;0;0;1;1;0;0;0
"15/11/2014";"09:48:00";"1539";"sem vítima";"128.5";"BR-116/PR";"Sul";"Objeto lançado contra veículo";1;0;0;0;0;0;0;0;0;0;1;0;0;0;0
"15/11/2014";"11:06:00";"1543";"com vítima";"107";"BR-116/SC";"Sul";"Saida de Pista";1;0;0;0;0;0;0;0;0;0;0;1;0;0;0
"16/11/2014";"11:11:00";"1570";"sem vítima";"117.5";"BR-116/PR";"Norte";"Colisão Traseira";1;0;0;1;0;0;0;0;0;0;2;0;0;0;0
"16/11/2014";"02:28:00";"1578";"com vítima";"180";"BR-116/SC";"Norte";"Colisão Transversal";1;0;0;1;0;0;0;0;0;0;3;1;0;0;0
"16/11/2014";"03:50:00";"1589";"com vítima";"106";"BR-116/SC";"Norte";"Colisão Traseira";1;0;2;0;0;0;0;0;0;1;3;2;0;1;0
"16/11/2014";"04:26:00";"1597";"sem vítima";"134";"BR-116/PR";"Norte";"Choque - Cancela de Pedagio";1;0;0;0;0;0;0;0;0;0;2;0;0;0;0
"16/11/2014";"04:49:00";"1602";"sem vítima";"120.45";"BR-116/PR";"Sul";"Saida de Pista";1;0;0;0;0;0;0;0;0;0;1;0;0;0;0
"16/11/2014";"09:02:00";"1625";"com vítima";"150.9";"BR-116/PR";"Norte";"Colisão Traseira";0;0;0;1;0;1;0;0;0;0;1;1;0;0;0
"18/11/2014";"04:25:00";"1768";"sem vítima";"127.8";"BR-116/PR";"Norte";"Choque - Suporte de Sinalização";0;0;0;0;0;0;0;0;0;1;1;0;0;0;0
"18/11/2014";"08:50:00";"1785";"sem vítima";"81";"BR-116/SC";"Sul";"Choque - Cancela de Pedagio";1;0;0;0;0;1;0;0;0;0;2;0;0;0;0
"18/11/2014";"08:57:00";"1786";"sem vítima";"77";"BR-116/SC";"Sul";"Tombamento";0;0;0;0;0;0;0;0;1;0;1;0;0;0;0
"18/11/2014";"10:38:00";"1797";"sem vítima";"209";"BR-116/PR";"Sul";"Colisão Traseira";0;0;2;0;0;0;0;0;0;0;2;0;0;0;0
"18/11/2014";"12:25:00";"1805";"sem vítima";"130";"BR-116/PR";"Sul";"Choque - Objeto sobre a pista";1;0;0;0;0;1;0;0;0;0;2;0;0;0;0
"18/11/2014";"11:57:00";"1865";"com vítima";"74.6";"BR-116/SC";"Sul";"Colisão Lateral";1;0;2;0;0;0;0;0;0;0;2;0;0;0;1
"19/11/2014";"09:17:00";"1895";"sem vítima";"206";"BR-116/SC";"Sul";"Choque - Outros";1;0;0;0;0;0;0;0;0;0;1;0;0;0;0
"19/11/2014";"05:44:00";"1948";"sem vítima";"219.3";"BR-116/SC";"Norte";"Colisão Frontal";2;0;0;0;0;0;0;0;0;0;5;0;0;0;0
"19/11/2014";"09:17:00";"1971";"com vítima";"129";"BR-116/PR";"Sul";"Colisão Transversal";1;0;0;1;0;0;0;0;0;0;3;1;0;0;0
"19/11/2014";"11:16:00";"1978";"sem vítima";"184.3";"BR-116/SC";"Norte";"Colisão Transversal";0;0;2;0;0;0;0;0;0;0;3;0;0;0;0
"20/11/2014";"11:25:00";"2018";"com vítima";"292.06";"BR-116/SC";"Sul";"Colisão Traseira";0;0;2;0;0;0;0;0;0;0;3;1;0;0;0
"20/11/2014";"11:50:00";"2022";"sem vítima";"147.1";"BR-116/PR";"Norte";"Colisão Traseira";2;0;0;0;0;0;0;0;0;0;2;0;0;0;0
"20/11/2014";"02:01:00";"2036";"sem vítima";"132.4";"BR-116/SC";"Sul";"Engavetamento";3;0;0;0;0;0;0;0;0;0;6;0;0;0;0
"20/11/2014";"02:46:00";"2040";"sem vítima";"81";"BR-116/SC";"Norte";"Queda de Moto";0;0;0;1;0;1;0;0;0;0;3;0;0;0;0
"20/11/2014";"05:19:00";"2058";"sem vítima";"171";"BR-116/PR";"Norte";"Saida de Pista";1;0;0;0;0;0;0;0;0;0;2;0;0;0;0
"20/11/2014";"08:08:00";"2074";"com vítima";"119.8";"BR-116/PR";"Sul";"Queda de Moto";0;0;0;1;0;0;0;0;0;0;1;1;0;0;0
"21/11/2014";"08:25:00";"2101";"sem vítima";"115.3";"BR-116/PR";"Norte";"Engavetamento";4;0;0;0;0;0;0;0;0;0;4;0;0;0;0
"21/11/2014";"09:43:00";"2116";"sem vítima";"138.4";"BR-116/PR";"Norte";"Colisão Traseira";0;0;2;0;0;0;0;0;0;0;2;0;0;0;0
"21/11/2014";"01:26:00";"2140";"com vítima";"128.4";"BR-116/PR";"Sul";"Queda de Moto";0;0;0;1;0;0;0;0;0;0;1;1;0;0;0
"22/11/2014";"09:48:00";"2225";"sem vítima";"134";"BR-116/PR";"Sul";"Choque - Cancela de Pedagio";1;0;0;0;0;0;0;0;0;0;1;0;0;0;0
"22/11/2014";"11:48:00";"2233";"sem vítima";"204";"BR-116/PR";"Norte";"Choque - Cancela de Pedagio";1;0;0;0;0;0;0;0;0;0;1;0;0;0;0
"22/11/2014";"04:03:00";"2253";"com vítima";"130";"BR-116/PR";"Sul";"Colisão Traseira";1;0;0;0;0;0;0;0;0;1;5;1;0;0;0
"22/11/2014";"05:45:00";"2260";"sem vítima";"255";"BR-116/SC";"Sul";"Objeto lançado contra veículo";0;0;1;0;0;0;0;0;0;0;1;0;0;0;0
"22/11/2014";"06:30:00";"2263";"sem vítima";"113.5";"BR-116/SC";"Sul";"Choque - Objeto sobre a pista";0;0;1;0;0;0;0;0;0;0;1;0;0;0;0
"23/11/2014";"07:35:00";"2293";"sem vítima";"107.75";"BR-116/SC";"Norte";"Tombamento";0;0;1;0;0;0;0;0;0;0;1;0;0;0;0
"23/11/2014";"11:49:00";"2300";"sem vítima";"203";"BR-116/PR";"Norte";"Objeto lançado contra veículo";0;0;0;0;0;0;0;0;0;1;1;0;0;0;0
"23/11/2014";"02:16:00";"2314";"sem vítima";"204";"BR-116/PR";"Sul";"Choque - Veiculo parado na pista";1;0;1;0;0;0;0;0;0;0;2;0;0;0;0
"23/11/2014";"05:28:00";"2333";"sem vítima";"296";"BR-116/SC";"Norte";"Choque - Talude";1;0;0;0;0;0;0;0;0;0;4;0;0;0;0
"23/11/2014";"08:55:00";"2358";"com vítima";"126";"BR-116/PR";"Norte";"Queda de Moto";0;0;0;1;0;0;0;0;0;0;0;1;0;0;0
"23/11/2014";"09:15:00";"2359";"sem vítima";"127";"BR-116/PR";"Sul";"Colisão Lateral";0;0;1;0;0;1;0;0;0;0;2;0;0;0;0
"23/11/2014";"11:52:00";"2369";"sem vítima";"142";"BR-116/SC";"Norte";"Objeto lançado contra veículo";1;0;0;0;0;0;0;0;0;0;2;0;0;0;0
"24/11/2014";"02:45:00";"2370";"sem vítima";"274";"BR-116/SC";"Sul";"Choque - Talude";1;0;0;0;0;0;0;0;0;0;1;0;0;0;0
"24/11/2014";"06:24:00";"2372";"com vítima";"155.8";"BR-116/PR";"Norte";"Atropelamento - Morador";0;0;0;0;0;1;0;0;0;0;1;0;0;0;1
"24/11/2014";"10:00:00";"2401";"sem vítima";"32";"BR-116/SC";"Sul";"Objeto lançado contra veículo";1;0;1;0;0;0;0;0;0;0;2;0;0;0;0
"24/11/2014";"12:30:00";"2415";"sem vítima";"233";"BR-116/SC";"Sul";"Choque - Cancela de Pedagio";1;0;0;0;0;0;0;0;0;0;2;0;0;0;0
"24/11/2014";"06:39:00";"2456";"sem vítima";"139.2";"BR-116/SC";"Sul";"Colisão Traseira";2;0;0;0;0;0;0;0;0;0;2;0;0;0;0
"24/11/2014";"07:09:00";"2462";"sem vítima";"29";"BR-116/SC";"Norte";"Choque - Objeto sobre a pista";1;0;0;0;0;0;0;0;0;0;1;0;0;0;0
"25/11/2014";"08:08:00";"2496";"sem vítima";"145.2";"BR-116/PR";"Norte";"Atropelamento de Animal";0;0;0;1;0;0;0;0;0;0;1;0;0;0;0
"25/11/2014";"09:25:00";"2506";"sem vítima";"204";"BR-116/PR";"Norte";"Choque - Cancela de Pedagio";1;0;0;0;0;0;0;0;0;0;1;0;0;0;0
"25/11/2014";"10:50:00";"2511";"sem vítima";"181.1";"BR-116/SC";"Norte";"Saida de Pista";0;0;0;0;0;0;0;0;0;1;1;0;0;0;0
"25/11/2014";"02:03:00";"2523";"sem vítima";"161.9";"BR-116/SC";"Norte";"Colisão Lateral";1;0;1;0;0;0;0;0;0;0;2;0;0;0;0
"25/11/2014";"04:57:00";"2538";"sem vítima";"139.6";"BR-116/SC";"Sul";"Colisão Traseira";0;0;0;0;0;0;0;0;0;2;2;0;0;0;0
"25/11/2014";"10:38:00";"2560";"sem vítima";"125.8";"BR-116/PR";"Norte";"Colisão Traseira";2;0;0;0;0;0;0;0;0;0;2;0;0;0;0
"26/11/2014";"12:21:00";"2563";"sem vítima";"122.6";"BR-116/PR";"Sul";"Saida de Pista";1;0;0;0;0;0;0;0;0;0;1;0;0;0;0
"26/11/2014";"10:52:00";"2607";"sem vítima";"134";"BR-116/PR";"Norte";"Choque - Cancela de Pedagio";1;0;0;0;0;0;0;0;0;0;1;0;0;0;0
"26/11/2014";"12:02:00";"2613";"sem vítima";"134";"BR-116/PR";"Sul";"Choque - Cancela de Pedagio";1;0;0;0;0;0;0;0;0;0;1;0;0;0;0
"26/11/2014";"03:22:00";"2637";"sem vítima";"29.8";"BR-116/SC";"Norte";"Objeto lançado contra veículo";0;0;0;0;1;0;0;0;0;0;28;0;0;0;0
"26/11/2014";"06:01:00";"2656";"sem vítima";"138";"BR-116/PR";"Norte";"Colisão Traseira";1;0;0;0;0;0;0;0;0;0;1;0;0;0;0
"26/11/2014";"09:06:00";"2671";"sem vítima";"145";"BR-116/SC";"Sul";"Choque - Objeto sobre a pista";1;0;0;0;0;0;0;0;0;0;1;0;0;0;0
"26/11/2014";"09:06:00";"2670";"sem vítima";"144";"BR-116/SC";"Sul";"Choque - Objeto sobre a pista";1;0;0;0;0;0;0;0;0;0;1;0;0;0;0
"26/11/2014";"11:19:00";"2679";"sem vítima";"117.6";"BR-116/PR";"Sul";"Colisão Traseira";2;0;0;0;0;0;0;0;0;0;2;0;0;0;0
"27/11/2014";"02:18:00";"2685";"sem vítima";"115.5";"BR-116/PR";"Norte";"Saida de Pista";1;0;0;0;0;0;0;0;0;0;1;0;0;0;0
"27/11/2014";"06:38:00";"2693";"com vítima";"77.3";"BR-116/SC";"Norte";"Saida de Pista";1;0;0;0;0;0;0;0;0;0;1;2;0;0;0
"27/11/2014";"07:40:00";"2700";"sem vítima";"0";"BR-116/SC";"Norte";"Atropelamento de Animal";1;0;0;0;0;0;0;0;0;0;1;0;0;0;0
"27/11/2014";"04:32:00";"2768";"sem vítima";"117";"BR-116/PR";"Sul";"Colisão Traseira";2;0;0;0;0;0;0;0;0;0;3;0;0;0;0
"28/11/2014";"06:32:00";"2821";"sem vítima";"122.9";"BR-116/PR";"Norte";"Saida de Pista";1;0;0;0;0;0;0;0;0;0;3;0;0;0;0
"28/11/2014";"06:54:00";"2826";"sem vítima";"115";"BR-116/PR";"Norte";"Colisão Traseira";1;0;0;1;0;0;0;0;0;0;2;0;0;0;0
"28/11/2014";"07:37:00";"2830";"com vítima";"167.9";"BR-116/SC";"Sul";"Queda de Moto";0;0;0;1;0;0;0;0;0;0;0;1;0;0;0
"28/11/2014";"01:03:00";"2863";"sem vítima";"70";"BR-116/SC";"Norte";"Objeto lançado contra veículo";1;0;0;0;0;0;0;0;0;0;1;0;0;0;0
"28/11/2014";"02:08:00";"2870";"sem vítima";"127";"BR-116/PR";"Norte";"Colisão Traseira";0;0;1;0;0;0;0;0;0;1;2;0;0;0;0
"28/11/2014";"04:14:00";"2893";"com vítima";"118.5";"BR-116/PR";"Sul";"Queda de Moto";0;0;0;1;0;0;0;0;0;0;0;0;0;1;0
"28/11/2014";"04:15:00";"2894";"sem vítima";"115.4";"BR-116/SC";"Norte";"Colisão Lateral";1;0;1;0;0;0;0;0;0;0;2;0;0;0;0
"28/11/2014";"07:37:00";"2921";"sem vítima";"159";"BR-116/PR";"Norte";"Objeto lançado contra veículo";0;0;0;0;0;0;0;0;0;1;3;0;0;0;0
"28/11/2014";"07:42:00";"2923";"sem vítima";"140";"BR-116/PR";"Sul";"Objeto lançado contra veículo";1;0;0;0;0;0;0;0;0;0;1;0;0;0;0
"29/11/2014";"04:54:00";"2950";"sem vítima";"268.3";"BR-116/SC";"Norte";"Saida de Pista";1;0;0;0;0;0;0;0;0;0;1;0;0;0;0
"29/11/2014";"07:22:00";"3031";"com vítima";"173";"BR-116/SC";"Norte";"Saida de Pista";1;0;0;0;0;0;0;0;0;0;1;0;0;1;0
"29/11/2014";"08:43:00";"3039";"com vítima";"216";"BR-116/SC";"Norte";"Saida de Pista";1;0;0;0;0;0;0;0;0;0;0;2;0;0;0
"29/11/2014";"08:54:00";"3040";"com vítima";"248";"BR-116/SC";"Sul";"Colisão Lateral";2;0;0;0;0;0;0;0;0;0;2;1;0;0;0
"30/11/2014";"12:15:00";"3057";"sem vítima";"134";"BR-116/PR";"Sul";"Colisão Transversal";2;0;0;0;0;0;0;0;0;0;2;0;0;0;0
"30/11/2014";"11:17:00";"3093";"sem vítima";"5.005";"BR-116/SC";"Sul";"Colisão Transversal";2;0;0;0;0;0;0;0;0;0;5;0;0;0;0
"30/11/2014";"01:38:00";"3105";"sem vítima";"134";"BR-116/PR";"Sul";"Choque - Cancela de Pedagio";1;0;0;0;0;0;0;0;0;0;1;0;0;0;0
"30/11/2014";"03:36:00";"3113";"sem vítima";"156.8";"BR-116/PR";"Sul";"Colisão Transversal";2;0;0;0;0;0;0;0;0;0;8;0;0;0;0
"30/11/2014";"03:51:00";"3115";"sem vítima";"238.9";"BR-116/SC";"Sul";"Colisão Traseira";1;0;0;1;0;0;0;0;0;0;3;0;0;0;0
"30/11/2014";"04:32:00";"3119";"sem vítima";"81.1";"BR-116/SC";"Norte";"Choque - Defensa, barreira ou "submarino"";0;0;2;0;0;0;0;0;0;0;2;0;0;0;0
"30/11/2014";"05:32:00";"3125";"sem vítima";"134";"BR-116/PR";"Sul";"Choque - Defensa, barreira ou "submarino"";1;0;0;0;0;0;0;0;0;0;4;0;0;0;0
"30/11/2014";"06:08:00";"3129";"sem vítima";"131";"BR-116/PR";"Sul";"Colisão Transversal";2;0;0;0;0;0;0;0;0;0;2;0;0;0;0
"30/11/2014";"09:19:00";"3146";"sem vítima";"127.2";"BR-116/PR";"Norte";"Colisão Transversal";0;0;1;0;0;1;0;0;0;0;2;0;0;0;0
"30/11/2014";"10:37:00";"3154";"sem vítima";"200";"BR-116/PR";"Norte";"Choque - Suporte de Sinalização";1;0;0;0;0;0;0;0;0;0;1;0;0;0;0
"01/12/2014";"07:00:00";"7";"sem vítima";"107.72";"BR-116/SC";"Norte";"Saida de Pista";1;0;0;0;0;0;0;0;0;0;2;0;0;0;0
"01/12/2014";"07:57:00";"15";"com vítima";"129";"BR-116/PR";"Norte";"Colisão Traseira";1;0;0;1;0;0;0;0;0;0;1;1;0;0;0
"01/12/2014";"09:39:00";"27";"sem vítima";"191.7";"BR-116/PR";"Sul";"Objeto lançado contra veículo";1;0;0;0;0;0;0;0;0;0;1;0;0;0;0
"01/12/2014";"02:34:00";"53";"sem vítima";"126.1";"BR-116/PR";"Norte";"Engavetamento";1;0;2;0;0;0;0;0;0;0;3;0;0;0;0
"01/12/2014";"02:46:00";"55";"sem vítima";"139";"BR-116/SC";"Sul";"Colisão Transversal";1;0;0;0;0;0;0;0;0;1;2;0;0;0;0
"01/12/2014";"05:08:00";"71";"sem vítima";"70.4";"BR-116/SC";"Norte";"Saida de Pista";0;0;1;0;0;0;0;0;0;0;1;0;0;0;0
"01/12/2014";"05:11:00";"70";"sem vítima";"261.4";"BR-116/SC";"Norte";"Colisão Traseira";2;0;0;0;0;0;0;0;0;0;2;0;0;0;0
"02/12/2014";"10:23:00";"135";"sem vítima";"34";"BR-116/SC";"Norte";"Colisão Transversal";1;0;1;0;0;0;0;0;0;0;2;0;0;0;0
"02/12/2014";"05:23:00";"176";"sem vítima";"118.8";"BR-116/PR";"Sul";"Saida de Pista";1;0;0;0;0;0;0;0;0;0;1;0;0;0;0
"02/12/2014";"06:42:00";"184";"sem vítima";"119.5";"BR-116/PR";"Sul";"Colisão Lateral";1;0;1;0;0;0;0;0;0;0;2;0;0;0;0
"02/12/2014";"09:49:00";"200";"com vítima";"222.3";"BR-116/SC";"Sul";"Atropelamento de Animal";1;0;0;0;0;0;0;0;0;0;3;1;0;0;0
"03/12/2014";"09:34:00";"241";"sem vítima";"228";"BR-116/SC";"Sul";"Choque - Objeto não identificado";1;0;0;0;0;0;0;0;0;0;1;0;0;0;0
"03/12/2014";"05:08:00";"283";"com vítima";"309";"BR-116/SC";"Sul";"Tombamento";0;0;1;0;0;0;0;0;0;0;1;2;0;0;0
"03/12/2014";"07:19:00";"293";"sem vítima";"57";"BR-116/SC";"Sul";"Choque - Objeto sobre a pista";1;0;0;0;0;0;0;0;0;0;1;0;0;0;0
"03/12/2014";"10:38:00";"316";"sem vítima";"309.4";"BR-116/SC";"Sul";"Choque - Veiculo parado no acostamento";1;0;1;0;0;0;0;0;0;0;2;0;0;0;0
"04/12/2014";"08:13:00";"338";"sem vítima";"128.1";"BR-116/PR";"Sul";"Colisão Traseira";2;0;0;0;0;0;0;0;0;0;2;0;0;0;0
"04/12/2014";"02:09:00";"363";"sem vítima";"195.5";"BR-116/SC";"Sul";"Saida de Pista";1;0;0;0;0;0;0;0;0;0;1;0;0;0;0
"04/12/2014";"03:19:00";"371";"com vítima";"119.1";"BR-116/PR";"Sul";"Colisão Lateral";0;0;1;0;1;0;0;0;0;0;2;1;0;0;0
"04/12/2014";"04:31:00";"380";"sem vítima";"134";"BR-116/PR";"Sul";"Choque - Cancela de Pedagio";1;0;0;0;0;0;0;0;0;0;1;0;0;0;0
"04/12/2014";"11:29:00";"409";"com vítima";"58.5";"BR-116/SC";"Norte";"Colisão Lateral";1;0;1;0;0;0;0;0;0;0;3;1;0;0;0
"05/12/2014";"09:37:00";"440";"com vítima";"194.5";"BR-116/SC";"Sul";"Colisão Lateral";2;0;1;0;0;0;0;0;0;0;2;1;0;0;0
"05/12/2014";"01:19:00";"456";"sem vítima";"203";"BR-116/PR";"Sul";"Objeto lançado contra veículo";1;0;0;0;0;0;0;0;0;0;1;0;0;0;0
"05/12/2014";"01:48:00";"458";"com vítima";"166.1";"BR-116/PR";"Norte";"Colisão Transversal";2;0;0;0;0;0;0;0;0;0;1;1;0;0;0
"05/12/2014";"01:56:00";"459";"sem vítima";"204";"BR-116/PR";"Sul";"Choque - Cancela de Pedagio";0;0;1;0;0;0;0;0;0;0;1;0;0;0;0
"05/12/2014";"02:19:00";"460";"sem vítima";"134";"BR-116/PR";"Sul";"Choque - Defensa, barreira ou "submarino"";0;0;0;0;0;0;0;0;0;1;1;0;0;0;0
"05/12/2014";"02:41:00";"462";"sem vítima";"233";"BR-116/SC";"Norte";"Choque - Defensa, barreira ou "submarino"";0;0;1;0;0;0;0;0;0;0;1;0;0;0;0
"05/12/2014";"10:26:00";"510";"sem vítima";"135";"BR-116/PR";"Sul";"Atropelamento de Animal";1;0;0;0;0;0;0;0;0;0;1;0;0;0;0
"06/12/2014";"12:54:00";"526";"sem vítima";"116.8";"BR-116/SC";"Norte";"Colisão Lateral";1;0;2;0;0;0;0;0;0;0;3;0;0;0;0
"06/12/2014";"04:23:00";"531";"sem vítima";"172.5";"BR-116/SC";"Sul";"Atropelamento de Animal";1;0;0;0;0;0;0;0;0;0;5;0;0;0;0
"06/12/2014";"05:07:00";"585";"sem vítima";"139.5";"BR-116/PR";"Sul";"Colisão Traseira";2;0;0;0;0;0;0;0;0;0;2;0;0;0;0
"06/12/2014";"05:55:00";"590";"sem vítima";"40.6";"BR-116/SC";"Sul";"Choque - Objeto sobre a pista";1;0;0;0;0;0;0;0;0;0;3;0;0;0;0
"06/12/2014";"07:24:00";"603";"com vítima";"128";"BR-116/PR";"Sul";"Outros";0;1;0;0;0;0;0;0;0;0;0;1;0;0;0
"06/12/2014";"07:49:00";"605";"sem vítima";"128";"BR-116/PR";"Sul";"Colisão Lateral";1;0;0;0;0;0;0;0;0;1;8;0;0;0;0
"06/12/2014";"08:26:00";"606";"sem vítima";"128";"BR-116/PR";"Sul";"Choque - Veiculo parado na pista";0;0;0;0;0;1;0;0;0;1;4;0;0;0;0
"06/12/2014";"09:23:00";"612";"sem vítima";"120.9";"BR-116/PR";"Norte";"Colisão Traseira";1;0;0;0;0;1;0;0;0;0;3;0;0;0;0
"07/12/2014";"12:25:00";"628";"sem vítima";"137";"BR-116/PR";"Norte";"Atropelamento de Animal";1;0;0;0;0;0;0;0;0;0;1;0;0;0;0
"07/12/2014";"04:30:00";"645";"com vítima";"180.9";"BR-116/SC";"Sul";"Saida de Pista";0;0;1;0;0;0;0;0;0;0;0;1;0;0;0
"07/12/2014";"04:00:00";"685";"sem vítima";"134";"BR-116/PR";"Sul";"Choque - Cancela de Pedagio";1;0;0;0;0;0;0;0;0;0;2;0;0;0;0
"07/12/2014";"05:56:00";"701";"sem vítima";"134";"BR-116/PR";"Norte";"Choque - Defensa, barreira ou "submarino"";1;0;0;0;0;0;0;0;0;0;2;0;0;0;0
"07/12/2014";"08:34:00";"725";"sem vítima";"62.6";"BR-116/SC";"Sul";"Saida de Pista";1;0;0;0;0;0;0;0;0;0;3;0;0;0;0
"07/12/2014";"09:45:00";"731";"com vítima";"148";"BR-116/PR";"Norte";"Saida de Pista";1;0;0;0;0;0;0;0;0;0;0;2;0;1;3
"08/12/2014";"03:09:00";"746";"com vítima";"0.1";"BR-116/SC";"Sul";"Choque - Elemento de Drenagem";1;0;0;0;0;0;0;0;0;0;0;1;0;0;0
"08/12/2014";"06:21:00";"750";"sem vítima";"129";"BR-116/PR";"Sul";"Colisão Transversal";2;0;0;0;0;0;0;0;0;0;2;0;0;0;0