data;horario;n_da_ocorrencia;tipo_de_ocorrencia;km;trecho;sentido;tipo_de_acidente;automovel;bicicleta;caminhao;moto;onibus;outros;tracao_animal;transporte_de_cargas_especiais;trator_maquinas;utilitarios;ilesos;levemente_feridos;moderadamente_feridos;gravemente_feridos;mortos
"08/12/2014";"01:38:00";"795";"com vítima";"4.5";"BR-116/SC";"Sul";"Queda de Moto";0;0;0;1;0;0;0;0;0;0;0;1;0;0;0
"08/12/2014";"03:25:00";"811";"sem vítima";"134.3";"BR-116/SC";"Norte";"Colisão Traseira";1;0;1;0;0;0;0;0;0;0;2;0;0;0;0
"08/12/2014";"07:50:00";"847";"com vítima";"140.6";"BR-116/SC";"Norte";"Tombamento";0;0;1;0;0;0;0;0;0;0;1;1;0;0;0
"09/12/2014";"07:35:00";"868";"sem vítima";"118.7";"BR-116/PR";"Norte";"Colisão Lateral";1;0;0;1;0;0;0;0;0;0;2;0;0;0;0
"09/12/2014";"08:05:00";"872";"sem vítima";"152";"BR-116/SC";"Sul";"Choque - Cancela de Pedagio";0;0;1;0;0;0;0;0;0;0;1;0;0;0;0
"09/12/2014";"12:35:00";"905";"com vítima";"129.1";"BR-116/PR";"Norte";"Colisão Lateral";1;0;1;0;0;0;0;0;0;0;4;1;0;0;0
"09/12/2014";"02:44:00";"925";"sem vítima";"193";"BR-116/PR";"Norte";"Objeto lançado contra veículo";0;0;0;0;0;0;0;0;0;1;1;0;0;0;0
"09/12/2014";"03:35:00";"935";"sem vítima";"160";"BR-116/SC";"Norte";"Colisão Lateral";0;0;1;0;1;0;0;0;0;0;18;0;0;0;0
"09/12/2014";"03:52:00";"937";"com vítima";"224";"BR-116/SC";"Sul";"Colisão Lateral";1;0;1;0;0;0;0;0;0;0;1;1;0;0;0
"09/12/2014";"05:02:00";"942";"sem vítima";"167";"BR-116/PR";"Norte";"Colisão Traseira";2;0;0;0;0;0;0;0;0;0;7;0;0;0;0
"09/12/2014";"05:57:00";"945";"sem vítima";"137.1";"BR-116/SC";"Sul";"Colisão Traseira";2;0;0;0;0;1;0;0;0;0;3;0;0;0;0
"09/12/2014";"07:57:00";"952";"com vítima";"147.1";"BR-116/PR";"Norte";"Colisão Transversal";2;0;0;0;0;0;0;0;0;0;2;4;0;0;0
"09/12/2014";"10:36:00";"959";"com vítima";"227";"BR-116/SC";"Norte";"Colisão Lateral";1;0;0;1;0;0;0;0;0;0;1;0;0;1;0
"10/12/2014";"07:57:00";"987";"sem vítima";"134";"BR-116/PR";"Sul";"Choque - Cancela de Pedagio";1;0;0;0;0;0;0;0;0;0;1;0;0;0;0
"10/12/2014";"09:32:00";"996";"sem vítima";"54.2";"BR-116/SC";"Norte";"Atropelamento de Animal";1;0;0;0;0;0;0;0;0;0;1;0;0;0;0
"10/12/2014";"09:54:00";"999";"sem vítima";"209";"BR-116/SC";"Norte";"Colisão Lateral";1;0;0;0;0;1;0;0;0;0;2;0;0;0;0
"10/12/2014";"10:28:00";"1004";"sem vítima";"147";"BR-116/PR";"Sul";"Choque - Objeto sobre a pista";1;0;0;0;0;0;0;0;0;0;1;0;0;0;0
"10/12/2014";"11:23:00";"1012";"sem vítima";"204";"BR-116/PR";"Norte";"Choque - Cancela de Pedagio";1;0;0;0;0;0;0;0;0;0;1;0;0;0;0
"10/12/2014";"11:52:00";"1014";"sem vítima";"117.4";"BR-116/PR";"Sul";"Colisão Traseira";1;0;2;0;0;0;0;0;0;0;3;0;0;0;0
"10/12/2014";"12:45:00";"1021";"sem vítima";"234";"BR-116/SC";"Sul";"Capotamento";1;0;0;0;0;0;0;0;0;0;1;0;0;0;0
"10/12/2014";"02:37:00";"1031";"sem vítima";"205.9";"BR-116/PR";"Norte";"Colisão Transversal";2;0;0;0;0;0;0;0;0;0;3;0;0;0;0
"10/12/2014";"04:31:00";"1049";"sem vítima";"180";"BR-116/SC";"Sul";"Colisão Transversal";2;0;0;0;0;0;0;0;0;0;2;0;0;0;0
"10/12/2014";"07:01:00";"1064";"sem vítima";"15";"BR-116/SC";"Sul";"Choque - Objeto sobre a pista";1;0;0;0;0;0;0;0;0;0;1;0;0;0;0
"10/12/2014";"09:42:00";"1080";"sem vítima";"1";"BR-116/SC";"Norte";"Colisão Traseira";2;0;0;0;0;0;0;0;0;0;2;0;0;0;0
"11/12/2014";"08:23:00";"1105";"com vítima";"107.8";"BR-116/SC";"Sul";"Queda de Moto";0;0;0;1;0;0;0;0;0;0;0;1;0;0;0
"11/12/2014";"08:41:00";"1106";"sem vítima";"13";"BR-116/SC";"Norte";"Colisão Traseira";2;0;0;0;0;0;0;0;0;0;2;0;0;0;0
"11/12/2014";"09:06:00";"1108";"sem vítima";"116";"BR-116/PR";"Norte";"Colisão Lateral";1;0;1;0;0;0;0;0;0;0;2;0;0;0;0
"11/12/2014";"09:07:00";"1109";"sem vítima";"204";"BR-116/PR";"Sul";"Choque - Cancela de Pedagio";1;0;0;0;0;0;0;0;0;0;1;0;0;0;0
"11/12/2014";"09:34:00";"1110";"sem vítima";"116";"BR-116/PR";"Norte";"Colisão Lateral";1;0;1;0;0;0;0;0;0;0;2;0;0;0;0
"11/12/2014";"12:49:00";"1128";"sem vítima";"56";"BR-116/SC";"Sul";"Objeto lançado contra veículo";1;0;0;0;0;0;0;0;0;0;3;0;0;0;0
"11/12/2014";"01:19:00";"1129";"sem vítima";"132";"BR-116/PR";"Sul";"Objeto lançado contra veículo";1;0;0;0;0;0;0;0;0;0;1;0;0;0;0
"11/12/2014";"03:21:00";"1146";"com vítima";"120";"BR-116/PR";"Norte";"Queda de Moto";0;0;0;1;0;0;0;0;0;0;0;1;0;0;0
"11/12/2014";"03:49:00";"1151";"sem vítima";"204";"BR-116/PR";"Norte";"Choque - Cancela de Pedagio";0;0;1;0;0;0;0;0;0;0;1;0;0;0;0
"11/12/2014";"05:18:00";"1160";"sem vítima";"154.4";"BR-116/PR";"Sul";"Saida de Pista";0;0;1;0;0;0;0;0;0;0;1;0;0;0;0
"11/12/2014";"06:33:00";"1166";"sem vítima";"184";"BR-116/SC";"Sul";"Choque - Poste";0;0;0;0;0;0;0;0;0;1;1;0;0;0;0
"12/12/2014";"01:18:00";"1187";"com vítima";"132.7";"BR-116/SC";"Norte";"Saida de Pista";1;0;0;0;0;0;0;0;0;0;0;1;0;2;1
"12/12/2014";"04:43:00";"1195";"sem vítima";"146.8";"BR-116/SC";"Norte";"Outros";0;0;1;0;0;0;0;0;0;0;1;0;0;0;0
"12/12/2014";"07:01:00";"1199";"sem vítima";"121.9";"BR-116/PR";"Norte";"Colisão Traseira";2;0;0;0;0;1;0;0;0;0;3;0;0;0;0
"12/12/2014";"07:27:00";"1201";"sem vítima";"122.5";"BR-116/PR";"Norte";"Colisão Traseira";1;0;0;2;0;0;0;0;0;0;3;0;0;0;0
"12/12/2014";"08:38:00";"1207";"com vítima";"139.9";"BR-116/SC";"Sul";"Colisão Transversal";0;0;1;1;0;0;0;0;0;0;1;1;0;0;0
"12/12/2014";"09:43:00";"1215";"sem vítima";"310";"BR-116/SC";"Norte";"Queda de Moto";0;0;0;1;0;0;0;0;0;0;1;0;0;0;0
"12/12/2014";"10:37:00";"1219";"sem vítima";"134";"BR-116/PR";"Norte";"Choque - Cancela de Pedagio";1;0;0;0;0;0;0;0;0;0;1;0;0;0;0
"12/12/2014";"11:59:00";"1222";"sem vítima";"168";"BR-116/PR";"Norte";"Choque - Objeto não identificado";1;0;0;0;0;0;0;0;0;0;1;0;0;0;0
"12/12/2014";"06:23:00";"1265";"sem vítima";"9";"BR-116/SC";"Sul";"Colisão Lateral";1;0;0;0;0;1;0;0;0;0;2;0;0;0;0
"12/12/2014";"06:52:00";"1271";"sem vítima";"171";"BR-116/SC";"Norte";"Outros";1;0;0;0;0;0;0;0;0;0;1;0;0;0;0
"12/12/2014";"10:33:00";"1287";"sem vítima";"141";"BR-116/SC";"Sul";"Atropelamento de Animal";1;0;0;0;0;0;0;0;0;0;2;0;0;0;0
"13/12/2014";"01:58:00";"1299";"sem vítima";"143";"BR-116/PR";"Norte";"Saida de Pista";1;0;0;0;0;0;0;0;0;0;1;0;0;0;0
"13/12/2014";"05:37:00";"1305";"sem vítima";"128";"BR-116/PR";"Sul";"Saida de Pista";1;0;0;0;0;0;0;0;0;0;1;0;0;0;0
"13/12/2014";"06:10:00";"1307";"sem vítima";"124.5";"BR-116/PR";"Norte";"Colisão Traseira";2;0;0;0;0;0;0;0;0;0;2;0;0;0;0
"13/12/2014";"07:49:00";"1311";"sem vítima";"42";"BR-116/SC";"Norte";"Choque - Veiculo parado no acostamento";0;0;1;0;0;1;0;0;0;0;2;0;0;0;0
"13/12/2014";"08:48:00";"1318";"sem vítima";"130";"BR-116/PR";"Norte";"Choque - Objeto não identificado";1;0;0;0;0;0;0;0;0;0;1;0;0;0;0
"13/12/2014";"09:23:00";"1321";"sem vítima";"192";"BR-116/PR";"Norte";"Choque - Objeto sobre a pista";1;0;0;0;0;0;0;0;0;0;1;0;0;0;0
"13/12/2014";"10:55:00";"1329";"sem vítima";"204";"BR-116/PR";"Norte";"Choque - Cancela de Pedagio";1;0;0;0;0;0;0;0;0;0;1;0;0;0;0
"13/12/2014";"12:44:00";"1336";"sem vítima";"205";"BR-116/PR";"Norte";"Saida de Pista";1;0;0;0;0;0;0;0;0;0;1;0;0;0;0
"13/12/2014";"05:18:00";"1361";"sem vítima";"204";"BR-116/PR";"Sul";"Choque - Cancela de Pedagio";0;0;0;0;0;0;0;0;0;1;3;0;0;0;0
"14/12/2014";"12:12:00";"1392";"com vítima";"119.3";"BR-116/PR";"Norte";"Colisão Traseira";2;0;0;0;0;0;0;0;0;0;4;2;0;0;0
"14/12/2014";"08:31:00";"1416";"com vítima";"121.5";"BR-116/PR";"Norte";"Saida de Pista";1;0;0;0;0;0;0;0;0;0;2;3;0;0;0
"14/12/2014";"03:31:00";"1440";"sem vítima";"193";"BR-116/PR";"Norte";"Choque - Outros";0;0;1;0;0;0;0;0;0;0;1;0;0;0;0
"14/12/2014";"05:47:00";"1459";"com vítima";"248.1";"BR-116/SC";"Norte";"Colisão Lateral";2;0;0;0;0;0;0;0;0;0;4;2;0;0;0
"14/12/2014";"07:27:00";"1474";"sem vítima";"152";"BR-116/SC";"Norte";"Choque - Cancela de Pedagio";1;0;0;0;0;0;0;0;0;0;1;0;0;0;0
"14/12/2014";"08:20:00";"1481";"sem vítima";"134";"BR-116/PR";"Sul";"Colisão Transversal";2;0;0;0;0;0;0;0;0;0;3;0;0;0;0
"15/12/2014";"12:09:00";"1494";"com vítima";"60";"BR-116/SC";"Sul";"Choque - Veiculo parado na pista";0;0;0;1;0;1;0;0;0;0;1;1;0;0;0
"15/12/2014";"01:31:00";"1543";"com vítima";"133";"BR-116/PR";"Norte";"Colisão Lateral";1;0;1;0;0;0;0;0;0;0;2;1;0;0;0
"15/12/2014";"07:13:00";"1584";"com vítima";"118";"BR-116/PR";"Sul";"Queda de Moto";0;0;0;1;0;0;0;0;0;0;0;1;0;0;0
"16/12/2014";"09:16:00";"1633";"sem vítima";"136.32";"BR-116/SC";"Norte";"Outros";0;0;1;0;0;0;0;0;0;0;1;0;0;0;0
"16/12/2014";"10:42:00";"1644";"sem vítima";"134";"BR-116/PR";"Sul";"Choque - Defensa, barreira ou "submarino"";0;0;1;0;0;0;0;0;0;0;1;0;0;0;0
"16/12/2014";"01:20:00";"1655";"sem vítima";"204";"BR-116/PR";"Norte";"Choque - Cancela de Pedagio";1;0;0;0;0;0;0;0;0;0;1;0;0;0;0
"16/12/2014";"01:20:00";"1656";"sem vítima";"127.4";"BR-116/PR";"Norte";"Colisão Lateral";1;0;1;0;0;0;0;0;0;0;2;0;0;0;0
"16/12/2014";"01:58:00";"1660";"sem vítima";"152.3";"BR-116/SC";"Norte";"Outros";0;0;1;0;0;0;0;0;0;0;1;0;0;0;0
"16/12/2014";"02:22:00";"1663";"sem vítima";"119.2";"BR-116/PR";"Sul";"Colisão Frontal";1;0;1;0;0;0;0;0;0;0;2;0;0;0;0
"16/12/2014";"02:32:00";"1664";"sem vítima";"119.25";"BR-116/PR";"Sul";"Colisão Traseira";2;0;0;0;0;0;0;0;0;0;2;0;0;0;0
"16/12/2014";"05:25:00";"1689";"com vítima";"121.4";"BR-116/PR";"Sul";"Colisão Lateral";0;1;0;0;1;0;0;0;0;0;50;0;0;1;0
"16/12/2014";"06:00:00";"1691";"sem vítima";"117.6";"BR-116/PR";"Sul";"Colisão Lateral";1;0;1;0;0;0;0;0;0;0;2;0;0;0;0
"16/12/2014";"10:10:00";"1707";"sem vítima";"188.1";"BR-116/PR";"Norte";"Saida de Pista";0;0;1;0;0;0;0;0;0;0;1;0;0;0;0
"17/12/2014";"06:41:00";"1725";"sem vítima";"213.7";"BR-116/SC";"Norte";"Submersão";1;0;0;0;0;0;0;0;0;0;1;0;0;0;0
"17/12/2014";"07:30:00";"1730";"sem vítima";"81";"BR-116/SC";"Norte";"Choque - Cancela de Pedagio";0;0;1;0;0;0;0;0;0;0;1;0;0;0;0
"17/12/2014";"12:07:00";"1762";"sem vítima";"157";"BR-116/SC";"Sul";"Objeto lançado contra veículo";1;0;0;0;0;0;0;0;0;0;1;0;0;0;0
"17/12/2014";"12:51:00";"1767";"sem vítima";"134";"BR-116/PR";"Norte";"Choque - Outros";0;0;1;0;0;0;0;0;0;0;1;0;0;0;0
"17/12/2014";"05:58:00";"1819";"sem vítima";"127";"BR-116/PR";"Norte";"Colisão Lateral";1;0;1;0;0;0;0;0;0;0;2;0;0;0;0
"17/12/2014";"06:16:00";"1820";"sem vítima";"117.3";"BR-116/PR";"Norte";"Colisão Lateral";1;0;1;0;0;0;0;0;0;0;3;0;0;0;0
"18/12/2014";"01:24:00";"1894";"sem vítima";"204";"BR-116/PR";"Sul";"Choque - Cancela de Pedagio";1;0;0;0;0;0;0;0;0;0;1;0;0;0;0
"18/12/2014";"03:00:00";"1904";"sem vítima";"213";"BR-116/SC";"Norte";"Objeto lançado contra veículo";0;0;1;0;0;0;0;0;0;0;1;0;0;0;0
"18/12/2014";"03:07:00";"1906";"sem vítima";"5.7";"BR-116/SC";"Norte";"Colisão Traseira";2;0;0;0;0;0;0;0;0;0;4;0;0;0;0
"18/12/2014";"05:00:00";"1918";"sem vítima";"204";"BR-116/PR";"Sul";"Choque - Cancela de Pedagio";0;0;0;0;0;0;0;0;0;1;4;0;0;0;0
"18/12/2014";"05:55:00";"1925";"sem vítima";"204";"BR-116/PR";"Norte";"Choque - Cancela de Pedagio";0;0;0;0;0;0;0;0;0;1;1;0;0;0;0
"18/12/2014";"06:32:00";"1929";"com vítima";"155";"BR-116/PR";"Norte";"Saida de Pista";0;0;1;0;0;0;0;0;0;0;1;1;0;0;0
"18/12/2014";"09:04:00";"1947";"com vítima";"248.1";"BR-116/SC";"Sul";"Colisão Transversal";1;0;0;1;0;0;0;0;0;0;1;1;0;0;0
"18/12/2014";"09:12:00";"1949";"sem vítima";"134";"BR-116/PR";"Sul";"Choque - Cancela de Pedagio";1;0;0;0;0;0;0;0;0;0;4;0;0;0;0
"18/12/2014";"09:42:00";"1950";"sem vítima";"184.5";"BR-116/SC";"Sul";"Choque - Poste";0;0;1;0;0;0;0;0;0;0;1;0;0;0;0
"19/12/2014";"03:28:00";"1964";"sem vítima";"255.8";"BR-116/SC";"Norte";"Saida de Pista";1;0;0;0;0;0;0;0;0;0;1;0;0;0;0
"19/12/2014";"04:36:00";"1968";"sem vítima";"175.4";"BR-116/SC";"Norte";"Saida de Pista";1;0;0;0;0;0;0;0;0;0;1;0;0;0;0
"19/12/2014";"06:40:00";"1969";"sem vítima";"121";"BR-116/PR";"Norte";"Colisão Lateral";1;0;1;0;0;0;0;0;0;0;3;0;0;0;0
"19/12/2014";"08:44:00";"1979";"com vítima";"116.2";"BR-116/PR";"Norte";"Colisão Traseira";0;0;0;1;0;1;0;0;0;0;2;1;0;0;0
"19/12/2014";"11:00:00";"1993";"sem vítima";"140";"BR-116/PR";"Norte";"Objeto lançado contra veículo";1;0;0;0;0;0;0;0;0;0;2;0;0;0;0
"19/12/2014";"04:00:00";"2026";"com vítima";"7";"BR-116/SC";"Sul";"Colisão Transversal";1;0;0;1;0;0;0;0;0;0;2;1;0;0;0
"19/12/2014";"05:29:00";"2038";"sem vítima";"167";"BR-116/SC";"Norte";"Choque - Objeto sobre a pista";1;0;0;0;0;0;0;0;0;0;1;0;0;0;0
"19/12/2014";"06:44:00";"2045";"com vítima";"117";"BR-116/PR";"Sul";"Colisão Traseira";1;0;0;1;0;0;0;0;0;0;5;1;0;0;0
"19/12/2014";"11:09:00";"2062";"com vítima";"185.98";"BR-116/PR";"Sul";"Colisão Frontal";1;0;2;0;0;0;0;0;0;0;1;0;0;1;1
"19/12/2014";"11:40:00";"2066";"sem vítima";"99.8";"BR-116/SC";"Norte";"Colisão Transversal";0;0;1;0;0;0;0;0;0;1;5;0;0;0;0
"20/12/2014";"12:00:00";"2067";"sem vítima";"121.6";"BR-116/PR";"Sul";"Choque - Defensa, barreira ou "submarino"";1;0;0;0;0;0;0;0;0;0;1;0;0;0;0
"20/12/2014";"03:48:00";"2075";"com vítima";"196.5";"BR-116/PR";"Norte";"Colisão Traseira";1;0;0;1;0;0;0;0;0;0;1;0;0;1;0
"20/12/2014";"08:14:00";"2083";"sem vítima";"17";"BR-116/SC";"Norte";"Choque - Poste";0;0;1;0;0;0;0;0;0;0;1;0;0;0;0
"20/12/2014";"09:00:00";"2088";"sem vítima";"130";"BR-116/PR";"Norte";"Colisão Traseira";2;0;0;0;0;0;0;0;0;0;2;0;0;0;0
"20/12/2014";"10:47:00";"2102";"sem vítima";"125.8";"BR-116/PR";"Norte";"Choque - Veiculo parado na pista";2;0;1;0;0;1;0;0;0;0;4;0;0;0;0
"20/12/2014";"11:36:00";"2106";"sem vítima";"203";"BR-116/PR";"Sul";"Choque - Objeto sobre a pista";1;0;0;0;0;0;0;0;0;0;1;0;0;0;0
"20/12/2014";"11:54:00";"2110";"sem vítima";"125.8";"BR-116/PR";"Norte";"Choque - Suporte de Sinalização";1;0;0;0;0;0;0;0;0;0;1;0;0;0;0
"21/12/2014";"03:16:00";"2170";"com vítima";"117";"BR-116/PR";"Sul";"Colisão Frontal";0;1;0;0;0;1;0;0;0;0;1;1;0;0;0
"21/12/2014";"05:39:00";"2174";"com vítima";"0.5";"BR-116/SC";"Norte";"Choque - Defensa, barreira ou "submarino"";1;0;0;0;0;0;0;0;0;0;2;1;0;0;0
"21/12/2014";"06:40:00";"2176";"com vítima";"150.9";"BR-116/PR";"Norte";"Tombamento";0;0;1;0;0;0;0;0;0;0;0;1;0;0;0
"21/12/2014";"08:00:00";"2180";"sem vítima";"125.5";"BR-116/PR";"Sul";"Saida de Pista";1;0;0;0;0;0;0;0;0;0;1;0;0;0;0
"21/12/2014";"08:26:00";"2181";"sem vítima";"117.9";"BR-116/SC";"Norte";"Saida de Pista";0;0;3;0;0;0;0;0;0;0;3;0;0;0;0
"21/12/2014";"09:56:00";"2185";"sem vítima";"134";"BR-116/PR";"Sul";"Choque - Cancela de Pedagio";1;0;0;0;0;0;0;0;0;0;1;0;0;0;0
"21/12/2014";"01:18:00";"2201";"sem vítima";"134";"BR-116/PR";"Sul";"Objeto lançado contra veículo";0;0;1;0;0;0;0;0;0;0;1;0;0;0;0
"21/12/2014";"01:33:00";"2202";"com vítima";"255";"BR-116/SC";"Sul";"Colisão Traseira";2;0;0;0;0;0;0;0;0;2;8;3;0;0;0
"21/12/2014";"01:57:00";"2205";"sem vítima";"191.3";"BR-116/PR";"Sul";"Colisão Traseira";0;0;1;0;0;0;0;0;0;1;5;0;0;0;0
"21/12/2014";"02:11:00";"2207";"sem vítima";"191.3";"BR-116/PR";"Sul";"Choque - Veiculo parado no acostamento";0;0;0;0;0;0;0;0;0;2;4;0;0;0;0
"21/12/2014";"03:10:00";"2215";"sem vítima";"199";"BR-116/PR";"Sul";"Choque - Defensa, barreira ou "submarino"";1;0;0;0;0;0;0;0;0;0;3;0;0;0;0
"21/12/2014";"04:37:00";"2227";"sem vítima";"31.05";"BR-116/SC";"Norte";"Colisão Lateral";1;0;1;0;0;0;0;0;0;0;3;0;0;0;0
"21/12/2014";"05:09:00";"2233";"sem vítima";"81";"BR-116/SC";"Norte";;0;0;1;0;0;0;0;0;0;0;1;0;0;0;0
"21/12/2014";"05:54:00";"2236";"sem vítima";"175.9";"BR-116/PR";"Norte";"Saida de Pista";1;0;0;0;0;0;0;0;0;0;1;0;0;0;0
"21/12/2014";"07:57:00";"2251";"sem vítima";"218.4";"BR-116/SC";"Norte";"Colisão Transversal";1;0;0;0;0;1;0;0;0;0;2;0;0;0;0
"22/12/2014";"07:26:00";"2280";"com vítima";"5.4";"BR-116/SC";"Norte";"Colisão Traseira";0;0;0;1;0;0;0;0;0;1;1;1;0;0;0
"22/12/2014";"09:00:00";"2288";"sem vítima";"140.2";"BR-116/PR";"Norte";"Colisão Traseira";2;0;0;0;0;0;0;0;0;0;5;0;0;0;0
"22/12/2014";"10:20:00";"2300";"sem vítima";"117.4";"BR-116/PR";"Norte";"Colisão Traseira";1;0;0;0;0;1;0;0;0;0;2;0;0;0;0
"22/12/2014";"10:51:00";"2307";"sem vítima";"148.7";"BR-116/PR";"Norte";"Saida de Pista";0;0;1;0;0;0;0;0;0;0;1;0;0;0;0
"22/12/2014";"11:24:00";"2315";"com vítima";"267.72";"BR-116/SC";"Norte";"Colisão Transversal";1;0;0;1;0;0;0;0;0;0;1;4;0;0;0
"22/12/2014";"12:21:00";"2320";"sem vítima";"119.5";"BR-116/PR";"Sul";"Saida de Pista";1;0;0;0;0;0;0;0;0;0;1;0;0;0;0
"22/12/2014";"01:07:00";"2324";"sem vítima";"148";"BR-116/PR";"Sul";"Colisão Traseira";2;0;0;0;0;0;0;0;0;0;3;0;0;0;0
"22/12/2014";"01:10:00";"2325";"com vítima";"225.4";"BR-116/SC";"Norte";"Saida de Pista";1;0;0;0;0;0;0;0;0;0;0;0;0;1;0
"22/12/2014";"01:43:00";"2326";"sem vítima";"17.7";"BR-116/SC";"Norte";"Colisão Lateral";0;0;2;0;0;0;0;0;0;0;3;0;0;0;0
"22/12/2014";"05:11:00";"2355";"sem vítima";"236.1";"BR-116/SC";"Sul";"Saida de Pista";1;0;0;0;0;0;0;0;0;0;1;0;0;0;0
"22/12/2014";"05:24:00";"2357";"sem vítima";"176";"BR-116/SC";"Norte";"Choque - Defensa, barreira ou "submarino"";0;0;1;0;0;0;0;0;0;0;1;0;0;0;0
"22/12/2014";"05:28:00";"2360";"com vítima";"151.47";"BR-116/SC";"Sul";"Colisão Lateral";1;0;1;0;0;0;0;0;0;0;2;2;0;0;0
"22/12/2014";"07:48:00";"2370";"sem vítima";"194.4";"BR-116/PR";"Sul";"Saida de Pista";0;0;1;0;0;0;0;0;0;0;1;0;0;0;0
"22/12/2014";"09:43:00";"2377";"com vítima";"119";"BR-116/PR";"Sul";"Colisão Transversal";1;0;0;0;0;1;0;0;0;0;2;1;0;0;0
"22/12/2014";"10:31:00";"2382";"sem vítima";"143.15";"BR-116/SC";"Sul";"Colisão Lateral";1;0;1;0;0;0;0;0;0;0;3;0;0;0;0
"22/12/2014";"11:31:00";"2385";"sem vítima";"134";"BR-116/PR";"Sul";"Choque - Cancela de Pedagio";1;0;0;0;0;0;0;0;0;0;1;0;0;0;0
"22/12/2014";"11:38:00";"2386";"sem vítima";"81";"BR-116/SC";"Sul";"Choque - Arvore";0;0;1;0;0;0;0;0;0;0;1;0;0;0;0
"23/12/2014";"12:07:00";"2389";"sem vítima";"183.5";"BR-116/PR";"Sul";"Saida de Pista";1;0;0;0;0;0;0;0;0;0;1;0;0;0;0
"23/12/2014";"01:12:00";"2462";"sem vítima";"245";"BR-116/SC";"Sul";"Colisão Transversal";2;0;0;0;0;0;0;0;0;0;5;0;0;0;0
"23/12/2014";"01:50:00";"2466";"sem vítima";"24";"BR-116/SC";"Sul";"Colisão Transversal";1;0;0;1;0;0;0;0;0;0;2;0;0;0;0
"23/12/2014";"03:06:00";"2480";"sem vítima";"116.2";"BR-116/SC";"Sul";"Choque - Suporte de Sinalização";2;0;0;0;0;0;0;0;0;0;3;0;0;0;0
"23/12/2014";"03:30:00";"2482";"sem vítima";"204";"BR-116/PR";"Norte";"Choque - Cancela de Pedagio";1;0;0;0;0;0;0;0;0;0;1;0;0;0;0
"23/12/2014";"04:13:00";"2488";"com vítima";"153";"BR-116/PR";"Sul";"Saida de Pista";1;0;0;0;0;0;0;0;0;0;1;3;0;0;0
"23/12/2014";"05:19:00";"2497";"sem vítima";"134";"BR-116/PR";"Sul";"Colisão Traseira";0;0;2;0;0;0;0;0;0;0;2;0;0;0;0
"23/12/2014";"05:22:00";"2498";"sem vítima";"148";"BR-116/PR";"Sul";"Choque - Objeto sobre a pista";1;0;0;0;0;0;0;0;0;0;5;0;0;0;0
"23/12/2014";"10:07:00";"2517";"sem vítima";"131.8";"BR-116/PR";"Sul";"Colisão Lateral";1;0;1;0;0;0;0;0;0;0;4;0;0;0;0
"23/12/2014";"10:27:00";"2519";"sem vítima";"81";"BR-116/SC";"Sul";"Choque - Cancela de Pedagio";0;0;0;0;0;0;0;0;0;1;1;0;0;0;0
"23/12/2014";"11:55:00";"2527";"com vítima";"219";"BR-116/SC";"Sul";"Colisão Frontal";1;0;0;1;0;0;0;0;0;0;1;1;0;1;0
"24/12/2014";"04:20:00";"2534";"sem vítima";"83.4";"BR-116/SC";"Sul";"Colisão Traseira";0;0;2;0;0;0;0;0;0;0;3;0;0;0;0
"24/12/2014";"06:34:00";"2537";"sem vítima";"204";"BR-116/PR";"Sul";"Choque - Cancela de Pedagio";1;0;0;0;0;0;0;0;0;0;1;0;0;0;0
"24/12/2014";"07:05:00";"2541";"sem vítima";"204";"BR-116/PR";"Sul";"Choque - Cancela de Pedagio";1;0;0;0;0;0;0;0;0;0;1;0;0;0;0
"24/12/2014";"08:21:00";"2546";"sem vítima";"127";"BR-116/PR";"Norte";"Colisão Traseira";2;0;0;0;0;0;0;0;0;1;3;0;0;0;0
"24/12/2014";"11:20:00";"2555";"com vítima";"19.9";"BR-116/SC";"Sul";"Colisão Transversal";0;0;0;1;0;1;0;0;0;0;1;1;0;0;0
"24/12/2014";"01:29:00";"2564";"sem vítima";"204";"BR-116/PR";"Sul";"Choque - Cancela de Pedagio";1;0;0;0;0;0;0;0;0;0;1;0;0;0;0
"24/12/2014";"08:43:00";"2619";"com vítima";"117.2";"BR-116/PR";"Sul";"Atropelamento - Usuário";1;0;0;0;0;0;0;0;0;0;1;1;0;0;0
"24/12/2014";"09:35:00";"2625";"sem vítima";"126";"BR-116/PR";"Norte";"Colisão Traseira";2;0;0;0;0;0;0;0;0;0;2;0;0;0;0
"25/12/2014";"04:06:00";"2634";"sem vítima";"144.08";"BR-116/SC";"Sul";"Saida de Pista";1;0;1;0;0;0;0;0;0;0;3;0;0;0;0
"25/12/2014";"04:26:00";"2665";"sem vítima";"131";"BR-116/PR";"Sul";"Colisão Transversal";2;0;0;0;0;0;0;0;0;0;6;0;0;0;0
"25/12/2014";"05:10:00";"2669";"com vítima";"120.5";"BR-116/PR";"Norte";"Colisão Traseira";2;0;0;0;0;0;0;0;0;0;6;1;0;0;0
"25/12/2014";"05:33:00";"2671";"com vítima";"166.8";"BR-116/PR";"Sul";"Colisão Transversal";2;0;0;1;0;0;0;0;0;0;2;0;0;2;0