data;horario;n_da_ocorrencia;tipo_de_ocorrencia;km;trecho;sentido;tipo_de_acidente;automovel;bicicleta;caminhao;moto;onibus;outros;tracao_animal;transporte_de_cargas_especiais;trator_maquinas;utilitarios;ilesos;levemente_feridos;moderadamente_feridos;gravemente_feridos;mortos
"25/01/2015";"06:41:00";"2484";"sem vítima";"140.6";"BR-116/SC";"Norte";"Colisão Transversal";2;0;0;0;0;0;0;0;0;0;2;0;0;0;0
"25/01/2015";"06:42:00";"2485";"sem vítima";"152.4";"BR-116/PR";"Sul";"Colisão Lateral";2;0;0;0;0;0;0;0;0;0;2;0;0;0;0
"25/01/2015";"06:56:00";"2491";"com vítima";"155.2";"BR-116/PR";"Sul";"Saida de Pista";1;0;0;0;0;0;0;0;0;0;1;4;0;0;0
"25/01/2015";"07:25:00";"2498";"com vítima";"155.5";"BR-116/PR";"Sul";"Engavetamento";2;0;1;0;0;0;0;0;0;0;3;1;0;0;0
"25/01/2015";"08:27:00";"2504";"sem vítima";"139.8";"BR-116/PR";"Norte";"Colisão Traseira";1;0;0;0;0;0;0;0;0;1;2;0;0;0;0
"25/01/2015";"08:34:00";"2507";"sem vítima";"129";"BR-116/PR";"Norte";"Colisão Traseira";1;0;1;0;0;0;0;0;0;0;2;0;0;0;0
"25/01/2015";"08:43:00";"2510";"sem vítima";"196.3";"BR-116/PR";"Norte";"Choque - Arvore";1;0;0;0;0;0;0;0;0;0;1;0;0;0;0
"25/01/2015";"08:59:00";"2512";"com vítima";"128";"BR-116/PR";"Norte";"Engavetamento";3;0;0;0;0;0;0;0;0;0;9;1;0;0;0
"26/01/2015";"07:11:00";"2524";"sem vítima";"61";"BR-116/SC";"Sul";"Choque - Outros";1;0;0;0;0;0;0;0;0;0;1;0;0;0;0
"26/01/2015";"09:24:00";"2537";"com vítima";"232.2";"BR-116/SC";"Norte";"Colisão Frontal";1;0;1;0;0;0;0;0;0;0;1;0;0;3;2
"26/01/2015";"10:23:00";"2541";"com vítima";"117.5";"BR-116/PR";"Sul";"Colisão Lateral";1;0;0;1;0;0;0;0;0;0;1;1;0;0;0
"26/01/2015";"07:34:00";"2603";"sem vítima";"129.2";"BR-116/PR";"Norte";"Colisão Transversal";2;0;0;0;0;0;0;0;0;0;3;0;0;0;0
"27/01/2015";"10:09:00";"2656";"com vítima";"115";"BR-116/PR";"Sul";"Colisão Lateral";0;0;1;1;0;0;0;0;0;0;1;0;0;1;0
"27/01/2015";"05:44:00";"2713";"com vítima";"129.7";"BR-116/PR";"Sul";"Colisão Transversal";2;0;0;1;0;0;0;0;0;0;2;1;0;0;0
"27/01/2015";"06:06:00";"2715";"com vítima";"181.2";"BR-116/SC";"Norte";"Saida de Pista";0;0;1;0;0;0;0;0;0;0;0;1;0;0;0
"28/01/2015";"01:40:00";"2737";"com vítima";"176.8";"BR-116/SC";"Sul";"Choque - Arvore";1;0;0;0;0;0;0;0;0;0;0;1;0;0;0
"28/01/2015";"12:41:00";"2788";"com vítima";"2.3";"BR-116/SC";"Sul";"Colisão Lateral";0;0;0;1;0;0;0;0;0;1;1;1;0;0;0
"28/01/2015";"04:47:00";"2823";"sem vítima";"149.4";"BR-116/SC";"Norte";"Colisão Lateral";1;0;1;0;0;0;0;0;0;0;2;0;0;0;0
"29/01/2015";"07:20:00";"2854";"sem vítima";"123";"BR-116/PR";"Norte";"Colisão Traseira";1;0;0;1;0;0;0;0;0;0;2;0;0;0;0
"29/01/2015";"10:08:00";"2873";"sem vítima";"234";"BR-116/SC";"Sul";"Objeto lançado contra veículo";0;0;0;0;0;0;0;0;0;1;1;0;0;0;0
"29/01/2015";"10:42:00";"2876";"sem vítima";"128";"BR-116/PR";"Sul";"Choque - Outros";1;0;0;0;0;0;0;0;0;0;1;0;0;0;0
"29/01/2015";"11:55:00";"2882";"sem vítima";"124";"BR-116/PR";"Sul";"Saida de Pista";1;0;0;0;0;0;0;0;0;0;1;0;0;0;0
"29/01/2015";"02:34:00";"2896";"com vítima";"201";"BR-116/PR";"Norte";"Tombamento";0;1;0;0;0;0;0;0;0;0;0;1;0;0;0
"29/01/2015";"03:22:00";"2904";"sem vítima";"239.4";"BR-116/SC";"Sul";"Colisão Lateral";2;0;0;0;0;0;0;0;0;0;5;0;0;0;0
"29/01/2015";"07:05:00";"2919";"sem vítima";"62.4";"BR-116/SC";"Sul";"Colisão Frontal";1;0;1;0;0;0;0;0;0;0;2;0;0;0;0
"29/01/2015";"08:47:00";"2929";"sem vítima";"172.3";"BR-116/SC";"Norte";"Saida de Pista";0;0;1;0;0;0;0;0;0;0;1;0;0;0;0
"30/01/2015";"07:51:00";"2956";"sem vítima";"115.5";"BR-116/PR";"Norte";"Colisão Lateral";0;0;2;0;0;0;0;0;0;0;2;0;0;0;0
"30/01/2015";"09:07:00";"2964";"com vítima";"116.9";"BR-116/PR";"Norte";"Colisão Traseira";1;0;0;1;0;0;0;0;0;0;1;1;0;0;0
"30/01/2015";"10:31:00";"2983";"sem vítima";"18";"BR-116/SC";"Sul";"Choque - Outros";0;0;1;0;0;0;0;0;0;0;1;0;0;0;0
"30/01/2015";"03:11:00";"3015";"sem vítima";"60.4";"BR-116/SC";"Sul";"Colisão Traseira";1;0;1;0;0;0;0;0;0;0;2;0;0;0;0
"30/01/2015";"03:37:00";"3021";"sem vítima";"134";"BR-116/PR";"Sul";"Choque - Cancela de Pedagio";1;0;0;0;0;0;0;0;0;0;1;0;0;0;0
"30/01/2015";"04:11:00";"3025";"sem vítima";"205";"BR-116/SC";"Sul";"Saida de Pista";1;0;0;0;0;0;0;0;0;0;1;0;0;0;0
"30/01/2015";"04:37:00";"3026";"sem vítima";"246";"BR-116/SC";"Norte";"Colisão Traseira";2;0;0;0;0;0;0;0;0;0;2;0;0;0;0
"30/01/2015";"05:05:00";"3029";"sem vítima";"260";"BR-116/SC";"Norte";"Objeto lançado contra veículo";1;0;0;0;0;0;0;0;0;0;6;0;0;0;0
"30/01/2015";"05:15:00";"3030";"sem vítima";"260";"BR-116/SC";"Norte";"Objeto lançado contra veículo";1;0;0;0;0;0;0;0;0;0;1;0;0;0;0
"30/01/2015";"06:51:00";"3038";"sem vítima";"193.25";"BR-116/SC";"Norte";"Saida de Pista";1;0;0;0;0;0;0;0;0;0;1;0;0;0;0
"30/01/2015";"08:20:00";"3044";"sem vítima";"204";"BR-116/PR";"Norte";"Choque - Cancela de Pedagio";1;0;0;0;0;0;0;0;0;0;2;0;0;0;0
"31/01/2015";"02:28:00";"3059";"sem vítima";"205";"BR-116/PR";"Norte";"Colisão Transversal";0;0;1;0;0;1;0;0;0;0;2;0;0;0;0
"31/01/2015";"01:25:00";"3093";"sem vítima";"240.82";"BR-116/SC";"Sul";"Capotamento";1;0;0;0;0;0;0;0;0;0;2;0;0;0;0
"31/01/2015";"05:16:00";"3111";"sem vítima";"117";"BR-116/PR";"Sul";"Colisão Lateral";3;0;0;0;0;0;0;0;0;0;3;0;0;0;0
"31/01/2015";"08:13:00";"3120";"sem vítima";"127";"BR-116/PR";"Sul";"Colisão Traseira";3;0;0;0;0;0;0;0;0;0;6;0;0;0;0
"31/01/2015";"08:36:00";"3122";"com vítima";"152.2";"BR-116/PR";"Sul";"Colisão Frontal";0;0;1;1;0;0;0;0;0;0;1;1;0;0;0
"31/01/2015";"09:23:00";"3123";"com vítima";"250.9";"BR-116/SC";"Sul";"Colisão Frontal";1;0;1;0;0;0;0;0;0;0;3;1;0;0;1
"31/01/2015";"09:36:00";"3124";"sem vítima";"258";"BR-116/SC";"Norte";"Saida de Pista";1;0;0;0;0;0;0;0;0;0;1;0;0;0;0
"31/01/2015";"11:43:00";"3127";"com vítima";"53.5";"BR-116/SC";"Norte";"Colisão Traseira";1;0;0;0;0;1;0;0;0;0;1;6;0;2;0
"01/02/2015";"03:46:00";"45";"sem vítima";"134";"BR-116/PR";"Norte";"Choque - Cancela de Pedagio";1;0;0;0;0;0;0;0;0;0;1;0;0;0;0
"01/02/2015";"06:21:00";"61";"sem vítima";"81";"BR-116/SC";"Norte";"Choque - Cancela de Pedagio";1;0;0;0;0;0;0;0;0;0;1;0;0;0;0
"01/02/2015";"09:11:00";"73";"sem vítima";"245.5";"BR-116/SC";"Sul";"Colisão Transversal";2;0;0;0;0;0;0;0;0;0;11;0;0;0;0
"01/02/2015";"10:19:00";"76";"sem vítima";"255.5";"BR-116/SC";"Norte";"Atropelamento de Animal";0;0;1;0;0;0;0;0;0;0;2;0;0;0;0
"01/02/2015";"10:19:00";"80";"sem vítima";"255";"BR-116/SC";"Sul";"Atropelamento de Animal";1;0;0;0;0;0;0;0;0;0;1;0;0;0;0
"02/02/2015";"08:06:00";"103";"sem vítima";"194";"BR-116/PR";"Sul";"Saida de Pista";0;0;1;0;0;0;0;0;0;0;1;0;0;0;0
"02/02/2015";"08:11:00";"104";"sem vítima";"116.5";"BR-116/PR";"Norte";"Colisão Lateral";1;0;0;1;0;0;0;0;0;0;2;0;0;0;0
"02/02/2015";"09:23:00";"109";"sem vítima";"128.5";"BR-116/PR";"Norte";"Colisão Traseira";1;0;0;0;0;0;0;0;0;1;2;0;0;0;0
"02/02/2015";"12:49:00";"133";"sem vítima";"120";"BR-116/PR";"Sul";"Choque - Outros";1;0;0;0;0;0;0;0;0;0;1;0;0;0;0
"02/02/2015";"02:29:00";"141";"sem vítima";"122";"BR-116/PR";"Norte";"Colisão Traseira";1;0;0;0;0;0;0;0;0;1;2;0;0;0;0
"02/02/2015";"04:02:00";"161";"com vítima";"95.6";"BR-116/SC";"Sul";"Saida de Pista";0;0;0;0;0;0;0;0;0;1;0;1;0;0;0
"02/02/2015";"04:34:00";"164";"com vítima";"116.5";"BR-116/PR";"Sul";"Colisão Lateral";0;0;1;1;0;0;0;0;0;0;1;1;0;0;0
"02/02/2015";"05:17:00";"167";"sem vítima";"204";"BR-116/PR";"Norte";"Choque - Cancela de Pedagio";0;0;1;0;0;0;0;0;0;0;1;0;0;0;0
"02/02/2015";"07:09:00";"176";"sem vítima";"134";"BR-116/PR";"Sul";"Choque - Defensa, barreira ou "submarino"";0;0;0;0;0;0;0;0;0;1;1;0;0;0;0
"02/02/2015";"09:43:00";"193";"sem vítima";"246";"BR-116/SC";"Norte";"Objeto lançado contra veículo";0;0;1;0;0;0;0;0;0;0;1;0;0;0;0
"03/02/2015";"01:14:00";"202";"com vítima";"115.1";"BR-116/SC";"Norte";"Saida de Pista";0;0;1;0;0;0;0;0;0;0;0;1;0;0;0
"03/02/2015";"09:35:00";"218";"sem vítima";"204";"BR-116/PR";"Sul";"Choque - Cancela de Pedagio";0;0;0;0;0;0;0;0;0;1;1;0;0;0;0
"03/02/2015";"10:07:00";"223";"sem vítima";"129";"BR-116/PR";"Sul";"Choque - Outros";1;0;0;0;0;0;0;0;0;0;1;0;0;0;0
"03/02/2015";"02:27:00";"240";"sem vítima";"167";"BR-116/SC";"Norte";"Saida de Pista";0;0;1;0;0;0;0;0;0;0;1;0;0;0;0
"03/02/2015";"03:57:00";"258";"sem vítima";"117";"BR-116/PR";"Norte";"Colisão Traseira";2;0;0;0;0;0;0;0;0;0;2;0;0;0;0
"03/02/2015";"04:13:00";"262";"sem vítima";"172";"BR-116/PR";"Norte";"Colisão Lateral";1;0;2;0;0;0;0;0;0;0;3;0;0;0;0
"03/02/2015";"04:15:00";"263";"sem vítima";"117.5";"BR-116/PR";"Sul";"Colisão Traseira";1;0;1;0;0;0;0;0;0;0;2;0;0;0;0
"03/02/2015";"04:41:00";"266";"sem vítima";"245.6";"BR-116/SC";"Norte";"Colisão Transversal";1;0;1;0;0;0;0;0;0;0;3;0;0;0;0
"03/02/2015";"06:33:00";"278";"sem vítima";"134";"BR-116/PR";"Norte";"Choque - Cancela de Pedagio";0;0;0;0;0;0;0;0;0;1;1;0;0;0;0
"03/02/2015";"11:07:00";"302";"sem vítima";"23.6";"BR-116/SC";"Norte";"Tombamento";0;0;2;0;0;0;0;0;0;0;2;0;0;0;0
"04/02/2015";"01:58:00";"310";"sem vítima";"172.5";"BR-116/SC";"Sul";"Saida de Pista";0;0;1;0;0;0;0;0;0;0;1;0;0;0;0
"04/02/2015";"07:48:00";"327";"com vítima";"140.9";"BR-116/PR";"Sul";"Colisão Traseira";4;0;1;0;0;0;0;0;0;0;5;0;0;1;1
"04/02/2015";"08:32:00";"332";"sem vítima";"81";"BR-116/SC";"Sul";"Choque - Cancela de Pedagio";1;0;0;0;0;0;0;0;0;0;1;0;0;0;0
"04/02/2015";"05:16:00";"380";"com vítima";"128.3";"BR-116/PR";"Norte";"Atropelamento - Andarilho";0;0;0;0;0;1;0;0;0;0;1;1;0;0;0
"04/02/2015";"06:13:00";"389";"com vítima";"148.05";"BR-116/PR";"Sul";"Saida de Pista";0;0;0;0;0;0;0;0;0;1;2;1;0;0;0
"04/02/2015";"10:53:00";"407";"com vítima";"120.1";"BR-116/PR";"Sul";"Colisão Traseira";0;0;0;1;0;0;0;0;0;1;2;1;0;0;0
"05/02/2015";"12:42:00";"412";"sem vítima";"201";"BR-116/SC";"Norte";"Saida de Pista";0;0;1;0;0;0;0;0;0;0;1;0;0;0;0
"05/02/2015";"09:20:00";"435";"sem vítima";"134";"BR-116/PR";"Norte";"Choque - Cancela de Pedagio";0;0;1;0;0;0;0;0;0;0;1;0;0;0;0
"05/02/2015";"10:03:00";"439";"sem vítima";"181";"BR-116/SC";"Sul";"Choque - Objeto sobre a pista";1;0;0;0;0;0;0;0;0;0;1;0;0;0;0
"05/02/2015";"12:08:00";"452";"com vítima";"156";"BR-116/PR";"Sul";"Saida de Pista";1;0;0;0;0;0;0;0;0;0;0;2;0;0;0
"05/02/2015";"01:00:00";"453";"sem vítima";"115";"BR-116/SC";"Norte";"Choque - Veiculo parado no acostamento";0;0;2;0;0;0;0;0;0;0;2;0;0;0;0
"05/02/2015";"01:09:00";"454";"sem vítima";"204";"BR-116/PR";"Norte";"Choque - Cancela de Pedagio";1;0;0;0;0;0;0;0;0;0;1;0;0;0;0
"05/02/2015";"04:00:00";"476";"sem vítima";"207.5";"BR-116/PR";"Norte";"Objeto lançado contra veículo";1;0;0;0;0;0;0;0;0;0;1;0;0;0;0
"05/02/2015";"05:58:00";"492";"sem vítima";"123";"BR-116/SC";"Sul";"Colisão Lateral";0;0;2;0;0;0;0;0;0;0;2;0;0;0;0
"05/02/2015";"06:02:00";"494";"sem vítima";"138.45";"BR-116/SC";"Sul";"Engavetamento";2;0;0;0;1;0;0;0;0;0;23;0;0;0;0
"05/02/2015";"06:08:00";"496";"sem vítima";"205.2";"BR-116/SC";"Sul";"Saida de Pista";1;0;0;0;0;0;0;0;0;0;1;0;0;0;0
"06/02/2015";"07:08:00";"532";"com vítima";"122.7";"BR-116/PR";"Norte";"Colisão Traseira";1;0;0;1;0;1;0;0;0;0;2;2;0;0;0
"06/02/2015";"09:29:00";"537";"sem vítima";"117.4";"BR-116/PR";"Sul";"Colisão Traseira";0;0;2;0;0;0;0;0;0;0;2;0;0;0;0
"06/02/2015";"06:29:00";"589";"com vítima";"246.1";"BR-116/SC";"Sul";"Colisão Transversal";1;0;0;1;0;0;0;0;0;0;1;1;0;0;0
"06/02/2015";"06:44:00";"592";"sem vítima";"45.5";"BR-116/SC";"Sul";"Saida de Pista";1;0;0;0;0;0;0;0;0;0;1;0;0;0;0
"06/02/2015";"09:00:00";"677";"com vítima";"242";"BR-116/SC";"Sul";"Colisão Lateral";1;0;1;0;0;0;0;0;0;0;1;1;0;0;0
"07/02/2015";"03:38:00";"611";"sem vítima";"218";"BR-116/SC";"Norte";"Saida de Pista";1;0;0;0;0;0;0;0;0;0;1;0;0;0;0
"07/02/2015";"10:26:00";"639";"sem vítima";"235.4";"BR-116/SC";"Norte";"Colisão Transversal";2;0;0;0;0;0;0;0;0;0;2;0;0;0;0
"07/02/2015";"12:20:00";"644";"sem vítima";"122";"BR-116/SC";"Norte";"Choque - Objeto sobre a pista";1;0;0;0;0;0;0;0;0;0;1;0;0;0;0
"07/02/2015";"01:30:00";"652";"com vítima";"131";"BR-116/PR";"Sul";"Colisão Traseira";2;0;1;0;0;0;0;0;0;0;3;1;0;0;0
"07/02/2015";"02:14:00";"655";"sem vítima";"206";"BR-116/PR";"Norte";"Colisão Lateral";1;0;1;0;0;0;0;0;0;0;5;0;0;0;0
"07/02/2015";"02:15:00";"656";"com vítima";"119.8";"BR-116/PR";"Sul";"Colisão Lateral";2;0;0;1;0;0;0;0;0;0;5;1;0;0;0
"07/02/2015";"03:49:00";"665";"sem vítima";"224.9";"BR-116/SC";"Sul";"Colisão Lateral";0;0;2;0;0;0;0;0;0;0;3;0;0;0;0
"08/02/2015";"04:13:00";"703";"sem vítima";"185";"BR-116/SC";"Sul";"Colisão Frontal";2;0;0;0;0;0;0;0;0;0;3;0;0;0;0
"08/02/2015";"05:19:00";"708";"sem vítima";"125.8";"BR-116/PR";"Sul";"Colisão Transversal";1;0;0;1;0;0;0;0;0;0;2;0;0;0;0
"08/02/2015";"06:27:00";"710";"sem vítima";"126.3";"BR-116/PR";"Sul";"Choque - Veiculo parado na pista";1;0;1;0;0;0;0;0;0;0;2;0;0;0;0
"08/02/2015";"08:11:00";"719";"com vítima";"116.4";"BR-116/PR";"Norte";"Colisão Lateral";2;0;0;0;0;0;0;0;0;0;1;1;0;0;0
"08/02/2015";"10:45:00";"735";"sem vítima";"197.2";"BR-116/SC";"Sul";"Saida de Pista";1;0;0;0;0;0;0;0;0;0;1;0;0;0;0
"08/02/2015";"03:08:00";"755";"sem vítima";"30.5";"BR-116/SC";"Norte";"Saida de Pista";1;0;0;0;0;0;0;0;0;0;1;0;0;0;0
"08/02/2015";"05:36:00";"768";"sem vítima";"126";"BR-116/PR";"Norte";"Colisão Traseira";3;0;0;0;0;0;0;0;0;0;7;0;0;0;0
"08/02/2015";"07:09:00";"777";"com vítima";"233.6";"BR-116/SC";"Norte";"Colisão Frontal";1;0;1;0;0;0;0;0;0;0;1;3;0;2;0
"08/02/2015";"07:53:00";"784";"com vítima";"89.7";"BR-116/SC";"Norte";"Colisão Transversal";2;0;0;0;0;0;0;0;0;0;6;2;0;0;0
"08/02/2015";"09:16:00";"789";"sem vítima";"150.5";"BR-116/PR";"Norte";"Saida de Pista";1;0;0;0;0;0;0;0;0;0;1;0;0;0;0
"09/02/2015";"12:42:00";"924";"sem vítima";"204.8";"BR-116/PR";"Norte";"Saida de Pista";1;0;0;0;0;0;0;0;0;0;1;0;0;0;0
"09/02/2015";"09:16:00";"825";"sem vítima";"134.6";"BR-116/PR";"Sul";"Colisão Traseira";1;0;1;0;0;0;0;0;0;0;2;0;0;0;0
"09/02/2015";"10:06:00";"833";"sem vítima";"204";"BR-116/PR";"Norte";"Choque - Cancela de Pedagio";0;0;1;0;0;0;0;0;0;0;1;0;0;0;0
"09/02/2015";"11:43:00";"851";"com vítima";"167";"BR-116/PR";"Sul";"Colisão Lateral";1;0;0;1;0;0;0;0;0;0;0;3;0;0;0
"09/02/2015";"01:50:00";"859";"com vítima";"179.8";"BR-116/SC";"Norte";"Colisão Transversal";1;0;0;0;0;0;0;0;0;1;8;4;0;0;0
"09/02/2015";"11:25:00";"923";"sem vítima";"117.9";"BR-116/PR";"Sul";"Colisão Lateral";1;0;1;0;0;0;0;0;0;0;2;0;0;0;0
"10/02/2015";"01:49:00";"926";"sem vítima";"188";"BR-116/PR";"Sul";"Objeto lançado contra veículo";1;0;0;0;0;0;0;0;0;0;1;0;0;0;0
"10/02/2015";"12:25:00";"969";"sem vítima";"152";"BR-116/PR";"Norte";"Choque - Outros";1;0;0;0;0;0;0;0;0;0;1;0;0;0;0
"10/02/2015";"03:32:00";"996";"sem vítima";"204.1";"BR-116/PR";"Sul";"Choque - Defensa, barreira ou "submarino"";0;0;1;0;0;0;0;0;0;0;1;0;0;0;0
"10/02/2015";"04:43:00";"1006";"sem vítima";"249";"BR-116/SC";"Norte";"Saida de Pista";1;0;1;0;0;0;0;0;0;0;2;0;0;0;0
"10/02/2015";"10:25:00";"1037";"com vítima";"125.8";"BR-116/PR";"Sul";"Colisão Transversal";1;0;1;0;0;0;0;0;0;0;1;2;0;0;0
"11/02/2015";"10:03:00";"1073";"com vítima";"118.1";"BR-116/PR";"Sul";"Queda de Moto";0;0;1;1;0;0;0;0;0;0;1;1;0;0;0
"11/02/2015";"11:08:00";"1083";"sem vítima";"246.6";"BR-116/SC";"Sul";"Colisão Transversal";1;0;1;0;0;0;0;0;0;1;3;0;0;0;0
"11/02/2015";"03:24:00";"1116";"sem vítima";"63.3";"BR-116/SC";"Norte";"Colisão Lateral";1;0;0;0;0;0;0;0;1;0;3;0;0;0;0
"11/02/2015";"03:29:00";"1118";"com vítima";"152.1";"BR-116/PR";"Norte";"Colisão Transversal";1;0;0;1;0;0;0;0;0;0;1;1;0;0;0
"11/02/2015";"05:04:00";"1136";"sem vítima";"118.3";"BR-116/PR";"Sul";"Queda de Moto";0;0;0;1;0;0;0;0;0;0;1;0;0;0;0
"11/02/2015";"09:49:00";"1151";"sem vítima";"117";"BR-116/PR";"Norte";"Colisão Lateral";1;0;1;0;0;0;0;0;0;0;6;0;0;0;0
"11/02/2015";"11:01:00";"1157";"sem vítima";"131";"BR-116/PR";"Sul";"Objeto lançado contra veículo";1;0;0;0;0;0;0;0;0;0;1;0;0;0;0
"12/02/2015";"08:00:00";"1175";"sem vítima";"305";"BR-116/SC";"Sul";"Colisão Traseira";2;0;0;0;0;0;0;0;0;0;2;0;0;0;0
"12/02/2015";"10:53:00";"1205";"sem vítima";"145";"BR-116/PR";"Norte";"Choque - Outros";0;0;0;0;0;1;0;0;0;1;2;0;0;0;0
"12/02/2015";"11:37:00";"1211";"sem vítima";"180";"BR-116/SC";"Sul";"Colisão Transversal";0;0;1;0;0;1;0;0;0;0;2;0;0;0;0
"12/02/2015";"03:28:00";"1238";"sem vítima";"205.9";"BR-116/PR";"Norte";"Saida de Pista";0;0;1;0;0;0;0;0;0;0;1;0;0;0;0
"12/02/2015";"06:23:00";"1263";"sem vítima";"80";"BR-116/SC";"Sul";"Objeto lançado contra veículo";1;0;0;0;0;0;0;0;0;0;1;0;0;0;0
"12/02/2015";"06:40:00";"1269";"sem vítima";"191.3";"BR-116/SC";"Sul";"Colisão Lateral";1;0;0;0;0;1;0;0;0;0;3;0;0;0;0
"13/02/2015";"07:10:00";"1320";"sem vítima";"120";"BR-116/PR";"Sul";"Engavetamento";5;0;0;0;0;0;0;0;0;0;7;0;0;0;0
"13/02/2015";"08:03:00";"1330";"sem vítima";"170.5";"BR-116/SC";"Sul";"Saida de Pista";1;0;0;0;0;0;0;0;0;0;1;0;0;0;0
"13/02/2015";"09:51:00";"1338";"sem vítima";"53";"BR-116/SC";"Norte";"Choque - Outros";1;0;0;0;0;1;0;0;0;0;2;0;0;0;0
"13/02/2015";"04:08:00";"1377";"sem vítima";"134";"BR-116/PR";"Sul";"Choque - Cancela de Pedagio";1;0;0;0;0;0;0;0;0;0;1;0;0;0;0
"13/02/2015";"04:28:00";"1386";"sem vítima";"245";"BR-116/SC";"Norte";"Colisão Transversal";1;0;0;0;0;0;0;0;0;1;2;0;0;0;0
"13/02/2015";"07:18:00";"1402";"com vítima";"155";"BR-116/PR";"Norte";"Colisão Lateral";1;0;2;0;0;0;0;0;0;0;1;2;0;0;0
"13/02/2015";"08:02:00";"1411";"sem vítima";"118";"BR-116/PR";"Sul";"Colisão Lateral";0;0;1;0;0;1;0;0;0;0;2;0;0;0;0
"14/02/2015";"04:07:00";"1438";"com vítima";"257.3";"BR-116/SC";"Norte";"Colisão Traseira";2;0;0;0;0;0;0;0;0;0;4;2;0;0;0
"14/02/2015";"04:08:00";"1439";"sem vítima";"135.5";"BR-116/SC";"Sul";"Saida de Pista";0;0;1;0;0;0;0;0;0;0;1;0;0;0;0
"14/02/2015";"10:56:00";"1472";"sem vítima";"134";"BR-116/PR";"Norte";"Choque - Cancela de Pedagio";1;0;0;0;0;0;0;0;0;0;1;0;0;0;0
"14/02/2015";"12:27:00";"1477";"sem vítima";"115";"BR-116/PR";"Sul";"Colisão Traseira";1;0;0;0;0;2;0;0;0;0;3;0;0;0;0
"14/02/2015";"12:42:00";"1480";"sem vítima";"2";"BR-116/SC";"Norte";"Colisão Traseira";2;0;0;0;0;0;0;0;0;0;2;0;0;0;0
"14/02/2015";"02:02:00";"1485";"com vítima";"138.5";"BR-116/SC";"Norte";"Atropelamento - Ciclista";1;1;0;0;0;0;0;0;0;0;1;1;0;0;0
"14/02/2015";"03:52:00";"1502";"sem vítima";"50.5";"BR-116/SC";"Norte";"Saida de Pista";1;0;0;0;0;0;0;0;0;0;2;0;0;0;0
"14/02/2015";"06:08:00";"1514";"sem vítima";"130.4";"BR-116/PR";"Norte";"Saida de Pista";1;0;0;0;0;0;0;0;0;0;1;0;0;0;0
"14/02/2015";"06:12:00";"1515";"com vítima";"234";"BR-116/SC";"Sul";"Colisão Lateral";1;0;1;0;0;0;0;0;0;0;2;1;0;0;0
"14/02/2015";"08:04:00";"1529";"sem vítima";"108";"BR-116/SC";"Norte";"Saida de Pista";1;0;0;0;0;0;0;0;0;0;1;0;0;0;0
"14/02/2015";"09:14:00";"1536";"sem vítima";"246";"BR-116/SC";"Norte";"Colisão Lateral";1;0;1;0;0;0;0;0;0;0;2;0;0;0;0
"14/02/2015";"10:49:00";"1543";"sem vítima";"12.3";"BR-116/SC";"Norte";"Colisão Traseira";2;0;0;0;0;0;0;0;0;0;2;0;0;0;0
"15/02/2015";"08:39:00";"1587";"com vítima";"5.5";"BR-116/SC";"Norte";"Colisão Transversal";2;0;0;0;0;0;0;0;0;0;1;2;0;0;0
"15/02/2015";"11:23:00";"1595";"sem vítima";"134";"BR-116/PR";"Norte";"Choque - Cancela de Pedagio";0;0;1;0;0;0;0;0;0;0;1;0;0;0;0
"15/02/2015";"07:35:00";"1650";"sem vítima";"155.6";"BR-116/PR";"Sul";"Atropelamento de Animal";1;0;0;0;0;0;0;0;0;0;2;0;0;0;0
"15/02/2015";"08:26:00";"1658";"com vítima";"122.7";"BR-116/PR";"Norte";"Colisão Traseira";0;0;0;1;0;1;0;0;0;0;1;1;0;0;0
"15/02/2015";"11:13:00";"1666";"sem vítima";"194";"BR-116/PR";"Norte";"Choque - Objeto sobre a pista";1;0;0;0;0;0;0;0;0;0;4;0;0;0;0
"16/02/2015";"03:46:00";"1748";"sem vítima";"134";"BR-116/PR";"Norte";"Choque - Cancela de Pedagio";1;0;0;0;0;0;0;0;0;0;2;0;0;0;0
"16/02/2015";"06:47:00";"1770";"com vítima";"152";"BR-116/PR";"Sul";"Colisão Transversal";2;0;0;0;0;0;0;0;0;0;6;1;0;0;0
"16/02/2015";"07:31:00";"1776";"sem vítima";"303.4";"BR-116/SC";"Norte";"Colisão Traseira";0;0;2;0;0;0;0;0;0;0;3;0;0;0;0
"17/02/2015";"01:28:00";"1848";"com vítima";"247.8";"BR-116/SC";"Sul";"Saida de Pista";1;0;0;0;0;0;0;0;0;0;2;1;0;0;0
"17/02/2015";"01:44:00";"1849";"sem vítima";"117.5";"BR-116/PR";"Norte";"Colisão Traseira";2;0;0;0;0;0;0;0;0;0;2;0;0;0;0
"17/02/2015";"02:56:00";"1860";"sem vítima";"125.9";"BR-116/PR";"Norte";"Colisão Traseira";3;0;0;0;0;0;0;0;0;0;5;0;0;0;0
"17/02/2015";"04:52:00";"1874";"sem vítima";"132.9";"BR-116/PR";"Norte";"Choque - Veiculo parado na pista";4;0;0;0;0;0;0;0;0;0;9;0;0;0;0