data;horario;n_da_ocorrencia;tipo_de_ocorrencia;km;trecho;sentido;tipo_de_acidente;automovel;bicicleta;caminhao;moto;onibus;outros;tracao_animal;transporte_de_cargas_especiais;trator_maquinas;utilitarios;ilesos;levemente_feridos;moderadamente_feridos;gravemente_feridos;mortos
"12/06/2015";"10:52:00";"1427";"sem vítima";"32";"BR-116/SC";"Norte";"Choque - Objeto sobre a pista";1;0;0;0;0;0;0;0;0;0;1;0;0;0;0
"13/06/2015";"12:52:00";"1435";"sem vítima";"125";"BR-116/PR";"Sul";"Saida de Pista";1;0;0;0;0;0;0;0;0;0;1;0;0;0;0
"13/06/2015";"04:54:00";"1448";"com vítima";"115";"BR-116/PR";"Norte";"Colisão Frontal";2;0;0;0;0;0;0;0;0;0;0;3;0;0;0
"13/06/2015";"04:36:00";"1482";"sem vítima";"120";"BR-116/PR";"Norte";"Queda de Moto";0;0;0;1;0;0;0;0;0;0;1;0;0;0;0
"13/06/2015";"05:51:00";"1486";"sem vítima";"235.2";"BR-116/SC";"Sul";"Saida de Pista";0;0;0;0;0;0;0;0;0;1;3;0;0;0;0
"13/06/2015";"08:06:00";"1500";"sem vítima";"140";"BR-116/SC";"Sul";"Colisão Traseira";2;0;0;0;0;0;0;0;0;0;4;0;0;0;0
"14/06/2015";"12:08:00";"1509";"sem vítima";"107.7";"BR-116/SC";"Norte";"Saida de Pista";0;0;1;0;0;0;0;0;0;0;1;0;0;0;0
"14/06/2015";"02:10:00";"1517";"sem vítima";"152";"BR-116/PR";"Sul";"Saida de Pista";1;0;0;0;0;0;0;0;0;0;1;0;0;0;0
"14/06/2015";"06:42:00";"1527";"sem vítima";"115";"BR-116/PR";"Sul";"Saida de Pista";1;0;0;0;0;0;0;0;0;0;1;0;0;0;0
"14/06/2015";"10:32:00";"1545";"sem vítima";"241.9";"BR-116/SC";"Sul";"Saida de Pista";1;0;0;0;0;0;0;0;0;0;1;0;0;0;0
"14/06/2015";"09:50:00";"1590";"sem vítima";"204";"BR-116/PR";"Sul";"Choque - Cancela de Pedagio";0;0;0;0;0;0;0;0;0;1;3;0;0;0;0
"15/06/2015";"09:39:00";"1634";"sem vítima";"299";"BR-116/SC";"Norte";"Objeto lançado contra veículo";1;0;0;0;0;0;0;0;0;0;1;0;0;0;0
"15/06/2015";"12:39:00";"1654";"sem vítima";"117";"BR-116/PR";"Sul";"Queda de Moto";0;0;0;1;0;0;0;0;0;0;1;0;0;0;0
"15/06/2015";"02:14:00";"1662";"sem vítima";"117";"BR-116/PR";"Sul";"Queda de Moto";0;0;0;1;0;0;0;0;0;0;1;0;0;0;0
"15/06/2015";"05:04:00";"1685";"sem vítima";"5.5";"BR-116/SC";"Norte";"Colisão Transversal";1;0;0;0;0;0;0;0;0;1;2;0;0;0;0
"16/06/2015";"07:40:00";"1742";"sem vítima";"134";"BR-116/PR";"Norte";"Choque - Defensa, barreira ou "submarino"";0;0;1;0;0;0;0;0;0;0;1;0;0;0;0
"16/06/2015";"07:43:00";"1744";"sem vítima";"204";"BR-116/PR";"Norte";"Colisão Traseira";2;0;0;0;0;0;0;0;0;0;2;0;0;0;0
"16/06/2015";"08:54:00";"1754";"com vítima";"7";"BR-116/SC";"Sul";"Colisão Transversal";0;0;1;1;0;0;0;0;0;0;1;1;0;0;0
"16/06/2015";"10:35:00";"1768";"sem vítima";"81";"BR-116/SC";"Norte";"Choque - Cancela de Pedagio";1;0;0;0;0;0;0;0;0;0;1;0;0;0;0
"16/06/2015";"12:53:00";"1784";"sem vítima";"204";"BR-116/PR";"Sul";"Choque - Cancela de Pedagio";1;0;0;0;0;0;0;0;0;0;1;0;0;0;0
"16/06/2015";"03:32:00";"1803";"sem vítima";"12.1";"BR-116/SC";"Sul";"Colisão Traseira";1;0;1;0;0;0;0;0;0;0;2;0;0;0;0
"16/06/2015";"05:38:00";"1824";"com vítima";"131";"BR-116/PR";"Norte";"Colisão Lateral";0;0;0;1;1;0;0;0;0;0;1;1;0;0;0
"16/06/2015";"06:48:00";"1836";"com vítima";"116.15";"BR-116/PR";"Norte";"Colisão Traseira";0;0;0;1;0;0;0;0;0;1;1;1;0;0;0
"16/06/2015";"08:46:00";"1848";"com vítima";"245";"BR-116/SC";"Norte";"Colisão Frontal";1;0;1;0;0;0;0;0;0;0;1;1;0;0;0
"17/06/2015";"01:11:00";"1922";"sem vítima";"243.76";"BR-116/SC";"Norte";"Tombamento";0;0;1;0;0;0;0;0;0;0;1;0;0;0;0
"17/06/2015";"09:13:00";"1973";"sem vítima";"129";"BR-116/PR";"Norte";"Colisão Traseira";0;0;2;0;0;0;0;0;0;0;2;0;0;0;0
"18/06/2015";"05:59:00";"2001";"com vítima";"184.3";"BR-116/SC";"Norte";"Capotamento";1;0;0;0;0;0;0;0;0;0;1;1;0;0;0
"18/06/2015";"08:27:00";"2012";"sem vítima";"235";"BR-116/SC";"Norte";"Objeto lançado contra veículo";1;0;0;0;0;0;0;0;0;0;1;0;0;0;0
"18/06/2015";"10:07:00";"2018";"sem vítima";"133.5";"BR-116/PR";"Sul";"Objeto lançado contra veículo";0;0;1;0;0;0;0;0;0;0;1;0;0;0;0
"18/06/2015";"10:55:00";"2025";"sem vítima";"204";"BR-116/PR";"Sul";"Choque - Cancela de Pedagio";1;0;0;0;0;0;0;0;0;0;1;0;0;0;0
"18/06/2015";"12:42:00";"2031";"sem vítima";"233";"BR-116/SC";"Norte";"Colisão Traseira";0;0;2;0;0;0;0;0;0;0;2;0;0;0;0
"18/06/2015";"03:51:00";"2057";"sem vítima";"211";"BR-116/PR";"Norte";"Objeto lançado contra veículo";1;0;0;0;0;0;0;0;0;0;1;0;0;0;0
"18/06/2015";"04:19:00";"2063";"sem vítima";"12.3";"BR-116/SC";"Norte";"Colisão Lateral";1;0;1;0;0;0;0;0;0;0;2;0;0;0;0
"18/06/2015";"04:59:00";"2069";"sem vítima";"204";"BR-116/PR";"Sul";"Choque - Cancela de Pedagio";0;0;0;0;0;0;0;0;0;1;1;0;0;0;0
"18/06/2015";"06:41:00";"2073";"sem vítima";"199";"BR-116/PR";"Norte";"Colisão Lateral";1;0;1;0;0;0;0;0;0;0;2;0;0;0;0
"19/06/2015";"07:37:00";"2113";"com vítima";"122";"BR-116/PR";"Norte";"Saida de Pista";1;0;0;1;0;0;0;0;0;0;1;2;0;0;0
"19/06/2015";"04:26:00";"2174";"sem vítima";"134";"BR-116/PR";"Sul";"Choque - Cancela de Pedagio";1;0;0;0;0;0;0;0;0;0;1;0;0;0;0
"19/06/2015";"09:24:00";"2199";"sem vítima";"159";"BR-116/PR";"Norte";"Objeto lançado contra veículo";1;0;0;0;0;0;0;0;0;0;1;0;0;0;0
"20/06/2015";"02:48:00";"2233";"sem vítima";"137";"BR-116/SC";"Sul";"Saida de Pista";0;0;1;0;0;0;0;0;0;0;1;0;0;0;0
"20/06/2015";"06:19:00";"2242";"sem vítima";"117";"BR-116/PR";"Sul";"Saida de Pista";1;0;0;0;0;0;0;0;0;0;1;0;0;0;0
"20/06/2015";"07:06:00";"2244";"sem vítima";"119";"BR-116/PR";"Sul";"Saida de Pista";1;0;0;0;0;0;0;0;0;0;1;0;0;0;0
"20/06/2015";"07:27:00";"2247";"sem vítima";"89.6";"BR-116/SC";"Sul";"Objeto lançado contra veículo";1;0;0;0;0;1;0;0;0;0;2;0;0;0;0
"20/06/2015";"11:56:00";"2265";"sem vítima";"134";"BR-116/PR";"Norte";"Choque - Cancela de Pedagio";1;0;0;0;0;0;0;0;0;0;1;0;0;0;0
"20/06/2015";"12:22:00";"2267";"sem vítima";"198";"BR-116/SC";"Norte";"Objeto lançado contra veículo";1;0;0;0;0;1;0;0;0;0;5;0;0;0;0
"20/06/2015";"12:32:00";"2269";"sem vítima";"81";"BR-116/SC";"Sul";"Choque - Cancela de Pedagio";0;0;0;0;0;0;0;0;0;1;1;0;0;0;0
"20/06/2015";"02:32:00";"2276";"com vítima";"107.2";"BR-116/SC";"Norte";"Colisão Traseira";0;0;2;0;0;0;0;0;0;0;0;2;0;0;0
"20/06/2015";"02:46:00";"2277";"sem vítima";"204";"BR-116/PR";"Sul";"Choque - Cancela de Pedagio";1;0;0;0;0;0;0;0;0;0;1;0;0;0;0
"20/06/2015";"05:50:00";"2292";"sem vítima";"120.6";"BR-116/PR";"Norte";"Engavetamento";2;0;0;0;0;0;0;0;0;1;3;0;0;0;0
"20/06/2015";"07:26:00";"2303";"sem vítima";"118";"BR-116/PR";"Sul";"Colisão Lateral";1;0;1;0;0;0;0;0;0;0;2;0;0;0;0
"20/06/2015";"09:38:00";"2315";"sem vítima";"140.3";"BR-116/PR";"Sul";"Colisão Traseira";2;0;0;0;0;0;0;0;0;0;6;0;0;0;0
"20/06/2015";"10:38:00";"2318";"com vítima";"200.5";"BR-116/PR";"Norte";"Saida de Pista";1;0;0;0;0;0;0;0;0;0;0;1;0;0;0
"21/06/2015";"06:13:00";"2336";"sem vítima";"116.3";"BR-116/SC";"Sul";"Saida de Pista";0;0;1;0;0;0;0;0;0;0;1;0;0;0;0
"21/06/2015";"12:54:00";"2360";"sem vítima";"204";"BR-116/PR";"Norte";"Choque - Cancela de Pedagio";1;0;0;0;0;0;0;0;0;0;1;0;0;0;0
"21/06/2015";"01:23:00";"2362";"sem vítima";"135";"BR-116/SC";"Norte";"Choque - Objeto sobre a pista";1;0;0;0;0;0;0;0;0;0;1;0;0;0;0
"21/06/2015";"04:34:00";"2373";"com vítima";"236";"BR-116/SC";"Sul";"Saida de Pista";1;0;0;0;0;0;0;0;0;0;0;1;0;2;0
"21/06/2015";"06:16:00";"2378";"sem vítima";"130";"BR-116/PR";"Norte";"Engavetamento";1;0;0;0;0;2;0;0;0;0;3;0;0;0;0
"21/06/2015";"11:39:00";"2400";"sem vítima";"264.34";"BR-116/SC";"Norte";"Saida de Pista";1;0;0;0;0;0;0;0;0;0;1;0;0;0;0
"22/06/2015";"07:37:00";"2420";"sem vítima";"145.4";"BR-116/PR";"Sul";"Saida de Pista";1;0;0;0;0;0;0;0;0;0;1;0;0;0;0
"22/06/2015";"08:28:00";"2425";"sem vítima";"233";"BR-116/SC";"Norte";"Choque - Cancela de Pedagio";1;0;0;0;0;0;0;0;0;0;1;0;0;0;0
"22/06/2015";"10:05:00";"2436";"sem vítima";"28.5";"BR-116/SC";"Sul";"Objeto lançado contra veículo";1;0;0;0;0;0;0;0;0;0;1;0;0;0;0
"22/06/2015";"01:56:00";"2457";"sem vítima";"159.8";"BR-116/PR";"Norte";"Saida de Pista";0;0;0;0;0;0;0;0;1;0;1;0;0;0;0
"22/06/2015";"02:39:00";"2461";"sem vítima";"54.5";"BR-116/SC";"Norte";"Choque - Veiculo parado na pista";2;0;0;0;0;0;0;0;0;1;3;0;0;0;0
"22/06/2015";"03:07:00";"2470";"sem vítima";"152";"BR-116/SC";"Norte";"Choque - Cancela de Pedagio";0;0;0;0;0;0;0;0;0;1;1;0;0;0;0
"22/06/2015";"08:14:00";"2496";"sem vítima";"204";"BR-116/PR";"Sul";"Choque - Cancela de Pedagio";1;0;0;0;0;0;0;0;0;0;1;0;0;0;0
"22/06/2015";"08:25:00";"2497";"sem vítima";"139.75";"BR-116/PR";"Norte";"Tombamento";0;0;1;0;0;0;0;0;0;0;1;0;0;0;0
"22/06/2015";"08:30:00";"2498";"sem vítima";"152";"BR-116/SC";"Norte";"Colisão Traseira";0;0;2;0;0;0;0;0;0;0;2;0;0;0;0
"22/06/2015";"08:58:00";"2501";"sem vítima";"219";"BR-116/SC";"Norte";"Colisão Transversal";0;0;0;1;0;1;0;0;0;0;2;0;0;0;0
"23/06/2015";"07:38:00";"2538";"sem vítima";"269.5";"BR-116/SC";"Norte";"Saida de Pista";1;0;0;0;0;0;0;0;0;0;1;0;0;0;0
"23/06/2015";"09:52:00";"2553";"sem vítima";"204";"BR-116/PR";"Sul";"Choque - Cancela de Pedagio";0;0;0;0;0;0;0;0;0;1;1;0;0;0;0
"23/06/2015";"10:12:00";"2556";"sem vítima";"143";"BR-116/PR";"Norte";"Objeto lançado contra veículo";1;0;0;0;0;0;0;0;0;0;1;0;0;0;0
"23/06/2015";"12:56:00";"2571";"com vítima";"117";"BR-116/PR";"Sul";"Colisão Lateral";0;0;0;1;0;1;0;0;0;0;1;0;0;1;0
"24/06/2015";"07:11:00";"2647";"com vítima";"115.1";"BR-116/PR";"Norte";"Colisão Lateral";1;0;0;1;0;0;0;0;0;0;1;1;0;0;0
"24/06/2015";"07:26:00";"2648";"com vítima";"145";"BR-116/SC";"Norte";"Saida de Pista";0;0;1;0;0;0;0;0;0;0;0;1;0;0;0
"24/06/2015";"09:02:00";"2662";"com vítima";"150.4";"BR-116/PR";"Sul";"Colisão Transversal";2;0;0;0;0;0;0;0;0;0;1;2;0;1;1
"24/06/2015";"03:55:00";"2714";"sem vítima";"152";"BR-116/SC";"Norte";"Choque - Cancela de Pedagio";0;0;1;0;0;0;0;0;0;0;1;0;0;0;0
"24/06/2015";"05:42:00";"2725";"com vítima";"116.7";"BR-116/PR";"Sul";"Colisão Lateral";1;0;0;1;0;0;0;0;0;0;3;1;0;0;0
"24/06/2015";"07:09:00";"2736";"sem vítima";"130";"BR-116/PR";"Sul";"Saida de Pista";1;0;0;0;0;0;0;0;0;0;1;0;0;0;0
"25/06/2015";"03:25:00";"2770";"com vítima";"117.7";"BR-116/PR";"Sul";"Colisão Transversal";2;0;0;0;0;0;0;0;0;0;4;1;0;0;0
"25/06/2015";"06:12:00";"2778";"sem vítima";"117.5";"BR-116/PR";"Norte";"Saida de Pista";0;0;0;0;1;0;0;0;0;0;28;0;0;0;0
"25/06/2015";"10:08:00";"2801";"sem vítima";"128";"BR-116/PR";"Sul";"Objeto lançado contra veículo";1;0;0;0;0;0;0;0;0;0;1;0;0;0;0
"25/06/2015";"10:21:00";"2805";"sem vítima";"117.5";"BR-116/PR";"Sul";"Colisão Lateral";1;0;1;0;0;0;0;0;0;0;2;0;0;0;0
"25/06/2015";"09:01:00";"2888";"sem vítima";"120";"BR-116/PR";"Norte";"Engavetamento";4;0;0;0;0;1;0;0;0;0;5;0;0;0;0
"26/06/2015";"11:32:00";"2949";"com vítima";"125.3";"BR-116/PR";"Norte";"Saida de Pista";0;0;1;0;0;0;0;0;0;0;0;1;0;0;0
"26/06/2015";"02:34:00";"2962";"sem vítima";"166.1";"BR-116/PR";"Norte";"Colisão Transversal";2;0;0;0;0;0;0;0;0;0;2;0;0;0;0
"26/06/2015";"02:42:00";"2964";"sem vítima";"166.1";"BR-116/PR";"Norte";"Colisão Transversal";1;0;0;1;0;0;0;0;0;0;3;0;0;0;0
"26/06/2015";"02:57:00";"2970";"sem vítima";"17.2";"BR-116/SC";"Norte";"Choque - Objeto sobre a pista";0;0;1;0;0;0;0;0;0;0;1;0;0;0;0
"26/06/2015";"07:30:00";"3001";"sem vítima";"81";"BR-116/SC";"Sul";"Choque - Cancela de Pedagio";1;0;0;0;0;0;0;0;0;0;1;0;0;0;0
"26/06/2015";"08:27:00";"3004";"com vítima";"210.5";"BR-116/PR";"Sul";"Colisão Transversal";2;0;0;0;0;0;0;0;0;0;0;2;0;0;0
"26/06/2015";"08:35:00";"3005";"com vítima";"148.1";"BR-116/PR";"Sul";"Saida de Pista";1;0;1;0;0;0;0;0;0;0;1;1;0;0;0
"26/06/2015";"10:35:00";"3012";"sem vítima";"205";"BR-116/SC";"Sul";"Capotamento";1;0;0;0;0;0;0;0;0;0;1;0;0;0;0
"27/06/2015";"06:41:00";"3038";"com vítima";"79";"BR-116/SC";"Norte";"Colisão Lateral";1;0;0;1;0;0;0;0;0;0;0;3;0;2;0
"27/06/2015";"07:08:00";"3041";"sem vítima";"117.5";"BR-116/PR";"Norte";"Colisão Traseira";2;0;0;0;0;0;0;0;0;0;2;0;0;0;0
"27/06/2015";"12:23:00";"3066";"sem vítima";"190.15";"BR-116/SC";"Norte";"Colisão Traseira";2;0;0;0;0;0;0;0;0;0;2;0;0;0;0
"27/06/2015";"01:17:00";"3069";"sem vítima";"187.7";"BR-116/PR";"Sul";"Saida de Pista";1;0;0;0;0;0;0;0;0;0;1;0;0;0;0
"27/06/2015";"02:44:00";"3077";"sem vítima";"134";"BR-116/PR";"Sul";"Choque - Cancela de Pedagio";1;0;0;0;0;0;0;0;0;0;1;0;0;0;0
"27/06/2015";"04:30:00";"3086";"sem vítima";"204";"BR-116/PR";"Sul";"Choque - Cancela de Pedagio";1;0;0;0;0;0;0;0;0;0;1;0;0;0;0
"27/06/2015";"05:19:00";"3094";"sem vítima";"126";"BR-116/PR";"Norte";"Colisão Traseira";3;0;0;0;0;0;0;0;0;0;3;0;0;0;0
"27/06/2015";"07:07:00";"3107";"com vítima";"63.7";"BR-116/SC";"Norte";"Colisão Lateral";1;0;1;0;0;0;0;0;0;0;1;1;0;1;1
"27/06/2015";"11:24:00";"3125";"sem vítima";"132";"BR-116/PR";"Norte";"Choque - Objeto sobre a pista";1;0;0;0;0;0;0;0;0;0;1;0;0;0;0
"28/06/2015";"05:36:00";"3151";"sem vítima";"125";"BR-116/PR";"Sul";"Colisão Traseira";2;0;0;0;0;0;0;0;0;0;2;0;0;0;0
"28/06/2015";"07:31:00";"3154";"sem vítima";"127";"BR-116/PR";"Sul";"Saida de Pista";1;0;0;0;0;0;0;0;0;0;1;0;0;0;0
"28/06/2015";"10:39:00";"3165";"sem vítima";"152";"BR-116/SC";"Sul";"Choque - Cancela de Pedagio";0;0;1;0;0;0;0;0;0;0;3;0;0;0;0
"28/06/2015";"12:39:00";"3170";"sem vítima";"134";"BR-116/PR";"Sul";"Choque - Cancela de Pedagio";1;0;0;0;0;0;0;0;0;0;1;0;0;0;0
"28/06/2015";"02:29:00";"3176";"sem vítima";"4.5";"BR-116/SC";"Norte";"Colisão Transversal";2;0;0;0;0;0;0;0;0;0;5;0;0;0;0
"28/06/2015";"02:40:00";"3177";"com vítima";"211.2";"BR-116/SC";"Sul";"Tombamento";0;0;1;0;0;0;0;0;0;0;0;1;0;0;0
"28/06/2015";"05:21:00";"3198*";"com vítima";"174";"BR-116/PR";"Norte";"Colisão Transversal";2;0;0;0;0;0;0;0;0;0;6;1;0;0;0
"28/06/2015";"06:37:00";"3207";"sem vítima";"219.3";"BR-116/SC";"Sul";"Colisão Transversal";2;0;0;0;0;0;0;0;0;0;4;0;0;0;0
"28/06/2015";"06:50:00";"3213";"com vítima";"22.5";"BR-116/SC";"Norte";"Colisão Lateral";2;0;0;0;0;0;0;0;0;0;2;1;0;0;0
"29/06/2015";"04:56:00";"3331";"sem vítima";"134";"BR-116/PR";"Norte";"Choque - Cancela de Pedagio";0;0;0;0;0;0;0;0;0;1;1;0;0;0;0
"29/06/2015";"08:14:00";"3347";"sem vítima";"9";"BR-116/SC";"Sul";"Saida de Pista";1;0;0;0;0;0;0;0;0;0;1;0;0;0;0
"30/06/2015";"10:05:00";"3406";"sem vítima";"199";"BR-116/PR";"Norte";"Choque - Objeto sobre a pista";1;0;0;0;0;0;0;0;0;0;2;0;0;0;0
"30/06/2015";"10:46:00";"3408";"sem vítima";"117.6";"BR-116/PR";"Norte";"Colisão Lateral";1;0;1;0;0;0;0;0;0;0;2;0;0;0;0
"30/06/2015";"11:16:00";"3411";"com vítima";"145.6";"BR-116/SC";"Sul";"Choque - Objeto sobre a pista";1;0;1;0;0;0;0;0;0;0;4;2;0;0;0
"30/06/2015";"11:45:00";"3417";"sem vítima";"145.6";"BR-116/SC";"Norte";"Colisão Traseira";0;0;1;0;0;0;0;0;0;1;3;0;0;0;0
"30/06/2015";"01:16:00";"3425";"sem vítima";"138.5";"BR-116/SC";"Norte";"Colisão Transversal";4;0;0;0;0;0;0;0;0;0;7;0;0;0;0
"30/06/2015";"04:09:00";"3438";"sem vítima";"152";"BR-116/SC";"Norte";"Choque - Cancela de Pedagio";0;0;1;0;0;0;0;0;0;0;1;0;0;0;0
"30/06/2015";"05:08:00";"3445";"sem vítima";"191.2";"BR-116/PR";"Norte";"Colisão Traseira";1;0;1;0;0;0;0;0;0;0;3;0;0;0;0
"30/06/2015";"09:28:00";"3468";"sem vítima";"185";"BR-116/SC";"Norte";"Atropelamento de Animal";1;0;0;0;0;0;0;0;0;0;1;0;0;0;0
"01/07/2015";"07:07:00";"23";"sem vítima";"117.5";"BR-116/PR";"Norte";"Colisão Lateral";1;0;1;0;0;0;0;0;0;0;2;0;0;0;0
"01/07/2015";"07:55:00";"28";"sem vítima";"115.2";"BR-116/PR";"Norte";"Colisão Traseira";2;0;0;0;0;0;0;0;0;0;2;0;0;0;0
"01/07/2015";"08:07:00";"29";"sem vítima";"115.25";"BR-116/PR";"Norte";"Colisão Lateral";1;0;1;0;0;0;0;0;0;0;2;0;0;0;0
"01/07/2015";"05:24:00";"92";"sem vítima";"152";"BR-116/SC";"Norte";"Colisão Traseira";0;0;2;0;0;0;0;0;0;0;2;0;0;0;0
"01/07/2015";"05:29:00";"93";"sem vítima";"94.5";"BR-116/SC";"Sul";"Colisão Traseira";0;0;1;0;0;0;0;0;0;1;4;0;0;0;0
"02/07/2015";"02:12:00";"138";"sem vítima";"228";"BR-116/SC";"Norte";"Atropelamento de Animal";1;0;0;0;0;0;0;0;0;0;1;0;0;0;0
"02/07/2015";"08:40:00";"156";"sem vítima";"90";"BR-116/SC";"Norte";"Choque - Objeto sobre a pista";1;0;0;0;0;0;0;0;0;0;1;0;0;0;0
"02/07/2015";"08:45:00";"158";"sem vítima";"135";"BR-116/SC";"Norte";"Outros";0;0;0;1;0;0;0;0;0;0;1;0;0;0;0
"02/07/2015";"09:00:00";"163";"sem vítima";"184.3";"BR-116/SC";"Norte";"Saida de Pista";1;0;0;0;0;0;0;0;0;0;1;0;0;0;0
"02/07/2015";"09:54:00";"171";"sem vítima";"117.5";"BR-116/PR";"Norte";"Saida de Pista";0;0;1;0;0;0;0;0;0;0;1;0;0;0;0
"03/07/2015";"12:39:00";"258";"sem vítima";"285";"BR-116/SC";"Norte";"Saida de Pista";0;0;1;0;0;0;0;0;0;0;1;0;0;0;0
"03/07/2015";"09:10:00";"288";"sem vítima";"121.8";"BR-116/SC";"Norte";"Choque - Objeto sobre a pista";0;0;1;0;0;0;0;0;0;0;1;0;0;0;0
"03/07/2015";"09:54:00";"293";"sem vítima";"136";"BR-116/PR";"Norte";"Choque - Objeto sobre a pista";0;0;1;0;0;0;0;0;0;0;1;0;0;0;0
"03/07/2015";"01:39:00";"321";"sem vítima";"233";"BR-116/SC";"Norte";"Choque - Defensa, barreira ou "submarino"";0;0;1;0;0;0;0;0;0;0;1;0;0;0;0
"03/07/2015";"01:58:00";"322";"sem vítima";"137";"BR-116/SC";"Sul";"Objeto lançado contra veículo";1;0;0;0;0;0;0;0;0;0;1;0;0;0;0
"03/07/2015";"02:53:00";"330";"com vítima";"129.2";"BR-116/PR";"Sul";"Colisão Lateral";1;0;1;0;0;0;0;0;0;0;2;1;0;0;0
"03/07/2015";"03:36:00";"338";"sem vítima";"175.9";"BR-116/PR";"Norte";"Objeto lançado contra veículo";1;0;0;0;0;0;0;0;0;0;1;0;0;0;0
"03/07/2015";"03:47:00";"341";"sem vítima";"152";"BR-116/SC";"Sul";"Choque - Cancela de Pedagio";1;0;0;0;0;0;0;0;0;0;1;0;0;0;0
"03/07/2015";"05:43:00";"350";"sem vítima";"184.3";"BR-116/SC";"Norte";"Colisão Traseira";2;0;0;0;0;1;0;0;0;0;3;0;0;0;0
"03/07/2015";"07:56:00";"359";"com vítima";"152";"BR-116/PR";"Sul";"Colisão Transversal";1;0;0;1;0;0;0;0;0;0;1;0;0;1;0
"03/07/2015";"10:17:00";"367";"com vítima";"129.6";"BR-116/PR";"Norte";"Atropelamento - Usuário";1;0;0;0;0;0;0;0;0;0;1;0;0;1;0
"04/07/2015";"01:38:00";"382";"sem vítima";"115.8";"BR-116/PR";"Sul";"Saida de Pista";1;0;0;0;0;0;0;0;0;0;1;0;0;0;0
"04/07/2015";"09:30:00";"407";"sem vítima";"134";"BR-116/PR";"Norte";"Choque - Cancela de Pedagio";1;0;0;0;0;0;0;0;0;0;1;0;0;0;0
"04/07/2015";"11:38:00";"421";"sem vítima";"238.5";"BR-116/SC";"Norte";"Objeto lançado contra veículo";0;0;0;0;0;0;0;0;0;1;1;0;0;0;0
"04/07/2015";"01:45:00";"430";"com vítima";"184.3";"BR-116/SC";"Sul";"Tombamento";0;0;1;0;0;0;0;0;0;0;0;1;0;0;0
"04/07/2015";"02:51:00";"437";"sem vítima";"119.1";"BR-116/PR";"Norte";"Colisão Traseira";2;0;0;0;0;0;0;0;0;0;2;0;0;0;0
"04/07/2015";"05:36:00";"457";"com vítima";"121";"BR-116/PR";"Norte";"Colisão Traseira";1;0;0;1;0;0;0;0;0;0;1;1;0;0;0
"04/07/2015";"07:25:00";"465";"com vítima";"123.2";"BR-116/PR";"Sul";"Saida de Pista";1;0;0;0;0;0;0;0;0;0;0;1;0;0;0
"04/07/2015";"07:33:00";"466";"sem vítima";"121";"BR-116/SC";"Norte";"Objeto lançado contra veículo";0;0;1;0;0;0;0;0;0;0;1;0;0;0;0
"04/07/2015";"08:22:00";"470";"sem vítima";"168";"BR-116/SC";"Sul";"Colisão Lateral";1;0;1;0;0;0;0;0;0;0;2;0;0;0;0
"05/07/2015";"12:32:00";"486";"sem vítima";"118";"BR-116/PR";"Sul";"Saida de Pista";1;0;0;0;0;0;0;0;0;0;1;0;0;0;0
"05/07/2015";"02:56:00";"497";"sem vítima";"186.9";"BR-116/SC";"Norte";"Saida de Pista";1;0;0;0;0;0;0;0;0;0;2;0;0;0;0
"05/07/2015";"03:05:00";"553";"com vítima";"131.1";"BR-116/PR";"Sul";"Colisão Transversal";2;0;0;0;0;0;0;0;0;0;3;2;0;0;0
"05/07/2015";"04:03:00";"561";"sem vítima";"12";"BR-116/SC";"Sul";"Colisão Transversal";2;0;0;0;0;0;0;0;0;0;2;0;0;0;0
"05/07/2015";"06:13:00";"575";"com vítima";"131.1";"BR-116/PR";"Sul";"Colisão Transversal";2;0;0;0;0;0;0;0;0;0;1;1;0;0;0
"05/07/2015";"08:24:00";"586";"sem vítima";"68";"BR-116/SC";"Sul";"Saida de Pista";0;1;0;0;0;0;0;0;0;0;1;0;0;0;0
"06/07/2015";"07:40:00";"625";"sem vítima";"204";"BR-116/PR";"Sul";"Choque - Cancela de Pedagio";1;0;0;0;0;0;0;0;0;0;1;0;0;0;0
"06/07/2015";"11:19:00";"642";"sem vítima";"131";"BR-116/PR";"Sul";"Colisão Transversal";2;0;0;0;0;0;0;0;0;0;2;0;0;0;0
"06/07/2015";"11:12:00";"698";"sem vítima";"135";"BR-116/SC";"Sul";"Choque - Objeto sobre a pista";0;0;1;0;0;0;0;0;0;0;2;0;0;0;0
"07/07/2015";"12:38:00";"706";"sem vítima";"171.8";"BR-116/SC";"Norte";"Saida de Pista";0;0;1;0;0;0;0;0;0;0;1;0;0;0;0
"07/07/2015";"09:54:00";"731";"sem vítima";"160.1";"BR-116/PR";"Norte";"Colisão Lateral";2;0;0;0;0;0;0;0;0;0;3;0;0;0;0
"07/07/2015";"10:59:00";"734";"sem vítima";"117.98";"BR-116/PR";"Sul";"Colisão Lateral";1;0;1;0;0;0;0;0;0;0;2;0;0;0;0
"07/07/2015";"11:28:00";"737";"sem vítima";"203";"BR-116/PR";"Sul";"Choque - Cancela de Pedagio";1;0;0;0;0;0;0;0;0;0;2;0;0;0;0