data;horario;n_da_ocorrencia;tipo_de_ocorrencia;km;trecho;sentido;tipo_de_acidente;automovel;bicicleta;caminhao;moto;onibus;outros;tracao_animal;transporte_de_cargas_especiais;trator_maquinas;utilitarios;ilesos;levemente_feridos;moderadamente_feridos;gravemente_feridos;mortos
"07/07/2015";"11:54:00";"744";"sem vítima";"121.15";"BR-116/SC";"Norte";"Choque - Objeto sobre a pista";1;0;0;0;0;0;0;0;0;0;1;0;0;0;0
"07/07/2015";"12:09:00";"748";"sem vítima";"195.25";"BR-116/SC";"Norte";"Saida de Pista";1;0;0;0;0;0;0;0;0;0;1;0;0;0;0
"07/07/2015";"01:16:00";"751";"sem vítima";"179.1";"BR-116/SC";"Sul";"Atropelamento de Animal";1;0;0;0;0;0;0;0;0;0;1;0;0;0;0
"07/07/2015";"01:31:00";"753";"sem vítima";"203";"BR-116/PR";"Norte";"Choque - Cancela de Pedagio";1;0;0;0;0;0;0;0;0;0;1;0;0;0;0
"07/07/2015";"03:42:00";"770";"sem vítima";"188";"BR-116/PR";"Sul";"Objeto lançado contra veículo";0;0;1;0;0;0;0;0;0;0;1;0;0;0;0
"07/07/2015";"04:23:00";"781";"sem vítima";"185";"BR-116/SC";"Norte";"Colisão Lateral";0;0;2;0;0;0;0;0;0;0;2;0;0;0;0
"07/07/2015";"05:30:00";"791";"com vítima";"82.6";"BR-116/SC";"Norte";"Colisão Transversal";1;0;1;0;0;0;0;0;0;0;1;1;0;0;0
"07/07/2015";"06:01:00";"793";"com vítima";"50.004";"BR-116/SC";"Norte";"Saida de Pista";1;0;0;0;0;0;0;0;0;0;1;1;0;0;0
"08/07/2015";"10:17:00";"845";"com vítima";"162.974";"BR-116/PR";"Norte";"Colisão Frontal";0;0;1;1;0;0;0;0;0;0;1;0;0;0;1
"08/07/2015";"11:00:00";"850";"sem vítima";"117";"BR-116/PR";"Sul";"Colisão Traseira";0;0;2;0;0;0;0;0;0;0;2;0;0;0;0
"08/07/2015";"12:03:00";"857";"sem vítima";"180.1";"BR-116/SC";"Sul";"Incêndio";0;0;0;0;0;0;0;0;0;1;2;0;0;0;0
"08/07/2015";"03:01:00";"871";"sem vítima";"203";"BR-116/PR";"Norte";"Choque - Cancela de Pedagio";0;0;0;0;0;0;0;0;0;1;2;0;0;0;0
"09/07/2015";"09:33:00";"1026";"sem vítima";"134";"BR-116/PR";"Norte";"Choque - Cancela de Pedagio";1;0;0;0;0;0;0;0;0;0;1;0;0;0;0
"10/07/2015";"12:58:00";"1040";"sem vítima";"254.08";"BR-116/SC";"Norte";"Saida de Pista";1;0;0;0;0;0;0;0;0;0;1;0;0;0;0
"10/07/2015";"03:00:00";"1052";"sem vítima";"247.8";"BR-116/SC";"Sul";"Colisão Lateral";1;0;1;0;0;0;0;0;0;0;3;0;0;0;0
"10/07/2015";"09:05:00";"1078";"sem vítima";"181";"BR-116/SC";"Sul";"Saida de Pista";1;0;0;0;0;0;0;0;0;0;1;0;0;0;0
"10/07/2015";"09:20:00";"1082";"sem vítima";"196";"BR-116/PR";"Sul";"Objeto lançado contra veículo";0;0;1;0;0;0;0;0;0;0;1;0;0;0;0
"10/07/2015";"11:32:00";"1096";"sem vítima";"155";"BR-116/SC";"Sul";"Objeto lançado contra veículo";1;0;0;0;0;0;0;0;0;0;1;0;0;0;0
"10/07/2015";"11:37:00";"1097";"sem vítima";"155";"BR-116/SC";"Norte";"Objeto lançado contra veículo";1;0;0;0;0;0;0;0;0;0;1;0;0;0;0
"10/07/2015";"01:21:00";"1103";"sem vítima";"75";"BR-116/SC";"Norte";"Objeto lançado contra veículo";1;0;0;0;0;0;0;0;0;0;1;0;0;0;0
"10/07/2015";"03:32:00";"1118";"sem vítima";"287.7";"BR-116/SC";"Sul";"Choque - Veiculo parado na pista";1;0;1;0;0;0;0;0;0;0;2;0;0;0;0
"10/07/2015";"06:18:00";"1138";"sem vítima";"117";"BR-116/PR";"Sul";"Colisão Traseira";0;0;2;0;0;0;0;0;0;0;2;0;0;0;0
"10/07/2015";"07:19:00";"1144";"com vítima";"153";"BR-116/PR";"Norte";"Colisão Transversal";2;0;0;0;0;0;0;0;0;0;2;2;0;0;0
"10/07/2015";"07:52:00";"1146";"sem vítima";"74";"BR-116/SC";"Norte";"Atropelamento de Animal";1;0;0;0;0;0;0;0;0;0;2;0;0;0;0
"11/07/2015";"03:30:00";"1174";"sem vítima";"206";"BR-116/PR";"Sul";"Colisão Traseira";2;0;0;0;0;0;0;0;0;0;3;0;0;0;0
"11/07/2015";"04:19:00";"1175";"sem vítima";"209";"BR-116/PR";"Sul";"Saida de Pista";1;0;0;0;0;0;0;0;0;0;2;0;0;0;0
"11/07/2015";"09:08:00";"1198";"com vítima";"159";"BR-116/SC";"Sul";"Tombamento";0;0;1;0;0;0;0;0;0;0;0;1;0;1;0
"11/07/2015";"07:03:00";"1256";"sem vítima";"152";"BR-116/PR";"Sul";"Saida de Pista";1;0;0;0;0;0;0;0;0;0;1;0;0;0;0
"11/07/2015";"07:25:00";"1262";"com vítima";"129.7";"BR-116/PR";"Norte";"Colisão Transversal";1;1;0;0;0;0;0;0;0;0;2;1;0;0;0
"11/07/2015";"07:33:00";"1263";"sem vítima";"307";"BR-116/SC";"Sul";"Saida de Pista";1;0;0;0;0;0;0;0;0;0;1;0;0;0;0
"11/07/2015";"10:44:00";"1275";"sem vítima";"125.7";"BR-116/PR";"Sul";"Choque - Outros";1;0;0;0;0;0;0;0;0;0;1;0;0;0;0
"12/07/2015";"01:26:00";"1296";"sem vítima";"199.5";"BR-116/PR";"Norte";"Colisão Traseira";0;0;0;0;0;1;0;0;0;1;2;0;0;0;0
"12/07/2015";"01:46:00";"1297";"sem vítima";"168.2";"BR-116/SC";"Sul";"Saida de Pista";0;0;1;0;0;0;0;0;0;0;1;0;0;0;0
"12/07/2015";"06:51:00";"1310";"com vítima";"147.6";"BR-116/PR";"Sul";"Saida de Pista";1;0;0;0;0;0;0;0;0;0;1;1;0;0;0
"12/07/2015";"09:55:00";"1329";"sem vítima";"38.15";"BR-116/SC";"Sul";"Choque - Objeto sobre a pista";1;0;0;0;0;0;0;0;0;0;3;0;0;0;0
"12/07/2015";"12:01:00";"1334";"sem vítima";"134";"BR-116/PR";"Norte";"Choque - Cancela de Pedagio";0;0;0;0;0;0;0;0;0;1;1;0;0;0;0
"12/07/2015";"03:07:00";"1346";"com vítima";"184.9";"BR-116/SC";"Norte";"Colisão Traseira";1;0;0;0;0;1;0;0;0;0;1;1;0;0;0
"12/07/2015";"03:57:00";"1350";"sem vítima";"66";"BR-116/SC";"Norte";"Objeto lançado contra veículo";1;0;0;0;0;0;0;0;0;0;1;0;0;0;0
"12/07/2015";"04:07:00";"1353";"sem vítima";"12.3";"BR-116/SC";"Sul";"Colisão Transversal";1;0;1;0;0;0;0;0;0;0;2;0;0;0;0
"12/07/2015";"05:03:00";"1362";"sem vítima";"129.5";"BR-116/PR";"Norte";"Colisão Traseira";2;0;0;0;0;0;0;0;0;0;2;0;0;0;0
"12/07/2015";"06:41:00";"1373";"sem vítima";"152";"BR-116/SC";"Norte";"Choque - Cancela de Pedagio";0;0;1;0;0;0;0;0;0;0;1;0;0;0;0
"12/07/2015";"09:35:00";"1389";"sem vítima";"244.52";"BR-116/SC";"Sul";"Saida de Pista";0;0;1;0;0;0;0;0;0;0;1;0;0;0;0
"13/07/2015";"12:07:00";"1405";"sem vítima";"124.8";"BR-116/PR";"Sul";"Capotamento";1;0;0;0;0;0;0;0;0;0;1;0;0;0;0
"13/07/2015";"12:16:00";"1408";"com vítima";"126.2";"BR-116/PR";"Sul";"Colisão Traseira";3;0;0;0;0;0;0;0;0;0;3;1;0;0;0
"13/07/2015";"03:04:00";"1415";"sem vítima";"290";"BR-116/SC";"Norte";"Atropelamento de Animal";0;0;0;0;1;0;0;0;0;0;1;0;0;0;0
"13/07/2015";"08:49:00";"1439";"sem vítima";"197";"BR-116/PR";"Sul";"Objeto lançado contra veículo";1;0;0;0;0;0;0;0;0;0;1;0;0;0;0
"13/07/2015";"09:31:00";"1444";"com vítima";"210";"BR-116/PR";"Sul";"Colisão Transversal";1;0;0;1;0;0;0;0;0;0;1;1;0;0;0
"13/07/2015";"09:33:00";"1445";"sem vítima";"81";"BR-116/SC";"Sul";"Choque - Cancela de Pedagio";0;0;0;0;0;0;0;0;0;1;2;0;0;0;0
"13/07/2015";"04:32:00";"1491";"sem vítima";"129.3";"BR-116/PR";"Norte";"Colisão Traseira";0;0;2;0;0;0;0;0;0;0;2;0;0;0;0
"13/07/2015";"04:41:00";"1493";"sem vítima";"115";"BR-116/PR";"Norte";"Colisão Lateral";1;0;0;0;0;1;0;0;0;0;2;0;0;0;0
"13/07/2015";"04:44:00";"1494";"sem vítima";"115";"BR-116/PR";"Norte";"Colisão Lateral";1;0;1;0;0;0;0;0;0;0;2;0;0;0;0
"13/07/2015";"05:43:00";"1498";"com vítima";"130.5";"BR-116/PR";"Norte";"Colisão Lateral";0;0;0;1;0;1;0;0;0;0;1;1;0;0;0
"14/07/2015";"01:12:00";"1527";"com vítima";"141.6";"BR-116/SC";"Sul";"Colisão Traseira";1;0;0;0;0;1;0;0;0;0;1;3;0;0;0
"14/07/2015";"08:59:00";"1548";"sem vítima";"3.5";"BR-116/SC";"Sul";"Choque - Objeto sobre a pista";1;0;0;0;0;0;0;0;0;0;1;0;0;0;0
"14/07/2015";"09:13:00";"1551";"sem vítima";"3.5";"BR-116/SC";"Sul";"Choque - Objeto sobre a pista";1;0;0;0;0;0;0;0;0;0;1;0;0;0;0
"14/07/2015";"02:00:00";"1571";"com vítima";"168";"BR-116/PR";"Norte";"Colisão Transversal";1;0;0;1;0;0;0;0;0;0;1;2;0;0;0
"14/07/2015";"02:34:00";"1574";"sem vítima";"152";"BR-116/SC";"Norte";"Choque - Cancela de Pedagio";0;0;0;0;0;0;0;0;0;1;3;0;0;0;0
"14/07/2015";"07:45:00";"1605";"sem vítima";"81";"BR-116/SC";"Sul";"Choque - Cancela de Pedagio";0;0;1;0;0;0;0;0;0;0;1;0;0;0;0
"14/07/2015";"09:11:00";"1612";"com vítima";"126";"BR-116/PR";"Norte";"Colisão Transversal";1;0;0;1;0;0;0;0;0;0;1;1;0;0;0
"15/07/2015";"07:00:00";"1635";"com vítima";"209";"BR-116/PR";"Norte";"Colisão Transversal";2;0;0;0;0;0;0;0;0;0;6;1;0;0;0
"15/07/2015";"09:38:00";"1650";"sem vítima";"23.5";"BR-116/SC";"Norte";"Colisão Traseira";2;0;0;0;0;0;0;0;0;0;2;0;0;0;0
"15/07/2015";"02:47:00";"1672";"sem vítima";"168.8";"BR-116/PR";"Norte";"Tombamento";0;0;1;0;0;0;0;0;0;0;1;0;0;0;0
"16/07/2015";"10:27:00";"1771";"com vítima";"49.8";"BR-116/SC";"Sul";"Saida de Pista";0;0;0;0;0;0;0;0;0;1;0;2;0;0;0
"16/07/2015";"11:33:00";"1776";"sem vítima";"187";"BR-116/PR";"Sul";"Choque - Objeto sobre a pista";0;0;1;0;0;0;0;0;0;0;1;0;0;0;0
"16/07/2015";"12:53:00";"1785";"com vítima";"129.4";"BR-116/SC";"Sul";"Saida de Pista";0;0;1;0;0;0;0;0;0;0;0;1;0;0;0
"16/07/2015";"06:55:00";"1825";"sem vítima";"239";"BR-116/SC";"Norte";"Colisão Traseira";2;0;0;0;0;0;0;0;0;0;2;0;0;0;0
"16/07/2015";"07:18:00";"1831";"sem vítima";"43.4";"BR-116/SC";"Norte";"Atropelamento de Animal";1;0;0;0;0;0;0;0;0;0;2;0;0;0;0
"16/07/2015";"09:55:00";"1843";"sem vítima";"166.4";"BR-116/PR";"Norte";"Saida de Pista";1;0;0;0;0;0;0;0;0;0;3;0;0;0;0
"17/07/2015";"06:17:00";"1880";"sem vítima";"124.8";"BR-116/PR";"Sul";"Saida de Pista";1;0;0;0;0;0;0;0;0;0;1;0;0;0;0
"17/07/2015";"06:40:00";"1881";"sem vítima";"122";"BR-116/PR";"Norte";"Colisão Lateral";1;0;0;1;0;0;0;0;0;0;2;0;0;0;0
"17/07/2015";"07:21:00";"1884";"sem vítima";"219.1";"BR-116/SC";"Sul";"Choque - Objeto sobre a pista";1;0;1;0;0;0;0;0;0;0;2;0;0;0;0
"17/07/2015";"04:42:00";"1966";"com vítima";"48";"BR-116/SC";"Norte";"Saida de Pista";0;0;1;0;0;0;0;0;0;0;0;1;0;0;0
"17/07/2015";"06:22:00";"1978";"sem vítima";"203";"BR-116/PR";"Sul";"Choque - Cancela de Pedagio";1;0;0;0;0;0;0;0;0;0;1;0;0;0;0
"17/07/2015";"07:42:00";"1990";"sem vítima";"129.7";"BR-116/SC";"Sul";"Choque - Outros";1;0;0;0;0;0;0;0;0;0;1;0;0;0;0
"17/07/2015";"09:33:00";"2002";"sem vítima";"228";"BR-116/SC";"Norte";"Colisão Traseira";1;0;1;0;0;0;0;0;0;0;2;0;0;0;0
"18/07/2015";"03:01:00";"2044";"sem vítima";"267.65";"BR-116/SC";"Sul";"Choque - Outros";1;0;0;0;0;0;0;0;0;0;1;0;0;0;0
"18/07/2015";"05:12:00";"2053";"sem vítima";"3.1";"BR-116/SC";"Sul";"Saida de Pista";1;0;0;0;0;0;0;0;0;0;1;0;0;0;0
"18/07/2015";"05:26:00";"2055";"com vítima";"171.3";"BR-116/SC";"Sul";"Saida de Pista";1;0;0;0;0;0;0;0;0;0;0;1;0;0;0
"18/07/2015";"08:45:00";"2074";"sem vítima";"122";"BR-116/PR";"Norte";"Saida de Pista";1;0;1;0;0;0;0;0;0;0;2;0;0;0;0
"18/07/2015";"09:32:00";"2079";"sem vítima";"123";"BR-116/PR";"Norte";"Colisão Lateral";1;0;1;0;0;0;0;0;0;0;2;0;0;0;0
"18/07/2015";"10:00:00";"2085";"sem vítima";"204";"BR-116/PR";"Sul";"Choque - Cancela de Pedagio";1;0;0;0;0;0;0;0;0;0;1;0;0;0;0
"18/07/2015";"12:53:00";"2106";"sem vítima";"225.85";"BR-116/SC";"Norte";"Saida de Pista";1;0;0;0;0;1;0;0;0;0;3;0;0;0;0
"18/07/2015";"01:07:00";"2108";"sem vítima";"98";"BR-116/SC";"Norte";"Choque - Objeto sobre a pista";0;0;1;0;0;0;0;0;0;0;1;0;0;0;0
"18/07/2015";"04:20:00";"2127";"sem vítima";"191.2";"BR-116/SC";"Norte";"Choque - Defensa, barreira ou "submarino"";0;0;1;0;0;0;0;0;0;0;1;0;0;0;0
"18/07/2015";"06:20:00";"2137";"com vítima";"140.7";"BR-116/PR";"Sul";"Colisão Transversal";1;1;0;0;0;0;0;0;0;0;1;0;0;0;1
"18/07/2015";"08:01:00";"2144";"sem vítima";"122";"BR-116/PR";"Sul";"Colisão Traseira";2;0;0;0;0;0;0;0;0;0;3;0;0;0;0
"19/07/2015";"04:26:00";"2184";"sem vítima";"237.4";"BR-116/SC";"Sul";"Saida de Pista";1;0;0;0;0;0;0;0;0;0;4;0;0;0;0
"19/07/2015";"09:40:00";"2211";"sem vítima";"196.7";"BR-116/SC";"Sul";"Objeto lançado contra veículo";2;0;0;0;0;0;0;0;0;0;4;0;0;0;0
"19/07/2015";"01:50:00";"2231";"sem vítima";"4";"BR-116/SC";"Sul";"Colisão Traseira";0;0;0;1;0;1;0;0;0;0;3;0;0;0;0
"19/07/2015";"04:25:00";"2258";"sem vítima";"134";"BR-116/PR";"Norte";"Choque - Cancela de Pedagio";0;0;0;0;0;0;0;0;0;1;1;0;0;0;0
"19/07/2015";"04:30:00";"2260";"sem vítima";"138.7";"BR-116/PR";"Norte";"Colisão Transversal";2;0;0;0;0;0;0;0;0;0;2;0;0;0;0
"19/07/2015";"04:42:00";"2262";"sem vítima";"134";"BR-116/PR";"Norte";"Choque - Cancela de Pedagio";1;0;0;0;0;0;0;0;0;0;1;0;0;0;0
"19/07/2015";"05:17:00";"2266";"sem vítima";"134";"BR-116/PR";"Norte";"Choque - Cancela de Pedagio";1;0;0;0;0;0;0;0;0;0;1;0;0;0;0
"19/07/2015";"07:18:00";"2280";"sem vítima";"117";"BR-116/PR";"Norte";"Colisão Traseira";1;0;0;0;0;2;0;0;0;0;3;0;0;0;0
"19/07/2015";"07:22:00";"2282";"sem vítima";"166.85";"BR-116/PR";"Norte";"Colisão Transversal";1;0;1;0;0;0;0;0;0;0;2;0;0;0;0
"19/07/2015";"07:52:00";"2286";"sem vítima";"82";"BR-116/SC";"Norte";"Colisão Traseira";2;0;0;0;0;0;0;0;0;0;2;0;0;0;0
"20/07/2015";"05:54:00";"2333";"sem vítima";"122";"BR-116/PR";"Norte";"Colisão Traseira";2;0;0;0;0;0;0;0;0;0;2;0;0;0;0
"20/07/2015";"07:20:00";"2336";"sem vítima";"120.5";"BR-116/PR";"Norte";"Colisão Traseira";2;0;0;0;0;0;0;0;0;0;2;0;0;0;0
"20/07/2015";"08:40:00";"2344";"sem vítima";"117.5";"BR-116/PR";"Norte";"Colisão Traseira";1;0;0;0;0;1;0;0;0;0;2;0;0;0;0
"20/07/2015";"04:36:00";"2392";"sem vítima";"241.73";"BR-116/SC";"Sul";"Saida de Pista";1;0;0;0;0;0;0;0;0;0;3;0;0;0;0
"20/07/2015";"09:06:00";"2423";"sem vítima";"245.5";"BR-116/SC";"Norte";"Colisão Transversal";2;0;0;0;0;0;0;0;0;0;2;0;0;0;0
"20/07/2015";"10:56:00";"2426";"sem vítima";"32.4";"BR-116/SC";"Norte";"Choque - Objeto sobre a pista";0;0;1;0;0;0;0;0;0;0;1;0;0;0;0
"20/07/2015";"11:16:00";"2427";"com vítima";"84.9";"BR-116/SC";"Norte";"Colisão Traseira";0;0;2;0;0;1;0;0;0;0;2;1;0;0;0
"21/07/2015";"10:17:00";"2458";"sem vítima";"141";"BR-116/PR";"Norte";"Queda de Moto";0;0;0;1;0;0;0;0;0;0;1;0;0;0;0
"21/07/2015";"10:38:00";"2462";"sem vítima";"211";"BR-116/PR";"Norte";"Choque - Objeto sobre a pista";0;0;1;0;0;0;0;0;0;0;1;0;0;0;0
"21/07/2015";"11:33:00";"2469";"sem vítima";"81";"BR-116/SC";"Sul";"Choque - Cancela de Pedagio";1;0;0;0;0;0;0;0;0;0;1;0;0;0;0
"21/07/2015";"06:11:00";"2508";"sem vítima";"204";"BR-116/PR";"Norte";"Choque - Cancela de Pedagio";1;0;0;0;0;0;0;0;0;0;1;0;0;0;0
"21/07/2015";"10:52:00";"2532";"sem vítima";"134";"BR-116/PR";"Norte";"Choque - Cancela de Pedagio";1;0;0;0;0;0;0;0;0;0;1;0;0;0;0
"22/07/2015";"02:31:00";"2593";"sem vítima";"152";"BR-116/SC";"Sul";"Choque - Cancela de Pedagio";0;0;0;0;0;0;0;0;0;1;1;0;0;0;0
"22/07/2015";"05:42:00";"2628";"com vítima";"120";"BR-116/SC";"Sul";"Colisão Traseira";0;0;0;0;0;1;0;0;0;1;5;1;0;0;0
"22/07/2015";"07:45:00";"2639";"sem vítima";"303";"BR-116/SC";"Sul";"Saida de Pista";1;0;0;0;0;0;0;0;0;0;2;0;0;0;0
"22/07/2015";"11:38:00";"2653";"sem vítima";"152";"BR-116/SC";"Norte";"Choque - Cancela de Pedagio";0;0;1;0;0;0;0;0;0;0;1;0;0;0;0
"22/07/2015";"11:51:00";"2657";"sem vítima";"41.5";"BR-116/SC";"Norte";"Saida de Pista";1;0;0;0;0;0;0;0;0;0;1;0;0;0;0
"23/07/2015";"02:31:00";"2671";"com vítima";"121.5";"BR-116/SC";"Norte";"Saida de Pista";1;0;0;0;0;0;0;0;0;0;0;1;0;0;0
"23/07/2015";"07:39:00";"2696";"sem vítima";"80.3";"BR-116/SC";"Sul";"Atropelamento de Animal";1;0;0;0;0;0;0;0;0;0;5;0;0;0;0
"23/07/2015";"08:17:00";"2701";"sem vítima";"117.5";"BR-116/PR";"Norte";"Saida de Pista";2;0;0;0;0;0;0;0;0;0;2;0;0;0;0
"23/07/2015";"10:51:00";"2715";"sem vítima";"7.7";"BR-116/SC";"Sul";"Colisão Traseira";0;0;2;0;0;0;0;0;0;0;2;0;0;0;0
"23/07/2015";"12:08:00";"2725";"com vítima";"115.5";"BR-116/PR";"Sul";"Colisão Traseira";0;0;0;2;0;0;0;0;0;0;0;2;0;0;0
"23/07/2015";"04:02:00";"2759";"sem vítima";"96";"BR-116/SC";"Norte";"Choque - Objeto sobre a pista";0;0;1;0;0;0;0;0;0;0;1;0;0;0;0
"23/07/2015";"04:27:00";"2763";"sem vítima";"204";"BR-116/PR";"Sul";"Choque - Cancela de Pedagio";0;0;1;0;0;0;0;0;0;0;2;0;0;0;0
"23/07/2015";"07:16:00";"2776";"com vítima";"246.1";"BR-116/SC";"Norte";"Colisão Lateral";1;0;0;1;0;0;0;0;0;0;1;1;0;1;0
"23/07/2015";"07:22:00";"2777";"sem vítima";"138.5";"BR-116/PR";"Norte";"Atropelamento de Animal";1;0;0;0;0;0;0;0;0;0;2;0;0;0;0
"23/07/2015";"08:34:00";"2783";"com vítima";"213.7";"BR-116/SC";"Norte";"Saida de Pista";0;0;1;0;0;0;0;0;0;0;0;2;0;0;0
"23/07/2015";"11:31:00";"2796";"com vítima";"142.3";"BR-116/SC";"Sul";"Colisão Transversal";2;0;0;0;0;0;0;0;0;0;1;1;0;1;0
"24/07/2015";"08:41:00";"2820";"sem vítima";"146";"BR-116/PR";"Sul";"Colisão Frontal";2;0;0;0;0;0;0;0;0;0;2;0;0;0;0
"24/07/2015";"11:20:00";"2835";"sem vítima";"115";"BR-116/PR";"Norte";"Colisão Traseira";1;0;0;0;0;0;0;0;0;1;2;0;0;0;0
"24/07/2015";"11:36:00";"2837";"sem vítima";"175.6";"BR-116/SC";"Sul";"Colisão Lateral";0;0;2;0;0;0;0;0;0;0;3;0;0;0;0
"24/07/2015";"12:24:00";"2842";"sem vítima";"134";"BR-116/PR";"Norte";"Choque - Cancela de Pedagio";1;0;0;0;0;0;0;0;0;0;1;0;0;0;0
"24/07/2015";"01:33:00";"2854";"sem vítima";"126";"BR-116/PR";"Sul";"Choque - Outros";1;0;0;0;0;0;0;0;0;0;3;0;0;0;0
"24/07/2015";"05:10:00";"2886";"sem vítima";"2";"BR-116/SC";"Norte";"Colisão Traseira";2;0;0;0;0;0;0;0;0;0;2;0;0;0;0
"24/07/2015";"05:23:00";"2888";"sem vítima";"81.6";"BR-116/SC";"Sul";"Choque - Cancela de Pedagio";0;0;0;0;0;0;0;0;0;1;2;0;0;0;0
"24/07/2015";"05:42:00";"2890";"sem vítima";"42";"BR-116/SC";"Sul";"Choque - Veiculo parado no acostamento";0;0;1;0;0;0;0;0;0;1;2;0;0;0;0
"24/07/2015";"06:25:00";"2898";"sem vítima";"38.8";"BR-116/SC";"Norte";"Objeto lançado contra veículo";1;0;1;0;0;0;0;0;0;0;6;0;0;0;0
"24/07/2015";"07:08:00";"2900";"sem vítima";"134";"BR-116/PR";"Sul";"Colisão Traseira";2;0;0;0;0;0;0;0;0;0;2;0;0;0;0
"24/07/2015";"07:09:00";"2901";"com vítima";"85";"BR-116/SC";"Norte";"Colisão Frontal";1;0;1;0;0;0;0;0;0;0;1;0;0;1;0
"24/07/2015";"07:37:00";"2903";"sem vítima";"267.8";"BR-116/SC";"Norte";"Saida de Pista";1;0;0;0;0;0;0;0;0;0;4;0;0;0;0
"24/07/2015";"09:18:00";"2908";"com vítima";"144.1";"BR-116/PR";"Norte";"Saida de Pista";1;0;0;0;0;0;0;0;0;0;0;2;0;0;0
"24/07/2015";"09:21:00";"2910";"com vítima";"246.7";"BR-116/SC";"Sul";"Colisão Traseira";1;0;1;0;0;0;0;0;0;0;1;1;0;0;0
"24/07/2015";"10:24:00";"2915";"sem vítima";"133";"BR-116/SC";"Sul";"Atropelamento de Animal";1;0;0;0;0;0;0;0;0;0;1;0;0;0;0
"24/07/2015";"10:29:00";"2916";"sem vítima";"115";"BR-116/PR";"Sul";"Saida de Pista";1;0;0;0;0;0;0;0;0;0;1;0;0;0;0
"25/07/2015";"12:54:00";"2924";"com vítima";"125.8";"BR-116/PR";"Sul";"Colisão Transversal";2;0;0;0;0;0;0;0;0;0;2;1;0;0;0
"25/07/2015";"05:53:00";"2943";"sem vítima";"106.3";"BR-116/SC";"Sul";"Choque - Talude";0;0;1;0;0;0;0;0;0;0;2;0;0;0;0
"25/07/2015";"06:58:00";"2947";"com vítima";"191.5";"BR-116/SC";"Sul";"Saida de Pista";1;0;0;0;0;0;0;0;0;0;0;1;0;0;0
"25/07/2015";"09:10:00";"2951";"com vítima";"12.4";"BR-116/SC";"Sul";"Colisão Transversal";1;0;1;0;0;0;0;0;0;0;1;1;0;0;0
"25/07/2015";"12:36:00";"2972";"com vítima";"240";"BR-116/SC";"Sul";"Saida de Pista";1;0;0;0;0;0;0;0;0;0;0;2;0;0;0
"25/07/2015";"02:03:00";"2976";"sem vítima";"30";"BR-116/SC";"Sul";"Objeto lançado contra veículo";1;0;0;0;0;0;0;0;0;0;2;0;0;0;0
"25/07/2015";"03:17:00";"2982";"sem vítima";"204";"BR-116/PR";"Sul";"Choque - Cancela de Pedagio";1;0;0;0;0;0;0;0;0;0;1;0;0;0;0
"25/07/2015";"05:41:00";"2998";"sem vítima";"134";"BR-116/PR";"Norte";"Choque - Cancela de Pedagio";1;0;0;0;0;0;0;0;0;0;1;0;0;0;0
"25/07/2015";"06:39:00";"3002";"sem vítima";"152.3";"BR-116/PR";"Sul";"Colisão Transversal";2;0;0;0;0;0;0;0;0;0;2;0;0;0;0
"25/07/2015";"08:38:00";"3014";"sem vítima";"204";"BR-116/SC";"Norte";"Saida de Pista";0;0;1;0;0;0;0;0;0;0;1;0;0;0;0
"25/07/2015";"09:11:00";"3018";"sem vítima";"121";"BR-116/PR";"Sul";"Colisão Traseira";2;0;0;0;0;0;0;0;0;0;4;0;0;0;0
"25/07/2015";"09:19:00";"3020";"sem vítima";"133";"BR-116/SC";"Sul";"Saida de Pista";1;0;0;0;0;0;0;0;0;0;1;0;0;0;0
"26/07/2015";"05:20:00";"3051";"sem vítima";"145.1";"BR-116/PR";"Sul";"Saida de Pista";1;0;0;0;0;0;0;0;0;0;2;0;0;0;0
"26/07/2015";"09:25:00";"3062";"sem vítima";"134";"BR-116/PR";"Sul";"Choque - Cancela de Pedagio";1;0;0;0;0;0;0;0;0;0;1;0;0;0;0
"26/07/2015";"03:23:00";"3087";"sem vítima";"81";"BR-116/SC";"Sul";"Colisão Traseira";0;0;2;0;0;0;0;0;0;0;2;0;0;0;0
"26/07/2015";"04:34:00";"3095";"sem vítima";"204";"BR-116/PR";"Norte";"Choque - Cancela de Pedagio";1;0;0;0;0;0;0;0;0;0;1;0;0;0;0
"26/07/2015";"06:50:00";"3111";"com vítima";"150";"BR-116/PR";"Norte";"Colisão Transversal";3;0;0;0;0;0;0;0;0;1;3;2;0;1;0
"26/07/2015";"08:21:00";"3120";"com vítima";"83.2";"BR-116/SC";"Norte";"Colisão Traseira";1;0;1;0;0;0;0;0;0;0;1;1;0;0;0
"26/07/2015";"09:21:00";"3127";"sem vítima";"308";"BR-116/SC";"Norte";"Choque - Objeto sobre a pista";1;0;0;0;0;0;0;0;0;0;4;0;0;0;0
"26/07/2015";"09:33:00";"3128";"sem vítima";"134";"BR-116/PR";"Norte";"Choque - Cancela de Pedagio";1;0;0;0;0;0;0;0;0;0;1;0;0;0;0
"26/07/2015";"09:45:00";"3129";"sem vítima";"308";"BR-116/SC";"Norte";"Objeto lançado contra veículo";1;0;0;0;0;0;0;0;0;0;2;0;0;0;0