data;horario;n_da_ocorrencia;tipo_de_ocorrencia;km;trecho;sentido;tipo_de_acidente;automovel;bicicleta;caminhao;moto;onibus;outros;tracao_animal;transporte_de_cargas_especiais;trator_maquinas;utilitarios;ilesos;levemente_feridos;moderadamente_feridos;gravemente_feridos;mortos
"18/08/2015";"06:20:00";"2151";"sem vítima";"204";"BR-116/PR";"Sul";"Choque - Cancela de Pedagio";1;0;0;0;0;0;0;0;0;0;1;0;0;0;0
"18/08/2015";"07:46:00";"2156";"sem vítima";"106.2";"BR-116/SC";"Norte";"Saida de Pista";0;0;1;0;0;0;0;0;0;0;1;0;0;0;0
"19/08/2015";"05:41:00";"2188";"sem vítima";"99";"BR-116/SC";"Sul";"Choque - Suporte de Sinalização";0;0;1;0;0;0;0;0;0;0;1;0;0;0;0
"19/08/2015";"11:21:00";"2221";"sem vítima";"134";"BR-116/PR";"Norte";"Objeto lançado contra veículo";1;0;0;0;0;0;0;0;0;0;1;0;0;0;0
"19/08/2015";"04:12:00";"2258";"sem vítima";"145.5";"BR-116/PR";"Sul";"Outros";0;1;0;0;0;0;0;0;0;0;1;0;0;0;0
"19/08/2015";"06:33:00";"2275";"sem vítima";"205";"BR-116/SC";"Norte";"Choque - Objeto sobre a pista";1;0;0;0;0;0;0;0;0;0;1;0;0;0;0
"20/08/2015";"08:20:00";"2337";"sem vítima";"81";"BR-116/SC";"Sul";"Choque - Cancela de Pedagio";1;0;0;0;0;0;0;0;0;0;1;0;0;0;0
"20/08/2015";"10:47:00";"2360";"sem vítima";"204";"BR-116/PR";"Norte";"Choque - Cancela de Pedagio";1;0;0;0;0;0;0;0;0;0;1;0;0;0;0
"20/08/2015";"11:24:00";"2370";"com vítima";"194.7";"BR-116/PR";"Sul";"Saida de Pista";1;0;0;0;0;0;0;0;0;0;1;4;0;0;0
"20/08/2015";"05:56:00";"2406";"sem vítima";"118";"BR-116/SC";"Norte";"Saida de Pista";0;0;1;0;0;0;0;0;0;0;1;0;0;0;0
"21/08/2015";"12:25:00";"2422";"sem vítima";"117.5";"BR-116/PR";"Norte";"Colisão Traseira";3;0;0;0;0;0;0;0;0;0;3;0;0;0;0
"21/08/2015";"06:34:00";"2442";"sem vítima";"126.8";"BR-116/PR";"Norte";"Colisão Traseira";3;0;0;0;0;0;0;0;0;0;3;0;0;0;0
"21/08/2015";"07:10:00";"2444";"sem vítima";"126";"BR-116/PR";"Norte";"Colisão Traseira";2;0;0;0;0;1;0;0;0;1;4;0;0;0;0
"21/08/2015";"07:20:00";"2445";"com vítima";"118";"BR-116/PR";"Sul";"Colisão Traseira";1;0;1;0;0;0;0;0;0;0;1;2;0;0;0
"21/08/2015";"09:04:00";"2450";"sem vítima";"134";"BR-116/PR";"Norte";"Choque - Cancela de Pedagio";0;0;0;0;0;0;0;0;0;1;1;0;0;0;0
"21/08/2015";"09:59:00";"2457";"sem vítima";"134";"BR-116/PR";"Sul";"Choque - Cancela de Pedagio";1;0;0;0;0;0;0;0;0;0;1;0;0;0;0
"21/08/2015";"11:07:00";"2470";"sem vítima";"142";"BR-116/PR";"Sul";"Engavetamento";2;0;0;0;0;1;0;0;0;0;3;0;0;0;0
"21/08/2015";"01:56:00";"2479";"com vítima";"184.3";"BR-116/SC";"Sul";"Saida de Pista";1;0;0;0;0;0;0;0;0;0;0;1;0;0;0
"21/08/2015";"05:15:00";"2500";"sem vítima";"204";"BR-116/PR";"Norte";"Choque - Cancela de Pedagio";0;0;0;0;0;0;0;0;0;1;1;0;0;0;0
"21/08/2015";"06:32:00";"2507";"sem vítima";"117";"BR-116/PR";"Sul";"Colisão Traseira";2;0;0;0;0;0;0;0;0;1;3;0;0;0;0
"21/08/2015";"06:47:00";"2508";"sem vítima";"145";"BR-116/SC";"Sul";"Objeto lançado contra veículo";1;0;0;0;0;0;0;0;0;0;3;0;0;0;0
"21/08/2015";"06:52:00";"2510";"sem vítima";"131.9";"BR-116/SC";"Sul";"Atropelamento de Animal";1;0;1;0;0;0;0;0;0;0;2;0;0;0;0
"21/08/2015";"10:27:00";"2535";"com vítima";"60.2";"BR-116/SC";"Norte";"Colisão Lateral";2;0;0;0;0;0;0;0;0;0;0;7;0;1;0
"22/08/2015";"03:17:00";"2551";"com vítima";"212.4";"BR-116/SC";"Norte";"Saida de Pista";1;0;0;0;0;0;0;0;0;0;0;1;0;0;0
"22/08/2015";"12:04:00";"2580";"sem vítima";"265.3";"BR-116/SC";"Norte";"Choque - Objeto sobre a pista";0;0;1;0;0;0;0;0;0;0;1;0;0;0;0
"22/08/2015";"12:07:00";"2582";"sem vítima";"203.8";"BR-116/PR";"Sul";"Choque - Cancela de Pedagio";0;0;0;0;0;0;0;0;0;1;1;0;0;0;0
"22/08/2015";"01:12:00";"2585";"com vítima";"117.3";"BR-116/PR";"Norte";"Colisão Lateral";1;0;1;0;0;0;0;0;0;0;2;1;0;0;0
"22/08/2015";"02:51:00";"2589";"sem vítima";"272";"BR-116/SC";"Sul";"Saida de Pista";1;0;0;0;0;0;0;0;0;0;1;0;0;0;0
"22/08/2015";"04:17:00";"2599";"sem vítima";"117.8";"BR-116/PR";"Norte";"Choque - Defensa, barreira ou "submarino"";1;0;0;0;0;0;0;0;0;0;1;0;0;0;0
"22/08/2015";"04:37:00";"2601";"sem vítima";"68.1";"BR-116/SC";"Sul";"Choque - Defensa, barreira ou "submarino"";0;0;1;0;0;0;0;0;0;0;1;0;0;0;0
"22/08/2015";"04:40:00";"2602";"sem vítima";"204";"BR-116/PR";"Sul";"Choque - Cancela de Pedagio";0;0;0;0;0;0;0;0;0;1;1;0;0;0;0
"22/08/2015";"11:22:00";"2627";"sem vítima";"152";"BR-116/SC";"Norte";"Choque - Cancela de Pedagio";0;0;1;0;0;0;0;0;0;0;1;0;0;0;0
"23/08/2015";"12:28:00";"2639";"sem vítima";"147.8";"BR-116/PR";"Sul";"Saida de Pista";1;0;0;0;0;0;0;0;0;0;2;0;0;0;0
"23/08/2015";"04:41:00";"2659";"sem vítima";"105.6";"BR-116/SC";"Norte";"Choque - Objeto sobre a pista";1;0;0;0;0;0;0;0;0;0;1;0;0;0;0
"23/08/2015";"06:24:00";"2664";"sem vítima";"10.3";"BR-116/SC";"Sul";"Colisão Lateral";3;0;0;0;0;0;0;0;0;0;3;0;0;0;0
"23/08/2015";"06:56:00";"2665";"sem vítima";"119";"BR-116/PR";"Norte";"Colisão Traseira";2;0;0;0;0;0;0;0;0;0;2;0;0;0;0
"23/08/2015";"06:04:00";"2700";"sem vítima";"167";"BR-116/SC";"Norte";"Colisão Transversal";2;0;0;0;0;0;0;0;0;0;2;0;0;0;0
"23/08/2015";"07:32:00";"2709";"sem vítima";"129";"BR-116/PR";"Norte";"Colisão Traseira";2;0;0;0;0;0;0;0;0;0;2;0;0;0;0
"23/08/2015";"08:39:00";"2714";"com vítima";"21.7";"BR-116/SC";"Sul";"Colisão Traseira";1;0;0;0;0;0;0;0;0;1;0;2;0;0;0
"23/08/2015";"11:29:00";"2720";"sem vítima";"128";"BR-116/PR";"Norte";"Colisão Lateral";1;0;0;0;0;1;0;0;0;0;2;0;0;0;0
"24/08/2015";"01:59:00";"2731";"sem vítima";"127";"BR-116/PR";"Sul";"Saida de Pista";1;0;0;0;0;0;0;0;0;0;1;0;0;0;0
"24/08/2015";"06:33:00";"2743";"com vítima";"119.4";"BR-116/PR";"Norte";"Colisão Lateral";0;0;0;1;0;1;0;0;0;0;1;1;0;0;0
"24/08/2015";"08:33:00";"2750";"sem vítima";"247.9";"BR-116/SC";"Norte";"Colisão Transversal";1;0;0;0;0;0;0;0;0;1;2;0;0;0;0
"24/08/2015";"02:23:00";"2777";"sem vítima";"136";"BR-116/PR";"Norte";"Objeto lançado contra veículo";0;0;0;0;0;0;0;0;0;1;1;0;0;0;0
"24/08/2015";"02:35:00";"2780";"sem vítima";"132";"BR-116/PR";"Norte";"Saida de Pista";1;0;0;0;0;0;0;0;0;0;1;0;0;0;0
"24/08/2015";"03:11:00";"2788";"sem vítima";"119";"BR-116/PR";"Sul";"Colisão Traseira";1;0;0;1;0;0;0;0;0;0;2;0;0;0;0
"24/08/2015";"03:40:00";"2793";"sem vítima";"150";"BR-116/PR";"Norte";"Objeto lançado contra veículo";0;0;1;0;0;0;0;0;0;0;1;0;0;0;0
"24/08/2015";"04:03:00";"2797";"com vítima";"267.7";"BR-116/SC";"Norte";"Colisão Transversal";2;0;0;0;0;0;0;0;0;0;0;4;0;0;0
"24/08/2015";"05:17:00";"2805";"sem vítima";"109";"BR-116/SC";"Norte";"Colisão Traseira";1;0;0;0;0;1;0;0;0;0;2;0;0;0;0
"24/08/2015";"07:35:00";"2816";"sem vítima";"148";"BR-116/SC";"Sul";"Objeto lançado contra veículo";1;0;0;0;0;0;0;0;0;0;2;0;0;0;0
"24/08/2015";"10:55:00";"2828";"sem vítima";"17.5";"BR-116/SC";"Norte";"Atropelamento de Animal";1;0;0;0;0;0;0;0;0;0;1;0;0;0;0
"24/08/2015";"11:08:00";"2830";"sem vítima";"9";"BR-116/SC";"Sul";"Choque - Objeto sobre a pista";1;0;0;0;0;0;0;0;0;0;1;0;0;0;0
"25/08/2015";"09:14:00";"2863";"sem vítima";"134";"BR-116/PR";"Norte";"Choque - Cancela de Pedagio";1;0;0;0;0;0;0;0;0;0;1;0;0;0;0
"25/08/2015";"10:35:00";"2874";"sem vítima";"152";"BR-116/SC";"Norte";"Choque - Cancela de Pedagio";1;0;0;0;0;0;0;0;0;0;1;0;0;0;0
"25/08/2015";"07:47:00";"2920";"sem vítima";"153.5";"BR-116/SC";"Norte";"Atropelamento de Animal";0;0;0;0;0;0;0;0;0;1;1;0;0;0;0
"26/08/2015";"06:48:00";"2963";"sem vítima";"123.8";"BR-116/PR";"Sul";"Colisão Lateral";1;0;0;0;0;1;0;0;0;0;3;0;0;0;0
"26/08/2015";"07:56:00";"2965";"sem vítima";"126.5";"BR-116/PR";"Norte";"Colisão Traseira";1;0;0;0;0;1;0;0;0;0;3;0;0;0;0
"26/08/2015";"10:16:00";"2983";"sem vítima";"69.3";"BR-116/SC";"Sul";"Colisão Lateral";1;0;0;0;0;1;0;0;0;0;2;0;0;0;0
"26/08/2015";"11:49:00";"2992";"sem vítima";"309";"BR-116/SC";"Sul";"Colisão Lateral";2;0;0;0;0;0;0;0;0;0;2;0;0;0;0
"26/08/2015";"01:10:00";"2999";"sem vítima";"150.1";"BR-116/PR";"Norte";"Choque - Elemento de Drenagem";1;0;0;0;0;0;0;0;0;0;1;0;0;0;0
"26/08/2015";"01:29:00";"3000";"sem vítima";"219.6";"BR-116/SC";"Norte";"Colisão Transversal";1;0;0;1;0;0;0;0;0;0;2;0;0;0;0
"26/08/2015";"04:13:00";"3022";"sem vítima";"81";"BR-116/SC";"Sul";"Choque - Cancela de Pedagio";0;0;0;0;0;0;0;0;0;1;1;0;0;0;0
"26/08/2015";"07:15:00";"3039";"sem vítima";"77";"BR-116/SC";"Sul";"Colisão Lateral";0;0;1;0;0;0;0;0;0;1;3;0;0;0;0
"27/08/2015";"01:02:00";"3060";"sem vítima";"137";"BR-116/SC";"Sul";"Saida de Pista";1;0;0;0;0;0;0;0;0;0;1;0;0;0;0
"27/08/2015";"04:08:00";"3077";"sem vítima";"117";"BR-116/PR";"Norte";"Saida de Pista";0;0;0;0;0;0;0;0;0;1;2;0;0;0;0
"27/08/2015";"06:53:00";"3082";"sem vítima";"12.3";"BR-116/SC";"Norte";"Tombamento";0;0;1;0;0;0;0;0;0;0;1;0;0;0;0
"27/08/2015";"08:47:00";"3092";"sem vítima";"4.5";"BR-116/SC";"Sul";"Colisão Traseira";1;0;1;0;0;0;0;0;0;0;2;0;0;0;0
"27/08/2015";"11:19:00";"3116";"sem vítima";"122";"BR-116/SC";"Sul";"Choque - Suporte de Sinalização";1;0;0;0;0;0;0;0;0;0;3;0;0;0;0
"27/08/2015";"01:26:00";"3128";"sem vítima";"151";"BR-116/SC";"Norte";"Objeto lançado contra veículo";0;0;1;0;0;0;0;0;0;0;1;0;0;0;0
"28/08/2015";"09:16:00";"3235";"sem vítima";"203";"BR-116/PR";"Sul";"Choque - Cancela de Pedagio";1;0;0;0;0;0;0;0;0;0;1;0;0;0;0
"28/08/2015";"11:32:00";"3256";"sem vítima";"203";"BR-116/PR";"Norte";"Choque - Cancela de Pedagio";1;0;0;0;0;0;0;0;0;0;1;0;0;0;0
"28/08/2015";"11:44:00";"3257";"sem vítima";"121.8";"BR-116/PR";"Sul";"Colisão Traseira";0;0;3;0;0;0;0;0;0;0;6;0;0;0;0
"28/08/2015";"01:24:00";"3265";"sem vítima";"277.05";"BR-116/SC";"Norte";"Saida de Pista";1;0;0;0;0;0;0;0;0;0;2;0;0;0;0
"28/08/2015";"01:59:00";"3267";"sem vítima";"81";"BR-116/SC";"Sul";"Choque - Cancela de Pedagio";1;0;0;0;0;0;0;0;0;0;1;0;0;0;0
"28/08/2015";"04:44:00";"3286";"com vítima";"118.8";"BR-116/PR";"Sul";"Queda de Moto";0;0;0;1;0;0;0;0;0;0;0;1;0;0;0
"29/08/2015";"11:54:00";"3351";"sem vítima";"142";"BR-116/SC";"Norte";"Objeto lançado contra veículo";0;0;1;0;0;0;0;0;0;0;2;0;0;0;0
"29/08/2015";"06:32:00";"3391";"sem vítima";"134.4";"BR-116/SC";"Norte";"Choque - Cancela de Pedagio";1;0;0;0;0;0;0;0;0;0;1;0;0;0;0
"30/08/2015";"05:39:00";"3428";"sem vítima";"194";"BR-116/SC";"Sul";"Colisão Lateral";2;0;1;0;0;0;0;0;0;0;3;0;0;0;0
"30/08/2015";"07:16:00";"3432";"com vítima";"127.1";"BR-116/PR";"Sul";"Choque - Defensa, barreira ou "submarino"";0;0;0;1;0;0;0;0;0;0;0;1;0;0;0
"30/08/2015";"12:02:00";"3444";"sem vítima";"134";"BR-116/PR";"Sul";"Choque - Cancela de Pedagio";1;0;0;0;0;0;0;0;0;0;2;0;0;0;0
"30/08/2015";"02:23:00";"3458";"com vítima";"92.2";"BR-116/SC";"Norte";"Colisão Frontal";2;0;0;0;0;0;0;0;0;0;1;4;0;0;0
"30/08/2015";"04:09:00";"3470";"sem vítima";"134";"BR-116/PR";"Norte";"Choque - Cancela de Pedagio";0;0;1;0;0;0;0;0;0;0;2;0;0;0;0
"30/08/2015";"05:50:00";"3485";"sem vítima";"204";"BR-116/PR";"Norte";"Choque - Cancela de Pedagio";1;0;0;0;0;0;0;0;0;0;5;0;0;0;0
"30/08/2015";"07:19:00";"3492";"sem vítima";"120";"BR-116/SC";"Sul";"Objeto lançado contra veículo";1;0;0;0;0;0;0;0;0;0;1;0;0;0;0
"31/08/2015";"01:56:00";"3523";"com vítima";"121.4";"BR-116/PR";"Sul";"Colisão Traseira";1;0;0;1;0;0;0;0;0;0;1;1;0;1;0
"31/08/2015";"07:36:00";"3537";"sem vítima";"11.5";"BR-116/SC";"Norte";"Colisão Traseira";2;0;0;0;0;0;0;0;0;0;2;0;0;0;0
"31/08/2015";"08:03:00";"3540";"sem vítima";"134";"BR-116/PR";"Norte";"Choque - Cancela de Pedagio";0;0;0;0;0;0;0;0;0;1;1;0;0;0;0
"31/08/2015";"11:03:00";"3560";"sem vítima";"118";"BR-116/PR";"Sul";"Colisão Traseira";2;0;0;0;0;0;0;0;0;0;2;0;0;0;0
"31/08/2015";"11:29:00";"3564";"sem vítima";"117";"BR-116/PR";"Sul";"Colisão Traseira";1;0;1;0;0;0;0;0;0;0;2;0;0;0;0
"31/08/2015";"12:02:00";"3567";"sem vítima";"208.3";"BR-116/SC";"Norte";"Atropelamento de Animal";1;0;0;0;0;0;0;0;0;0;3;0;0;0;0
"31/08/2015";"02:07:00";"3581";"sem vítima";"81";"BR-116/SC";"Norte";"Choque - Cancela de Pedagio";0;0;0;0;0;0;0;0;0;1;1;0;0;0;0
"31/08/2015";"04:54:00";"3602";"sem vítima";"179";"BR-116/PR";"Sul";"Objeto lançado contra veículo";1;0;0;0;0;0;0;0;0;0;1;0;0;0;0
"31/08/2015";"05:06:00";"3603";"sem vítima";"134";"BR-116/PR";"Norte";"Choque - Cancela de Pedagio";1;0;0;0;0;0;0;0;0;0;1;0;0;0;0
"31/08/2015";"09:16:00";"3621";"sem vítima";"108";"BR-116/SC";"Sul";"Objeto lançado contra veículo";1;0;0;0;0;0;0;0;0;0;1;0;0;0;0
"31/08/2015";"11:07:00";"3627";"sem vítima";"115";"BR-116/PR";"Sul";"Colisão Lateral";0;0;1;1;0;0;0;0;0;0;2;0;0;0;0
"01/09/2015";"07:20:00";"21";"sem vítima";"133.1";"BR-116/PR";"Sul";"Saida de Pista";1;0;0;0;0;0;0;0;0;0;1;0;0;0;0
"01/09/2015";"09:16:00";"30";"sem vítima";"134.8";"BR-116/SC";"Sul";"Colisão Traseira";0;0;2;0;0;0;0;0;0;0;2;0;0;0;0
"01/09/2015";"09:24:00";"31";"sem vítima";"299.7";"BR-116/SC";"Sul";"Colisão Lateral";1;0;1;0;0;0;0;0;0;0;2;0;0;0;0
"01/09/2015";"02:42:00";"55";"sem vítima";"115";"BR-116/PR";"Norte";"Choque - Poste";0;0;1;0;0;0;0;0;0;0;1;0;0;0;0
"01/09/2015";"05:36:00";"79";"com vítima";"117.05";"BR-116/PR";"Sul";"Colisão Lateral";1;0;0;2;0;0;0;0;0;0;2;1;0;0;0
"01/09/2015";"06:12:00";"81";"sem vítima";"91";"BR-116/SC";"Norte";"Objeto lançado contra veículo";0;0;0;0;0;0;0;0;0;1;1;0;0;0;0
"01/09/2015";"07:15:00";"88";"sem vítima";"117";"BR-116/PR";"Norte";"Engavetamento";3;0;0;0;0;0;0;0;0;0;3;0;0;0;0
"01/09/2015";"09:07:00";"97";"com vítima";"135.58";"BR-116/PR";"Sul";"Colisão Transversal";1;0;1;0;0;0;0;0;0;0;1;0;0;0;1
"01/09/2015";"09:17:00";"98";"sem vítima";"190.7";"BR-116/PR";"Sul";"Saida de Pista";1;0;0;0;0;0;0;0;0;0;1;0;0;0;0
"01/09/2015";"11:23:00";"101";"sem vítima";"42";"BR-116/SC";"Sul";"Atropelamento de Animal";1;0;0;0;0;0;0;0;0;0;5;0;0;0;0
"02/09/2015";"01:49:00";"110";"sem vítima";"193.5";"BR-116/SC";"Norte";"Choque - Defensa, barreira ou "submarino"";1;0;0;0;0;0;0;0;0;0;1;0;0;0;0
"02/09/2015";"08:50:00";"137";"sem vítima";"134";"BR-116/PR";"Sul";"Choque - Cancela de Pedagio";1;0;0;0;0;0;0;0;0;0;1;0;0;0;0
"02/09/2015";"01:27:00";"162";"sem vítima";"152";"BR-116/SC";"Sul";"Choque - Cancela de Pedagio";1;0;0;0;0;0;0;0;0;0;4;0;0;0;0
"02/09/2015";"04:21:00";"192";"sem vítima";"12";"BR-116/SC";"Norte";"Colisão Transversal";1;0;0;0;0;0;0;0;0;1;2;0;0;0;0
"02/09/2015";"06:30:00";"209";"sem vítima";"204";"BR-116/PR";"Norte";"Choque - Cancela de Pedagio";0;0;1;0;0;0;0;0;0;0;1;0;0;0;0
"02/09/2015";"06:32:00";"211";"sem vítima";"137";"BR-116/SC";"Sul";"Choque - Objeto não identificado";0;0;0;0;0;1;0;0;0;1;2;0;0;0;0
"02/09/2015";"07:05:00";"214";"sem vítima";"178.5";"BR-116/SC";"Norte";"Atropelamento de Animal";1;0;0;0;0;0;0;0;0;0;1;0;0;0;0
"03/09/2015";"06:47:00";"251";"sem vítima";"125.9";"BR-116/PR";"Sul";"Colisão Traseira";2;0;0;0;0;0;0;0;0;0;3;0;0;0;0
"03/09/2015";"10:14:00";"266";"sem vítima";"134";"BR-116/PR";"Sul";"Choque - Cancela de Pedagio";1;0;0;0;0;0;0;0;0;0;2;0;0;0;0
"03/09/2015";"11:15:00";"271";"sem vítima";"183.3";"BR-116/SC";"Sul";"Saida de Pista";1;0;0;0;0;0;0;0;0;0;1;0;0;0;0
"03/09/2015";"05:25:00";"297";"sem vítima";"204";"BR-116/PR";"Sul";"Choque - Cancela de Pedagio";1;0;0;0;0;0;0;0;0;0;1;0;0;0;0
"03/09/2015";"05:36:00";"299";"com vítima";"133";"BR-116/PR";"Norte";"Colisão Transversal";1;1;0;0;0;0;0;0;0;0;1;1;0;0;0
"03/09/2015";"06:20:00";"304";"com vítima";"119";"BR-116/PR";"Sul";"Colisão Transversal";0;0;1;1;0;0;0;0;0;0;1;1;0;0;0
"03/09/2015";"07:12:00";"306";"sem vítima";"118";"BR-116/SC";"Norte";"Saida de Pista";1;0;0;0;0;0;0;0;0;0;1;0;0;0;0
"03/09/2015";"07:25:00";"307";"com vítima";"84";"BR-116/SC";"Sul";"Colisão Frontal";1;0;1;0;0;0;0;0;0;0;1;1;0;0;0
"04/09/2015";"07:18:00";"358";"com vítima";"251";"BR-116/SC";"Norte";"Colisão Transversal";1;0;1;0;0;0;0;0;0;0;2;2;0;0;0
"04/09/2015";"11:31:00";"397";"sem vítima";"120";"BR-116/PR";"Norte";"Saida de Pista";1;0;0;0;0;0;0;0;0;0;1;0;0;0;0
"04/09/2015";"01:30:00";"410";"sem vítima";"204";"BR-116/PR";"Sul";"Choque - Cancela de Pedagio";1;0;0;0;0;0;0;0;0;0;1;0;0;0;0
"04/09/2015";"04:30:00";"424";"com vítima";"7.8";"BR-116/SC";"Norte";"Colisão Lateral";2;0;0;0;0;0;0;0;0;0;4;1;0;0;0
"04/09/2015";"04:54:00";"427";"com vítima";"222.7";"BR-116/SC";"Sul";"Queda de Moto";0;0;0;1;0;0;0;0;0;0;0;1;0;0;0
"04/09/2015";"05:01:00";"429";"sem vítima";"171.95";"BR-116/SC";"Norte";"Colisão Transversal";2;0;0;0;0;0;0;0;0;0;2;0;0;0;0
"04/09/2015";"11:30:00";"465";"sem vítima";"144";"BR-116/PR";"Norte";"Atropelamento de Animal";1;0;0;0;0;0;0;0;0;0;4;0;0;0;0
"05/09/2015";"04:15:00";"490";"sem vítima";"220.1";"BR-116/SC";"Sul";"Atropelamento de Animal";1;0;0;0;0;0;0;0;0;0;4;0;0;0;0
"05/09/2015";"05:01:00";"494";"sem vítima";"139.5";"BR-116/SC";"Sul";"Colisão Transversal";1;0;1;0;0;0;0;0;0;0;2;0;0;0;0
"05/09/2015";"06:11:00";"497";"com vítima";"123.7";"BR-116/SC";"Norte";"Colisão Traseira";1;0;0;0;1;0;0;0;0;0;1;1;0;0;0
"05/09/2015";"06:18:00";"498";"sem vítima";"138.8";"BR-116/PR";"Sul";"Saida de Pista";1;0;0;0;0;0;0;0;0;0;3;0;0;0;0
"05/09/2015";"08:55:00";"506";"sem vítima";"222.9";"BR-116/SC";"Sul";"Saida de Pista";1;0;0;0;0;0;0;0;0;0;3;0;0;0;0
"05/09/2015";"10:59:00";"520";"sem vítima";"303.3";"BR-116/SC";"Sul";"Saida de Pista";1;0;0;0;0;0;0;0;0;0;3;0;0;0;0
"05/09/2015";"12:38:00";"527";"sem vítima";"134";"BR-116/PR";"Sul";"Choque - Cancela de Pedagio";1;0;0;0;0;0;0;0;0;0;1;0;0;0;0
"05/09/2015";"07:19:00";"560";"sem vítima";"135";"BR-116/SC";"Sul";"Choque - Suporte de Sinalização";0;0;1;0;0;0;0;0;0;0;1;0;0;0;0
"05/09/2015";"07:24:00";"562";"com vítima";"233";"BR-116/SC";"Norte";"Colisão Lateral";2;0;0;0;0;0;0;0;0;0;3;0;0;1;0
"05/09/2015";"07:36:00";"566";"com vítima";"138.5";"BR-116/PR";"Norte";"Atropelamento de Animal";0;0;0;1;0;0;0;0;0;0;0;1;0;0;0
"05/09/2015";"08:06:00";"569";"sem vítima";"108.7";"BR-116/SC";"Norte";"Saida de Pista";0;0;1;0;0;0;0;0;0;0;1;0;0;0;0
"05/09/2015";"11:05:00";"578";"com vítima";"118.95";"BR-116/PR";"Sul";"Choque - Defensa, barreira ou "submarino"";0;0;0;1;0;0;0;0;0;0;0;1;0;0;0
"05/09/2015";"11:34:00";"581";"sem vítima";"119.1";"BR-116/PR";"Norte";"Queda de Moto";0;0;0;1;0;0;0;0;0;0;1;0;0;0;0
"06/09/2015";"06:57:00";"606";"sem vítima";"118.9";"BR-116/PR";"Norte";"Saida de Pista";1;0;0;0;0;0;0;0;0;0;1;0;0;0;0
"06/09/2015";"09:53:00";"617";"sem vítima";"144.9";"BR-116/SC";"Sul";"Colisão Transversal";2;0;0;0;0;0;0;0;0;0;4;0;0;0;0
"06/09/2015";"01:57:00";"627";"com vítima";"238.9";"BR-116/SC";"Sul";"Tombamento";0;0;1;0;0;0;0;0;0;0;0;1;0;0;0
"06/09/2015";"04:13:00";"640";"com vítima";"122";"BR-116/PR";"Sul";"Colisão Lateral";1;0;0;1;0;0;0;0;0;0;2;1;0;0;0
"06/09/2015";"04:55:00";"648";"sem vítima";"301";"BR-116/SC";"Norte";"Saida de Pista";1;0;0;0;0;0;0;0;0;0;1;0;0;0;0
"06/09/2015";"08:04:00";"665";"sem vítima";"204";"BR-116/SC";"Sul";"Choque - Cancela de Pedagio";1;0;0;0;0;0;0;0;0;0;1;0;0;0;0
"07/09/2015";"08:01:00";"712";"sem vítima";"245";"BR-116/SC";"Sul";"Colisão Traseira";1;0;1;0;0;0;0;0;0;0;2;0;0;0;0
"07/09/2015";"11:10:00";"722";"sem vítima";"134";"BR-116/PR";"Norte";"Choque - Cancela de Pedagio";1;0;0;0;0;0;0;0;0;0;4;0;0;0;0
"07/09/2015";"05:58:00";"761";"sem vítima";"72.3";"BR-116/SC";"Sul";"Colisão Lateral";1;0;0;0;0;1;0;0;0;0;1;0;0;0;0
"07/09/2015";"08:15:00";"772";"sem vítima";"205";"BR-116/PR";"Sul";"Colisão Transversal";2;0;0;0;0;0;0;0;0;0;2;0;0;0;0
"07/09/2015";"08:31:00";"773";"com vítima";"175";"BR-116/PR";"Norte";"Choque - Veiculo parado na pista";2;0;0;0;0;0;0;0;0;0;1;4;0;0;0
"07/09/2015";"08:52:00";"779";"sem vítima";"153";"BR-116/PR";"Sul";"Colisão Traseira";1;0;0;0;0;1;0;0;0;0;2;0;0;0;0
"07/09/2015";"09:35:00";"784";"sem vítima";"134";"BR-116/PR";"Norte";"Choque - Suporte de Sinalização";1;0;0;0;0;0;0;0;0;0;1;0;0;0;0
"07/09/2015";"09:50:00";"785";"sem vítima";"122.3";"BR-116/PR";"Norte";"Colisão Lateral";1;0;0;0;0;1;0;0;0;0;2;0;0;0;0
"08/09/2015";"12:29:00";"800";"sem vítima";"145";"BR-116/SC";"Sul";"Choque - Arvore";1;0;0;0;0;0;0;0;0;0;1;0;0;0;0
"08/09/2015";"12:31:00";"802";"sem vítima";"77.7";"BR-116/SC";"Norte";"Choque - Arvore";0;0;1;0;0;0;0;0;0;0;1;0;0;0;0
"08/09/2015";"01:38:00";"818";"sem vítima";"220.1";"BR-116/SC";"Norte";"Saida de Pista";1;0;0;0;0;0;0;0;0;0;2;0;0;0;0
"08/09/2015";"01:54:00";"823";"sem vítima";"146";"BR-116/PR";"Norte";"Saida de Pista";1;0;0;0;0;0;0;0;0;0;1;0;0;0;0
"08/09/2015";"10:41:00";"854";"com vítima";"100.5";"BR-116/SC";"Norte";"Saida de Pista";1;0;0;0;0;0;0;0;0;0;1;0;0;1;0
"08/09/2015";"11:34:00";"862";"com vítima";"188.05";"BR-116/PR";"Norte";"Saida de Pista";1;0;0;0;0;0;0;0;0;0;1;2;0;0;0
"08/09/2015";"11:39:00";"863";"sem vítima";"207.4";"BR-116/SC";"Norte";"Tombamento";0;0;1;0;0;1;0;0;0;0;2;0;0;0;0