data;horario;n_da_ocorrencia;tipo_de_ocorrencia;km;trecho;sentido;tipo_de_acidente;automovel;bicicleta;caminhao;moto;onibus;outros;tracao_animal;transporte_de_cargas_especiais;trator_maquinas;utilitarios;ilesos;levemente_feridos;moderadamente_feridos;gravemente_feridos;mortos
"23/10/2015";"07:56:00";"2626";"com vítima";"245.5";"BR-116/SC";"Norte";"Colisão Transversal";0;0;2;0;0;0;0;0;0;0;1;1;0;0;0
"23/10/2015";"11:11:00";"2647";"sem vítima";"152";"BR-116/SC";"Norte";"Objeto lançado contra veículo";0;0;1;0;0;0;0;0;0;0;1;0;0;0;0
"23/10/2015";"11:37:00";"2650";"sem vítima";"108.2";"BR-116/SC";"Norte";"Objeto lançado contra veículo";0;0;1;0;0;0;0;0;0;0;1;0;0;0;0
"23/10/2015";"12:08:00";"2656";"com vítima";"210";"BR-116/PR";"Sul";"Colisão Transversal";1;0;0;1;0;0;0;0;0;0;1;1;0;0;0
"23/10/2015";"01:09:00";"2661";"sem vítima";"108.2";"BR-116/SC";"Norte";"Objeto lançado contra veículo";1;0;0;0;0;0;0;0;0;0;1;0;0;0;0
"23/10/2015";"01:48:00";"2663";"sem vítima";"134";"BR-116/PR";"Sul";"Choque - Cancela de Pedagio";1;0;0;0;0;0;0;0;0;0;1;0;0;0;0
"23/10/2015";"04:08:00";"2682";"sem vítima";"202";"BR-116/PR";"Norte";"Queda de Moto";0;0;0;0;0;1;0;0;0;0;1;0;0;0;0
"23/10/2015";"08:52:00";"2707";"sem vítima";"203.6";"BR-116/PR";"Norte";"Choque - Cancela de Pedagio";1;0;0;0;0;0;0;0;0;0;1;0;0;0;0
"23/10/2015";"09:11:00";"2709";"sem vítima";"132.3";"BR-116/SC";"Norte";"Outros";0;0;1;0;0;0;0;0;0;0;1;0;0;0;0
"24/10/2015";"02:53:00";"2734";"sem vítima";"233";"BR-116/SC";"Sul";"Choque - Veiculo parado na pista";3;0;0;0;0;0;0;0;0;0;8;0;0;0;0
"24/10/2015";"08:20:00";"2756";"com vítima";"59.8";"BR-116/SC";"Sul";"Colisão Transversal";1;0;1;0;0;0;0;0;0;0;1;0;0;0;2
"24/10/2015";"03:44:00";"2783";"sem vítima";"276";"BR-116/SC";"Norte";"Objeto lançado contra veículo";0;0;1;0;0;0;0;0;0;0;1;0;0;0;0
"24/10/2015";"07:47:00";"2812";"sem vítima";"137.8";"BR-116/PR";"Norte";"Tombamento";0;0;1;0;0;0;0;0;0;0;1;0;0;0;0
"24/10/2015";"09:19:00";"2814";"com vítima";"125.01";"BR-116/PR";"Norte";"Choque - Defensa, barreira ou "submarino"";3;0;0;0;0;0;0;0;0;0;5;2;0;0;1
"24/10/2015";"11:37:00";"2831";"sem vítima";"74.9";"BR-116/SC";"Sul";"Atropelamento de Animal";1;0;0;0;0;0;0;0;0;0;2;0;0;0;0
"25/10/2015";"04:58:00";"2861";"com vítima";"121";"BR-116/PR";"Sul";"Choque - Defensa, barreira ou "submarino"";0;0;0;1;0;0;0;0;0;0;1;1;0;0;0
"25/10/2015";"09:54:00";"2876";"com vítima";"118.9";"BR-116/PR";"Sul";"Saida de Pista";1;0;0;0;0;0;0;0;0;0;0;1;0;1;0
"25/10/2015";"10:11:00";"2877";"sem vítima";"138";"BR-116/PR";"Norte";"Queda de Moto";0;0;0;1;0;0;0;0;0;0;1;0;0;0;0
"25/10/2015";"03:02:00";"2892";"sem vítima";"183";"BR-116/PR";"Norte";"Saida de Pista";0;0;0;0;0;0;0;0;0;1;3;0;0;0;0
"25/10/2015";"03:55:00";"2897";"sem vítima";"203.6";"BR-116/PR";"Norte";"Choque - Cancela de Pedagio";0;0;1;0;0;0;0;0;0;0;2;0;0;0;0
"25/10/2015";"08:31:00";"2926";"com vítima";"144.2";"BR-116/PR";"Sul";"Colisão Frontal";3;0;0;0;0;0;0;0;0;0;3;1;0;0;0
"26/10/2015";"02:09:00";"2949";"sem vítima";"87";"BR-116/SC";"Norte";"Atropelamento de Animal";1;0;0;0;0;0;0;0;0;0;1;0;0;0;0
"26/10/2015";"10:46:00";"2987";"sem vítima";"134";"BR-116/PR";"Norte";"Choque - Cancela de Pedagio";0;0;0;0;0;0;0;0;0;1;1;0;0;0;0
"26/10/2015";"01:14:00";"3006";"sem vítima";"254.5";"BR-116/SC";"Sul";"Colisão Lateral";1;0;1;0;0;0;0;0;0;0;3;0;0;0;0
"26/10/2015";"01:24:00";"3007";"sem vítima";"57";"BR-116/SC";"Sul";"Objeto lançado contra veículo";0;0;1;0;0;0;0;0;0;0;1;0;0;0;0
"26/10/2015";"06:14:00";"3038";"sem vítima";"134";"BR-116/PR";"Norte";"Choque - Cancela de Pedagio";0;0;0;0;0;0;0;0;0;1;1;0;0;0;0
"27/10/2015";"09:55:00";"3096";"sem vítima";"203.7";"BR-116/PR";"Sul";"Choque - Cancela de Pedagio";1;0;0;0;0;0;0;0;0;0;1;0;0;0;0
"27/10/2015";"01:22:00";"3120";"sem vítima";"32.5";"BR-116/SC";"Sul";"Choque - Objeto sobre a pista";0;0;1;0;0;0;0;0;0;0;1;0;0;0;0
"27/10/2015";"04:33:00";"3149";"com vítima";"15.2";"BR-116/SC";"Norte";"Colisão Traseira";2;0;0;0;0;0;0;0;0;0;2;1;0;0;0
"27/10/2015";"05:23:00";"3152";"com vítima";"166.1";"BR-116/PR";"Norte";"Colisão Transversal";0;0;1;1;0;0;0;0;0;0;1;0;0;1;0
"27/10/2015";"06:29:00";"3158";"sem vítima";"285";"BR-116/SC";"Norte";"Outros";0;0;1;0;1;0;0;0;0;0;2;0;0;0;0
"27/10/2015";"11:40:00";"3174";"sem vítima";"203.9";"BR-116/PR";"Norte";"Outros";0;0;1;0;0;0;0;0;0;0;1;0;0;0;0
"28/10/2015";"07:12:00";"3194";"sem vítima";"134";"BR-116/PR";"Sul";"Choque - Cancela de Pedagio";1;0;0;0;0;0;0;0;0;0;1;0;0;0;0
"28/10/2015";"04:31:00";"3254";"sem vítima";"117.5";"BR-116/PR";"Sul";"Colisão Lateral";1;0;1;0;0;0;0;0;0;0;3;0;0;0;0
"28/10/2015";"05:33:00";"3260";"sem vítima";"118";"BR-116/PR";"Sul";"Colisão Lateral";1;0;1;0;0;0;0;0;0;0;3;0;0;0;0
"28/10/2015";"06:09:00";"3265";"sem vítima";"180";"BR-116/PR";"Sul";"Objeto lançado contra veículo";1;0;0;0;0;0;0;0;0;0;1;0;0;0;0
"28/10/2015";"10:57:00";"3282";"sem vítima";"204";"BR-116/PR";"Sul";"Choque - Cancela de Pedagio";1;0;0;0;0;0;0;0;0;0;4;0;0;0;0
"29/10/2015";"06:44:00";"3305";"sem vítima";"48.5";"BR-116/SC";"Sul";"Choque - Objeto sobre a pista";0;0;0;0;0;0;0;0;0;1;1;0;0;0;0
"29/10/2015";"09:37:00";"3319";"com vítima";"206.1";"BR-116/SC";"Norte";"Atropelamento - Morador";0;0;1;0;0;0;0;0;0;0;1;1;0;0;0
"29/10/2015";"01:28:00";"3339";"sem vítima";"134";"BR-116/PR";"Norte";"Choque - Cancela de Pedagio";0;0;0;0;0;0;0;0;0;1;1;0;0;0;0
"29/10/2015";"05:06:00";"3371";"sem vítima";"180.1";"BR-116/SC";"Norte";"Colisão Transversal";1;0;1;0;0;0;0;0;0;0;2;0;0;0;0
"29/10/2015";"08:11:00";"3387";"sem vítima";"139";"BR-116/SC";"Sul";"Colisão Transversal";2;0;0;0;0;0;0;0;0;0;4;0;0;0;0
"29/10/2015";"08:28:00";"3391";"sem vítima";"162";"BR-116/SC";"Norte";"Atropelamento de Animal";1;0;0;0;0;0;0;0;0;0;1;0;0;0;0
"30/10/2015";"02:29:00";"3417";"sem vítima";"196";"BR-116/SC";"Norte";"Atropelamento de Animal";1;0;0;0;0;0;0;0;0;0;3;0;0;0;0
"30/10/2015";"04:17:00";"3422";"sem vítima";"6";"BR-116/SC";"Sul";"Choque - Outros";1;0;1;0;0;0;0;0;0;0;4;0;0;0;0
"30/10/2015";"06:11:00";"3429";"com vítima";"136.95";"BR-116/SC";"Sul";"Colisão Transversal";1;0;1;0;0;0;0;0;0;0;1;2;0;0;2
"30/10/2015";"06:38:00";"3430";"sem vítima";"147";"BR-116/PR";"Sul";"Saida de Pista";1;0;0;0;0;0;0;0;0;0;2;0;0;0;0
"30/10/2015";"07:55:00";"3435";"com vítima";"123.5";"BR-116/PR";"Norte";"Choque - Veiculo parado na pista";0;0;0;1;0;1;0;0;0;0;2;1;0;0;0
"30/10/2015";"08:03:00";"3436";"sem vítima";"122.5";"BR-116/PR";"Sul";"Colisão Traseira";1;0;1;0;0;0;0;0;0;0;5;0;0;0;0
"30/10/2015";"08:09:00";"3437";"sem vítima";"204";"BR-116/PR";"Sul";"Choque - Cancela de Pedagio";0;0;1;0;0;0;0;0;0;0;1;0;0;0;0
"30/10/2015";"09:42:00";"3444";"sem vítima";"211";"BR-116/PR";"Norte";"Objeto lançado contra veículo";1;0;0;0;0;0;0;0;0;0;1;0;0;0;0
"30/10/2015";"11:19:00";"3460";"com vítima";"207";"BR-116/SC";"Sul";"Colisão Transversal";1;0;0;0;0;0;0;0;0;1;2;1;0;0;0
"30/10/2015";"02:22:00";"3480";"sem vítima";"234.45";"BR-116/SC";"Sul";"Saida de Pista";0;0;1;0;0;0;0;0;0;0;1;0;0;0;0
"30/10/2015";"04:09:00";"3503";"sem vítima";"155.5";"BR-116/PR";"Sul";"Saida de Pista";1;0;0;0;0;0;0;0;0;0;1;0;0;0;0
"30/10/2015";"04:48:00";"3509";"sem vítima";"126.3";"BR-116/PR";"Norte";"Colisão Lateral";1;0;1;0;0;0;0;0;0;0;3;0;0;0;0
"30/10/2015";"05:35:00";"3513";"sem vítima";"134";"BR-116/PR";"Norte";"Choque - Cancela de Pedagio";1;0;0;0;0;0;0;0;0;0;1;0;0;0;0
"30/10/2015";"07:16:00";"3520";"sem vítima";"81";"BR-116/SC";"Norte";"Choque - Cancela de Pedagio";0;0;0;0;0;0;0;0;0;1;1;0;0;0;0
"30/10/2015";"11:27:00";"3546";"sem vítima";"233";"BR-116/SC";"Sul";"Choque - Defensa, barreira ou "submarino"";0;0;1;0;0;0;0;0;0;0;1;0;0;0;0
"31/10/2015";"01:09:00";"3557";"sem vítima";"114.9";"BR-116/SC";"Sul";"Choque - Outros";1;0;0;0;0;0;0;0;0;0;1;0;0;0;0
"31/10/2015";"02:56:00";"3564";"sem vítima";"124.1";"BR-116/SC";"Sul";"Saida de Pista";0;0;1;0;0;0;0;0;0;0;1;0;0;0;0
"31/10/2015";"01:10:00";"3602";"com vítima";"125.8";"BR-116/PR";"Norte";"Colisão Traseira";3;0;0;0;0;0;0;0;0;0;7;1;0;0;0
"31/10/2015";"01:53:00";"3605";"sem vítima";"119.2";"BR-116/SC";"Sul";"Choque - Objeto sobre a pista";1;0;0;0;0;0;0;0;0;0;1;0;0;0;0
"31/10/2015";"04:02:00";"3620";"sem vítima";"161.9";"BR-116/SC";"Norte";"Saida de Pista";1;0;0;0;0;0;0;0;0;0;2;0;0;0;0
"31/10/2015";"09:08:00";"3645";"sem vítima";"72.5";"BR-116/SC";"Sul";"Colisão Traseira";2;0;0;0;0;0;0;0;0;0;4;0;0;0;0
"01/11/2015";"05:02:00";"25";"com vítima";"13.4";"BR-116/SC";"Sul";"Colisão Frontal";1;0;1;0;0;0;0;0;0;0;2;0;0;0;1
"01/11/2015";"09:41:00";"39";"sem vítima";"134";"BR-116/PR";"Sul";"Choque - Cancela de Pedagio";0;0;0;0;0;0;0;0;0;1;1;0;0;0;0
"01/11/2015";"02:34:00";"58";"com vítima";"141.3";"BR-116/PR";"Norte";"Saida de Pista";0;0;0;0;0;0;0;0;0;1;0;1;0;1;0
"01/11/2015";"07:14:00";"80";"sem vítima";"134";"BR-116/PR";"Sul";"Choque - Cancela de Pedagio";0;0;0;0;0;0;0;0;0;1;1;0;0;0;0
"01/11/2015";"07:39:00";"82";"com vítima";"219.5";"BR-116/SC";"Norte";"Colisão Transversal";1;0;0;0;0;1;0;0;0;0;2;1;0;0;0
"01/11/2015";"08:12:00";"86";"sem vítima";"81";"BR-116/SC";"Sul";"Choque - Cancela de Pedagio";1;0;0;0;0;0;0;0;0;0;1;0;0;0;0
"01/11/2015";"11:11:00";"104";"sem vítima";"117.3";"BR-116/PR";"Norte";"Atropelamento de Animal";0;0;0;1;0;0;0;0;0;0;1;0;0;0;0
"02/11/2015";"02:57:00";"117";"com vítima";"98.8";"BR-116/SC";"Sul";"Colisão Lateral";1;0;1;0;0;0;0;0;0;0;3;1;0;0;0
"02/11/2015";"05:01:00";"123";"sem vítima";"175";"BR-116/PR";"Norte";"Saida de Pista";1;0;0;0;0;0;0;0;0;0;1;0;0;0;0
"02/11/2015";"08:49:00";"134";"com vítima";"296.5";"BR-116/SC";"Norte";"Saida de Pista";1;0;0;0;0;0;0;0;0;0;0;1;0;0;0
"02/11/2015";"11:09:00";"140";"sem vítima";"134";"BR-116/PR";"Sul";"Choque - Cancela de Pedagio";1;0;0;0;0;0;0;0;0;0;1;0;0;0;0
"02/11/2015";"12:11:00";"147";"sem vítima";"53.95";"BR-116/SC";"Norte";"Choque - Elemento de Drenagem";1;0;0;0;0;0;0;0;0;0;3;0;0;0;0
"02/11/2015";"02:29:00";"156";"sem vítima";"23";"BR-116/SC";"Norte";"Colisão Traseira";2;0;0;0;0;0;0;0;0;0;2;0;0;0;0
"02/11/2015";"04:17:00";"168";"sem vítima";"170.6";"BR-116/PR";"Sul";"Saida de Pista";1;0;0;0;0;0;0;0;0;0;1;0;0;0;0
"02/11/2015";"05:47:00";"174";"sem vítima";"81";"BR-116/SC";"Norte";"Choque - Cancela de Pedagio";1;0;0;0;0;0;0;0;0;0;1;0;0;0;0
"02/11/2015";"07:11:00";"185";"sem vítima";"132";"BR-116/PR";"Norte";"Colisão Traseira";2;0;0;0;0;0;0;0;0;0;2;0;0;0;0
"02/11/2015";"07:29:00";"186";"sem vítima";"80";"BR-116/SC";"Sul";"Objeto lançado contra veículo";0;0;1;0;0;0;0;0;0;0;1;0;0;0;0
"02/11/2015";"09:08:00";"189";"sem vítima";"162.2";"BR-116/SC";"Sul";"Atropelamento de Animal";0;0;1;0;0;0;0;0;0;0;1;0;0;0;0
"02/11/2015";"10:26:00";"198";"sem vítima";"14.4";"BR-116/SC";"Norte";"Choque - Veiculo parado na pista";1;0;0;0;0;1;0;0;0;0;4;0;0;0;0
"02/11/2015";"11:17:00";"204";"sem vítima";"252.9";"BR-116/SC";"Sul";"Atropelamento de Animal";1;0;0;0;0;0;0;0;0;0;4;0;0;0;0
"03/11/2015";"12:34:00";"256";"com vítima";"118.95";"BR-116/PR";"Sul";"Colisão Lateral";1;0;0;1;0;0;0;0;0;0;1;1;0;0;0
"03/11/2015";"06:32:00";"309";"sem vítima";"134";"BR-116/PR";"Norte";"Choque - Cancela de Pedagio";1;0;0;0;0;0;0;0;0;0;1;0;0;0;0
"03/11/2015";"09:18:00";"317";"sem vítima";"174";"BR-116/PR";"Norte";"Saida de Pista";1;0;0;0;0;0;0;0;0;0;1;0;0;0;0
"04/11/2015";"03:04:00";"371";"sem vítima";"169";"BR-116/SC";"Sul";"Outros";1;0;0;0;0;0;0;0;0;0;1;0;0;0;0
"04/11/2015";"03:37:00";"379";"sem vítima";"161.8";"BR-116/PR";"Norte";"Colisão Traseira";1;0;0;0;0;2;0;0;0;0;5;0;0;0;0
"05/11/2015";"07:43:00";"433";"sem vítima";"108";"BR-116/SC";"Norte";"Choque - Objeto sobre a pista";0;0;1;0;0;0;0;0;0;0;1;0;0;0;0
"05/11/2015";"12:20:00";"455";"sem vítima";"245";"BR-116/SC";"Sul";"Colisão Transversal";2;0;0;0;0;0;0;0;0;0;3;0;0;0;0
"05/11/2015";"05:49:00";"490";"com vítima";"245";"BR-116/SC";"Norte";"Colisão Transversal";0;0;0;1;0;1;0;0;0;0;1;1;0;0;0
"06/11/2015";"09:13:00";"555";"sem vítima";"118";"BR-116/PR";"Sul";"Colisão Traseira";1;0;0;0;0;1;0;0;0;0;2;0;0;0;0
"06/11/2015";"10:50:00";"567";"sem vítima";"194.5";"BR-116/SC";"Sul";"Choque - Objeto sobre a pista";0;0;1;0;0;0;0;0;0;0;1;0;0;0;0
"06/11/2015";"03:20:00";"598";"sem vítima";"4.5";"BR-116/SC";"Norte";"Colisão Transversal";2;0;0;0;0;0;0;0;0;0;2;0;0;0;0
"06/11/2015";"04:18:00";"600";"sem vítima";"146";"BR-116/SC";"Sul";"Objeto lançado contra veículo";0;0;0;0;0;0;0;0;0;1;1;0;0;0;0
"06/11/2015";"05:55:00";"607";"com vítima";"29.2";"BR-116/SC";"Sul";"Colisão Frontal";1;0;0;1;0;0;0;0;0;0;1;1;0;0;0
"06/11/2015";"07:47:00";"617";"sem vítima";"127";"BR-116/PR";"Sul";"Colisão Traseira";1;0;0;1;0;0;0;0;0;0;2;0;0;0;0
"07/11/2015";"07:46:00";"670";"sem vítima";"134";"BR-116/PR";"Sul";"Choque - Outros";0;0;1;0;0;0;0;0;0;0;1;0;0;0;0
"07/11/2015";"09:14:00";"676";"sem vítima";"197.5";"BR-116/PR";"Sul";"Saida de Pista";1;0;0;0;0;0;0;0;0;0;1;0;0;0;0
"07/11/2015";"10:16:00";"680";"sem vítima";"139";"BR-116/PR";"Sul";"Queda de Moto";0;0;0;1;0;0;0;0;0;0;1;0;0;0;0
"07/11/2015";"03:24:00";"706";"sem vítima";"4.28";"BR-116/SC";"Norte";"Colisão Lateral";2;0;0;0;0;0;0;0;0;0;2;0;0;0;0
"07/11/2015";"05:23:00";"714";"sem vítima";"172";"BR-116/SC";"Norte";"Objeto lançado contra veículo";0;0;1;0;0;0;0;0;0;0;1;0;0;0;0
"08/11/2015";"12:48:00";"748";"sem vítima";"114.9";"BR-116/SC";"Sul";"Saida de Pista";1;0;0;0;0;0;0;0;0;0;2;0;0;0;0
"08/11/2015";"02:56:00";"758";"com vítima";"155.8";"BR-116/PR";"Norte";"Atropelamento - Morador";0;0;0;0;0;1;0;0;0;0;1;0;0;1;0
"08/11/2015";"03:04:00";"760";"sem vítima";"227.8";"BR-116/SC";"Sul";"Saida de Pista";1;0;0;0;0;0;0;0;0;0;2;0;0;0;0
"08/11/2015";"04:17:00";"768";"sem vítima";"25.9";"BR-116/SC";"Sul";"Saida de Pista";1;0;0;0;0;0;0;0;0;0;1;0;0;0;0
"08/11/2015";"06:13:00";"773";"sem vítima";"125.8";"BR-116/PR";"Sul";"Colisão Transversal";2;0;0;0;0;0;0;0;0;0;2;0;0;0;0
"08/11/2015";"08:26:00";"784";"com vítima";"140.3";"BR-116/PR";"Sul";"Saida de Pista";1;0;0;0;0;0;0;0;0;0;0;2;0;0;0
"08/11/2015";"11:39:00";"800";"sem vítima";"134";"BR-116/PR";"Norte";"Choque - Cancela de Pedagio";1;0;0;0;0;0;0;0;0;0;1;0;0;0;0
"08/11/2015";"01:53:00";"807";"sem vítima";"4.5";"BR-116/SC";"Norte";"Colisão Transversal";1;0;0;0;0;1;0;0;0;0;5;0;0;0;0
"08/11/2015";"03:38:00";"818";"sem vítima";"275.3";"BR-116/SC";"Sul";"Colisão Traseira";2;0;0;0;0;0;0;0;0;0;2;0;0;0;0
"08/11/2015";"05:17:00";"825";"sem vítima";"134";"BR-116/PR";"Sul";"Choque - Cancela de Pedagio";0;0;1;0;0;0;0;0;0;0;1;0;0;0;0
"09/11/2015";"07:53:00";"894";"com vítima";"115";"BR-116/PR";"Norte";"Colisão Lateral";1;0;0;1;0;0;0;0;0;0;2;1;0;0;0
"09/11/2015";"11:56:00";"929";"sem vítima";"134";"BR-116/PR";"Norte";"Choque - Cancela de Pedagio";1;0;0;0;0;0;0;0;0;0;1;0;0;0;0
"09/11/2015";"05:02:00";"975";"sem vítima";"134";"BR-116/PR";"Sul";"Objeto lançado contra veículo";1;0;0;0;0;0;0;0;0;0;1;0;0;0;0
"10/11/2015";"06:29:00";"1041";"sem vítima";"179";"BR-116/PR";"Norte";"Objeto lançado contra veículo";0;0;1;0;0;0;0;0;0;0;1;0;0;0;0
"10/11/2015";"07:19:00";"1046";"sem vítima";"81";"BR-116/SC";"Sul";"Choque - Cancela de Pedagio";0;0;0;0;0;0;0;0;0;1;1;0;0;0;0
"10/11/2015";"07:23:00";"1047";"sem vítima";"117.5";"BR-116/PR";"Sul";"Colisão Lateral";1;0;0;1;0;0;0;0;0;0;2;0;0;0;0
"10/11/2015";"10:00:00";"1060";"sem vítima";"183";"BR-116/SC";"Norte";"Choque - Outros";1;0;0;0;0;0;0;0;0;0;1;0;0;0;0
"10/11/2015";"11:16:00";"1068";"sem vítima";"122.7";"BR-116/PR";"Sul";"Objeto lançado contra veículo";1;0;0;0;0;0;0;0;0;0;1;0;0;0;0
"10/11/2015";"05:27:00";"1100";"sem vítima";"122";"BR-116/SC";"Sul";"Objeto lançado contra veículo";1;0;0;0;0;0;0;0;0;0;1;0;0;0;0
"10/11/2015";"06:07:00";"1103";"sem vítima";"134";"BR-116/PR";"Sul";"Choque - Cancela de Pedagio";1;0;0;0;0;0;0;0;0;0;1;0;0;0;0
"10/11/2015";"06:14:00";"1105";"sem vítima";"24.6";"BR-116/SC";"Norte";"Saida de Pista";1;0;0;0;0;0;0;0;0;0;1;0;0;0;0
"10/11/2015";"06:21:00";"1106";"sem vítima";"134";"BR-116/PR";"Sul";"Choque - Cancela de Pedagio";1;0;0;0;0;0;0;0;0;0;1;0;0;0;0
"10/11/2015";"08:50:00";"1119";"sem vítima";"69";"BR-116/SC";"Sul";"Objeto lançado contra veículo";0;0;0;0;1;0;0;0;0;0;1;0;0;0;0
"10/11/2015";"09:37:00";"1120";"sem vítima";"226";"BR-116/SC";"Norte";"Atropelamento de Animal";1;0;0;0;0;0;0;0;0;0;1;0;0;0;0
"11/11/2015";"08:55:00";"1167";"sem vítima";"134";"BR-116/PR";"Sul";"Choque - Cancela de Pedagio";0;0;1;0;0;0;0;0;0;0;1;0;0;0;0
"11/11/2015";"02:14:00";"1193";"com vítima";"11.6";"BR-116/SC";"Norte";"Colisão Traseira";0;0;1;1;0;0;0;0;0;0;1;0;0;1;0
"12/11/2015";"07:50:00";"1269";"sem vítima";"273";"BR-116/SC";"Sul";"Atropelamento de Animal";1;0;0;0;0;0;0;0;0;0;1;0;0;0;0
"12/11/2015";"01:43:00";"1299";"sem vítima";"145";"BR-116/PR";"Norte";"Objeto lançado contra veículo";1;0;0;0;0;0;0;0;0;0;2;0;0;0;0
"12/11/2015";"06:41:00";"1337";"sem vítima";"134";"BR-116/PR";"Norte";"Choque - Cancela de Pedagio";0;0;0;0;0;0;0;0;0;1;4;0;0;0;0
"13/11/2015";"12:12:00";"1377";"sem vítima";"204";"BR-116/PR";"Sul";"Choque - Cancela de Pedagio";0;0;1;0;0;0;0;0;0;0;1;0;0;0;0
"13/11/2015";"07:11:00";"1385";"sem vítima";"119";"BR-116/PR";"Norte";"Colisão Lateral";2;0;0;1;0;0;0;0;0;0;3;0;0;0;0
"13/11/2015";"07:16:00";"1387";"sem vítima";"120";"BR-116/PR";"Norte";"Colisão Traseira";1;0;0;0;0;1;0;0;0;0;2;0;0;0;0
"13/11/2015";"07:20:00";"1388";"sem vítima";"122.9";"BR-116/PR";"Norte";"Choque - Objeto sobre a pista";1;0;0;0;0;0;0;0;0;0;1;0;0;0;0
"13/11/2015";"08:11:00";"1398";"com vítima";"115";"BR-116/PR";"Norte";"Colisão Traseira";2;0;0;1;0;0;0;0;0;0;2;1;0;0;0
"13/11/2015";"12:08:00";"1421";"sem vítima";"140";"BR-116/SC";"Sul";"Colisão Transversal";2;0;0;0;0;0;0;0;0;0;2;0;0;0;0
"13/11/2015";"12:35:00";"1425";"sem vítima";"12";"BR-116/SC";"Norte";"Colisão Transversal";1;0;1;0;0;0;0;0;0;0;2;0;0;0;0
"13/11/2015";"01:23:00";"1428";"sem vítima";"120";"BR-116/SC";"Sul";"Choque - Cancela de Pedagio";1;0;0;0;0;0;0;0;0;0;1;0;0;0;0
"13/11/2015";"08:27:00";"1476";"sem vítima";"82";"BR-116/SC";"Sul";"Choque - Cancela de Pedagio";0;0;1;0;0;0;0;0;0;0;1;0;0;0;0
"13/11/2015";"09:06:00";"1479";"sem vítima";"118";"BR-116/PR";"Sul";"Colisão Lateral";1;0;1;0;0;0;0;0;0;0;2;0;0;0;0
"13/11/2015";"11:53:00";"1490";"sem vítima";"48";"BR-116/SC";"Sul";"Choque - Objeto sobre a pista";1;0;0;0;0;0;0;0;0;0;1;0;0;0;0
"14/11/2015";"12:24:00";"1494";"sem vítima";"247.8";"BR-116/SC";"Norte";"Colisão Lateral";1;0;1;0;0;0;0;0;0;0;2;0;0;0;0
"14/11/2015";"09:13:00";"1526";"sem vítima";"127.5";"BR-116/PR";"Norte";"Saida de Pista";1;0;0;0;0;0;0;0;0;0;1;0;0;0;0
"14/11/2015";"12:18:00";"1542";"sem vítima";"225.3";"BR-116/SC";"Norte";"Choque - Objeto sobre a pista";1;0;0;0;0;0;0;0;0;0;1;0;0;0;0
"14/11/2015";"04:49:00";"1567";"com vítima";"117";"BR-116/PR";"Sul";"Colisão Traseira";1;0;0;0;0;1;0;0;0;0;2;1;0;0;0
"14/11/2015";"06:12:00";"1576";"com vítima";"125.9";"BR-116/PR";"Norte";"Colisão Transversal";2;0;0;0;0;0;0;0;0;0;1;4;0;0;0
"14/11/2015";"06:56:00";"1582";"com vítima";"48";"BR-116/SC";"Norte";"Outros";0;1;0;0;0;0;0;0;0;0;0;1;0;0;0
"14/11/2015";"08:37:00";"1590";"sem vítima";"143";"BR-116/PR";"Sul";"Saida de Pista";1;0;0;0;0;0;0;0;0;0;1;0;0;0;0
"15/11/2015";"01:14:00";"1611";"sem vítima";"184.5";"BR-116/SC";"Sul";"Colisão Traseira";0;0;0;0;2;0;0;0;0;0;3;0;0;0;0
"15/11/2015";"09:33:00";"1635";"sem vítima";"131";"BR-116/PR";"Sul";"Colisão Lateral";1;0;1;0;0;0;0;0;0;0;2;0;0;0;0
"16/11/2015";"05:42:00";"1728";"sem vítima";"203";"BR-116/PR";"Sul";"Tombamento";1;0;0;0;0;0;0;0;0;0;1;0;0;0;0
"16/11/2015";"08:04:00";"1740";"com vítima";"115";"BR-116/PR";"Norte";"Colisão Traseira";1;0;0;1;0;0;0;0;0;0;2;1;0;0;0
"16/11/2015";"09:58:00";"1757";"sem vítima";"8";"BR-116/SC";"Sul";"Choque - Objeto sobre a pista";1;0;0;0;0;0;0;0;0;0;1;0;0;0;0
"16/11/2015";"10:35:00";"1762";"sem vítima";"137.5";"BR-116/PR";"Norte";"Objeto lançado contra veículo";1;0;0;0;0;0;0;0;0;0;1;0;0;0;0
"16/11/2015";"05:10:00";"1806";"sem vítima";"233";"BR-116/SC";"Sul";"Choque - Cancela de Pedagio";0;0;1;0;0;0;0;0;0;0;1;0;0;0;0
"16/11/2015";"09:18:00";"1824";"com vítima";"129.6";"BR-116/PR";"Norte";"Colisão Frontal";2;0;0;0;0;0;0;0;0;0;1;2;0;0;0
"16/11/2015";"10:56:00";"1830";"sem vítima";"245.5";"BR-116/SC";"Sul";"Saida de Pista";1;0;0;0;0;0;0;0;0;0;1;0;0;0;0
"16/11/2015";"11:18:00";"1832";"sem vítima";"123";"BR-116/PR";"Sul";"Colisão Lateral";2;0;0;0;0;0;0;0;0;0;4;0;0;0;0