data;horario;n_da_ocorrencia;tipo_de_ocorrencia;km;trecho;sentido;tipo_de_acidente;automovel;bicicleta;caminhao;moto;onibus;outros;tracao_animal;transporte_de_cargas_especiais;trator_maquinas;utilitarios;ilesos;levemente_feridos;moderadamente_feridos;gravemente_feridos;mortos
"17/11/2015";"12:26:00";"1837";"sem vítima";"217";"BR-116/SC";"Sul";"Saida de Pista";1;0;0;0;0;0;0;0;0;0;4;0;0;0;0
"17/11/2015";"11:24:00";"1875";"sem vítima";"49";"BR-116/SC";"Norte";"Choque - Objeto sobre a pista";1;0;0;0;0;0;0;0;0;0;1;0;0;0;0
"17/11/2015";"01:07:00";"1882";"com vítima";"210.9";"BR-116/PR";"Norte";"Colisão Transversal";2;0;0;0;0;0;0;0;0;0;4;1;0;0;0
"17/11/2015";"01:57:00";"1886";"sem vítima";"123";"BR-116/SC";"Norte";"Objeto lançado contra veículo";1;0;0;0;0;0;0;0;0;0;1;0;0;0;0
"17/11/2015";"05:46:00";"1909";"sem vítima";"117";"BR-116/PR";"Sul";"Colisão Lateral";1;0;1;0;0;0;0;0;0;0;2;0;0;0;0
"17/11/2015";"06:35:00";"1913";"sem vítima";"12.3";"BR-116/SC";"Sul";"Colisão Transversal";2;0;0;0;0;0;0;0;0;0;7;0;0;0;0
"18/11/2015";"09:46:00";"1967";"sem vítima";"153";"BR-116/SC";"Norte";"Colisão Traseira";1;0;1;0;0;0;0;0;0;0;2;0;0;0;0
"18/11/2015";"12:40:00";"1977";"com vítima";"119.8";"BR-116/PR";"Sul";"Choque - Defensa, barreira ou "submarino"";2;0;0;0;0;0;0;0;0;0;2;0;0;1;0
"18/11/2015";"01:13:00";"1980";"com vítima";"119.8";"BR-116/PR";"Norte";"Colisão Traseira";1;0;1;0;0;0;0;0;0;0;1;1;0;0;0
"18/11/2015";"05:12:00";"2005";"sem vítima";"134";"BR-116/PR";"Norte";"Choque - Cancela de Pedagio";1;0;0;0;0;0;0;0;0;0;1;0;0;0;0
"18/11/2015";"06:24:00";"2009";"sem vítima";"81";"BR-116/SC";"Norte";"Choque - Cancela de Pedagio";0;0;0;0;1;0;0;0;0;0;1;0;0;0;0
"18/11/2015";"06:56:00";"2012";"sem vítima";"138";"BR-116/PR";"Sul";"Objeto lançado contra veículo";1;0;0;0;0;0;0;0;0;0;1;0;0;0;0
"19/11/2015";"06:20:00";"2058";"sem vítima";"121.8";"BR-116/SC";"Sul";"Saida de Pista";1;0;0;0;0;0;0;0;0;0;2;0;0;0;0
"19/11/2015";"11:00:00";"2083";"sem vítima";"134";"BR-116/PR";"Sul";"Choque - Cancela de Pedagio";1;0;0;0;0;0;0;0;0;0;1;0;0;0;0
"19/11/2015";"07:49:00";"2157";"sem vítima";"81";"BR-116/SC";"Norte";"Choque - Cancela de Pedagio";1;0;0;0;0;0;0;0;0;0;1;0;0;0;0
"19/11/2015";"08:37:00";"2162";"sem vítima";"240";"BR-116/SC";"Sul";"Tombamento";0;0;1;0;0;0;0;0;0;0;1;0;0;0;0
"19/11/2015";"11:06:00";"2172";"sem vítima";"284";"BR-116/SC";"Norte";"Atropelamento de Animal";1;0;0;0;0;0;0;0;0;0;1;0;0;0;0
"20/11/2015";"07:00:00";"2190";"com vítima";"125";"BR-116/PR";"Norte";"Queda de Moto";0;0;0;1;0;0;0;0;0;0;0;1;0;0;0
"20/11/2015";"03:03:00";"2240";"sem vítima";"50";"BR-116/SC";"Norte";"Objeto lançado contra veículo";1;0;0;0;0;0;0;0;0;0;3;0;0;0;0
"20/11/2015";"08:13:00";"2282";"sem vítima";"204";"BR-116/SC";"Norte";"Choque - Objeto sobre a pista";1;0;0;0;0;0;0;0;0;0;1;0;0;0;0
"20/11/2015";"09:14:00";"2286";"sem vítima";"19";"BR-116/SC";"Norte";"Saida de Pista";1;0;0;0;0;0;0;0;0;0;2;0;0;0;0
"20/11/2015";"09:20:00";"2289";"com vítima";"220.5";"BR-116/SC";"Norte";"Colisão Transversal";1;0;1;0;0;0;0;0;0;0;1;1;0;0;0
"20/11/2015";"10:01:00";"2294";"com vítima";"151.1";"BR-116/PR";"Norte";"Colisão Frontal";1;0;0;0;0;0;0;0;0;1;2;2;0;1;2
"21/11/2015";"08:07:00";"2309";"sem vítima";"85";"BR-116/SC";"Norte";"Choque - Objeto sobre a pista";1;0;0;0;0;1;0;0;0;0;2;0;0;0;0
"21/11/2015";"09:14:00";"2315";"sem vítima";"152";"BR-116/SC";"Norte";"Choque - Cancela de Pedagio";1;0;0;0;0;0;0;0;0;0;1;0;0;0;0
"21/11/2015";"12:40:00";"2334";"sem vítima";"247.8";"BR-116/SC";"Norte";"Colisão Transversal";2;0;0;0;0;0;0;0;0;0;3;0;0;0;0
"21/11/2015";"03:07:00";"2351";"com vítima";"55.2";"BR-116/SC";"Norte";"Choque - Defensa, barreira ou "submarino"";0;0;0;1;0;0;0;0;0;0;0;0;0;0;1
"21/11/2015";"03:41:00";"2354";"sem vítima";"236";"BR-116/SC";"Norte";"Objeto lançado contra veículo";1;0;0;0;0;0;0;0;0;0;3;0;0;0;0
"21/11/2015";"04:47:00";"2362";"sem vítima";"211.3";"BR-116/SC";"Sul";"Tombamento";0;0;0;1;0;0;0;0;0;0;1;0;0;0;0
"21/11/2015";"05:25:00";"2365";"sem vítima";"206";"BR-116/SC";"Norte";"Outros - Sequência";1;0;0;0;0;0;0;0;0;0;1;0;0;0;0
"21/11/2015";"11:18:00";"2387";"sem vítima";"121";"BR-116/SC";"Sul";"Atropelamento de Animal";1;0;0;0;0;0;0;0;0;0;1;0;0;0;0
"22/11/2015";"06:10:00";"2421";"sem vítima";"226";"BR-116/SC";"Sul";"Saida de Pista";1;0;0;0;0;0;0;0;0;0;1;0;0;0;0
"22/11/2015";"09:21:00";"2431";"sem vítima";"195";"BR-116/SC";"Sul";"Colisão Traseira";1;0;1;0;0;0;0;0;0;0;4;0;0;0;0
"22/11/2015";"09:40:00";"2432";"sem vítima";"135.5";"BR-116/PR";"Sul";"Colisão Transversal";2;0;0;0;0;0;0;0;0;0;8;0;0;0;0
"22/11/2015";"12:43:00";"2445";"sem vítima";"81";"BR-116/SC";"Sul";"Choque - Cancela de Pedagio";0;0;1;0;0;0;0;0;0;0;1;0;0;0;0
"22/11/2015";"02:54:00";"2453";"com vítima";"245.5";"BR-116/SC";"Norte";"Colisão Traseira";1;0;1;0;0;0;0;0;0;0;3;1;0;0;0
"22/11/2015";"03:06:00";"2455";"com vítima";"159.15";"BR-116/PR";"Sul";"Saida de Pista";1;0;0;0;0;0;0;0;0;0;2;2;0;0;0
"22/11/2015";"04:00:00";"2460";"sem vítima";"133";"BR-116/PR";"Norte";"Colisão Traseira";2;0;0;0;0;0;0;0;0;0;2;0;0;0;0
"22/11/2015";"04:09:00";"2462";"sem vítima";"152";"BR-116/SC";"Sul";"Choque - Cancela de Pedagio";0;0;1;0;0;0;0;0;0;0;1;0;0;0;0
"22/11/2015";"05:53:00";"2470";"sem vítima";"226";"BR-116/SC";"Sul";"Choque - Objeto sobre a pista";1;0;0;0;0;0;0;0;0;0;1;0;0;0;0
"23/11/2015";"02:52:00";"2515";"sem vítima";"153";"BR-116/PR";"Sul";"Atropelamento de Animal";1;0;0;0;0;0;0;0;0;0;1;0;0;0;0
"23/11/2015";"06:40:00";"2527";"sem vítima";"171.3";"BR-116/SC";"Norte";"Saida de Pista";0;0;1;0;0;0;0;0;0;0;1;0;0;0;0
"23/11/2015";"08:02:00";"2535";"sem vítima";"124";"BR-116/PR";"Norte";"Colisão Traseira";1;0;0;0;0;1;0;0;0;0;2;0;0;0;0
"23/11/2015";"08:58:00";"2544";"sem vítima";"142";"BR-116/SC";"Sul";"Objeto lançado contra veículo";1;0;0;0;0;0;0;0;0;0;1;0;0;0;0
"23/11/2015";"09:11:00";"2545";"sem vítima";"134";"BR-116/PR";"Norte";"Choque - Cancela de Pedagio";1;0;0;0;0;0;0;0;0;0;1;0;0;0;0
"23/11/2015";"02:53:00";"2574";"sem vítima";"188";"BR-116/PR";"Norte";"Objeto lançado contra veículo";1;0;0;0;0;0;0;0;0;0;1;0;0;0;0
"23/11/2015";"07:47:00";"2620";"com vítima";"162.5";"BR-116/PR";"Sul";"Saida de Pista";1;0;0;0;0;0;0;0;0;0;0;0;0;2;0
"24/11/2015";"07:02:00";"2658";"com vítima";"228";"BR-116/SC";"Sul";"Colisão Transversal";1;0;1;0;0;0;0;0;0;0;1;0;0;1;1
"24/11/2015";"07:37:00";"2661";"sem vítima";"130";"BR-116/PR";"Sul";"Colisão Transversal";1;0;0;0;1;0;0;0;0;0;2;0;0;0;0
"24/11/2015";"11:41:00";"2690";"sem vítima";"229";"BR-116/SC";"Sul";"Objeto lançado contra veículo";0;0;1;0;0;0;0;0;0;0;1;0;0;0;0
"24/11/2015";"11:57:00";"2691";"sem vítima";"134";"BR-116/PR";"Sul";"Choque - Cancela de Pedagio";1;0;0;0;0;0;0;0;0;0;1;0;0;0;0
"24/11/2015";"01:15:00";"2701";"sem vítima";"134";"BR-116/PR";"Norte";"Choque - Cancela de Pedagio";1;0;0;0;0;0;0;0;0;0;1;0;0;0;0
"24/11/2015";"01:39:00";"2704";"sem vítima";"134";"BR-116/PR";"Norte";"Choque - Cancela de Pedagio";0;0;0;0;0;0;0;0;0;1;1;0;0;0;0
"24/11/2015";"04:07:00";"2745";"sem vítima";"93.2";"BR-116/SC";"Norte";"Objeto lançado contra veículo";0;0;1;0;0;0;0;0;0;0;1;0;0;0;0
"25/11/2015";"10:50:00";"2879";"sem vítima";"38";"BR-116/SC";"Sul";"Choque - Outros";1;0;0;0;0;0;0;0;0;0;1;0;0;0;0
"25/11/2015";"10:57:00";"2880";"sem vítima";"233";"BR-116/SC";"Norte";"Choque - Defensa, barreira ou "submarino"";0;0;1;0;0;0;0;0;0;0;1;0;0;0;0
"25/11/2015";"02:38:00";"2891";"com vítima";"125.1";"BR-116/PR";"Norte";"Choque - Defensa, barreira ou "submarino"";1;0;0;0;0;1;0;0;0;0;2;1;0;0;0
"25/11/2015";"02:45:00";"2894";"sem vítima";"161";"BR-116/PR";"Sul";"Objeto lançado contra veículo";1;0;0;0;0;0;0;0;0;0;1;0;0;0;0
"25/11/2015";"04:34:00";"2906";"sem vítima";"134";"BR-116/PR";"Norte";"Choque - Cancela de Pedagio";1;0;0;0;0;0;0;0;0;0;1;0;0;0;0
"25/11/2015";"05:19:00";"2908";"sem vítima";"134";"BR-116/PR";"Norte";"Choque - Cancela de Pedagio";1;0;0;0;0;0;0;0;0;0;1;0;0;0;0
"25/11/2015";"06:23:00";"2919";"sem vítima";"134";"BR-116/PR";"Norte";"Choque - Suporte de Sinalização";1;0;0;0;0;0;0;0;0;0;1;0;0;0;0
"25/11/2015";"10:27:00";"2930";"sem vítima";"177.4";"BR-116/PR";"Norte";"Tombamento";0;0;1;0;0;0;0;0;0;0;1;0;0;0;0
"26/11/2015";"10:02:00";"3000";"sem vítima";"142.6";"BR-116/PR";"Sul";"Colisão Lateral";1;0;1;0;0;0;0;0;0;0;2;0;0;0;0
"26/11/2015";"10:16:00";"3004";"sem vítima";"134";"BR-116/PR";"Sul";"Choque - Cancela de Pedagio";0;0;0;0;0;0;0;0;0;1;1;0;0;0;0
"26/11/2015";"10:18:00";"3005";"sem vítima";"159.95";"BR-116/SC";"Norte";"Choque - Objeto sobre a pista";1;0;3;0;0;0;0;0;0;0;6;0;0;0;0
"26/11/2015";"12:15:00";"3015";"sem vítima";"122";"BR-116/SC";"Norte";"Objeto lançado contra veículo";1;0;0;0;0;0;0;0;0;0;1;0;0;0;0
"26/11/2015";"07:02:00";"3078";"sem vítima";"152";"BR-116/SC";"Sul";"Choque - Cancela de Pedagio";0;0;1;0;0;0;0;0;0;0;1;0;0;0;0
"26/11/2015";"08:34:00";"3085";"com vítima";"216";"BR-116/SC";"Norte";"Saida de Pista";1;0;0;0;0;0;0;0;0;0;0;1;0;0;0
"26/11/2015";"08:37:00";"3086";"sem vítima";"124";"BR-116/SC";"Sul";"Colisão Lateral";0;0;2;0;0;0;0;0;0;0;2;0;0;0;0
"27/11/2015";"07:06:00";"3119";"com vítima";"176.3";"BR-116/SC";"Sul";"Colisão Lateral";0;0;2;0;0;0;0;0;0;0;1;0;0;1;0
"27/11/2015";"07:10:00";"3120";"sem vítima";"12.3";"BR-116/SC";"Norte";"Tombamento";0;0;1;0;0;0;0;0;0;0;1;0;0;0;0
"27/11/2015";"11:06:00";"3165";"sem vítima";"203";"BR-116/PR";"Norte";"Choque - Cancela de Pedagio";0;0;0;0;0;0;0;0;0;1;1;0;0;0;0
"27/11/2015";"11:37:00";"3166";"sem vítima";"9.8";"BR-116/SC";"Norte";"Colisão Traseira";2;0;0;0;0;0;0;0;0;0;5;0;0;0;0
"27/11/2015";"03:19:00";"3190";"sem vítima";"81";"BR-116/SC";"Norte";"Choque - Cancela de Pedagio";1;0;0;0;0;0;0;0;0;0;1;0;0;0;0
"27/11/2015";"04:56:00";"3204";"sem vítima";"134";"BR-116/PR";"Sul";"Choque - Cancela de Pedagio";1;0;0;0;0;0;0;0;0;0;1;0;0;0;0
"27/11/2015";"08:58:00";"3221";"sem vítima";"143";"BR-116/SC";"Norte";"Colisão Lateral";0;0;1;0;0;1;0;0;0;0;2;0;0;0;0
"27/11/2015";"08:59:00";"3222";"sem vítima";"203.6";"BR-116/PR";"Sul";"Choque - Cancela de Pedagio";1;0;0;0;0;0;0;0;0;0;1;0;0;0;0
"28/11/2015";"06:18:00";"3238";"sem vítima";"4.1";"BR-116/SC";"Sul";"Colisão Traseira";2;0;0;0;0;1;0;0;0;0;4;0;0;0;0
"28/11/2015";"06:37:00";"3244";"sem vítima";"94.5";"BR-116/SC";"Norte";"Colisão Lateral";1;0;1;0;0;0;0;0;0;0;2;0;0;0;0
"28/11/2015";"07:39:00";"3256";"com vítima";"12.9";"BR-116/SC";"Sul";"Colisão Frontal";3;0;1;0;0;0;0;0;0;0;4;4;0;1;0
"28/11/2015";"01:14:00";"3280";"sem vítima";"4.5";"BR-116/SC";"Norte";"Objeto lançado contra veículo";1;0;0;0;0;1;0;0;0;0;2;0;0;0;0
"28/11/2015";"01:19:00";"3281";"sem vítima";"162.1";"BR-116/PR";"Norte";"Saida de Pista";0;0;0;0;0;0;0;0;0;1;1;0;0;0;0
"29/11/2015";"10:33:00";"3357";"com vítima";"14.9";"BR-116/SC";"Sul";"Saida de Pista";0;0;1;0;0;0;0;0;0;0;0;1;0;0;0
"29/11/2015";"12:27:00";"3368";"sem vítima";"252.8";"BR-116/SC";"Sul";;1;0;0;0;0;0;0;0;0;0;2;0;0;0;0
"29/11/2015";"07:22:00";"3398";"sem vítima";"8.9";"BR-116/SC";"Norte";"Saida de Pista";1;0;0;0;0;0;0;0;0;0;5;0;0;0;0
"29/11/2015";"11:51:00";"3420";"com vítima";"132";"BR-116/PR";"Sul";"Saida de Pista";0;0;1;0;0;0;0;0;0;0;0;1;0;1;0
"30/11/2015";"06:27:00";"3447";"sem vítima";"239.2";"BR-116/SC";"Sul";"Saida de Pista";1;0;0;0;0;0;0;0;0;0;1;0;0;0;0
"30/11/2015";"08:11:00";"3450";"sem vítima";"143";"BR-116/SC";"Norte";"Outros";0;0;1;0;0;0;0;0;0;0;1;0;0;0;0
"30/11/2015";"10:47:00";"3511";"sem vítima";"185";"BR-116/PR";"Sul";"Objeto lançado contra veículo";1;0;0;0;0;0;0;0;0;0;1;0;0;0;0
"30/11/2015";"10:55:00";"3515";"sem vítima";"297.2";"BR-116/SC";"Sul";"Saida de Pista";1;0;0;0;0;0;0;0;0;0;1;0;0;0;0
"30/11/2015";"05:48:00";"3546";"sem vítima";"117.2";"BR-116/PR";"Sul";"Colisão Traseira";3;0;0;0;0;0;0;0;0;0;3;0;0;0;0
"01/12/2015";"01:42:00";"8";"sem vítima";"166.4";"BR-116/PR";"Norte";"Saida de Pista";1;0;0;0;0;0;0;0;0;0;2;0;0;0;0
"01/12/2015";"07:02:00";"20";"sem vítima";"120.5";"BR-116/PR";"Norte";"Colisão Traseira";1;0;0;0;0;1;0;0;0;0;2;0;0;0;0
"01/12/2015";"08:19:00";"25";"sem vítima";"244.4";"BR-116/SC";"Norte";"Saida de Pista";0;0;0;0;0;0;0;0;0;1;1;0;0;0;0
"01/12/2015";"09:13:00";"34";"sem vítima";"115";"BR-116/PR";"Norte";"Colisão Traseira";1;0;0;0;0;1;0;0;0;0;2;0;0;0;0
"01/12/2015";"10:52:00";"44";"sem vítima";"184.3";"BR-116/SC";"Sul";"Choque - Suporte de Sinalização";0;0;1;0;0;0;0;0;0;0;1;0;0;0;0
"01/12/2015";"12:05:00";"54";"sem vítima";"7";"BR-116/SC";"Sul";"Colisão Transversal";1;0;1;0;0;0;0;0;0;0;2;0;0;0;0
"02/12/2015";"07:16:00";"147";"com vítima";"21.32";"BR-116/SC";"Norte";"Colisão Lateral";1;0;0;0;0;0;0;0;0;1;3;2;1;2;1
"02/12/2015";"08:19:00";"150";"sem vítima";"134";"BR-116/PR";"Sul";"Choque - Cancela de Pedagio";1;0;0;0;0;0;0;0;0;0;1;0;0;0;0
"02/12/2015";"01:07:00";"164";"sem vítima";"198";"BR-116/SC";"Sul";"Objeto lançado contra veículo";1;0;0;0;0;0;0;0;0;0;1;0;0;0;0
"02/12/2015";"01:14:00";"165";"sem vítima";"92";"BR-116/SC";"Sul";"Objeto lançado contra veículo";0;0;1;0;0;0;0;0;0;0;1;0;0;0;0
"02/12/2015";"09:36:00";"211";"sem vítima";"152.2";"BR-116/PR";"Norte";"Colisão Transversal";1;0;1;0;0;0;0;0;0;0;2;0;0;0;0
"03/12/2015";"12:11:00";"218";"sem vítima";"134";"BR-116/PR";"Sul";"Choque - Veiculo parado na pista";1;0;0;1;0;0;0;0;0;0;2;0;0;0;0
"03/12/2015";"12:07:00";"299";"sem vítima";"29.2";"BR-116/SC";"Sul";"Choque - Objeto sobre a pista";1;0;0;0;0;0;0;0;0;0;1;0;0;0;0
"03/12/2015";"01:08:00";"303";"sem vítima";"119";"BR-116/PR";"Sul";"Outros";2;0;0;0;0;0;0;0;0;0;2;0;0;0;0
"03/12/2015";"05:15:00";"344";"sem vítima";"211.1";"BR-116/PR";"Sul";"Colisão Transversal";2;0;0;0;0;0;0;0;0;0;2;0;0;0;0
"03/12/2015";"05:57:00";"347";"sem vítima";"116.2";"BR-116/PR";"Sul";"Colisão Traseira";1;0;0;0;0;1;0;0;0;0;2;0;0;0;0
"03/12/2015";"08:12:00";"364";"sem vítima";"205.3";"BR-116/SC";"Sul";"Choque - Objeto sobre a pista";1;0;0;0;0;0;0;0;0;0;3;0;0;0;0
"04/12/2015";"07:45:00";"407";"sem vítima";"57.9";"BR-116/SC";"Sul";"Saida de Pista";1;0;0;0;0;0;0;0;0;0;6;0;0;0;0
"04/12/2015";"11:39:00";"466";"sem vítima";"60.5";"BR-116/SC";"Norte";"Colisão Lateral";2;0;0;0;0;0;0;0;0;0;3;0;0;0;0
"04/12/2015";"02:08:00";"478";"sem vítima";"232.8";"BR-116/SC";"Sul";"Objeto lançado contra veículo";1;0;0;0;0;0;0;0;0;0;1;0;0;0;0
"04/12/2015";"02:13:00";"480";"com vítima";"127.6";"BR-116/SC";"Sul";"Capotamento";1;0;0;0;0;0;0;0;0;0;0;1;0;0;0
"04/12/2015";"03:03:00";"485";"sem vítima";"104.7";"BR-116/SC";"Sul";"Saida de Pista";0;0;0;0;0;0;0;0;0;1;1;0;0;0;0
"04/12/2015";"03:22:00";"488";"sem vítima";"63";"BR-116/SC";"Sul";"Queda de Moto";0;0;0;1;0;0;0;0;0;0;1;0;0;0;0
"04/12/2015";"03:36:00";"490";"sem vítima";"204.4";"BR-116/SC";"Norte";"Saida de Pista";0;0;1;0;0;0;0;0;0;0;1;0;0;0;0
"04/12/2015";"07:17:00";"508";"sem vítima";"134";"BR-116/PR";"Norte";"Choque - Cancela de Pedagio";1;0;0;0;0;0;0;0;0;0;1;0;0;0;0
"04/12/2015";"09:54:00";"516";"sem vítima";"29.9";"BR-116/SC";"Sul";"Choque - Objeto sobre a pista";1;0;0;0;0;0;0;0;0;0;1;0;0;0;0
"05/12/2015";"11:07:00";"570";"sem vítima";"129.9";"BR-116/PR";"Sul";"Colisão Traseira";1;0;0;0;0;0;0;0;0;1;2;0;0;0;0
"05/12/2015";"11:37:00";"584";"com vítima";"119.3";"BR-116/PR";"Sul";"Colisão Traseira";0;0;0;2;0;0;0;0;0;0;1;2;0;0;0
"05/12/2015";"11:45:00";"586";"com vítima";"153.6";"BR-116/PR";"Sul";"Colisão Traseira";1;0;0;1;0;0;0;0;0;0;1;1;0;0;0
"05/12/2015";"12:57:00";"590";"sem vítima";"122";"BR-116/PR";"Sul";"Colisão Lateral";1;0;1;0;0;0;0;0;0;0;2;0;0;0;0
"05/12/2015";"03:00:00";"605";"sem vítima";"124";"BR-116/PR";"Sul";"Choque - Defensa, barreira ou "submarino"";1;0;0;0;0;0;0;0;0;0;4;0;0;0;0
"05/12/2015";"05:10:00";"623";"sem vítima";"134";"BR-116/PR";"Sul";"Choque - Cancela de Pedagio";0;0;0;0;0;0;0;0;0;1;1;0;0;0;0
"05/12/2015";"05:27:00";"627";"com vítima";"6.9";"BR-116/SC";"Norte";"Colisão Transversal";2;0;0;0;0;0;0;0;0;0;2;3;0;0;0
"06/12/2015";"02:08:00";"666";"sem vítima";"172";"BR-116/SC";"Sul";"Atropelamento de Animal";1;0;0;0;0;0;0;0;0;0;1;0;0;0;0
"06/12/2015";"06:00:00";"671";"sem vítima";"261.75";"BR-116/SC";"Sul";"Saida de Pista";1;0;0;0;0;0;0;0;0;0;1;0;0;0;0
"06/12/2015";"07:52:00";"687";"com vítima";"2.8";"BR-116/SC";"Sul";"Colisão Lateral";2;0;0;0;0;0;0;0;0;0;2;3;0;0;0
"06/12/2015";"10:22:00";"701";"com vítima";"89.15";"BR-116/SC";"Sul";"Saida de Pista";1;0;0;0;0;0;0;0;0;0;1;1;0;0;0
"06/12/2015";"06:13:00";"741";"sem vítima";"81";"BR-116/SC";"Sul";"Choque - Cancela de Pedagio";1;0;0;0;0;0;0;0;0;0;1;0;0;0;0
"06/12/2015";"07:11:00";"747";"sem vítima";"12";"BR-116/SC";"Norte";"Colisão Transversal";2;0;0;0;0;0;0;0;0;0;5;0;0;0;0
"06/12/2015";"09:52:00";"757";"com vítima";"121.5";"BR-116/PR";"Sul";"Saida de Pista";1;0;0;0;0;0;0;0;0;0;0;2;0;0;0
"07/12/2015";"12:02:00";"835";"sem vítima";"81";"BR-116/SC";"Sul";"Choque - Cancela de Pedagio";1;0;0;0;0;0;0;0;0;0;1;0;0;0;0
"07/12/2015";"12:05:00";"836";"com vítima";"117.2";"BR-116/PR";"Sul";"Atropelamento - Morador";1;0;0;0;0;0;0;0;0;0;1;1;0;0;0
"07/12/2015";"06:06:00";"880";"sem vítima";"117";"BR-116/PR";"Norte";"Colisão Traseira";1;0;0;0;0;1;0;0;0;0;2;0;0;0;0
"07/12/2015";"08:38:00";"892";"sem vítima";"168.8";"BR-116/PR";"Sul";"Colisão Transversal";0;0;2;0;0;0;0;0;0;0;2;0;0;0;0
"08/12/2015";"02:05:00";"991";"sem vítima";"134";"BR-116/PR";"Norte";"Choque - Cancela de Pedagio";1;0;0;0;0;0;0;0;0;0;1;0;0;0;0
"08/12/2015";"03:01:00";"1003";"com vítima";"150";"BR-116/SC";"Sul";"Objeto lançado contra veículo";0;0;0;1;0;1;0;0;0;0;1;1;0;0;0
"08/12/2015";"04:00:00";"1015";"sem vítima";"228";"BR-116/SC";"Sul";"Objeto lançado contra veículo";1;0;0;0;0;1;0;0;0;0;2;0;0;0;0
"08/12/2015";"06:57:00";"1032";"sem vítima";"116";"BR-116/PR";"Sul";"Engavetamento";4;0;0;0;0;0;0;0;0;0;7;0;0;0;0
"09/12/2015";"08:29:00";"1108";"sem vítima";"66";"BR-116/SC";"Sul";"Queda de Moto";0;0;0;1;0;0;0;0;0;0;1;0;0;0;0
"09/12/2015";"09:28:00";"1130";"sem vítima";"124.8";"BR-116/PR";"Norte";"Colisão Lateral";1;0;0;0;0;1;0;0;0;0;2;0;0;0;0
"09/12/2015";"11:00:00";"1142";"sem vítima";"81";"BR-116/SC";"Norte";"Colisão Traseira";0;0;2;0;0;1;0;0;0;0;3;0;0;0;0
"09/12/2015";"04:46:00";"1197";"sem vítima";"201";"BR-116/SC";"Norte";"Choque - Defensa, barreira ou "submarino"";0;0;1;0;0;0;0;0;0;0;1;0;0;0;0
"09/12/2015";"05:00:00";"1201";"sem vítima";"192.4";"BR-116/SC";"Norte";"Saida de Pista";0;0;0;0;0;0;0;0;0;1;2;0;0;0;0
"09/12/2015";"05:13:00";"1204";"sem vítima";"120.9";"BR-116/SC";"Norte";"Saida de Pista";0;0;1;0;0;0;0;0;0;0;1;0;0;0;0
"09/12/2015";"05:18:00";"1205";"sem vítima";"233";"BR-116/SC";"Norte";"Choque - Cancela de Pedagio";0;0;0;0;0;1;0;0;0;0;1;0;0;0;0
"09/12/2015";"10:52:00";"1226";"sem vítima";"185.1";"BR-116/SC";"Norte";"Saida de Pista";0;0;1;0;0;0;0;0;0;0;1;0;0;0;0
"10/12/2015";"01:41:00";"1237";"sem vítima";"73";"BR-116/SC";"Norte";"Saida de Pista";1;0;0;0;0;0;0;0;0;0;1;0;0;0;0
"10/12/2015";"02:19:00";"1240";"com vítima";"63";"BR-116/SC";"Norte";"Colisão Frontal";1;0;1;0;0;0;0;0;0;0;1;0;0;0;1
"10/12/2015";"08:51:00";"1270";"com vítima";"5.5";"BR-116/SC";"Norte";"Colisão Transversal";0;0;1;0;0;0;0;0;0;1;1;1;0;0;0
"10/12/2015";"04:46:00";"1330";"sem vítima";"121";"BR-116/PR";"Norte";"Objeto lançado contra veículo";1;0;0;0;0;0;0;0;0;0;2;0;0;0;0
"10/12/2015";"04:59:00";"1333";"sem vítima";"121";"BR-116/PR";"Norte";"Objeto lançado contra veículo";1;0;0;0;0;0;0;0;0;0;1;0;0;0;0
"10/12/2015";"08:48:00";"1346";"sem vítima";"152";"BR-116/SC";"Norte";"Outros";0;0;0;0;0;1;0;0;0;0;1;0;0;0;0
"11/12/2015";"11:55:00";"1444";"sem vítima";"81";"BR-116/SC";"Sul";"Choque - Cancela de Pedagio";1;0;0;0;0;0;0;0;0;0;1;0;0;0;0
"11/12/2015";"04:48:00";"1477";"sem vítima";"117";"BR-116/SC";"Sul";"Objeto lançado contra veículo";1;0;0;0;0;0;0;0;0;0;1;0;0;0;0
"11/12/2015";"05:03:00";"1478";"sem vítima";"81";"BR-116/SC";"Sul";"Choque - Cancela de Pedagio";1;0;0;0;0;0;0;0;0;0;1;0;0;0;0
"11/12/2015";"06:14:00";"1484";"sem vítima";"134";"BR-116/PR";"Sul";"Choque - Cancela de Pedagio";0;0;0;0;0;0;0;0;0;1;1;0;0;0;0
"11/12/2015";"10:31:00";"1511";"sem vítima";"134";"BR-116/PR";"Sul";"Choque - Cancela de Pedagio";1;0;0;0;0;0;0;0;0;0;1;0;0;0;0
"11/12/2015";"10:47:00";"1515";"com vítima";"8.5";"BR-116/SC";"Sul";"Saida de Pista";1;0;0;0;0;0;0;0;0;0;0;1;0;0;0
"12/12/2015";"03:39:00";"1589";"sem vítima";"141.5";"BR-116/PR";"Sul";"Objeto lançado contra veículo";1;0;0;0;0;0;0;0;0;0;3;0;0;0;0