data;horario;n_da_ocorrencia;tipo_de_ocorrencia;km;trecho;sentido;tipo_de_acidente;automovel;bicicleta;caminhao;moto;onibus;outros;tracao_animal;transporte_de_cargas_especiais;trator_maquinas;utilitarios;ilesos;levemente_feridos;moderadamente_feridos;gravemente_feridos;mortos
"07/03/2016";"05:01:00";"675";"sem vítima";"118.8";"BR-116/PR";"Sul";"Tombamento";0;0;1;0;0;0;0;0;0;0;1;0;0;0;0
"07/03/2016";"06:17:00";"677";"com vítima";"128";"BR-116/PR";"Norte";"Choque - Defensa, barreira ou "submarino"";1;0;1;0;0;0;0;0;0;0;2;1;0;0;0
"07/03/2016";"08:24:00";"690";"com vítima";"115.5";"BR-116/PR";"Norte";"Colisão Lateral";1;0;0;1;0;0;0;0;0;0;2;1;0;0;0
"07/03/2016";"02:36:00";"738";"com vítima";"149.95";"BR-116/PR";"Sul";"Colisão Lateral";0;0;1;1;0;0;0;0;0;0;1;1;0;0;0
"07/03/2016";"07:27:00";"778";"com vítima";"178.9";"BR-116/SC";"Sul";"Colisão Transversal";2;0;0;0;0;0;0;0;0;0;1;1;0;0;0
"08/03/2016";"06:34:00";"821";"com vítima";"223.1";"BR-116/SC";"Sul";"Colisão Frontal";1;0;0;0;1;0;0;0;0;0;20;5;0;1;0
"08/03/2016";"11:01:00";"844";"com vítima";"125.7";"BR-116/PR";"Norte";"Colisão Traseira";0;0;1;1;0;0;0;0;0;0;1;1;0;0;0
"08/03/2016";"06:48:00";"891";"com vítima";"116.5";"BR-116/PR";"Sul";"Colisão Traseira";1;0;0;1;0;0;0;0;0;0;4;1;0;0;0
"08/03/2016";"08:13:00";"894";"com vítima";"115";"BR-116/PR";"Norte";"Saida de Pista";2;0;0;0;0;0;0;0;0;0;5;1;0;0;0
"09/03/2016";"07:42:00";"938";"com vítima";"115";"BR-116/PR";"Norte";"Colisão Traseira";1;0;0;1;0;0;0;0;0;0;1;1;0;0;0
"09/03/2016";"10:09:00";"950";"sem vítima";"136.8";"BR-116/SC";"Sul";"Colisão Lateral";0;0;1;0;0;0;0;0;0;1;2;0;0;0;0
"09/03/2016";"05:50:00";"998";"sem vítima";"154.9";"BR-116/SC";"Norte";"Saida de Pista";0;0;1;0;0;0;0;0;0;0;1;0;0;0;0
"09/03/2016";"10:43:00";"1029";"sem vítima";"125.6";"BR-116/PR";"Sul";"Saida de Pista";1;0;0;0;0;0;0;0;0;0;1;0;0;0;0
"10/03/2016";"01:42:00";"1040";"sem vítima";"166.5";"BR-116/PR";"Norte";"Tombamento";0;0;1;0;0;0;0;0;0;0;3;0;0;0;0
"10/03/2016";"05:02:00";"1051";"sem vítima";"121.5";"BR-116/PR";"Sul";"Saida de Pista";1;0;0;0;0;0;0;0;0;0;1;0;0;0;0
"10/03/2016";"05:27:00";"1052";"com vítima";"116";"BR-116/PR";"Sul";"Queda de Moto";0;0;0;1;0;1;0;0;0;0;1;1;0;0;0
"10/03/2016";"06:12:00";"1054";"com vítima";"191";"BR-116/PR";"Sul";"Colisão Transversal";1;0;0;1;0;0;0;0;0;0;3;1;0;0;0
"10/03/2016";"06:24:00";"1057";"com vítima";"121.4";"BR-116/PR";"Norte";"Engavetamento";6;0;0;0;0;1;0;0;0;0;7;2;0;0;0
"10/03/2016";"02:46:00";"1097";"sem vítima";"158.7";"BR-116/SC";"Norte";"Choque - Veiculo parado na pista";1;0;0;0;0;0;0;0;0;0;1;0;0;0;0
"10/03/2016";"04:06:00";"1109";"sem vítima";"117";"BR-116/PR";"Sul";"Colisão Transversal";1;0;1;0;0;0;0;0;0;0;2;0;0;0;0
"11/03/2016";"02:30:00";"1176";"sem vítima";"174.9";"BR-116/SC";"Sul";"Capotamento";0;0;1;0;0;0;0;0;0;0;2;0;0;0;0
"11/03/2016";"03:25:00";"1232";"com vítima";"42.1";"BR-116/SC";"Norte";"Colisão Frontal";1;0;1;0;0;0;0;0;0;0;3;0;0;0;1
"11/03/2016";"05:41:00";"1246";"com vítima";"115";"BR-116/PR";"Norte";"Engavetamento";4;0;1;0;1;0;0;0;0;0;5;2;0;0;0
"11/03/2016";"06:09:00";"1249";"sem vítima";"175.6";"BR-116/SC";"Sul";"Outros";2;0;0;0;0;0;0;0;0;0;3;0;0;0;0
"11/03/2016";"08:01:00";"1258";"sem vítima";"246";"BR-116/SC";"Sul";"Colisão Traseira";2;0;0;0;0;0;0;0;0;0;8;0;0;0;0
"11/03/2016";"08:15:00";"1263";"com vítima";"120";"BR-116/PR";"Norte";"Queda de Moto";0;0;0;1;0;0;0;0;0;0;1;1;0;0;0
"11/03/2016";"11:19:00";"1275";"com vítima";"209.7";"BR-116/SC";"Sul";"Atropelamento - Usuário";0;0;0;0;0;1;0;0;0;0;1;0;0;0;1
"12/03/2016";"06:09:00";"1295";"sem vítima";"116.9";"BR-116/PR";"Sul";"Choque - Veiculo parado na pista";2;0;0;0;0;1;0;0;0;0;3;0;0;0;0
"12/03/2016";"07:56:00";"1302";"sem vítima";"233";"BR-116/SC";"Norte";"Choque - Defensa, barreira ou "submarino"";0;0;1;0;0;0;0;0;0;0;1;0;0;0;0
"12/03/2016";"09:01:00";"1308";"sem vítima";"81";"BR-116/SC";"Sul";"Colisão Traseira";1;0;1;0;0;0;0;0;0;0;5;0;0;0;0
"12/03/2016";"09:56:00";"1311";"sem vítima";"147.1";"BR-116/PR";"Norte";"Choque - Veiculo parado na pista";2;0;0;0;0;0;0;0;0;0;4;0;0;0;0
"12/03/2016";"11:55:00";"1321";"sem vítima";"309";"BR-116/SC";"Sul";"Tombamento";0;0;1;0;0;0;0;0;0;0;1;0;0;0;0
"12/03/2016";"06:32:00";"1356";"com vítima";"68.8";"BR-116/SC";"Norte";"Colisão Lateral";2;0;2;0;0;0;0;0;0;0;3;1;0;0;0
"12/03/2016";"07:46:00";"1361";"sem vítima";"68.5";"BR-116/SC";"Sul";"Colisão Traseira";2;0;0;0;0;0;0;0;0;0;2;0;0;0;0
"12/03/2016";"07:57:00";"1363";"com vítima";"99";"BR-116/SC";"Sul";"Colisão Transversal";1;0;1;0;0;0;0;0;0;0;1;2;0;1;0
"12/03/2016";"07:59:00";"1364";"com vítima";"76.2";"BR-116/SC";"Sul";"Saida de Pista";1;0;0;0;0;0;0;0;0;0;0;1;0;1;2
"13/03/2016";"01:27:00";"1381";"sem vítima";"130";"BR-116/PR";"Sul";"Colisão Transversal";2;0;0;0;0;0;0;0;0;0;6;0;0;0;0
"13/03/2016";"07:11:00";"1448";"com vítima";"131";"BR-116/PR";"Norte";"Colisão Traseira";2;0;0;0;0;0;0;0;0;0;2;1;0;0;0
"13/03/2016";"07:29:00";"1452";"com vítima";"130.35";"BR-116/PR";"Norte";"Colisão Transversal";1;1;0;0;0;0;0;0;0;0;1;1;0;0;0
"14/03/2016";"04:18:00";"1473";"sem vítima";"150";"BR-116/PR";"Sul";"Atropelamento - Animal";1;0;0;0;0;0;0;0;0;0;5;0;0;0;0
"14/03/2016";"06:19:00";"1477";"com vítima";"232.1";"BR-116/SC";"Norte";"Colisão Frontal";1;0;1;0;0;0;0;0;0;0;1;1;0;0;0
"14/03/2016";"09:24:00";"1578";"com vítima";"118";"BR-116/PR";"Sul";"Saida de Pista";1;0;0;0;0;0;0;0;0;0;1;1;0;0;0
"14/03/2016";"10:35:00";"1583";"com vítima";"119.3";"BR-116/PR";"Sul";"Queda de Moto";0;0;0;1;0;0;0;0;0;0;0;1;0;0;0
"15/03/2016";"05:08:00";"1672";"sem vítima";"94.7";"BR-116/SC";"Norte";"Atropelamento - Animal";1;0;0;0;0;0;0;0;0;0;1;0;0;0;0
"16/03/2016";"09:19:00";"1730";"sem vítima";"7.8";"BR-116/SC";"Sul";"Colisão Traseira";2;0;0;0;0;0;0;0;0;0;2;0;0;0;0
"16/03/2016";"11:06:00";"1742";"sem vítima";"122";"BR-116/PR";"Norte";"Colisão Traseira";2;0;0;0;0;0;0;0;0;0;3;0;0;0;0
"16/03/2016";"05:05:00";"1789";"sem vítima";"92.5";"BR-116/SC";"Norte";"Colisão Lateral";0;0;1;0;0;1;0;0;0;0;2;0;0;0;0
"16/03/2016";"05:52:00";"1795";"com vítima";"252.44";"BR-116/SC";"Norte";"Colisão Traseira";0;0;2;0;0;0;0;0;0;0;1;1;0;0;0
"16/03/2016";"09:38:00";"1813";"sem vítima";"82.3";"BR-116/SC";"Norte";"Tombamento";0;0;1;0;0;0;0;0;0;0;1;0;0;0;0
"17/03/2016";"10:10:00";"1857";"com vítima";"162.2";"BR-116/SC";"Norte";"Colisão Lateral";1;0;1;0;0;0;0;0;0;0;1;1;0;0;0
"17/03/2016";"12:48:00";"1871";"sem vítima";"117";"BR-116/PR";"Sul";"Colisão Lateral";1;0;1;0;0;0;0;0;0;0;2;0;0;0;0
"17/03/2016";"01:45:00";"1878";"com vítima";"126.6";"BR-116/SC";"Sul";"Saida de Pista";0;0;1;0;0;0;0;0;0;0;0;1;0;0;0
"17/03/2016";"03:01:00";"1886";"com vítima";"12.3";"BR-116/SC";"Sul";"Colisão Transversal";1;0;1;0;0;0;0;0;0;0;1;1;0;1;0
"17/03/2016";"07:04:00";"1912";"sem vítima";"195";"BR-116/SC";"Sul";"Choque - Poste";0;0;1;0;0;0;0;0;0;0;1;0;0;0;0
"17/03/2016";"08:56:00";"1925";"sem vítima";"118.8";"BR-116/PR";"Sul";"Saida de Pista";1;0;0;0;0;0;0;0;0;0;3;0;0;0;0
"18/03/2016";"02:58:00";"1954";"com vítima";"235";"BR-116/SC";"Norte";"Queda de Moto";0;0;0;1;0;0;0;0;0;0;0;1;0;0;0
"18/03/2016";"01:36:00";"2003";"com vítima";"158";"BR-116/PR";"Norte";"Saida de Pista";1;0;0;0;0;0;0;0;0;0;0;1;0;0;0
"18/03/2016";"02:18:00";"2009";"sem vítima";"117.4";"BR-116/PR";"Sul";"Colisão Lateral";1;0;1;0;0;0;0;0;0;0;2;0;0;0;0
"18/03/2016";"03:20:00";"2022";"sem vítima";"117";"BR-116/PR";"Sul";"Colisão Lateral";1;0;1;0;0;0;0;0;0;0;2;0;0;0;0
"18/03/2016";"03:27:00";"2024";"sem vítima";"82";"BR-116/SC";"Norte";"Colisão Lateral";0;0;2;0;0;0;0;0;0;0;2;0;0;0;0
"18/03/2016";"07:10:00";"2040";"sem vítima";"124";"BR-116/PR";"Sul";"Choque - Veiculo parado na pista";1;0;1;0;0;0;0;0;0;0;2;0;0;0;0
"18/03/2016";"07:47:00";"2045";"sem vítima";"141.4";"BR-116/SC";"Sul";"Colisão Lateral";1;0;0;0;0;0;0;0;0;0;1;0;0;0;0
"18/03/2016";"09:32:00";"2056";"sem vítima";"176.5";"BR-116/PR";"Sul";"Atropelamento - Animal";1;0;0;0;0;0;0;0;0;0;1;0;0;0;0
"18/03/2016";"10:44:00";"2066";"sem vítima";"126";"BR-116/SC";"Sul";"Colisão Lateral";2;0;0;0;0;0;0;0;0;0;5;0;0;0;0
"19/03/2016";"03:31:00";"2077";"sem vítima";"126";"BR-116/PR";"Sul";"Choque - Talude";1;0;0;0;0;0;0;0;0;0;1;0;0;0;0
"19/03/2016";"06:58:00";"2078";"sem vítima";"117.4";"BR-116/PR";"Norte";"Choque - Defensa, barreira ou "submarino"";1;0;0;0;0;0;0;0;0;0;1;0;0;0;0
"19/03/2016";"09:38:00";"2095";"com vítima";"34.3";"BR-116/SC";"Sul";"Colisão Transversal";2;0;0;0;0;0;0;0;0;0;4;1;0;0;0
"19/03/2016";"07:20:00";"2140";"com vítima";"131.3";"BR-116/PR";"Norte";"Colisão Traseira";2;0;0;0;0;0;0;0;0;0;2;1;0;0;0
"20/03/2016";"01:41:00";"2163";"com vítima";"126.3";"BR-116/PR";"Sul";"Colisão Transversal";1;0;0;0;0;0;0;0;0;1;3;2;0;0;0
"20/03/2016";"08:43:00";"2174";"sem vítima";"108.4";"BR-116/SC";"Sul";"Saida de Pista";1;0;0;0;0;0;0;0;0;0;1;0;0;0;0
"20/03/2016";"09:51:00";"2177";"sem vítima";"251.3";"BR-116/SC";"Sul";"Choque - Poste";1;0;0;0;0;0;0;0;0;0;1;0;0;0;0
"22/03/2016";"08:30:00";"2366";"sem vítima";"59.7";"BR-116/SC";"Sul";"Saida de Pista";1;0;0;0;0;0;0;0;0;0;1;0;0;0;0
"22/03/2016";"10:47:00";"2382";"sem vítima";"24.45";"BR-116/SC";"Sul";"Atropelamento - Animal";0;0;0;0;0;0;0;0;0;1;1;0;0;0;0
"22/03/2016";"03:48:00";"2418";"com vítima";"155.4";"BR-116/PR";"Norte";"Tombamento";0;0;1;0;0;0;0;0;0;0;0;1;0;0;0
"22/03/2016";"04:33:00";"2424";"sem vítima";"106.5";"BR-116/SC";"Norte";"Colisão Traseira";0;0;2;0;0;0;0;0;0;0;2;0;0;0;0
"22/03/2016";"04:53:00";"2426";"com vítima";"179.9";"BR-116/PR";"Norte";"Tombamento";0;0;1;0;0;0;0;0;0;0;0;1;0;0;0
"23/03/2016";"06:41:00";"2469";"sem vítima";"117";"BR-116/PR";"Norte";"Colisão Traseira";3;0;0;0;0;0;0;0;0;0;5;0;0;0;0
"23/03/2016";"06:11:00";"2554";"sem vítima";"226";"BR-116/SC";"Sul";"Objeto lançado contra veículo";1;0;0;0;0;0;0;0;0;0;1;0;0;0;0
"24/03/2016";"06:28:00";"2592";"com vítima";"126.2";"BR-116/PR";"Norte";"Queda de Moto";0;0;0;1;0;1;0;0;0;0;2;1;0;0;0
"24/03/2016";"08:57:00";"2604";"com vítima";"8.3";"BR-116/SC";"Sul";"Colisão Lateral";0;0;1;0;0;0;0;0;0;1;1;2;0;0;0
"24/03/2016";"09:15:00";"2605";"sem vítima";"191.2";"BR-116/SC";"Sul";"Atropelamento - Animal";1;0;0;0;0;0;0;0;0;0;3;0;0;0;0
"24/03/2016";"10:13:00";"2609";"sem vítima";"143.5";"BR-116/PR";"Norte";"Colisão Traseira";3;0;0;0;0;0;0;0;0;0;5;0;0;0;0
"24/03/2016";"02:18:00";"2632";"sem vítima";"149.3";"BR-116/PR";"Sul";"Saida de Pista";1;0;0;0;0;0;0;0;0;0;1;0;0;0;0
"24/03/2016";"04:34:00";"2647";"com vítima";"117.6";"BR-116/PR";"Norte";"Colisão Transversal";1;0;0;1;0;0;0;0;0;0;1;1;0;0;0
"24/03/2016";"07:21:00";"2661";"sem vítima";"136.1";"BR-116/SC";"Norte";"Colisão Traseira";1;0;0;0;0;1;0;0;0;0;3;0;0;0;0
"24/03/2016";"11:27:00";"2679";"sem vítima";"152.2";"BR-116/PR";"Sul";"Colisão Traseira";2;0;0;0;0;0;0;0;0;0;3;0;0;0;0
"25/03/2016";"06:09:00";"2704";"sem vítima";"178";"BR-116/SC";"Sul";"Objeto lançado contra veículo";1;0;0;0;0;0;0;0;0;0;1;0;0;0;0
"25/03/2016";"04:20:00";"2746";"sem vítima";"178.1";"BR-116/PR";"Norte";"Saida de Pista";0;0;1;0;0;1;0;0;0;0;2;0;0;0;0
"25/03/2016";"05:19:00";"2751";"sem vítima";"130";"BR-116/PR";"Sul";"Colisão Traseira";1;0;0;0;0;1;0;0;0;0;2;0;0;0;0
"25/03/2016";"10:42:00";"2770";"sem vítima";"234.8";"BR-116/SC";"Sul";"Colisão Traseira";2;0;0;0;0;0;0;0;0;0;9;0;0;0;0
"26/03/2016";"06:52:00";"2788";"com vítima";"147.5";"BR-116/PR";"Norte";"Incêndio";0;0;1;0;0;0;0;0;0;0;0;1;0;0;0
"26/03/2016";"11:00:00";"2874";"sem vítima";"125";"BR-116/PR";"Sul";"Colisão Traseira";2;0;0;0;0;0;0;0;0;0;2;0;0;0;0
"27/03/2016";"12:49:00";"2907";"sem vítima";"123.5";"BR-116/PR";"Norte";"Saida de Pista";1;0;0;0;0;0;0;0;0;0;1;0;0;0;0
"27/03/2016";"04:45:00";"2934";"sem vítima";"44.5";"BR-116/SC";"Norte";"Saida de Pista";1;0;0;0;0;0;0;0;0;0;4;0;0;0;0
"27/03/2016";"05:30:00";"2944";"com vítima";"152";"BR-116/PR";"Sul";"Colisão Transversal";2;0;0;0;0;0;0;0;0;0;2;1;0;0;0
"27/03/2016";"08:30:00";"2974";"sem vítima";"122.1";"BR-116/PR";"Sul";"Colisão Transversal";2;0;0;0;0;0;0;0;0;0;5;0;0;0;0
"28/03/2016";"11:39:00";"3048";"sem vítima";"134.5";"BR-116/PR";"Norte";"Colisão Traseira";2;0;0;0;0;0;0;0;0;0;3;0;0;0;0
"28/03/2016";"07:17:00";"3111";"com vítima";"125.8";"BR-116/PR";"Norte";"Colisão Lateral";1;0;1;0;0;0;0;0;0;0;4;1;0;0;0
"28/03/2016";"08:30:00";"3114";"sem vítima";"123";"BR-116/PR";"Norte";"Saida de Pista";1;0;0;0;0;0;0;0;0;0;1;0;0;0;0
"28/03/2016";"08:34:00";"3115";"com vítima";"123";"BR-116/PR";"Norte";"Colisão Lateral";1;0;1;0;0;0;0;0;0;0;1;1;0;0;0
"29/03/2016";"07:52:00";"3151";"sem vítima";"219.3";"BR-116/SC";"Sul";"Colisão Lateral";2;0;0;0;0;0;0;0;0;0;2;0;0;0;0
"29/03/2016";"11:35:00";"3171";"sem vítima";"186.5";"BR-116/SC";"Norte";"Colisão Transversal";2;0;0;0;0;0;0;0;0;0;4;0;0;0;0
"29/03/2016";"03:28:00";"3204";"sem vítima";"124";"BR-116/PR";"Sul";"Choque - Defensa, barreira ou "submarino"";1;0;0;0;0;0;0;0;0;0;1;0;0;0;0
"29/03/2016";"05:48:00";"3225";"sem vítima";"12";"BR-116/SC";"Sul";"Colisão Transversal";2;0;0;0;0;0;0;0;0;0;4;0;0;0;0
"30/03/2016";"07:02:00";"3269";"sem vítima";"120.6";"BR-116/PR";"Sul";"Engavetamento";4;0;0;0;0;0;0;0;0;0;4;0;0;0;0
"30/03/2016";"07:24:00";"3271";"sem vítima";"134.4";"BR-116/SC";"Norte";"Colisão Traseira";1;0;0;0;0;1;0;0;0;0;2;0;0;0;0
"30/03/2016";"08:39:00";"3354";"com vítima";"120";"BR-116/PR";"Sul";"Colisão Lateral";1;0;1;0;0;0;0;0;0;0;2;1;0;0;0
"31/03/2016";"05:50:00";"3453";"sem vítima";"167.4";"BR-116/SC";"Sul";"Colisão Transversal";2;0;0;0;0;0;0;0;0;0;2;0;0;0;0
"31/03/2016";"07:17:00";"3460";"sem vítima";"133.5";"BR-116/SC";"Sul";"Objeto lançado contra veículo";0;0;1;0;0;0;0;0;0;0;1;0;0;0;0
"31/03/2016";"08:38:00";"3468";"sem vítima";"198.35";"BR-116/PR";"Sul";"Atropelamento - Animal";1;0;0;0;0;0;0;0;0;0;1;0;0;0;0
"01/04/2016";"02:48:00";"70";"sem vítima";"119";"BR-116/PR";"Norte";"Colisão Lateral";0;0;1;0;0;0;0;0;0;1;2;0;0;0;0
"01/04/2016";"03:31:00";"74";"sem vítima";"122";"BR-116/PR";"Sul";"Colisão Traseira";2;0;0;0;0;0;0;0;0;1;3;0;0;0;0
"01/04/2016";"06:12:00";"89";"sem vítima";"288.8";"BR-116/SC";"Sul";"Objeto lançado contra veículo";1;0;1;0;0;0;0;0;0;0;3;0;0;0;0
"01/04/2016";"07:32:00";"103";"sem vítima";"275.2";"BR-116/SC";"Norte";"Atropelamento - Animal";1;0;0;0;0;0;0;0;0;0;1;0;0;0;0
"01/04/2016";"11:20:00";"116";"com vítima";"117.6";"BR-116/PR";"Norte";"Colisão Lateral";1;0;0;1;0;0;0;0;0;0;1;1;0;0;0
"02/04/2016";"03:44:00";"137";"sem vítima";"162.1";"BR-116/SC";"Sul";"Atropelamento - Animal";1;0;0;0;0;0;0;0;0;0;3;0;0;0;0
"02/04/2016";"03:56:00";"140";"sem vítima";"125.5";"BR-116/PR";"Sul";"Saida de Pista";1;0;0;0;0;0;0;0;0;0;1;0;0;0;0
"02/04/2016";"04:54:00";"141";"com vítima";"117.3";"BR-116/PR";"Sul";"Atropelamento - Outros";0;0;0;0;0;1;0;0;0;0;1;1;0;0;0
"02/04/2016";"04:24:00";"189";"com vítima";"141.8";"BR-116/PR";"Sul";"Colisão Transversal";0;0;0;2;0;0;0;0;0;0;0;3;0;0;0
"02/04/2016";"06:55:00";"204";"sem vítima";"36";"BR-116/SC";"Sul";"Colisão Lateral";1;0;1;0;0;0;0;0;0;0;3;0;0;0;0
"03/04/2016";"04:46:00";"246";"com vítima";"174.7";"BR-116/SC";"Norte";"Colisão Frontal";1;0;1;0;0;0;0;0;0;0;1;2;0;0;0
"03/04/2016";"09:38:00";"259";"sem vítima";"122.75";"BR-116/PR";"Norte";"Tombamento";1;0;0;0;0;1;0;0;0;0;2;0;0;0;0
"03/04/2016";"06:31:00";"300";"sem vítima";"33.7";"BR-116/SC";"Norte";"Choque - Defensa, barreira ou "submarino"";0;0;1;0;0;0;0;0;0;0;3;0;0;0;0
"03/04/2016";"06:45:00";"302";"sem vítima";"178";"BR-116/PR";"Norte";"Saida de Pista";1;0;0;0;0;0;0;0;0;0;1;0;0;0;0
"04/04/2016";"04:36:00";"328";"sem vítima";"117";"BR-116/PR";"Norte";"Tombamento";0;0;1;0;0;0;0;0;0;0;1;0;0;0;0
"04/04/2016";"06:18:00";"330";"com vítima";"161.8";"BR-116/PR";"Sul";"Colisão Frontal";2;0;0;0;0;0;0;0;0;0;0;1;0;2;1
"04/04/2016";"06:50:00";"331";"com vítima";"121.3";"BR-116/PR";"Norte";"Queda de Moto";0;0;1;1;0;1;0;0;0;0;3;1;0;0;0
"04/04/2016";"02:54:00";"363";"sem vítima";"173.1";"BR-116/SC";"Sul";"Saida de Pista";0;0;1;0;0;0;0;0;0;0;1;0;0;0;0
"04/04/2016";"06:08:00";"390";"sem vítima";"210";"BR-116/SC";"Sul";"Saida de Pista";0;0;0;0;0;0;0;0;0;1;2;0;0;0;0
"05/04/2016";"11:29:00";"454";"com vítima";"152.1";"BR-116/PR";"Sul";"Colisão Transversal";2;0;0;0;0;0;0;0;0;0;1;1;0;0;0
"05/04/2016";"12:18:00";"460";"com vítima";"128.1";"BR-116/SC";"Norte";"Saida de Pista";1;0;0;0;0;0;0;0;0;0;0;1;0;0;0
"05/04/2016";"01:19:00";"469";"com vítima";"126";"BR-116/PR";"Sul";"Colisão Traseira";2;0;0;0;0;0;0;0;0;0;1;1;0;0;0
"05/04/2016";"04:02:00";"489";"com vítima";"49";"BR-116/SC";"Sul";"Colisão Traseira";1;0;1;0;0;0;0;0;0;0;4;1;0;0;0
"05/04/2016";"04:32:00";"494";"sem vítima";"197";"BR-116/PR";"Sul";"Colisão Lateral";0;0;1;0;0;1;0;0;0;0;2;0;0;0;0
"05/04/2016";"07:10:00";"505";"sem vítima";"138.2";"BR-116/SC";"Sul";"Colisão Lateral";1;0;1;0;0;0;0;0;0;0;3;0;0;0;0
"06/04/2016";"04:52:00";"539";"sem vítima";"74.4";"BR-116/SC";"Sul";"Saida de Pista";0;0;1;0;0;0;0;0;0;0;1;0;0;0;0
"06/04/2016";"02:16:00";"585";"sem vítima";"141";"BR-116/PR";"Sul";"Colisão Traseira";0;0;2;0;0;0;0;0;0;0;3;0;0;0;0
"06/04/2016";"09:27:00";"637";"sem vítima";"135.2";"BR-116/SC";"Sul";"Choque - Outros";1;0;0;0;0;0;0;0;0;0;1;0;0;0;0
"06/04/2016";"11:03:00";"640";"sem vítima";"131.6";"BR-116/SC";"Norte";"Atropelamento - Animal";1;0;0;0;0;0;0;0;0;0;1;0;0;0;0
"07/04/2016";"06:50:00";"672";"sem vítima";"122";"BR-116/PR";"Norte";"Colisão Traseira";3;0;0;0;0;0;0;0;0;0;3;0;0;0;0
"07/04/2016";"07:38:00";"677";"com vítima";"82.8";"BR-116/SC";"Norte";"Colisão Transversal";1;0;0;0;0;0;0;0;0;1;0;2;0;0;0
"07/04/2016";"07:49:00";"678";"com vítima";"116";"BR-116/PR";"Norte";"Colisão Lateral";0;0;0;2;0;1;0;0;0;0;2;1;0;0;0
"07/04/2016";"12:06:00";"703";"sem vítima";"7";"BR-116/SC";"Sul";"Colisão Transversal";1;0;1;0;0;0;0;0;0;0;2;0;0;0;0
"07/04/2016";"06:40:00";"754";"com vítima";"241.45";"BR-116/SC";"Sul";"Saida de Pista";1;0;0;0;0;0;0;0;0;0;0;1;0;0;0
"08/04/2016";"12:02:00";"782";"sem vítima";"273.95";"BR-116/SC";"Sul";"Saida de Pista";1;0;0;0;0;0;0;0;0;0;1;0;0;0;0
"08/04/2016";"03:34:00";"792";"sem vítima";"144.5";"BR-116/PR";"Norte";"Saida de Pista";0;0;1;0;0;0;0;0;0;0;2;0;0;0;0
"08/04/2016";"05:52:00";"794";"sem vítima";"117";"BR-116/PR";"Sul";"Colisão Lateral";1;0;1;0;0;0;0;0;0;0;2;0;0;0;0
"08/04/2016";"07:11:00";"799";"com vítima";"120.2";"BR-116/PR";"Norte";"Colisão Traseira";0;0;0;2;0;0;0;0;0;0;1;1;0;0;0
"08/04/2016";"11:10:00";"823";"com vítima";"217.8";"BR-116/SC";"Norte";"Colisão Frontal";1;0;1;0;0;0;0;0;0;0;1;0;0;0;1
"08/04/2016";"08:41:00";"873";"sem vítima";"145";"BR-116/SC";"Norte";"Saida de Pista";0;0;0;0;0;0;0;0;0;1;2;0;0;0;0
"09/04/2016";"12:53:00";"888";"sem vítima";"130";"BR-116/SC";"Norte";"Colisão Traseira";1;0;1;0;0;0;0;0;0;0;2;0;0;0;0
"09/04/2016";"02:59:00";"940";"sem vítima";"205.3";"BR-116/SC";"Norte";"Choque - Suporte de Sinalização";1;0;0;0;0;0;0;0;0;0;4;0;0;0;0
"09/04/2016";"04:43:00";"951";"sem vítima";"236.2";"BR-116/SC";"Norte";"Colisão Transversal";2;0;0;0;0;0;0;0;0;0;3;0;0;0;0
"09/04/2016";"06:52:00";"963";"com vítima";"131";"BR-116/PR";"Sul";"Colisão Transversal";0;0;0;1;0;1;0;0;0;0;1;1;0;0;0
"09/04/2016";"07:00:00";"964";"sem vítima";"173";"BR-116/PR";"Norte";"Atropelamento - Animal";1;0;0;0;0;0;0;0;0;0;1;0;0;0;0
"09/04/2016";"07:14:00";"967";"sem vítima";"304.5";"BR-116/SC";"Norte";"Tombamento";0;0;2;0;0;0;0;0;0;0;2;0;0;0;0
"09/04/2016";"07:31:00";"968";"com vítima";"245";"BR-116/SC";"Sul";"Colisão Transversal";1;0;1;0;0;0;0;0;0;0;1;1;0;0;0
"09/04/2016";"08:42:00";"973";"sem vítima";"117";"BR-116/PR";"Norte";"Colisão Traseira";2;0;0;0;0;0;0;0;0;0;2;0;0;0;0
"09/04/2016";"11:37:00";"984";"sem vítima";"211.5";"BR-116/SC";"Sul";"Choque - Defensa, barreira ou "submarino"";1;0;0;0;0;0;0;0;0;0;3;0;0;0;0
"10/04/2016";"03:22:00";"1000";"sem vítima";"224.5";"BR-116/SC";"Norte";"Outros";1;0;0;0;0;0;0;0;0;0;1;0;0;0;0
"10/04/2016";"07:07:00";"1059";"sem vítima";"71";"BR-116/SC";"Norte";"Colisão Frontal";1;0;1;0;0;0;0;0;0;0;3;0;0;0;0
"10/04/2016";"07:21:00";"1062";"sem vítima";"172.7";"BR-116/SC";"Norte";"Choque - Objeto sobre a pista";1;0;0;0;0;0;0;0;0;0;1;0;0;0;0
"11/04/2016";"04:56:00";"1090";"sem vítima";"59.9";"BR-116/SC";"Norte";"Colisão Transversal";0;0;0;0;1;0;0;0;0;1;3;0;0;0;0
"11/04/2016";"09:04:00";"1104";"sem vítima";"74.5";"BR-116/SC";"Norte";"Colisão Lateral";1;0;1;0;0;0;0;0;0;0;3;0;0;0;0