data;horario;n_da_ocorrencia;tipo_de_ocorrencia;km;trecho;sentido;tipo_de_acidente;automovel;bicicleta;caminhao;moto;onibus;outros;tracao_animal;transporte_de_cargas_especiais;trator_maquinas;utilitarios;ilesos;levemente_feridos;moderadamente_feridos;gravemente_feridos;mortos
"13/05/2016";"05:30:00";"1145";"sem vítima";"107";"BR-116/SC";"Norte";"Saida de Pista";1;0;0;0;0;0;0;0;0;0;2;0;0;0;0
"13/05/2016";"06:50:00";"1146";"sem vítima";"115.1";"BR-116/PR";"Norte";"Colisão Traseira";3;0;0;0;0;0;0;0;0;0;3;0;0;0;0
"13/05/2016";"07:04:00";"1147";"sem vítima";"1.2";"BR-116/SC";"Sul";"Colisão Transversal";1;0;0;0;0;1;0;0;0;0;2;0;0;0;0
"13/05/2016";"07:06:00";"1148";"com vítima";"133";"BR-116/PR";"Sul";"Colisão Transversal";2;0;0;0;0;0;0;0;0;0;1;1;0;0;0
"13/05/2016";"07:14:00";"1149";"com vítima";"120";"BR-116/PR";"Norte";"Colisão Traseira";1;0;0;1;0;0;0;0;0;0;1;0;0;1;0
"13/05/2016";"08:16:00";"1153";"sem vítima";"120.4";"BR-116/PR";"Norte";"Engavetamento";4;0;0;0;0;2;0;0;0;0;6;0;0;0;0
"13/05/2016";"08:57:00";"1155";"sem vítima";"119.6";"BR-116/PR";"Sul";"Saida de Pista";1;0;0;0;0;0;0;0;0;0;1;0;0;0;0
"14/05/2016";"08:46:00";"1231";"sem vítima";"126";"BR-116/PR";"Norte";"Colisão Traseira";3;0;0;0;0;0;0;0;0;0;3;0;0;0;0
"14/05/2016";"11:13:00";"1242";"sem vítima";"131";"BR-116/PR";"Norte";"Objeto lançado contra veículo";1;0;0;0;0;0;0;0;0;0;1;0;0;0;0
"14/05/2016";"11:52:00";"1244";"sem vítima";"305";"BR-116/SC";"Sul";"Colisão Traseira";1;0;1;0;0;0;0;0;0;0;2;0;0;0;0
"14/05/2016";"10:34:00";"1296";"com vítima";"144.3";"BR-116/PR";"Sul";"Saida de Pista";1;0;0;0;0;0;0;0;0;0;0;1;0;0;0
"15/05/2016";"06:15:00";"1349";"sem vítima";"163";"BR-116/PR";"Norte";"Atropelamento - Animal";1;0;0;0;0;0;0;0;0;0;1;0;0;0;0
"15/05/2016";"07:23:00";"1356";"sem vítima";"47.95";"BR-116/SC";"Norte";"Choque - Poste";0;0;0;0;0;1;0;0;0;0;1;0;0;0;0
"15/05/2016";"08:24:00";"1360";"com vítima";"168.5";"BR-116/SC";"Sul";"Colisão Traseira";2;0;0;0;0;0;0;0;0;0;3;3;0;0;0
"15/05/2016";"08:53:00";"1368";"com vítima";"168.9";"BR-116/SC";"Norte";"Choque - Arvore";0;0;0;0;0;0;0;0;0;1;1;1;0;0;0
"15/05/2016";"09:10:00";"1371";"sem vítima";"168.55";"BR-116/SC";"Sul";"Objeto lançado contra veículo";0;0;1;0;0;0;0;0;0;0;1;0;0;0;0
"15/05/2016";"09:17:00";"1372";"sem vítima";"148";"BR-116/PR";"Sul";"Choque - Suporte de Sinalização";1;0;0;0;0;0;0;0;0;0;1;0;0;0;0
"16/05/2016";"01:01:00";"1385";"sem vítima";"163";"BR-116/PR";"Norte";"Saida de Pista";1;0;0;0;0;0;0;0;0;0;1;0;0;0;0
"17/05/2016";"12:58:00";"1476";"sem vítima";"263.3";"BR-116/SC";"Sul";"Saida de Pista";1;0;0;0;0;0;0;0;0;0;1;0;0;0;0
"17/05/2016";"09:57:00";"1512";"sem vítima";"256.7";"BR-116/SC";"Sul";"Colisão Traseira";1;0;1;0;0;0;0;0;0;0;3;0;0;0;0
"17/05/2016";"06:17:00";"1563";"sem vítima";"131";"BR-116/SC";"Norte";"Colisão Frontal";1;0;0;0;0;0;0;0;0;1;2;0;0;0;0
"17/05/2016";"06:20:00";"1567";"sem vítima";"207";"BR-116/PR";"Sul";"Atropelamento - Animal";1;0;0;0;0;0;0;0;0;0;1;0;0;0;0
"18/05/2016";"08:45:00";"1612";"sem vítima";"135.4";"BR-116/PR";"Sul";"Objeto lançado contra veículo";1;0;0;0;0;0;0;0;0;0;3;0;0;0;0
"18/05/2016";"12:32:00";"1649";"com vítima";"217.3";"BR-116/SC";"Sul";"Colisão Frontal";2;0;0;0;0;0;0;0;0;0;0;2;0;0;0
"18/05/2016";"04:48:00";"1685";"sem vítima";"104.5";"BR-116/SC";"Norte";"Colisão Lateral";0;0;1;0;0;1;0;0;0;0;2;0;0;0;0
"18/05/2016";"08:06:00";"1701";"sem vítima";"225";"BR-116/SC";"Sul";"Colisão Lateral";0;0;1;0;0;0;0;0;1;0;2;0;0;0;0
"19/05/2016";"08:20:00";"1738";"sem vítima";"193.2";"BR-116/SC";"Sul";"Saida de Pista";1;0;0;0;0;0;0;0;0;0;1;0;0;0;0
"19/05/2016";"04:45:00";"1797";"sem vítima";"143.1";"BR-116/SC";"Norte";"Queda de Moto";0;0;0;1;0;0;0;0;0;0;1;0;0;0;0
"19/05/2016";"09:17:00";"1813";"sem vítima";"126";"BR-116/PR";"Sul";"Colisão Traseira";1;0;1;0;0;0;0;0;0;0;2;0;0;0;0
"20/05/2016";"02:03:00";"1879";"com vítima";"202";"BR-116/PR";"Norte";"Saida de Pista";0;0;0;0;0;0;0;0;0;1;0;1;0;0;0
"20/05/2016";"02:27:00";"1883";"com vítima";"147";"BR-116/PR";"Sul";"Colisão Lateral";1;0;0;0;0;0;0;0;0;1;3;3;0;0;0
"20/05/2016";"05:06:00";"1895";"sem vítima";"298.24";"BR-116/SC";"Sul";"Saida de Pista";0;0;0;0;0;0;0;0;0;1;3;0;0;0;0
"20/05/2016";"05:07:00";"1896";"com vítima";"23";"BR-116/SC";"Norte";"Colisão Transversal";1;0;1;0;0;0;0;0;0;0;1;2;0;0;0
"20/05/2016";"07:17:00";"1909";"sem vítima";"23.5";"BR-116/SC";"Sul";"Saida de Pista";1;0;0;0;0;0;0;0;0;0;3;0;0;0;0
"20/05/2016";"07:58:00";"1914";"sem vítima";"125";"BR-116/PR";"Norte";"Colisão Lateral";2;0;1;0;0;0;0;0;0;0;3;0;0;0;0
"21/05/2016";"12:30:00";"1928";"sem vítima";"135";"BR-116/PR";"Norte";"Choque - Defensa, barreira ou "submarino"";1;0;1;0;0;0;0;0;0;0;2;0;0;0;0
"21/05/2016";"05:18:00";"1936";"sem vítima";"245.3";"BR-116/SC";"Sul";"Colisão Traseira";1;0;0;0;0;2;0;0;0;0;3;0;0;0;0
"21/05/2016";"05:38:00";"1937";"sem vítima";"245.3";"BR-116/SC";"Sul";"Choque - Veiculo parado na pista";1;0;1;0;0;1;0;0;0;0;3;0;0;0;0
"21/05/2016";"05:55:00";"1939";"sem vítima";"243.5";"BR-116/SC";"Sul";"Choque - Objeto sobre a pista";1;0;0;0;0;0;0;0;0;0;1;0;0;0;0
"21/05/2016";"09:27:00";"1949";"com vítima";"129";"BR-116/PR";"Norte";"Queda de Moto";0;0;0;1;0;0;0;0;0;0;0;1;0;0;0
"21/05/2016";"02:37:00";"1969";"sem vítima";"241.4";"BR-116/SC";"Sul";"Saida de Pista";1;0;0;0;0;0;0;0;0;0;1;0;0;0;0
"21/05/2016";"03:55:00";"1978";"com vítima";"129.8";"BR-116/PR";"Norte";"Saida de Pista";1;0;0;0;0;0;0;0;0;0;0;1;0;0;0
"21/05/2016";"08:38:00";"2002";"com vítima";"117";"BR-116/PR";"Norte";"Queda de Moto";0;0;0;1;0;0;0;0;0;0;0;1;0;0;0
"21/05/2016";"09:31:00";"2003";"sem vítima";"118";"BR-116/PR";"Sul";"Saida de Pista";1;0;0;0;0;0;0;0;0;0;1;0;0;0;0
"22/05/2016";"01:49:00";"2014";"sem vítima";"224";"BR-116/SC";"Sul";"Saida de Pista";1;0;0;0;0;0;0;0;0;0;1;0;0;0;0
"22/05/2016";"05:31:00";"2018";"sem vítima";"118";"BR-116/PR";"Norte";"Saida de Pista";1;0;0;0;0;0;0;0;0;0;1;0;0;0;0
"22/05/2016";"11:03:00";"2032";"com vítima";"116.1";"BR-116/PR";"Sul";"Saida de Pista";2;0;0;0;0;0;0;0;0;0;1;1;0;0;0
"22/05/2016";"12:06:00";"2036";"sem vítima";"308.75";"BR-116/SC";"Sul";"Tombamento";0;0;1;0;0;0;0;0;0;0;1;0;0;0;0
"22/05/2016";"12:29:00";"2037";"sem vítima";"118.9";"BR-116/PR";"Norte";"Saida de Pista";1;0;0;0;0;0;0;0;0;0;1;0;0;0;0
"22/05/2016";"07:06:00";"2074";"sem vítima";"209";"BR-116/SC";"Norte";"Atropelamento - Animal";1;0;0;0;0;0;0;0;0;0;1;0;0;0;0
"22/05/2016";"11:20:00";"2086";"sem vítima";"119";"BR-116/PR";"Sul";"Saida de Pista";1;0;0;0;0;0;0;0;0;0;1;0;0;0;0
"23/05/2016";"11:44:00";"2120";"sem vítima";"151.7";"BR-116/PR";"Sul";"Colisão Traseira";0;0;1;0;0;0;0;0;0;2;3;0;0;0;0
"23/05/2016";"03:53:00";"2149";"com vítima";"151.6";"BR-116/PR";"Sul";"Colisão Transversal";2;0;0;0;0;0;0;0;0;0;1;0;0;2;0
"23/05/2016";"06:19:00";"2164";"sem vítima";"115";"BR-116/PR";"Sul";"Colisão Lateral";1;0;0;1;0;0;0;0;0;0;2;0;0;0;0
"23/05/2016";"08:21:00";"2176";"sem vítima";"134.8";"BR-116/SC";"Norte";"Choque - Objeto sobre a pista";0;0;0;0;0;0;0;0;0;1;1;0;0;0;0
"23/05/2016";"08:55:00";"2177";"sem vítima";"134.9";"BR-116/SC";"Norte";"Colisão Traseira";1;0;2;0;0;0;0;0;0;0;3;0;0;0;0
"24/05/2016";"05:27:00";"2197";"com vítima";"1";"BR-116/SC";"Norte";"Queda de Moto";0;0;0;1;0;0;0;0;0;0;0;1;0;0;0
"24/05/2016";"07:46:00";"2205";"com vítima";"115.8";"BR-116/PR";"Norte";"Colisão Lateral";1;0;0;1;0;0;0;0;0;0;1;1;0;0;0
"24/05/2016";"12:00:00";"2230";"com vítima";"141.9";"BR-116/SC";"Sul";"Colisão Traseira";1;0;0;1;0;0;0;0;0;0;1;1;0;0;0
"24/05/2016";"06:58:00";"2284";"sem vítima";"139.3";"BR-116/PR";"Norte";"Colisão Frontal";2;0;0;0;0;0;0;0;0;0;2;0;0;0;0
"25/05/2016";"08:32:00";"2320";"sem vítima";"116.7";"BR-116/PR";"Norte";"Colisão Lateral";3;0;0;0;0;0;0;0;0;0;5;0;0;0;0
"25/05/2016";"08:35:00";"2345";"sem vítima";"116.7";"BR-116/PR";"Norte";"Colisão Traseira";2;0;0;0;0;0;0;0;0;0;2;0;0;0;0
"25/05/2016";"07:47:00";"2382";"sem vítima";"119.1";"BR-116/PR";"Sul";"Colisão Lateral";1;0;0;0;0;1;0;0;0;0;2;0;0;0;0
"26/05/2016";"05:19:00";"2413";"sem vítima";"168";"BR-116/PR";"Norte";"Tombamento";0;0;1;0;0;0;0;0;0;0;1;0;0;0;0
"26/05/2016";"06:27:00";"2414";"sem vítima";"209.2";"BR-116/PR";"Sul";"Choque - Defensa, barreira ou "submarino"";1;0;0;0;0;0;0;0;0;0;2;0;0;0;0
"26/05/2016";"09:13:00";"2426";"sem vítima";"141";"BR-116/SC";"Sul";"Objeto lançado contra veículo";0;0;0;0;0;0;0;0;0;1;1;0;0;0;0
"26/05/2016";"11:16:00";"2434";"sem vítima";"200";"BR-116/PR";"Sul";"Choque - Objeto sobre a pista";1;0;0;0;0;0;0;0;0;0;2;0;0;0;0
"26/05/2016";"11:42:00";"2438";"sem vítima";"200";"BR-116/PR";"Sul";"Choque - Objeto sobre a pista";1;0;0;0;0;0;0;0;0;0;1;0;0;0;0
"26/05/2016";"05:47:00";"2470";"sem vítima";"123.5";"BR-116/PR";"Norte";"Engavetamento";4;0;0;0;0;0;0;0;0;0;4;0;0;0;0
"26/05/2016";"06:46:00";"2475";"sem vítima";"126.1";"BR-116/PR";"Norte";"Colisão Traseira";2;0;0;0;0;0;0;0;0;0;2;0;0;0;0
"26/05/2016";"06:53:00";"2476";"com vítima";"120.5";"BR-116/PR";"Norte";"Colisão Traseira";1;0;1;0;0;0;0;0;0;1;3;1;0;0;0
"27/05/2016";"04:41:00";"2503";"sem vítima";"117.5";"BR-116/PR";"Sul";"Colisão Traseira";1;0;1;0;0;0;0;0;0;0;2;0;0;0;0
"27/05/2016";"09:20:00";"2511";"com vítima";"43.6";"BR-116/SC";"Sul";"Saida de Pista";1;0;0;0;0;0;0;0;0;0;0;1;0;0;0
"27/05/2016";"10:04:00";"2514";"sem vítima";"174.2";"BR-116/SC";"Norte";"Saida de Pista";1;0;0;0;0;0;0;0;0;0;1;0;0;0;0
"27/05/2016";"11:49:00";"2519";"sem vítima";"204";"BR-116/PR";"Norte";"Colisão Traseira";1;0;0;0;0;0;0;0;0;1;2;0;0;0;0
"27/05/2016";"06:55:00";"2555";"sem vítima";"12.1";"BR-116/SC";"Sul";"Colisão Lateral";1;0;0;0;0;1;0;0;0;0;5;0;0;0;0
"28/05/2016";"10:28:00";"2596";"sem vítima";"304.6";"BR-116/SC";"Sul";"Saida de Pista";0;0;1;0;0;0;0;0;0;0;1;0;0;0;0
"29/05/2016";"05:30:00";"2659";"sem vítima";"175";"BR-116/SC";"Norte";"Saida de Pista";1;0;0;0;0;0;0;0;0;0;1;0;0;0;0
"29/05/2016";"05:55:00";"2660";"com vítima";"296.545";"BR-116/SC";"Sul";"Saida de Pista";1;0;0;0;0;0;0;0;0;0;0;0;0;0;1
"29/05/2016";"08:41:00";"2666";"com vítima";"180.9";"BR-116/SC";"Norte";"Saida de Pista";1;0;0;0;0;0;0;0;0;0;0;2;0;0;0
"29/05/2016";"09:49:00";"2667";"sem vítima";"4";"BR-116/SC";"Sul";"Colisão Traseira";2;0;0;0;0;0;0;0;0;0;2;0;0;0;0
"29/05/2016";"12:07:00";"2676";"sem vítima";"61.7";"BR-116/SC";"Norte";"Saida de Pista";1;0;0;0;0;0;0;0;0;0;1;0;0;0;0
"29/05/2016";"04:34:00";"2689";"com vítima";"119";"BR-116/PR";"Sul";"Saida de Pista";2;0;0;0;0;0;0;0;0;0;5;1;0;0;0
"29/05/2016";"04:57:00";"2691";"sem vítima";"119";"BR-116/PR";"Norte";"Queda de Moto";0;0;0;1;0;0;0;0;0;0;2;0;0;0;0
"29/05/2016";"05:15:00";"2695";"sem vítima";"118.9";"BR-116/PR";"Sul";"Colisão Lateral";2;0;0;0;0;0;0;0;0;0;2;0;0;0;0
"29/05/2016";"06:09:00";"2702";"sem vítima";"171.4";"BR-116/SC";"Norte";"Saida de Pista";1;0;0;0;0;0;0;0;0;0;2;0;0;0;0
"29/05/2016";"06:37:00";"2704";"sem vítima";"7.05";"BR-116/SC";"Sul";"Colisão Transversal";2;0;0;0;0;0;0;0;0;0;2;0;0;0;0
"30/05/2016";"03:21:00";"2741";"sem vítima";"97.5";"BR-116/SC";"Sul";"Saida de Pista";1;0;0;0;0;0;0;0;0;0;1;0;0;0;0
"30/05/2016";"08:07:00";"2747";"sem vítima";"275.32";"BR-116/SC";"Norte";"Colisão Traseira";1;0;1;0;0;0;0;0;0;0;2;0;0;0;0
"30/05/2016";"09:18:00";"2753";"sem vítima";"245";"BR-116/SC";"Sul";"Colisão Traseira";1;0;0;0;0;0;0;0;0;1;2;0;0;0;0
"30/05/2016";"02:48:00";"2776";"com vítima";"117";"BR-116/PR";"Sul";"Colisão Traseira";1;0;0;0;0;0;0;0;0;1;3;1;0;0;0
"30/05/2016";"08:58:00";"2811";"sem vítima";"134";"BR-116/PR";"Norte";"Colisão Lateral";0;0;2;0;0;0;0;0;0;0;2;0;0;0;0
"30/05/2016";"10:11:00";"2816";"sem vítima";"152";"BR-116/SC";"Sul";"Choque - Defensa, barreira ou "submarino"";1;0;0;0;0;1;0;0;0;0;2;0;0;0;0
"31/05/2016";"11:44:00";"2848";"sem vítima";"147";"BR-116/PR";"Norte";"Colisão Traseira";3;0;0;0;0;0;0;0;0;0;3;0;0;0;0
"31/05/2016";"01:29:00";"2855";"sem vítima";"188.7";"BR-116/SC";"Norte";"Saida de Pista";0;0;1;0;0;0;0;0;0;0;1;0;0;0;0
"01/06/2016";"08:12:00";"16";"sem vítima";"248";"BR-116/SC";"Sul";"Colisão Transversal";2;0;0;0;0;0;0;0;0;0;2;0;0;0;0
"01/06/2016";"09:31:00";"26";"sem vítima";"143";"BR-116/PR";"Norte";"Colisão Traseira";2;0;0;0;0;0;0;0;0;0;2;0;0;0;0
"01/06/2016";"05:49:00";"71";"sem vítima";"95";"BR-116/SC";"Sul";"Colisão Lateral";1;0;2;0;0;0;0;0;0;0;3;0;0;0;0
"01/06/2016";"06:32:00";"77";"com vítima";"147.7";"BR-116/PR";"Norte";"Colisão Traseira";0;0;0;1;0;1;0;0;0;0;1;1;0;0;0
"01/06/2016";"06:44:00";"79";"sem vítima";"308";"BR-116/SC";"Sul";"Saida de Pista";0;0;1;0;1;0;0;0;0;0;12;0;0;0;0
"02/06/2016";"12:08:00";"143";"com vítima";"32.2";"BR-116/SC";"Sul";"Engavetamento";2;0;0;0;0;0;0;0;0;1;3;2;0;0;0
"02/06/2016";"01:42:00";"149";"com vítima";"141";"BR-116/PR";"Sul";"Saida de Pista";1;0;0;0;0;0;0;0;0;0;1;1;0;0;0
"02/06/2016";"02:38:00";"152";"sem vítima";"246.15";"BR-116/SC";"Norte";"Colisão Lateral";1;0;1;0;0;0;0;0;0;0;2;0;0;0;0
"03/06/2016";"07:48:00";"220";"sem vítima";"161.7";"BR-116/SC";"Sul";"Colisão Traseira";0;0;2;0;0;0;0;0;0;0;2;0;0;0;0
"03/06/2016";"12:29:00";"257";"com vítima";"12.3";"BR-116/SC";"Norte";"Colisão Transversal";1;0;0;1;0;0;0;0;0;0;1;1;0;0;0
"03/06/2016";"01:35:00";"261";"sem vítima";"120";"BR-116/PR";"Norte";"Colisão Lateral";1;0;0;0;0;1;0;0;0;0;3;0;0;0;0
"03/06/2016";"05:11:00";"284";"sem vítima";"209";"BR-116/PR";"Sul";"Colisão Traseira";1;0;0;0;0;1;0;0;0;0;2;0;0;0;0
"03/06/2016";"07:10:00";"300";"com vítima";"155";"BR-116/PR";"Sul";"Colisão Transversal";0;0;0;0;1;0;0;0;0;1;2;3;0;0;0
"03/06/2016";"08:51:00";"306";"sem vítima";"68.5";"BR-116/SC";"Sul";"Colisão Lateral";1;0;0;0;0;1;0;0;0;0;2;0;0;0;0
"04/06/2016";"05:45:00";"325";"sem vítima";"124.95";"BR-116/PR";"Norte";"Saida de Pista";1;0;0;0;0;0;0;0;0;0;1;0;0;0;0
"04/06/2016";"08:29:00";"327";"sem vítima";"33";"BR-116/SC";"Sul";"Choque - Objeto sobre a pista";0;0;1;0;0;0;0;0;0;0;1;0;0;0;0
"04/06/2016";"10:29:00";"341";"sem vítima";"117.5";"BR-116/PR";"Norte";"Colisão Traseira";2;0;0;0;0;0;0;0;0;0;2;0;0;0;0
"04/06/2016";"04:00:00";"372";"sem vítima";"152";"BR-116/PR";"Sul";"Colisão Transversal";2;0;0;0;0;0;0;0;0;0;2;0;0;0;0
"04/06/2016";"05:20:00";"387";"sem vítima";"83.1";"BR-116/SC";"Norte";"Saida de Pista";1;0;0;0;0;0;0;0;0;0;1;0;0;0;0
"04/06/2016";"05:52:00";"391";"com vítima";"70";"BR-116/SC";"Norte";"Saida de Pista";1;0;0;0;0;0;0;0;0;0;0;1;0;0;0
"04/06/2016";"06:37:00";"394";"com vítima";"121.8";"BR-116/PR";"Sul";"Colisão Traseira";2;0;0;0;0;0;0;0;0;0;1;1;0;0;0
"04/06/2016";"09:58:00";"408";"sem vítima";"117";"BR-116/PR";"Norte";"Engavetamento";3;0;0;0;0;0;0;0;0;0;3;0;0;0;0
"04/06/2016";"10:01:00";"409";"sem vítima";"155.4";"BR-116/PR";"Sul";"Saida de Pista";1;0;0;0;0;0;0;0;0;0;1;0;0;0;0
"05/06/2016";"02:01:00";"416";"sem vítima";"126.2";"BR-116/PR";"Sul";"Colisão Traseira";2;0;0;0;0;0;0;0;0;0;2;0;0;0;0
"05/06/2016";"06:24:00";"471";"com vítima";"28.9";"BR-116/SC";"Norte";"Colisão Lateral";1;0;1;0;0;0;0;0;0;0;1;0;0;1;0
"05/06/2016";"06:39:00";"474";"com vítima";"60";"BR-116/SC";"Sul";"Colisão Transversal";1;0;1;0;0;0;0;0;0;0;1;3;0;0;0
"05/06/2016";"07:33:00";"480";"sem vítima";"204";"BR-116/PR";"Norte";"Colisão Traseira";1;0;0;0;0;0;0;0;0;1;2;0;0;0;0
"05/06/2016";"08:17:00";"485";"sem vítima";"152";"BR-116/SC";"Sul";"Choque - Suporte de Sinalização";0;0;0;0;0;1;0;0;0;0;1;0;0;0;0
"05/06/2016";"10:10:00";"488";"com vítima";"228.3";"BR-116/SC";"Norte";"Choque - Veiculo parado no acostamento";1;0;0;0;0;1;0;0;0;0;2;1;0;0;0
"05/06/2016";"11:07:00";"491";"com vítima";"59";"BR-116/SC";"Norte";"Colisão Traseira";1;0;0;1;0;0;0;0;0;0;2;1;0;1;0
"06/06/2016";"12:42:00";"494";"sem vítima";"125.8";"BR-116/PR";"Sul";"Choque - Poste";1;0;0;0;0;0;0;0;0;0;1;0;0;0;0
"06/06/2016";"06:07:00";"505";"sem vítima";"127";"BR-116/PR";"Norte";"Colisão Traseira";2;0;0;0;0;0;0;0;0;0;2;0;0;0;0
"06/06/2016";"11:14:00";"531";"sem vítima";"135";"BR-116/SC";"Sul";"Colisão Traseira";1;0;1;0;0;0;0;0;0;0;2;0;0;0;0
"06/06/2016";"02:45:00";"549";"sem vítima";"211.7";"BR-116/SC";"Norte";"Saida de Pista";1;0;0;0;0;0;0;0;0;0;1;0;0;0;0
"06/06/2016";"08:24:00";"574";"sem vítima";"122";"BR-116/PR";"Norte";"Colisão Traseira";1;0;0;0;0;1;0;0;0;0;2;0;0;0;0
"07/06/2016";"04:57:00";"586";"sem vítima";"179.1";"BR-116/PR";"Norte";"Tombamento";0;0;1;0;0;0;0;0;0;0;1;0;0;0;0
"07/06/2016";"08:00:00";"591";"com vítima";"145.6";"BR-116/SC";"Sul";"Tombamento";0;0;1;0;0;0;0;0;0;0;0;1;0;0;0
"07/06/2016";"11:55:00";"602";"sem vítima";"49.3";"BR-116/SC";"Sul";"Colisão Traseira";0;0;2;0;0;0;0;0;0;0;2;0;0;0;0
"07/06/2016";"12:47:00";"605";"sem vítima";"135";"BR-116/SC";"Norte";"Colisão Traseira";0;0;2;0;0;0;0;0;0;0;2;0;0;0;0
"07/06/2016";"06:01:00";"639";"sem vítima";"117";"BR-116/PR";"Sul";"Engavetamento";1;0;0;0;0;2;0;0;0;0;3;0;0;0;0
"07/06/2016";"07:14:00";"642";"sem vítima";"115";"BR-116/PR";"Sul";"Colisão Traseira";2;0;0;0;0;1;0;0;0;0;6;0;0;0;0
"07/06/2016";"09:30:00";"651";"sem vítima";"131";"BR-116/PR";"Norte";"Saida de Pista";1;0;0;0;0;0;0;0;0;0;1;0;0;0;0
"08/06/2016";"02:12:00";"659";"sem vítima";"98.1";"BR-116/SC";"Sul";"Saida de Pista";0;0;1;0;0;0;0;0;0;0;1;0;0;0;0
"08/06/2016";"10:00:00";"679";"sem vítima";"12";"BR-116/SC";"Norte";"Colisão Transversal";1;0;1;0;0;0;0;0;0;0;2;0;0;0;0
"08/06/2016";"02:01:00";"696";"com vítima";"117.5";"BR-116/PR";"Norte";"Colisão Traseira";1;0;0;1;0;0;0;0;0;0;1;1;0;0;0
"08/06/2016";"03:17:00";"701";"sem vítima";"71.35";"BR-116/SC";"Norte";"Colisão Transversal";0;0;1;0;0;1;0;0;0;0;3;0;0;0;0
"08/06/2016";"07:24:00";"725";"com vítima";"168.4";"BR-116/SC";"Sul";"Saida de Pista";0;0;1;0;0;0;0;0;0;0;0;1;0;0;0
"09/06/2016";"12:27:00";"785";"sem vítima";"144.7";"BR-116/SC";"Norte";"Engavetamento";0;0;3;0;0;1;0;0;0;0;4;0;0;0;0
"09/06/2016";"02:38:00";"795";"sem vítima";"140.3";"BR-116/SC";"Norte";"Objeto lançado contra veículo";1;0;0;0;0;0;0;0;0;0;1;0;0;0;0
"09/06/2016";"03:49:00";"806";"sem vítima";"136";"BR-116/PR";"Norte";"Saida de Pista";1;0;0;0;0;0;0;0;0;0;1;0;0;0;0
"09/06/2016";"07:07:00";"824";"com vítima";"245.5";"BR-116/SC";"Norte";"Colisão Transversal";2;0;0;0;0;0;0;0;0;0;1;1;0;0;0
"10/06/2016";"02:57:00";"849";"sem vítima";"179.8";"BR-116/SC";"Sul";"Colisão Frontal";1;0;1;0;0;0;0;0;0;0;2;0;0;0;0
"10/06/2016";"07:47:00";"858";"com vítima";"163.7";"BR-116/PR";"Norte";"Colisão Traseira";1;0;0;1;0;0;0;0;0;0;1;1;0;0;0
"10/06/2016";"09:59:00";"871";"com vítima";"54.8";"BR-116/SC";"Sul";"Colisão Transversal";1;0;0;1;0;0;0;0;0;0;2;1;0;0;0
"10/06/2016";"11:47:00";"885";"com vítima";"176";"BR-116/PR";"Norte";"Colisão Transversal";1;0;1;0;0;0;0;0;0;0;2;1;0;0;0
"10/06/2016";"02:21:00";"898";"com vítima";"132";"BR-116/PR";"Norte";"Colisão Frontal";1;0;0;1;0;0;0;0;0;0;1;1;0;0;0
"10/06/2016";"04:46:00";"921";"com vítima";"116";"BR-116/PR";"Sul";"Colisão Traseira";2;0;0;1;0;0;0;0;0;0;2;1;0;0;0
"10/06/2016";"06:22:00";"928";"sem vítima";"210";"BR-116/SC";"Norte";"Engavetamento";3;0;0;0;0;0;0;0;0;0;3;0;0;0;0
"11/06/2016";"09:38:00";"980";"sem vítima";"65";"BR-116/SC";"Sul";"Objeto lançado contra veículo";1;0;0;0;0;0;0;0;0;0;1;0;0;0;0
"11/06/2016";"06:46:00";"1026";"sem vítima";"226.8";"BR-116/SC";"Sul";"Saida de Pista";1;0;0;0;0;0;0;0;0;0;1;0;0;0;0
"11/06/2016";"08:42:00";"1036";"com vítima";"125.8";"BR-116/PR";"Norte";"Colisão Traseira";1;0;0;0;0;1;0;0;0;0;2;1;0;0;0
"11/06/2016";"11:53:00";"1042";"com vítima";"56.4";"BR-116/SC";"Norte";"Saida de Pista";1;0;0;0;0;0;0;0;0;0;0;1;0;0;0
"12/06/2016";"05:36:00";"1058";"sem vítima";"234.6";"BR-116/SC";"Norte";"Saida de Pista";1;0;0;0;0;0;0;0;0;0;1;0;0;0;0
"12/06/2016";"06:22:00";"1112";"com vítima";"68.2";"BR-116/SC";"Sul";"Colisão Transversal";1;0;0;0;0;0;0;0;0;1;3;2;0;0;0
"12/06/2016";"07:30:00";"1119";"sem vítima";"115";"BR-116/PR";"Norte";"Colisão Traseira";0;0;0;0;0;0;0;0;0;1;1;0;0;0;0
"13/06/2016";"10:13:00";"1261";"com vítima";"11.4";"BR-116/SC";"Sul";"Atropelamento - Ambulante";1;0;0;0;0;0;0;0;0;0;1;1;0;0;0
"14/06/2016";"05:50:00";"1278";"sem vítima";"200";"BR-116/PR";"Sul";"Choque - Objeto sobre a pista";0;0;1;0;0;0;0;0;0;0;1;0;0;0;0
"14/06/2016";"09:41:00";"1296";"sem vítima";"134";"BR-116/PR";"Sul";"Choque - Objeto sobre a pista";0;0;1;0;0;0;0;0;0;0;1;0;0;0;0
"14/06/2016";"09:59:00";"1299";"sem vítima";"122";"BR-116/PR";"Sul";"Colisão Traseira";2;0;0;0;0;0;0;0;0;0;2;0;0;0;0