data;horario;n_da_ocorrencia;tipo_de_ocorrencia;km;trecho;sentido;tipo_de_acidente;automovel;bicicleta;caminhao;moto;onibus;outros;tracao_animal;transporte_de_cargas_especiais;trator_maquinas;utilitarios;ilesos;levemente_feridos;moderadamente_feridos;gravemente_feridos;mortos
"21/08/2016";"11:53:00";"2023";"sem vítima";"117";"BR-116/PR";"Norte";"Choque - Poste";1;0;0;0;0;0;0;0;0;0;1;0;0;0;0
"21/08/2016";"12:36:00";"2025";"com vítima";"116";"BR-116/PR";"Norte";"Choque - Poste";1;0;0;0;0;0;0;0;0;0;3;2;0;0;0
"21/08/2016";"12:41:00";"2027";"com vítima";"118.2";"BR-116/PR";"Norte";"Engavetamento";3;0;0;0;0;0;0;0;0;0;3;1;0;0;0
"21/08/2016";"01:12:00";"2030";"sem vítima";"118.3";"BR-116/PR";"Norte";"Colisão Traseira";2;0;0;0;0;0;0;0;0;0;8;0;0;0;0
"21/08/2016";"01:14:00";"2031";"sem vítima";"118";"BR-116/PR";"Norte";"Colisão Traseira";2;0;0;0;0;0;0;0;0;0;2;0;0;0;0
"21/08/2016";"01:27:00";"2032";"sem vítima";"119";"BR-116/PR";"Norte";"Colisão Lateral";1;0;0;0;0;1;0;0;0;0;2;0;0;0;0
"21/08/2016";"02:26:00";"2036";"sem vítima";"117.8";"BR-116/PR";"Sul";"Colisão Traseira";2;0;1;0;0;1;0;0;0;0;7;0;0;0;0
"21/08/2016";"09:03:00";"2061";"com vítima";"126";"BR-116/PR";"Norte";"Colisão Traseira";2;0;0;0;0;0;0;0;0;0;3;1;0;0;0
"21/08/2016";"09:53:00";"2067";"com vítima";"122.6";"BR-116/PR";"Norte";"Capotamento";1;0;0;0;0;0;0;0;0;0;0;1;0;0;0
"22/08/2016";"12:04:00";"2081";"sem vítima";"153.3";"BR-116/PR";"Norte";"Colisão Traseira";1;0;0;0;0;1;0;0;0;0;2;0;0;0;0
"22/08/2016";"06:12:00";"2095";"com vítima";"156";"BR-116/PR";"Norte";"Colisão Traseira";1;0;0;1;0;0;0;0;0;0;1;1;0;0;0
"22/08/2016";"08:07:00";"2102";"sem vítima";"121";"BR-116/PR";"Norte";"Colisão Traseira";1;0;0;1;0;0;0;0;0;0;2;0;0;0;0
"22/08/2016";"11:42:00";"2133";"com vítima";"226.5";"BR-116/SC";"Norte";"Colisão Traseira";1;0;0;0;0;0;0;0;0;1;5;1;0;0;0
"23/08/2016";"04:14:00";"2221";"sem vítima";"117.2";"BR-116/PR";"Sul";"Colisão Traseira";0;0;1;0;0;0;0;0;0;1;2;0;0;0;0
"23/08/2016";"12:22:00";"2276";"sem vítima";"117";"BR-116/PR";"Sul";"Colisão Traseira";1;0;0;0;0;1;0;0;0;0;2;0;0;0;0
"23/08/2016";"08:10:00";"2337";"sem vítima";"140";"BR-116/PR";"Sul";"Colisão Transversal";1;0;0;1;0;0;0;0;0;0;2;0;0;0;0
"24/08/2016";"04:05:00";"2445";"sem vítima";"47.5";"BR-116/SC";"Norte";"Colisão Traseira";1;0;0;0;0;1;0;0;0;0;2;0;0;0;0
"24/08/2016";"04:40:00";"2449";"sem vítima";"229.95";"BR-116/SC";"Sul";"Saida de Pista";0;0;1;0;0;0;0;0;0;0;1;0;0;0;0
"24/08/2016";"08:21:00";"2471";"sem vítima";"2.6";"BR-116/SC";"Sul";"Outros";0;0;1;0;0;0;0;0;0;0;1;0;0;0;0
"25/08/2016";"10:35:00";"2525";"sem vítima";"289.5";"BR-116/SC";"Sul";"Tombamento";0;0;1;0;0;0;0;0;0;0;1;0;0;0;0
"25/08/2016";"01:30:00";"2540";"sem vítima";"30.5";"BR-116/SC";"Sul";"Colisão Traseira";0;0;2;0;0;0;0;0;0;0;2;0;0;0;0
"25/08/2016";"03:44:00";"2560";"com vítima";"2.2";"BR-116/SC";"Sul";"Queda de Moto";0;0;0;1;0;0;0;0;0;0;0;1;0;0;0
"26/08/2016";"02:06:00";"2605";"sem vítima";"51";"BR-116/SC";"Norte";"Saida de Pista";1;0;0;0;0;0;0;0;0;0;1;0;0;0;0
"26/08/2016";"08:12:00";"2621";"com vítima";"166.8";"BR-116/PR";"Norte";"Colisão Transversal";1;0;1;0;0;0;0;0;0;0;1;1;0;0;0
"26/08/2016";"10:45:00";"2642";"com vítima";"119.1";"BR-116/PR";"Norte";"Colisão Traseira";2;0;0;0;0;0;0;0;0;0;2;1;0;0;0
"26/08/2016";"02:59:00";"2662";"sem vítima";"203.5";"BR-116/PR";"Norte";"Colisão Lateral";1;0;1;0;0;0;0;0;0;0;3;0;0;0;0
"26/08/2016";"04:33:00";"2677";"sem vítima";"115";"BR-116/PR";"Norte";"Colisão Traseira";1;0;0;1;0;0;0;0;0;0;2;0;0;0;0
"26/08/2016";"05:30:00";"2684";"sem vítima";"2.5";"BR-116/SC";"Sul";"Colisão Traseira";2;0;0;0;0;0;0;0;0;0;3;0;0;0;0
"27/08/2016";"12:56:00";"2745";"sem vítima";"126.4";"BR-116/PR";"Sul";"Choque - Defensa, barreira ou "submarino"";0;0;0;0;0;0;0;0;0;1;1;0;0;0;0
"27/08/2016";"06:55:00";"2790";"com vítima";"119";"BR-116/PR";"Sul";"Outros";0;1;0;0;0;0;0;0;0;0;0;1;0;0;0
"27/08/2016";"09:42:00";"2802";"sem vítima";"164.7";"BR-116/PR";"Sul";"Atropelamento de Animal";1;0;0;0;0;0;0;0;0;0;1;0;0;0;0
"27/08/2016";"11:19:00";"2811";"com vítima";"116.3";"BR-116/PR";"Norte";"Colisão Lateral";1;0;0;1;0;0;0;0;0;0;1;1;0;0;0
"28/08/2016";"04:28:00";"2818";"com vítima";"132.6";"BR-116/SC";"Norte";"Saida de Pista";1;0;0;0;0;0;0;0;0;0;0;0;0;0;1
"28/08/2016";"06:36:00";"2821";"com vítima";"115";"BR-116/PR";"Sul";"Choque - Poste";1;0;0;0;0;0;0;0;0;0;0;1;0;0;0
"28/08/2016";"06:49:00";"2877";"sem vítima";"135";"BR-116/PR";"Sul";"Engavetamento";3;0;0;0;0;0;0;0;0;0;3;0;0;0;0
"28/08/2016";"07:11:00";"2879";"com vítima";"152";"BR-116/PR";"Sul";"Colisão Transversal";1;0;1;0;0;0;0;0;0;0;3;1;0;0;0
"28/08/2016";"09:04:00";"2886";"sem vítima";"139.3";"BR-116/SC";"Sul";"Colisão Transversal";1;0;0;0;0;1;0;0;0;0;5;0;0;0;0
"29/08/2016";"01:30:00";"2900";"com vítima";"154.5";"BR-116/PR";"Norte";"Saida de Pista";1;0;0;0;0;0;0;0;0;0;2;1;0;0;0
"29/08/2016";"10:28:00";"2935";"sem vítima";"107.8";"BR-116/SC";"Norte";"Saida de Pista";0;0;1;0;0;0;0;0;0;0;1;0;0;0;0
"29/08/2016";"12:05:00";"2948";"sem vítima";"152";"BR-116/PR";"Norte";"Colisão Lateral";1;0;0;0;0;0;0;0;0;1;6;0;0;0;0
"29/08/2016";"06:40:00";"3000";"com vítima";"135.7";"BR-116/PR";"Sul";"Colisão Transversal";2;0;0;0;0;0;0;0;0;0;1;1;0;0;0
"29/08/2016";"07:45:00";"3005";"com vítima";"4.5";"BR-116/SC";"Norte";"Atropelamento - Usuário";0;0;0;0;0;0;0;0;0;1;1;1;0;0;0
"30/08/2016";"08:23:00";"3028";"sem vítima";"81.2";"BR-116/SC";"Sul";"Colisão Lateral";0;0;1;0;0;0;0;0;0;1;2;0;0;0;0
"30/08/2016";"04:51:00";"3073";"sem vítima";"119";"BR-116/PR";"Sul";"Saida de Pista";0;0;1;0;0;0;0;0;0;0;1;0;0;0;0
"31/08/2016";"05:56:00";"3106";"sem vítima";"107.7";"BR-116/SC";"Norte";"Choque - Talude";0;0;1;0;0;0;0;0;0;0;1;0;0;0;0
"31/08/2016";"09:31:00";"3133";"com vítima";"122";"BR-116/PR";"Norte";"Queda de Moto";0;0;0;1;0;0;0;0;0;0;0;1;0;0;0
"31/08/2016";"07:54:00";"3202";"sem vítima";"13";"BR-116/SC";"Sul";"Colisão Frontal";2;0;0;0;0;0;0;0;0;0;3;0;0;0;0
"31/08/2016";"10:11:00";"3209";"com vítima";"120.6";"BR-116/PR";"Sul";"Colisão Traseira";0;0;0;1;0;1;0;0;0;0;1;1;0;0;0
"31/08/2016";"11:03:00";"3213";"com vítima";"122.4";"BR-116/PR";"Sul";"Atropelamento - Sem Informação";1;0;0;0;0;0;0;0;0;0;1;0;0;1;0
"01/09/2016";"04:41:00";"11";"sem vítima";"132";"BR-116/PR";"Norte";"Choque - Defensa, barreira ou "submarino"";1;0;0;0;0;0;0;0;0;0;2;0;0;0;0
"01/09/2016";"07:41:00";"18";"com vítima";"116";"BR-116/PR";"Norte";"Colisão Lateral";1;0;0;1;0;0;0;0;0;0;1;1;0;0;0
"02/09/2016";"09:27:00";"152";"sem vítima";"98.8";"BR-116/SC";"Sul";"Colisão Transversal";1;0;1;0;0;0;0;0;0;0;2;0;0;0;0
"02/09/2016";"11:12:00";"168";"sem vítima";"115";"BR-116/PR";"Sul";"Colisão Traseira";1;0;0;0;0;1;0;0;0;0;2;0;0;0;0
"02/09/2016";"07:19:00";"225";"com vítima";"132.4";"BR-116/PR";"Sul";"Atropelamento - Outros";1;0;0;0;0;0;0;0;0;0;2;1;0;0;0
"02/09/2016";"11:09:00";"238";"sem vítima";"210.6";"BR-116/PR";"Sul";"Colisão Transversal";2;0;0;0;0;0;0;0;0;0;5;0;0;0;0
"03/09/2016";"07:25:00";"250";"sem vítima";"126";"BR-116/PR";"Sul";"Choque - Veiculo parado na pista";2;0;1;0;0;0;0;0;0;0;3;0;0;0;0
"03/09/2016";"07:37:00";"252";"com vítima";"15.9";"BR-116/SC";"Sul";"Colisão Frontal";2;0;0;0;0;0;0;0;0;0;0;2;0;1;1
"03/09/2016";"02:35:00";"285";"com vítima";"267.7";"BR-116/SC";"Norte";"Colisão Transversal";2;0;0;0;0;0;0;0;0;0;2;2;0;0;0
"04/09/2016";"05:59:00";"320";"sem vítima";"137.5";"BR-116/PR";"Norte";"Saida de Pista";1;0;0;0;0;0;0;0;0;0;1;0;0;0;0
"04/09/2016";"06:53:00";"322";"sem vítima";"2.4";"BR-116/SC";"Sul";"Colisão Traseira";2;0;0;0;0;0;0;0;0;0;2;0;0;0;0
"04/09/2016";"06:23:00";"362";"com vítima";"128";"BR-116/PR";"Sul";"Atropelamento - Usuário";1;0;0;0;0;0;0;0;0;0;3;1;0;0;0
"04/09/2016";"06:51:00";"365";"com vítima";"152.5";"BR-116/PR";"Sul";"Atropelamento - Usuário";0;0;0;0;1;0;0;0;0;0;36;0;0;1;0
"04/09/2016";"08:39:00";"376";"sem vítima";"115.1";"BR-116/PR";"Norte";"Colisão Transversal";2;0;0;0;0;0;0;0;0;0;7;0;0;0;0
"05/09/2016";"05:39:00";"401";"sem vítima";"165";"BR-116/PR";"Norte";"Saida de Pista";1;0;0;0;0;0;0;0;0;0;1;0;0;0;0
"05/09/2016";"09:36:00";"425";"sem vítima";"184.3";"BR-116/SC";"Norte";"Tombamento";0;0;1;0;0;0;0;0;0;0;3;0;0;0;0
"05/09/2016";"09:51:00";"428";"com vítima";"4.5";"BR-116/SC";"Norte";"Colisão Transversal";0;0;1;1;0;0;0;0;0;0;1;1;0;0;0
"05/09/2016";"11:17:00";"437";"com vítima";"118.5";"BR-116/PR";"Norte";"Colisão Transversal";2;0;1;0;0;0;0;0;0;0;2;0;0;1;0
"05/09/2016";"01:12:00";"441";"com vítima";"138.8";"BR-116/PR";"Sul";"Tombamento";0;0;1;0;0;0;0;0;0;0;0;1;0;0;0
"05/09/2016";"02:06:00";"444";"com vítima";"47.2";"BR-116/SC";"Norte";"Colisão Traseira";0;0;0;1;0;1;0;0;0;0;1;1;0;0;0
"05/09/2016";"06:10:00";"467";"sem vítima";"5.5";"BR-116/SC";"Norte";"Colisão Transversal";0;0;2;0;0;0;0;0;0;0;2;0;0;0;0
"05/09/2016";"07:35:00";"469";"sem vítima";"146.45";"BR-116/PR";"Norte";"Queda de Moto";0;0;0;1;0;0;0;0;0;0;2;0;0;0;0
"06/09/2016";"12:27:00";"485";"com vítima";"162.2";"BR-116/PR";"Norte";"Saida de Pista";1;0;0;0;0;0;0;0;0;0;2;2;0;0;0
"06/09/2016";"06:55:00";"495";"com vítima";"118";"BR-116/PR";"Norte";"Colisão Lateral";1;0;0;1;0;0;0;0;0;0;1;1;0;0;0
"06/09/2016";"12:11:00";"534";"sem vítima";"152";"BR-116/PR";"Norte";"Colisão Transversal";1;0;1;0;0;0;0;0;0;0;2;0;0;0;0
"06/09/2016";"01:43:00";"541";"sem vítima";"269.05";"BR-116/SC";"Norte";"Colisão Traseira";1;0;0;0;0;0;0;0;0;0;1;0;0;0;0
"07/09/2016";"07:02:00";"601";"com vítima";"116";"BR-116/PR";"Sul";"Saida de Pista";1;0;0;0;0;0;0;0;0;0;0;1;0;0;0
"07/09/2016";"08:49:00";"607";"com vítima";"122";"BR-116/PR";"Norte";"Saida de Pista";1;0;0;0;0;0;0;0;0;0;0;1;0;0;0
"07/09/2016";"06:38:00";"640";"sem vítima";"129";"BR-116/PR";"Norte";"Saida de Pista";1;0;0;0;0;0;0;0;0;0;1;0;0;0;0
"08/09/2016";"01:58:00";"662";"sem vítima";"168.6";"BR-116/SC";"Sul";"Saida de Pista";0;0;1;0;0;0;0;0;0;0;1;0;0;0;0
"09/09/2016";"07:54:00";"791";"com vítima";"121";"BR-116/PR";"Sul";"Queda de Moto";0;0;0;1;0;0;0;0;0;0;1;1;0;0;0
"09/09/2016";"09:52:00";"808";"sem vítima";"121";"BR-116/PR";"Sul";"Saida de Pista";1;0;0;0;0;0;0;0;0;0;1;0;0;0;0
"09/09/2016";"10:13:00";"811";"sem vítima";"166.7";"BR-116/SC";"Sul";"Colisão Transversal";1;0;1;0;0;0;0;0;0;0;2;0;0;0;0
"09/09/2016";"05:55:00";"858";"com vítima";"40.5";"BR-116/SC";"Sul";"Engavetamento";3;0;0;0;0;0;0;0;0;0;9;3;0;0;0
"09/09/2016";"08:45:00";"867";"sem vítima";"71.5";"BR-116/SC";"Sul";"Saida de Pista";1;0;0;0;0;0;0;0;0;0;2;0;0;0;0
"10/09/2016";"01:02:00";"883";"sem vítima";"117";"BR-116/SC";"Norte";"Saida de Pista";0;0;0;1;0;0;0;0;0;0;1;0;0;0;0
"10/09/2016";"04:43:00";"891";"sem vítima";"309";"BR-116/SC";"Norte";"Saida de Pista";1;0;0;0;0;0;0;0;0;0;1;0;0;0;0
"10/09/2016";"07:29:00";"969";"com vítima";"156.8";"BR-116/PR";"Sul";"Colisão Transversal";1;0;0;1;0;0;0;0;0;0;1;0;0;1;0
"10/09/2016";"07:39:00";"970";"com vítima";"134.7";"BR-116/SC";"Sul";"Queda de Moto";0;0;0;1;0;0;0;0;0;0;0;1;0;0;0
"10/09/2016";"08:39:00";"975";"com vítima";"49.4";"BR-116/SC";"Sul";"Colisão Frontal";2;0;1;0;0;0;0;0;0;1;5;3;0;0;0
"11/09/2016";"06:16:00";"994";"sem vítima";"125.8";"BR-116/PR";"Norte";"Colisão Lateral";1;0;0;0;0;1;0;0;0;0;2;0;0;0;0
"11/09/2016";"09:55:00";"1011";"sem vítima";"245";"BR-116/SC";"Norte";"Colisão Transversal";1;0;1;0;0;0;0;0;0;0;2;0;0;0;0
"11/09/2016";"04:17:00";"1038";"sem vítima";"245.5";"BR-116/SC";"Sul";"Saida de Pista";1;0;0;0;0;0;0;0;0;0;1;0;0;0;0
"11/09/2016";"07:09:00";"1064";"sem vítima";"115.2";"BR-116/PR";"Norte";"Colisão Traseira";5;0;0;0;0;0;0;0;0;0;5;0;0;0;0
"11/09/2016";"07:18:00";"1065";"sem vítima";"131.9";"BR-116/PR";"Sul";"Saida de Pista";1;0;0;0;0;0;0;0;0;0;1;0;0;0;0
"11/09/2016";"09:02:00";"1075";"com vítima";"286.1";"BR-116/SC";"Norte";"Queda de Moto";0;0;0;1;0;0;0;0;0;0;0;2;0;0;0
"11/09/2016";"09:20:00";"1077";"com vítima";"173";"BR-116/PR";"Norte";"Colisão Lateral";1;0;1;0;0;0;0;0;0;0;1;1;0;0;0
"12/09/2016";"07:10:00";"1091";"com vítima";"123";"BR-116/PR";"Norte";"Colisão Traseira";1;0;0;1;0;0;0;0;0;0;1;1;0;0;0
"12/09/2016";"07:47:00";"1095";"sem vítima";"209.65";"BR-116/SC";"Sul";"Saida de Pista";1;0;0;0;0;0;0;0;0;0;1;0;0;0;0
"12/09/2016";"03:43:00";"1149";"sem vítima";"3";"BR-116/SC";"Norte";"Colisão Traseira";1;0;1;0;0;0;0;0;0;0;2;0;0;0;0
"12/09/2016";"04:29:00";"1162";"com vítima";"128.8";"BR-116/PR";"Norte";"Colisão Transversal";1;0;1;0;0;0;0;0;0;0;1;3;0;0;0
"13/09/2016";"09:57:00";"1229";"com vítima";"261.2";"BR-116/SC";"Sul";"Saida de Pista";1;0;0;0;0;0;0;0;0;0;2;2;0;1;0
"13/09/2016";"05:10:00";"1264";"sem vítima";"162.1";"BR-116/SC";"Norte";"Saida de Pista";0;0;1;0;0;0;0;0;0;0;1;0;0;0;0
"13/09/2016";"05:32:00";"1268";"sem vítima";"191";"BR-116/PR";"Norte";"Colisão Traseira";2;0;0;0;0;0;0;0;0;0;2;0;0;0;0
"14/09/2016";"01:54:00";"1297";"sem vítima";"140";"BR-116/SC";"Norte";"Saida de Pista";1;0;0;0;0;0;0;0;0;0;1;0;0;0;0
"14/09/2016";"08:33:00";"1310";"com vítima";"116.7";"BR-116/PR";"Norte";"Choque - Outros";1;0;0;2;1;0;0;0;0;0;28;2;0;0;0
"14/09/2016";"03:06:00";"1343";"com vítima";"125.5";"BR-116/PR";"Norte";"Colisão Transversal";0;1;0;0;1;0;0;0;0;0;12;1;0;0;0
"14/09/2016";"03:15:00";"1344";"sem vítima";"125.8";"BR-116/PR";"Norte";"Colisão Lateral";0;0;0;1;0;1;0;0;0;0;2;0;0;0;0
"15/09/2016";"12:03:00";"1446";"sem vítima";"136";"BR-116/PR";"Sul";"Colisão Traseira";2;0;0;0;0;0;0;0;0;0;3;0;0;0;0
"15/09/2016";"01:30:00";"1456";"sem vítima";"51.5";"BR-116/SC";"Norte";"Choque - Objeto sobre a pista";1;0;1;0;0;0;0;0;0;0;2;0;0;0;0
"15/09/2016";"04:53:00";"1479";"sem vítima";"140.7";"BR-116/PR";"Norte";"Choque - Defensa, barreira ou "submarino"";1;0;0;0;0;0;0;0;0;0;1;0;0;0;0
"15/09/2016";"06:41:00";"1489";"sem vítima";"226";"BR-116/SC";"Sul";"Atropelamento de Animal";1;0;0;0;0;0;0;0;0;0;1;0;0;0;0
"16/09/2016";"11:14:00";"1544";"sem vítima";"113.6";"BR-116/SC";"Norte";"Colisão Lateral";1;0;1;0;0;0;0;0;0;0;2;0;0;0;0
"16/09/2016";"04:43:00";"1575";"sem vítima";"82";"BR-116/SC";"Sul";"Colisão Traseira";2;0;0;0;0;0;0;0;0;0;2;0;0;0;0
"16/09/2016";"07:56:00";"1597";"sem vítima";"152";"BR-116/PR";"Sul";"Colisão Transversal";2;0;0;0;0;0;0;0;0;0;2;0;0;0;0
"17/09/2016";"05:42:00";"1625";"com vítima";"121.2";"BR-116/PR";"Norte";"Saida de Pista";1;0;0;0;0;0;0;0;0;0;0;4;0;0;0
"17/09/2016";"07:21:00";"1628";"com vítima";"2";"BR-116/SC";"Sul";"Colisão Traseira";1;0;0;1;0;0;0;0;0;0;1;0;0;1;0
"17/09/2016";"11:42:00";"1649";"sem vítima";"119.1";"BR-116/PR";"Norte";"Colisão Traseira";3;0;0;0;0;0;0;0;0;0;3;0;0;0;0
"17/09/2016";"05:19:00";"1670";"com vítima";"116";"BR-116/PR";"Sul";"Colisão Traseira";1;0;0;0;0;2;0;0;0;0;2;1;0;0;0
"17/09/2016";"06:30:00";"1677";"com vítima";"217.5";"BR-116/SC";"Norte";"Saida de Pista";1;0;0;0;0;0;0;0;0;0;0;1;0;0;0
"17/09/2016";"10:37:00";"1689";"sem vítima";"125.8";"BR-116/PR";"Sul";"Colisão Lateral";2;0;0;0;0;0;0;0;0;0;2;0;0;0;0
"18/09/2016";"12:05:00";"1694";"sem vítima";"119.2";"BR-116/PR";"Norte";"Queda de Moto";0;0;0;1;0;0;0;0;0;0;1;0;0;0;0
"18/09/2016";"02:17:00";"1705";"sem vítima";"119";"BR-116/PR";"Sul";"Saida de Pista";1;0;0;0;0;0;0;0;0;0;1;0;0;0;0
"18/09/2016";"05:25:00";"1711";"sem vítima";"218.4";"BR-116/SC";"Norte";"Saida de Pista";1;0;0;0;0;0;0;0;0;0;1;0;0;0;0
"18/09/2016";"06:07:00";"1713";"com vítima";"125.9";"BR-116/PR";"Sul";"Choque - Defensa, barreira ou "submarino"";0;0;0;1;0;0;0;0;0;0;0;0;0;1;0
"18/09/2016";"06:42:00";"1714";"sem vítima";"125.8";"BR-116/PR";"Sul";"Colisão Traseira";1;0;0;1;0;0;0;0;0;0;2;0;0;0;0
"18/09/2016";"10:46:00";"1721";"sem vítima";"195";"BR-116/SC";"Norte";"Saida de Pista";0;0;1;0;0;0;0;0;0;0;1;0;0;0;0
"18/09/2016";"11:31:00";"1724";"com vítima";"54";"BR-116/SC";"Norte";"Colisão Transversal";1;0;0;0;0;0;0;0;0;1;5;3;0;0;0
"18/09/2016";"01:46:00";"1729";"sem vítima";"69";"BR-116/SC";"Sul";"Colisão Transversal";1;0;0;0;0;1;0;0;0;0;2;0;0;0;0
"18/09/2016";"04:08:00";"1740";"com vítima";"119";"BR-116/PR";"Sul";"Choque - Defensa, barreira ou "submarino"";1;0;0;0;0;0;0;0;0;0;1;1;0;0;1
"18/09/2016";"04:45:00";"1745";"sem vítima";"153.1";"BR-116/PR";"Sul";"Colisão Traseira";2;0;0;0;0;0;0;0;0;0;4;0;0;0;0
"18/09/2016";"05:02:00";"1748";"sem vítima";"59.7";"BR-116/SC";"Norte";"Colisão Lateral";2;0;0;0;0;0;0;0;0;0;3;0;0;0;0
"18/09/2016";"05:35:00";"1751";"com vítima";"252.2";"BR-116/SC";"Sul";"Colisão Frontal";2;0;0;0;0;0;0;0;0;1;4;1;0;3;2
"18/09/2016";"06:24:00";"1757";"sem vítima";"122";"BR-116/PR";"Norte";"Colisão Traseira";2;0;0;0;0;0;0;0;0;0;6;0;0;0;0
"18/09/2016";"06:40:00";"1761";"sem vítima";"117.45";"BR-116/PR";"Norte";"Saida de Pista";1;0;0;0;0;0;0;0;0;0;1;0;0;0;0
"18/09/2016";"07:12:00";"1762";"sem vítima";"140.2";"BR-116/SC";"Sul";"Choque - Defensa, barreira ou "submarino"";0;0;0;0;0;0;0;0;0;1;2;0;0;0;0
"18/09/2016";"07:37:00";"1764";"com vítima";"122.4";"BR-116/PR";"Norte";"Colisão Frontal";1;0;0;0;0;1;0;0;0;0;1;3;0;0;0
"19/09/2016";"02:23:00";"1779";"com vítima";"164";"BR-116/PR";"Norte";"Colisão Lateral";1;0;1;0;0;0;0;0;0;0;3;1;0;0;0
"19/09/2016";"07:10:00";"1785";"com vítima";"156.3";"BR-116/PR";"Sul";"Queda de Moto";0;0;0;1;0;0;0;0;0;0;0;1;0;0;0
"19/09/2016";"07:43:00";"1787";"sem vítima";"116";"BR-116/PR";"Norte";"Colisão Traseira";2;0;0;0;0;0;0;0;0;0;2;0;0;0;0
"19/09/2016";"10:18:00";"1886";"sem vítima";"209.5";"BR-116/PR";"Norte";"Colisão Transversal";0;0;1;1;0;0;0;0;0;0;2;0;0;0;0
"20/09/2016";"07:43:00";"1901";"sem vítima";"138";"BR-116/SC";"Sul";"Colisão Traseira";1;0;0;0;1;0;0;0;0;0;2;0;0;0;0
"20/09/2016";"12:14:00";"1932";"sem vítima";"104.4";"BR-116/SC";"Norte";"Colisão Traseira";2;0;0;0;0;0;0;0;0;1;3;0;0;0;0
"20/09/2016";"12:41:00";"1933";"sem vítima";"117";"BR-116/PR";"Sul";"Colisão Lateral";1;0;1;0;0;0;0;0;0;0;2;0;0;0;0
"20/09/2016";"04:46:00";"1968";"com vítima";"117.45";"BR-116/SC";"Norte";"Tombamento";0;0;1;0;0;0;0;0;0;0;0;1;0;0;0
"20/09/2016";"05:55:00";"1972";"com vítima";"59.8";"BR-116/SC";"Sul";"Colisão Transversal";0;0;0;0;1;0;0;0;0;1;14;3;0;0;0
"20/09/2016";"07:06:00";"1976";"com vítima";"115.8";"BR-116/PR";"Sul";"Colisão Traseira";1;0;0;1;0;0;0;0;0;0;2;1;0;0;1
"20/09/2016";"07:59:00";"1978";"com vítima";"168";"BR-116/SC";"Sul";"Colisão Lateral";1;0;1;0;0;0;0;0;0;0;4;1;0;0;0
"20/09/2016";"10:21:00";"1985";"com vítima";"141.2";"BR-116/SC";"Norte";"Colisão Frontal";2;0;2;0;0;0;0;0;0;0;3;2;0;0;1
"21/09/2016";"10:32:00";"2035";"com vítima";"266";"BR-116/SC";"Norte";"Colisão Frontal";0;0;3;0;0;0;0;0;0;0;2;1;0;0;0
"21/09/2016";"01:47:00";"2063";"sem vítima";"119.8";"BR-116/PR";"Norte";"Colisão Traseira";2;0;0;0;0;0;0;0;0;0;2;0;0;0;0
"21/09/2016";"01:47:00";"2065";"sem vítima";"119.8";"BR-116/PR";"Norte";"Colisão Traseira";2;0;0;0;0;0;0;0;0;0;2;0;0;0;0
"21/09/2016";"10:14:00";"2105";"sem vítima";"220";"BR-116/SC";"Norte";"Colisão Lateral";1;0;0;0;0;0;0;0;0;1;2;0;0;0;0
"22/09/2016";"09:20:00";"2149";"sem vítima";"81.6";"BR-116/SC";"Sul";"Choque - Defensa, barreira ou "submarino"";0;0;1;0;0;0;0;0;0;0;1;0;0;0;0
"22/09/2016";"02:41:00";"2170";"sem vítima";"232";"BR-116/SC";"Sul";"Saida de Pista";1;0;0;0;0;0;0;0;0;0;1;0;0;0;0
"22/09/2016";"04:57:00";"2181";"sem vítima";"205.9";"BR-116/PR";"Sul";"Capotamento";1;0;0;0;0;0;0;0;0;0;2;0;0;0;0
"23/09/2016";"08:57:00";"2230";"sem vítima";"78.5";"BR-116/SC";"Sul";"Colisão Traseira";1;0;1;0;0;0;0;0;0;0;2;0;0;0;0
"23/09/2016";"07:27:00";"2320";"sem vítima";"118";"BR-116/PR";"Sul";"Colisão Traseira";2;0;1;0;0;0;0;0;0;0;3;0;0;0;0
"23/09/2016";"08:10:00";"2326";"sem vítima";"118.6";"BR-116/PR";"Sul";"Saida de Pista";1;0;0;0;0;0;0;0;0;0;1;0;0;0;0
"25/09/2016";"04:48:00";"2439";"com vítima";"122.4";"BR-116/PR";"Sul";"Colisão Traseira";2;0;0;0;0;0;0;0;0;0;3;1;0;0;0
"25/09/2016";"06:25:00";"2442";"sem vítima";"119.4";"BR-116/PR";"Norte";"Atropelamento de Animal";1;0;0;0;0;0;0;0;0;0;1;0;0;0;0
"25/09/2016";"10:49:00";"2450";"com vítima";"125";"BR-116/PR";"Sul";"Choque - Veiculo parado na pista";2;0;0;0;0;0;0;0;0;0;0;2;0;0;0
"25/09/2016";"07:10:00";"2478";"com vítima";"117";"BR-116/PR";"Sul";"Colisão Transversal";1;0;0;1;0;0;0;0;0;0;2;1;0;0;0
"26/09/2016";"02:56:00";"2504";"com vítima";"177.5";"BR-116/SC";"Norte";"Saida de Pista";1;0;0;0;0;0;0;0;0;0;0;0;0;2;0
"26/09/2016";"09:38:00";"2528";"com vítima";"34";"BR-116/SC";"Sul";"Colisão Transversal";1;0;1;0;0;0;0;0;0;0;1;1;0;0;0
"26/09/2016";"10:30:00";"2532";"sem vítima";"117.7";"BR-116/PR";"Norte";"Colisão Traseira";2;0;0;0;0;0;0;0;0;0;2;0;0;0;0