data;horario;n_da_ocorrencia;tipo_de_ocorrencia;km;trecho;sentido;tipo_de_acidente;automovel;bicicleta;caminhao;moto;onibus;outros;tracao_animal;transporte_de_cargas_especiais;trator_maquinas;utilitarios;ilesos;levemente_feridos;moderadamente_feridos;gravemente_feridos;mortos
"26/09/2016";"06:11:00";"2588";"sem vítima";"115.15";"BR-116/PR";"Norte";"Colisão Lateral";1;0;1;0;0;0;0;0;0;0;2;0;0;0;0
"26/09/2016";"09:57:00";"2599";"sem vítima";"301.85";"BR-116/SC";"Norte";"Colisão Lateral";1;0;1;0;0;1;0;0;0;0;5;0;0;0;0
"26/09/2016";"11:59:00";"2493";"sem vítima";"134";"BR-116/PR";"Norte";"Colisão Lateral";2;0;0;0;0;0;0;0;0;0;2;0;0;0;0
"27/09/2016";"03:53:00";"2683";"sem vítima";"245";"BR-116/SC";"Sul";"Colisão Lateral";2;0;0;0;0;0;0;0;0;0;5;0;0;0;0
"27/09/2016";"04:06:00";"2684";"sem vítima";"206.75";"BR-116/SC";"Sul";"Colisão Transversal";1;0;1;0;0;0;0;0;0;0;2;0;0;0;0
"27/09/2016";"06:31:00";"2697";"sem vítima";"129.25";"BR-116/PR";"Sul";"Atropelamento de Animal";0;0;0;1;0;0;0;0;0;0;1;0;0;0;0
"27/09/2016";"07:48:00";"2706";"sem vítima";"35.4";"BR-116/SC";"Norte";"Colisão Lateral";0;0;1;0;0;0;0;0;0;1;3;0;0;0;0
"28/09/2016";"08:08:00";"2731";"sem vítima";"3";"BR-116/SC";"Norte";"Saida de Pista";1;0;0;0;0;0;0;0;0;0;2;0;0;0;0
"28/09/2016";"08:14:00";"2732";"com vítima";"117";"BR-116/PR";"Norte";"Colisão Traseira";1;0;0;1;0;0;0;0;0;0;1;1;0;0;0
"28/09/2016";"08:07:00";"2821";"com vítima";"75.3";"BR-116/SC";"Norte";"Colisão Traseira";1;0;1;0;0;0;0;0;0;0;2;1;0;0;0
"29/09/2016";"07:25:00";"2839";"com vítima";"115";"BR-116/PR";"Norte";"Colisão Lateral";0;0;0;1;0;1;0;0;0;0;1;1;0;0;0
"29/09/2016";"12:21:00";"2887";"sem vítima";"183";"BR-116/SC";"Norte";"Colisão Traseira";1;0;1;0;0;0;0;0;0;0;2;0;0;0;0
"29/09/2016";"03:49:00";"2901";"sem vítima";"238.9";"BR-116/SC";"Norte";"Tombamento";0;0;1;0;0;0;0;0;0;0;1;0;0;0;0
"29/09/2016";"08:09:00";"2928";"sem vítima";"237";"BR-116/SC";"Sul";"Outros";0;0;2;0;0;0;0;0;0;0;2;0;0;0;0
"29/09/2016";"08:14:00";"2930";"sem vítima";"238.2";"BR-116/SC";"Sul";"Outros";0;0;2;0;0;0;0;0;0;0;4;0;0;0;0
"29/09/2016";"09:38:00";"2940";"sem vítima";"205";"BR-116/PR";"Norte";"Colisão Transversal";1;0;0;0;0;0;0;0;0;1;7;0;0;0;0
"30/09/2016";"03:00:00";"2949";"sem vítima";"236";"BR-116/SC";"Norte";"Colisão Lateral";0;0;1;0;0;0;0;0;0;1;2;0;0;0;0
"30/09/2016";"06:04:00";"2955";"sem vítima";"134";"BR-116/PR";"Sul";"Colisão Traseira";0;0;2;0;0;0;0;0;0;0;2;0;0;0;0
"30/09/2016";"08:47:00";"2968";"com vítima";"184.4";"BR-116/SC";"Sul";"Tombamento";0;0;1;0;0;0;0;0;0;0;0;1;0;0;0
"30/09/2016";"11:21:00";"2991";"com vítima";"129";"BR-116/PR";"Norte";"Atropelamento - Usuário";1;0;0;0;0;0;0;0;0;0;1;1;0;0;0
"30/09/2016";"11:43:00";"2992";"com vítima";"8.3";"BR-116/SC";"Norte";"Colisão Transversal";1;0;0;1;0;0;0;0;0;0;0;3;0;0;0
"30/09/2016";"10:25:00";"3044";"sem vítima";"230.3";"BR-116/SC";"Norte";"Atropelamento de Animal";1;0;0;0;0;0;0;0;0;0;4;0;0;0;0
"01/10/2016";"02:46:00";"7";"sem vítima";"86.5";"BR-116/SC";"Sul";"Atropelamento de Animal";0;0;0;0;0;0;0;0;0;1;6;0;0;0;0
"01/10/2016";"02:59:00";"9";"com vítima";"87.05";"BR-116/SC";"Norte";"Saida de Pista";1;0;0;0;0;0;0;0;0;0;2;2;0;0;0
"01/10/2016";"02:41:00";"57";"sem vítima";"106.3";"BR-116/SC";"Sul";"Queda de Moto";0;0;0;1;0;0;0;0;0;0;1;0;0;0;0
"01/10/2016";"05:44:00";"69";"sem vítima";"219.9";"BR-116/SC";"Sul";"Saida de Pista";1;0;0;0;0;0;0;0;0;0;1;0;0;0;0
"01/10/2016";"10:32:00";"90";"com vítima";"10.7";"BR-116/SC";"Sul";"Colisão Frontal";1;0;0;1;0;0;0;0;0;0;2;1;0;0;0
"01/10/2016";"11:22:00";"92";"com vítima";"217.4";"BR-116/SC";"Sul";"Colisão Transversal";1;0;0;1;0;0;0;0;0;0;1;1;0;0;0
"02/10/2016";"06:37:00";"100";"com vítima";"39.22";"BR-116/SC";"Sul";"Colisão Frontal";1;0;1;0;0;0;0;0;0;0;1;0;0;0;1
"02/10/2016";"07:42:00";"104";"com vítima";"131.7";"BR-116/SC";"Sul";"Tombamento";0;0;1;0;0;0;0;0;0;0;0;0;0;1;0
"02/10/2016";"06:32:00";"142";"sem vítima";"127";"BR-116/PR";"Norte";"Colisão Traseira";2;0;0;0;0;0;0;0;0;0;2;0;0;0;0
"02/10/2016";"09:56:00";"155";"sem vítima";"161";"BR-116/PR";"Norte";"Colisão Traseira";1;0;0;0;0;1;0;0;0;0;2;0;0;0;0
"03/10/2016";"03:52:00";"167";"com vítima";"211.8";"BR-116/SC";"Sul";"Saida de Pista";1;0;0;0;0;0;0;0;0;0;0;4;0;0;0
"03/10/2016";"10:20:00";"195";"sem vítima";"244.554";"BR-116/SC";"Norte";"Saida de Pista";1;0;0;0;0;0;0;0;0;0;1;0;0;0;0
"03/10/2016";"10:32:00";"199";"sem vítima";"33.6";"BR-116/SC";"Sul";"Saida de Pista";1;0;0;0;0;0;0;0;0;0;1;0;0;0;0
"03/10/2016";"03:04:00";"225";"sem vítima";"47.1";"BR-116/SC";"Sul";"Saida de Pista";0;0;0;0;0;0;0;0;0;1;1;0;0;0;0
"03/10/2016";"06:38:00";"245";"sem vítima";"222";"BR-116/SC";"Sul";"Colisão Transversal";1;0;1;0;0;0;0;0;0;0;2;0;0;0;0
"04/10/2016";"02:36:00";"312";"sem vítima";"0.8";"BR-116/SC";"Norte";"Colisão Lateral";1;0;1;0;0;0;0;0;0;0;3;0;0;0;0
"04/10/2016";"06:35:00";"344";"sem vítima";"117";"BR-116/PR";"Sul";"Colisão Lateral";1;0;1;1;0;0;0;0;0;0;3;0;0;0;0
"06/10/2016";"12:51:00";"465";"sem vítima";"143.9";"BR-116/PR";"Sul";"Saida de Pista";1;0;0;0;0;0;0;0;0;0;1;0;0;0;0
"06/10/2016";"02:00:00";"467";"sem vítima";"203.6";"BR-116/SC";"Sul";"Saida de Pista";0;0;0;0;0;0;0;0;0;1;1;0;0;0;0
"06/10/2016";"05:31:00";"470";"com vítima";"10";"BR-116/SC";"Sul";"Saida de Pista";0;0;0;0;0;0;0;0;0;1;1;1;0;0;0
"06/10/2016";"07:10:00";"471";"sem vítima";"125.5";"BR-116/PR";"Norte";"Colisão Traseira";1;0;0;0;0;1;0;0;0;0;2;0;0;0;0
"06/10/2016";"08:24:00";"475";"com vítima";"183.1";"BR-116/PR";"Sul";"Queda de Moto";0;0;0;1;0;0;0;0;0;0;0;1;0;0;0
"06/10/2016";"08:36:00";"477";"sem vítima";"191";"BR-116/PR";"Sul";"Saida de Pista";0;0;1;0;0;0;0;0;0;0;1;0;0;0;0
"06/10/2016";"11:15:00";"488";"sem vítima";"207.9";"BR-116/PR";"Norte";"Colisão Traseira";0;0;1;0;1;0;0;0;0;0;2;0;0;0;0
"06/10/2016";"03:49:00";"518";"sem vítima";"2";"BR-116/SC";"Norte";"Colisão Traseira";1;0;1;0;0;0;0;0;0;0;2;0;0;0;0
"06/10/2016";"03:55:00";"519";"sem vítima";"142.7";"BR-116/PR";"Norte";"Capotamento";1;0;0;0;0;0;0;0;0;0;1;0;0;0;0
"06/10/2016";"05:28:00";"531";"sem vítima";"143.15";"BR-116/PR";"Norte";"Saida de Pista";0;0;0;0;0;0;0;0;0;1;2;0;0;0;0
"06/10/2016";"05:46:00";"532";"com vítima";"115";"BR-116/PR";"Norte";"Engavetamento";3;0;0;0;0;0;0;0;0;0;6;1;0;0;0
"06/10/2016";"06:58:00";"536";"sem vítima";"124";"BR-116/PR";"Norte";"Colisão Traseira";0;0;0;0;0;1;0;0;0;1;2;0;0;0;0
"06/10/2016";"08:35:00";"542";"sem vítima";"166.85";"BR-116/PR";"Sul";"Colisão Transversal";0;0;1;0;0;1;0;0;0;0;2;0;0;0;0
"07/10/2016";"01:46:00";"563";"sem vítima";"141.909";"BR-116/SC";"Norte";"Saida de Pista";1;0;0;0;0;0;0;0;0;0;2;0;0;0;0
"07/10/2016";"08:34:00";"585";"com vítima";"207";"BR-116/SC";"Sul";"Colisão Transversal";2;0;0;0;0;0;0;0;0;0;1;5;0;0;0
"07/10/2016";"10:07:00";"604";"sem vítima";"127.5";"BR-116/PR";"Norte";"Colisão Traseira";1;0;1;0;0;0;0;0;0;0;2;0;0;0;0
"07/10/2016";"02:29:00";"640";"com vítima";"189.7";"BR-116/PR";"Norte";"Capotamento";1;0;0;0;0;0;0;0;0;0;0;1;0;0;0
"07/10/2016";"02:47:00";"645";"com vítima";"118.15";"BR-116/PR";"Norte";"Colisão Lateral";1;0;0;1;0;0;0;0;0;1;3;1;0;0;0
"07/10/2016";"07:47:00";"675";"sem vítima";"306.7";"BR-116/SC";"Sul";"Colisão Traseira";1;0;0;0;0;1;0;0;0;0;2;0;0;0;0
"08/10/2016";"12:41:00";"738";"sem vítima";"23";"BR-116/SC";"Sul";"Colisão Traseira";2;0;0;0;0;0;0;0;0;0;5;0;0;0;0
"08/10/2016";"01:02:00";"739";"com vítima";"5";"BR-116/SC";"Norte";"Colisão Transversal";1;0;1;0;0;0;0;0;0;0;2;2;0;0;0
"08/10/2016";"03:31:00";"749";"sem vítima";"155.1";"BR-116/SC";"Sul";"Tombamento";0;0;1;0;0;0;0;0;0;0;1;0;0;0;0
"08/10/2016";"08:24:00";"772";"sem vítima";"228.2";"BR-116/SC";"Norte";"Saida de Pista";1;0;0;0;0;0;0;0;0;0;1;0;0;0;0
"09/10/2016";"01:22:00";"789";"com vítima";"150";"BR-116/PR";"Norte";"Colisão Traseira";0;0;0;1;0;1;0;0;0;0;1;1;0;0;0
"09/10/2016";"04:56:00";"796";"sem vítima";"121";"BR-116/PR";"Sul";"Colisão Traseira";2;0;0;0;0;0;0;0;0;0;2;0;0;0;0
"09/10/2016";"03:12:00";"827";"com vítima";"115.2";"BR-116/PR";"Sul";"Queda de Moto";0;0;0;1;0;0;0;0;0;0;0;1;0;0;0
"09/10/2016";"06:05:00";"835";"com vítima";"119.03";"BR-116/PR";"Norte";"Colisão Traseira";2;0;0;1;0;0;0;0;0;0;7;2;0;0;0
"09/10/2016";"07:15:00";"842";"sem vítima";"119.03";"BR-116/PR";"Sul";"Colisão Lateral";1;0;1;0;0;0;0;0;0;0;2;0;0;0;0
"09/10/2016";"07:31:00";"843";"sem vítima";"118.8";"BR-116/PR";"Sul";"Colisão Traseira";3;0;0;0;0;0;0;0;0;0;3;0;0;0;0
"10/10/2016";"08:53:00";"880";"sem vítima";"173.5";"BR-116/SC";"Sul";"Colisão Traseira";1;0;1;0;0;0;0;0;0;0;2;0;0;0;0
"10/10/2016";"01:53:00";"927";"sem vítima";"183";"BR-116/PR";"Norte";"Colisão Lateral";1;0;1;0;0;0;0;0;0;0;2;0;0;0;0
"10/10/2016";"02:20:00";"928";"sem vítima";"219";"BR-116/SC";"Sul";"Colisão Traseira";0;0;2;0;0;0;0;0;0;0;2;0;0;0;0
"10/10/2016";"02:40:00";"931";"sem vítima";"206";"BR-116/SC";"Sul";"Colisão Transversal";2;0;0;0;0;0;0;0;0;0;2;0;0;0;0
"10/10/2016";"02:48:00";"932";"sem vítima";"1.5";"BR-116/SC";"Sul";"Choque - Veiculo parado na pista";1;0;1;0;0;0;0;0;0;0;2;0;0;0;0
"10/10/2016";"08:02:00";"959";"sem vítima";"112.8";"BR-116/SC";"Norte";"Tombamento";0;0;1;0;0;0;0;0;0;0;1;0;0;0;0
"11/10/2016";"04:24:00";"1033";"com vítima";"115";"BR-116/PR";"Norte";"Queda de Moto";0;0;0;1;0;0;0;0;0;0;0;1;0;0;0
"11/10/2016";"04:52:00";"1034";"com vítima";"253.8";"BR-116/SC";"Norte";"Atropelamento - Funcionário";0;0;0;1;0;0;0;0;0;0;1;1;0;0;0
"12/10/2016";"09:09:00";"1072";"com vítima";"99.1";"BR-116/SC";"Sul";"Colisão Transversal";1;0;0;1;0;0;0;0;0;0;2;1;0;0;0
"12/10/2016";"08:15:00";"1114";"com vítima";"209.15";"BR-116/PR";"Norte";"Colisão Transversal";2;0;0;0;0;0;0;0;0;0;7;1;0;0;0
"12/10/2016";"09:39:00";"1121";"sem vítima";"54.5";"BR-116/SC";"Sul";"Atropelamento - Andarilho";1;0;0;0;0;0;0;0;0;0;1;0;0;0;0
"12/10/2016";"11:34:00";"1136";"com vítima";"159.5";"BR-116/PR";"Norte";"Saida de Pista";1;0;0;0;0;0;0;0;0;0;1;1;0;0;0
"13/10/2016";"12:19:00";"1139";"com vítima";"126";"BR-116/PR";"Norte";"Colisão Transversal";2;0;0;0;0;0;0;0;0;0;1;1;0;0;0
"13/10/2016";"07:21:00";"1146";"sem vítima";"122.2";"BR-116/PR";"Norte";"Capotamento";1;0;0;0;0;0;0;0;0;0;1;0;0;0;0
"13/10/2016";"08:38:00";"1155";"com vítima";"128.8";"BR-116/PR";"Sul";"Colisão Traseira";0;0;1;1;0;0;0;0;0;0;1;1;0;0;0
"14/10/2016";"04:13:00";"1238";"com vítima";"107.55";"BR-116/SC";"Norte";"Tombamento";0;0;1;0;0;0;0;0;0;0;1;2;0;0;0
"14/10/2016";"08:40:00";"1252";"sem vítima";"122";"BR-116/PR";"Norte";"Colisão Traseira";2;0;1;0;0;0;0;0;0;0;3;0;0;0;0
"14/10/2016";"02:22:00";"1290";"sem vítima";"12.3";"BR-116/SC";"Sul";"Colisão Transversal";1;0;0;0;0;0;0;0;0;1;8;0;0;0;0
"14/10/2016";"04:14:00";"1304";"sem vítima";"266";"BR-116/SC";"Norte";"Tombamento";0;0;1;0;0;0;0;0;0;0;1;0;0;0;0
"14/10/2016";"06:36:00";"1317";"com vítima";"116.2";"BR-116/PR";"Norte";"Colisão Traseira";3;0;0;0;0;0;0;0;0;0;4;1;0;0;0
"15/10/2016";"12:53:00";"1340";"sem vítima";"1.9";"BR-116/SC";"Sul";"Colisão Traseira";2;0;0;0;0;0;0;0;0;0;6;0;0;0;0
"15/10/2016";"06:22:00";"1345";"sem vítima";"11";"BR-116/SC";"Sul";"Saida de Pista";0;0;1;0;0;0;0;0;0;0;1;0;0;0;0
"15/10/2016";"04:29:00";"1398";"sem vítima";"109.9";"BR-116/SC";"Sul";"Saida de Pista";1;0;0;0;0;0;0;0;0;0;1;0;0;0;0
"15/10/2016";"05:35:00";"1402";"com vítima";"118.85";"BR-116/PR";"Sul";"Choque - Elemento de Drenagem";1;0;0;0;0;0;0;0;0;0;0;1;0;0;0
"15/10/2016";"07:01:00";"1407";"com vítima";"118.85";"BR-116/PR";"Norte";"Colisão Lateral";1;0;0;0;0;0;0;0;0;1;5;2;0;0;0
"15/10/2016";"10:24:00";"1412";"sem vítima";"63";"BR-116/SC";"Sul";"Atropelamento de Animal";1;0;0;0;0;0;0;0;0;0;5;0;0;0;0
"16/10/2016";"03:52:00";"1421";"sem vítima";"4.5";"BR-116/SC";"Norte";"Choque - Defensa, barreira ou "submarino"";0;0;0;0;0;0;0;0;0;1;5;0;0;0;0
"16/10/2016";"10:26:00";"1439";"sem vítima";"134";"BR-116/PR";"Sul";"Choque - Defensa, barreira ou "submarino"";0;0;1;0;0;0;0;0;0;0;1;0;0;0;0
"16/10/2016";"12:44:00";"1444";"com vítima";"128";"BR-116/PR";"Norte";"Queda de Moto";0;0;0;1;0;0;0;0;0;0;0;2;0;0;0
"16/10/2016";"04:45:00";"1463";"sem vítima";"150.7";"BR-116/PR";"Norte";"Saida de Pista";1;0;0;0;0;0;0;0;0;0;2;0;0;0;0
"16/10/2016";"05:27:00";"1466";"sem vítima";"153";"BR-116/PR";"Sul";"Colisão Traseira";1;0;1;0;0;0;0;0;0;0;3;0;0;0;0
"16/10/2016";"07:09:00";"1477";"sem vítima";"255.5";"BR-116/SC";"Norte";"Colisão Traseira";2;0;0;0;0;0;0;0;0;0;5;0;0;0;0
"16/10/2016";"08:18:00";"1488";"sem vítima";"166.85";"BR-116/PR";"Sul";"Colisão Transversal";1;0;0;0;0;0;0;0;0;1;5;0;0;0;0
"16/10/2016";"09:57:00";"1498";"sem vítima";"184.7";"BR-116/SC";"Norte";"Saida de Pista";1;0;0;0;0;0;0;0;0;0;2;0;0;0;0
"17/10/2016";"06:23:00";"1513";"com vítima";"4.5";"BR-116/SC";"Norte";"Atropelamento - Ciclista";0;1;1;0;0;0;0;0;0;0;1;1;0;0;0
"17/10/2016";"06:29:00";"1514";"com vítima";"156.65";"BR-116/PR";"Norte";"Atropelamento - Usuário";1;0;0;0;0;0;0;0;0;0;0;1;0;0;1
"18/10/2016";"10:07:00";"1737";"com vítima";"165";"BR-116/PR";"Norte";"Colisão Traseira";1;0;1;0;0;0;0;0;0;0;1;2;0;0;0
"18/10/2016";"10:13:00";"1738";"sem vítima";"129";"BR-116/PR";"Norte";"Saida de Pista";1;0;0;0;0;0;0;0;0;0;1;0;0;0;0
"18/10/2016";"10:38:00";"1741";"sem vítima";"110.12";"BR-116/SC";"Sul";"Choque - Veiculo parado na pista";0;0;2;0;0;0;0;0;0;0;2;0;0;0;0
"19/10/2016";"10:13:00";"1782";"sem vítima";"126";"BR-116/PR";"Sul";"Colisão Lateral";1;0;0;0;0;1;0;0;0;0;2;0;0;0;0
"19/10/2016";"03:17:00";"1830";"com vítima";"115.3";"BR-116/PR";"Sul";"Colisão Traseira";1;0;0;1;0;0;0;0;0;0;1;1;0;0;0
"19/10/2016";"06:22:00";"1846";"com vítima";"115";"BR-116/PR";"Sul";"Colisão Lateral";1;0;0;1;0;0;0;0;0;0;1;1;0;0;0
"20/10/2016";"07:39:00";"1874";"sem vítima";"118";"BR-116/PR";"Norte";"Colisão Lateral";1;0;1;0;0;0;0;0;0;0;2;0;0;0;0
"20/10/2016";"07:52:00";"1875";"com vítima";"115";"BR-116/PR";"Norte";"Colisão Lateral";0;0;0;1;0;0;0;0;0;1;1;1;0;0;0
"20/10/2016";"10:08:00";"1904";"com vítima";"181.4";"BR-116/SC";"Norte";"Tombamento";0;0;1;0;0;0;0;0;0;0;0;1;0;0;0
"20/10/2016";"07:49:00";"2005";"sem vítima";"301";"BR-116/SC";"Sul";"Choque - Veiculo parado no acostamento";0;0;2;0;0;0;0;0;0;0;2;0;0;0;0
"21/10/2016";"01:56:00";"2078";"sem vítima";"116.4";"BR-116/PR";"Norte";"Colisão Traseira";3;0;0;0;0;0;0;0;0;0;3;0;0;0;0
"21/10/2016";"10:04:00";"2143";"sem vítima";"201.2";"BR-116/SC";"Sul";"Choque - Objeto sobre a pista";1;0;0;0;0;0;0;0;0;0;1;0;0;0;0
"22/10/2016";"03:13:00";"2157";"sem vítima";"115.8";"BR-116/PR";"Sul";"Saida de Pista";1;0;0;0;0;0;0;0;0;0;2;0;0;0;0
"22/10/2016";"05:27:00";"2161";"sem vítima";"126";"BR-116/PR";"Sul";"Colisão Transversal";2;0;0;0;0;0;0;0;0;0;2;0;0;0;0
"22/10/2016";"12:14:00";"2196";"sem vítima";"141";"BR-116/SC";"Norte";"Choque - Talude";1;0;0;0;0;0;0;0;0;0;1;0;0;0;0
"22/10/2016";"01:25:00";"2201";"com vítima";"115.8";"BR-116/PR";"Sul";"Colisão Lateral";0;0;0;1;0;1;0;0;0;0;1;1;0;0;0
"22/10/2016";"01:52:00";"2202";"sem vítima";"23.3";"BR-116/SC";"Sul";"Colisão Traseira";0;0;1;0;0;0;0;0;0;1;3;0;0;0;0
"22/10/2016";"08:33:00";"2227";"com vítima";"127.85";"BR-116/PR";"Norte";"Colisão Transversal";1;0;0;1;0;0;0;0;0;0;2;2;0;0;0
"23/10/2016";"11:50:00";"2273";"com vítima";"169";"BR-116/PR";"Sul";"Colisão Transversal";2;0;0;0;0;0;0;0;0;0;2;2;0;1;0
"23/10/2016";"03:52:00";"2294";"com vítima";"123.1";"BR-116/PR";"Norte";"Queda de Moto";0;0;0;1;0;0;0;0;0;0;0;0;0;1;1
"23/10/2016";"04:55:00";"2299";"sem vítima";"170.6";"BR-116/SC";"Sul";"Saida de Pista";1;0;0;0;0;0;0;0;0;0;1;0;0;0;0
"23/10/2016";"06:59:00";"2310";"com vítima";"6.9";"BR-116/SC";"Norte";"Colisão Transversal";2;0;0;0;0;0;0;0;0;0;1;1;0;0;0
"24/10/2016";"12:20:00";"2322";"sem vítima";"223.7";"BR-116/SC";"Norte";"Atropelamento de Animal";1;0;0;0;0;0;0;0;0;0;2;0;0;0;0
"24/10/2016";"02:31:00";"2325";"sem vítima";"16.3";"BR-116/SC";"Sul";"Atropelamento de Animal";1;0;0;0;0;0;0;0;0;0;1;0;0;0;0
"24/10/2016";"07:18:00";"2335";"com vítima";"115";"BR-116/PR";"Norte";"Colisão Lateral";1;0;0;1;0;0;0;0;0;0;1;1;0;0;0
"24/10/2016";"08:23:00";"2342";"sem vítima";"152";"BR-116/PR";"Norte";"Colisão Transversal";2;0;0;0;0;0;0;0;0;0;3;0;0;0;0
"24/10/2016";"09:31:00";"2442";"com vítima";"205.3";"BR-116/SC";"Norte";"Saida de Pista";0;0;1;0;0;0;0;0;0;0;0;1;0;0;0
"25/10/2016";"09:34:00";"2476";"sem vítima";"194.6";"BR-116/PR";"Sul";"Colisão Traseira";0;0;0;0;1;0;0;0;0;1;2;0;0;0;0
"25/10/2016";"02:19:00";"2495";"com vítima";"210.8";"BR-116/PR";"Norte";"Atropelamento - Morador";1;0;0;0;0;0;0;0;0;0;1;1;0;0;0
"25/10/2016";"03:55:00";"2514";"sem vítima";"214.1";"BR-116/SC";"Sul";"Saida de Pista";1;0;0;0;0;0;0;0;0;0;1;0;0;0;0
"25/10/2016";"04:44:00";"2525";"sem vítima";"193.8";"BR-116/PR";"Sul";"Saida de Pista";0;0;1;0;0;1;0;0;0;0;2;0;0;0;0
"25/10/2016";"09:23:00";"2541";"sem vítima";"4.5";"BR-116/SC";"Norte";"Colisão Transversal";2;0;0;0;0;0;0;0;0;0;6;0;0;0;0
"26/10/2016";"12:28:00";"2549";"sem vítima";"118.8";"BR-116/PR";"Sul";"Saida de Pista";1;0;0;0;0;0;0;0;0;0;1;0;0;0;0
"26/10/2016";"01:23:00";"2596";"sem vítima";"5.005";"BR-116/SC";"Norte";"Colisão Transversal";2;0;0;0;0;0;0;0;0;0;2;0;0;0;0
"26/10/2016";"03:57:00";"2610";"com vítima";"173.3";"BR-116/SC";"Norte";"Queda de Moto";0;0;0;1;0;0;0;0;0;0;0;1;0;0;0
"26/10/2016";"05:07:00";"2622";"sem vítima";"169.5";"BR-116/SC";"Sul";"Atropelamento de Animal";1;0;0;0;0;0;0;0;0;0;1;0;0;0;0
"26/10/2016";"08:36:00";"2634";"com vítima";"141.9";"BR-116/PR";"Norte";"Queda de Moto";0;0;0;1;0;0;0;0;0;0;1;0;0;1;0
"27/10/2016";"10:19:00";"2688";"sem vítima";"141.4";"BR-116/PR";"Norte";"Colisão Lateral";1;0;1;0;0;0;0;0;0;0;2;0;0;0;0
"27/10/2016";"06:08:00";"2752";"sem vítima";"230";"BR-116/SC";"Norte";"Choque - Veiculo parado no acostamento";1;0;0;0;0;1;0;0;0;0;2;0;0;0;0
"27/10/2016";"08:45:00";"2763";"sem vítima";"120.5";"BR-116/PR";"Sul";"Colisão Traseira";2;0;0;0;0;0;0;0;0;0;2;0;0;0;0
"28/10/2016";"07:17:00";"2788";"com vítima";"115";"BR-116/PR";"Norte";"Colisão Traseira";1;0;0;1;0;0;0;0;0;0;1;1;0;0;0
"28/10/2016";"07:56:00";"2792";"sem vítima";"116";"BR-116/PR";"Sul";"Colisão Traseira";2;0;1;0;0;0;0;0;0;0;3;0;0;0;0
"28/10/2016";"04:54:00";"2870";"sem vítima";"117.5";"BR-116/PR";"Norte";"Colisão Lateral";1;0;0;0;0;1;0;0;0;0;2;0;0;0;0
"28/10/2016";"10:07:00";"2893";"com vítima";"85.7";"BR-116/SC";"Norte";"Colisão Transversal";1;0;1;0;0;0;0;0;0;0;2;1;0;0;0
"29/10/2016";"12:10:00";"2926";"com vítima";"122.6";"BR-116/PR";"Sul";"Colisão Traseira";0;0;1;1;0;0;0;0;0;0;1;1;0;0;0
"29/10/2016";"12:40:00";"2927";"com vítima";"120";"BR-116/PR";"Sul";"Engavetamento";1;0;1;1;0;1;0;0;0;0;3;1;0;0;0
"29/10/2016";"07:13:00";"2966";"com vítima";"11.6";"BR-116/SC";"Sul";"Colisão Traseira";2;0;0;0;0;0;0;0;0;0;3;1;0;0;0
"29/10/2016";"08:31:00";"2970";"sem vítima";"167.95";"BR-116/SC";"Sul";"Saida de Pista";1;0;0;0;0;0;0;0;0;0;2;0;0;0;0
"29/10/2016";"09:00:00";"2971";"com vítima";"18.9";"BR-116/SC";"Sul";"Colisão Traseira";1;0;0;0;0;1;0;0;0;0;1;1;0;0;0
"29/10/2016";"09:09:00";"2972";"sem vítima";"119.45";"BR-116/PR";"Norte";"Incêndio";1;0;0;0;0;0;0;0;0;0;1;0;0;0;0
"30/10/2016";"03:33:00";"3002";"com vítima";"257.5";"BR-116/SC";"Sul";"Saida de Pista";0;0;0;1;0;0;0;0;0;0;0;2;0;0;0
"30/10/2016";"06:03:00";"3022";"sem vítima";"143.2";"BR-116/SC";"Sul";"Colisão Transversal";0;0;0;1;0;1;0;0;0;0;2;0;0;0;0
"31/10/2016";"07:52:00";"3055";"com vítima";"116";"BR-116/PR";"Norte";"Colisão Traseira";1;0;0;1;0;0;0;0;0;0;1;1;0;0;0
"31/10/2016";"09:47:00";"3075";"sem vítima";"21";"BR-116/SC";"Norte";"Colisão Traseira";1;0;1;0;0;0;0;0;0;0;2;0;0;0;0
"31/10/2016";"02:53:00";"3125";"sem vítima";"172.7";"BR-116/SC";"Sul";"Colisão Traseira";0;0;1;0;0;1;0;0;0;0;2;0;0;0;0
"31/10/2016";"04:04:00";"3140";"sem vítima";"118.87";"BR-116/PR";"Norte";"Colisão Transversal";1;0;0;0;0;0;0;0;0;1;4;0;0;0;0
"01/11/2016";"04:44:00";"7";"sem vítima";"163.4";"BR-116/SC";"Sul";"Atropelamento de Animal";0;0;1;0;0;0;0;0;0;0;1;0;0;0;0
"01/11/2016";"05:01:00";"108";"sem vítima";"155.5";"BR-116/PR";"Sul";"Saida de Pista";1;0;0;0;0;0;0;0;0;0;1;0;0;0;0
"01/11/2016";"07:06:00";"119";"sem vítima";"208.9";"BR-116/SC";"Norte";"Colisão Transversal";2;0;0;0;0;0;0;0;0;0;3;0;0;0;0
"01/11/2016";"10:46:00";"134";"sem vítima";"156.8";"BR-116/PR";"Sul";"Colisão Transversal";2;0;0;0;0;0;0;0;0;0;2;0;0;0;0
"02/11/2016";"09:00:00";"159";"sem vítima";"37.5";"BR-116/SC";"Norte";"Saida de Pista";1;0;0;0;0;0;0;0;0;0;1;0;0;0;0