data;horario;n_da_ocorrencia;tipo_de_ocorrencia;km;trecho;sentido;tipo_de_acidente;automovel;bicicleta;caminhao;moto;onibus;outros;tracao_animal;transporte_de_cargas_especiais;trator_maquinas;utilitarios;ilesos;levemente_feridos;moderadamente_feridos;gravemente_feridos;mortos
"06/12/2016";"08:54:00";"581";"com vítima";"127";"BR-116/PR";"Norte";"Queda de Moto";0;0;0;1;0;0;0;0;0;0;1;1;0;0;0
"06/12/2016";"08:55:00";"582";"sem vítima";"192";"BR-116/SC";"Norte";"Colisão Lateral";2;0;0;0;0;0;0;0;0;0;2;0;0;0;0
"06/12/2016";"01:58:00";"626";"com vítima";"219.77";"BR-116/SC";"Sul";"Atropelamento - Usuário";0;0;0;1;0;0;0;0;0;0;0;1;0;1;0
"06/12/2016";"05:24:00";"660";"sem vítima";"152";"BR-116/PR";"Norte";"Colisão Transversal";1;0;1;0;0;0;0;0;0;0;2;0;0;0;0
"06/12/2016";"05:49:00";"662";"com vítima";"19.1";"BR-116/SC";"Sul";"Choque - Veiculo parado na pista";0;0;2;0;0;0;0;0;0;0;1;1;0;0;0
"06/12/2016";"09:07:00";"676";"com vítima";"125.9";"BR-116/PR";"Norte";"Atropelamento - Usuário";0;0;0;0;0;1;0;0;0;0;1;0;0;1;0
"07/12/2016";"12:05:00";"752";"sem vítima";"126.1";"BR-116/PR";"Sul";"Colisão Traseira";1;0;0;0;0;1;0;0;0;0;2;0;0;0;0
"07/12/2016";"06:12:00";"804";"sem vítima";"4.5";"BR-116/SC";"Sul";"Colisão Lateral";1;0;1;0;0;0;0;0;0;0;2;0;0;0;0
"07/12/2016";"07:06:00";"810";"sem vítima";"116.7";"BR-116/PR";"Norte";"Colisão Traseira";3;0;0;0;0;0;0;0;0;0;8;0;0;0;0
"07/12/2016";"07:07:00";"811";"sem vítima";"151.1";"BR-116/PR";"Sul";"Choque - Defensa, barreira ou "submarino"";0;0;1;0;0;0;0;0;0;0;1;0;0;0;0
"08/12/2016";"07:01:00";"841";"com vítima";"308.75";"BR-116/SC";"Norte";"Tombamento";0;0;1;0;0;0;0;0;0;0;0;1;0;0;0
"08/12/2016";"07:46:00";"847";"com vítima";"126";"BR-116/PR";"Norte";"Colisão Lateral";0;0;0;1;0;1;0;0;0;0;1;1;0;0;0
"08/12/2016";"08:10:00";"968";"sem vítima";"122";"BR-116/PR";"Norte";"Saida de Pista";1;0;0;0;0;1;0;0;0;0;2;0;0;0;0
"08/12/2016";"10:31:00";"974";"com vítima";"38.7";"BR-116/SC";"Sul";"Colisão Traseira";1;0;0;0;0;0;0;0;0;1;1;1;0;0;0
"09/12/2016";"07:01:00";"988";"com vítima";"118.8";"BR-116/PR";"Norte";"Colisão Lateral";1;0;0;1;0;0;0;0;0;0;1;2;0;0;0
"09/12/2016";"01:02:00";"1041";"sem vítima";"2";"BR-116/SC";"Sul";"Colisão Traseira";1;0;0;0;0;1;0;0;0;0;5;0;0;0;0
"09/12/2016";"01:28:00";"1043";"com vítima";"101.3";"BR-116/SC";"Sul";"Queda de Moto";0;0;0;1;0;0;0;0;0;0;0;1;0;0;0
"09/12/2016";"03:05:00";"1060";"sem vítima";"134";"BR-116/PR";"Sul";"Colisão Traseira";2;0;0;0;0;0;0;0;0;0;4;0;0;0;0
"09/12/2016";"05:42:00";"1082";"sem vítima";"199.6";"BR-116/SC";"Norte";"Tombamento";0;0;0;0;0;0;0;0;1;0;1;0;0;0;0
"09/12/2016";"10:29:00";"1093";"sem vítima";"204.9";"BR-116/PR";"Norte";"Saida de Pista";2;0;0;0;0;0;0;0;0;0;4;0;0;0;0
"10/12/2016";"12:12:00";"1101";"sem vítima";"81.2";"BR-116/SC";"Sul";"Outros";0;0;1;0;0;0;0;0;0;0;1;0;0;0;0
"10/12/2016";"12:17:00";"1104";"sem vítima";"210.3";"BR-116/SC";"Sul";"Saida de Pista";1;0;0;0;0;0;0;0;0;0;1;0;0;0;0
"10/12/2016";"07:10:00";"1116";"com vítima";"119";"BR-116/PR";"Norte";"Choque - Defensa, barreira ou "submarino"";0;0;0;1;0;0;0;0;0;0;0;1;0;0;0
"10/12/2016";"08:02:00";"1118";"sem vítima";"118.4";"BR-116/PR";"Norte";"Choque - Veiculo parado na pista";2;0;0;0;0;0;0;0;0;0;2;0;0;0;0
"10/12/2016";"03:35:00";"1142";"sem vítima";"48.5";"BR-116/SC";"Norte";"Colisão Lateral";2;0;0;0;0;0;0;0;0;0;4;0;0;0;0
"10/12/2016";"05:12:00";"1144";"com vítima";"16.65";"BR-116/SC";"Sul";"Capotamento";1;0;0;0;0;1;0;0;0;0;1;2;0;0;0
"10/12/2016";"08:07:00";"1157";"sem vítima";"118.1";"BR-116/PR";"Sul";"Colisão Lateral";1;0;1;0;0;0;0;0;0;0;6;0;0;0;0
"11/12/2016";"12:16:00";"1169";"sem vítima";"59.8";"BR-116/SC";"Sul";"Atropelamento de Animal";1;0;0;0;0;0;0;0;0;0;1;0;0;0;0
"11/12/2016";"01:51:00";"1174";"sem vítima";"126";"BR-116/PR";"Norte";"Colisão Transversal";2;0;0;0;0;0;0;0;0;0;5;0;0;0;0
"11/12/2016";"04:57:00";"1177";"sem vítima";"225.85";"BR-116/SC";"Sul";"Colisão Frontal";1;0;1;0;0;0;0;0;0;0;2;0;0;0;0
"11/12/2016";"05:31:00";"1179";"sem vítima";"141";"BR-116/PR";"Norte";"Choque - Objeto sobre a pista";1;0;0;0;0;0;0;0;0;0;1;0;0;0;0
"11/12/2016";"05:31:00";"1178";"sem vítima";"141";"BR-116/PR";"Norte";"Saida de Pista";0;0;1;0;0;0;0;0;0;0;1;0;0;0;0
"11/12/2016";"11:56:00";"1205";"com vítima";"120";"BR-116/PR";"Norte";"Queda de Moto";1;0;0;1;0;0;0;0;0;0;1;0;0;1;0
"11/12/2016";"02:50:00";"1213";"sem vítima";"139";"BR-116/PR";"Sul";"Saida de Pista";1;0;0;0;0;0;0;0;0;0;1;0;0;0;0
"11/12/2016";"03:24:00";"1215";"sem vítima";"47.5";"BR-116/SC";"Norte";"Colisão Traseira";2;0;0;0;0;0;0;0;0;0;6;0;0;0;0
"11/12/2016";"04:35:00";"1220";"sem vítima";"168.3";"BR-116/SC";"Sul";"Tombamento";0;0;1;0;0;0;0;0;0;0;1;0;0;0;0
"11/12/2016";"07:49:00";"1245";"sem vítima";"129.2";"BR-116/PR";"Norte";"Colisão Lateral";0;0;1;0;0;0;0;0;0;1;2;0;0;0;0
"11/12/2016";"08:09:00";"1247";"sem vítima";"147.5";"BR-116/PR";"Norte";"Capotamento";1;0;0;0;0;0;0;0;0;0;1;0;0;0;0
"11/12/2016";"09:42:00";"1256";"sem vítima";"226.95";"BR-116/SC";"Sul";"Saida de Pista";1;0;0;0;0;0;0;0;0;0;1;0;0;0;0
"11/12/2016";"10:14:00";"1259";"sem vítima";"134.2";"BR-116/PR";"Norte";"Colisão Lateral";1;0;0;0;0;0;0;0;0;1;2;0;0;0;0
"12/12/2016";"04:50:00";"1277";"com vítima";"1";"BR-116/SC";"Sul";"Queda de Moto";0;0;0;1;0;0;0;0;0;0;0;1;0;0;0
"12/12/2016";"06:57:00";"1279";"com vítima";"128.05";"BR-116/PR";"Norte";"Colisão Traseira";0;0;1;1;0;0;0;0;0;0;1;1;0;0;0
"12/12/2016";"02:49:00";"1361";"sem vítima";"125.8";"BR-116/PR";"Norte";"Colisão Traseira";3;0;0;0;0;1;0;0;0;0;4;0;0;0;0
"12/12/2016";"05:12:00";"1386";"sem vítima";"146.95";"BR-116/PR";"Norte";"Colisão Lateral";0;0;2;0;0;0;0;0;0;0;2;0;0;0;0
"12/12/2016";"06:42:00";"1392";"sem vítima";"126.3";"BR-116/PR";"Sul";"Colisão Transversal";3;0;0;0;0;0;0;0;0;0;4;0;0;0;0
"12/12/2016";"09:38:00";"1407";"sem vítima";"137";"BR-116/PR";"Sul";"Atropelamento de Animal";0;0;0;0;0;0;0;0;0;1;3;0;0;0;0
"12/12/2016";"10:18:00";"1410";"sem vítima";"145";"BR-116/PR";"Sul";"Saida de Pista";1;0;0;0;0;0;0;0;0;0;1;0;0;0;0
"12/12/2016";"10:48:00";"1411";"sem vítima";"130.5";"BR-116/PR";"Sul";"Capotamento";1;0;0;0;0;0;0;0;0;0;4;0;0;0;0
"13/12/2016";"01:09:00";"1427";"com vítima";"117";"BR-116/PR";"Sul";"Colisão Transversal";2;0;0;0;0;0;0;0;0;0;1;1;0;0;0
"13/12/2016";"06:09:00";"1436";"sem vítima";"142.1";"BR-116/SC";"Sul";"Colisão Traseira";2;0;1;0;0;0;0;0;0;0;3;0;0;0;0
"13/12/2016";"12:24:00";"1492";"com vítima";"126";"BR-116/PR";"Norte";"Colisão Traseira";1;0;1;0;0;0;0;0;0;0;1;1;0;0;0
"13/12/2016";"08:38:00";"1553";"com vítima";"214.1";"BR-116/SC";"Norte";"Saida de Pista";1;0;0;0;0;0;0;0;0;0;0;2;0;0;0
"14/12/2016";"07:16:00";"1578";"com vítima";"12";"BR-116/SC";"Sul";"Colisão Transversal";1;0;0;1;0;0;0;0;0;0;1;1;0;0;0
"14/12/2016";"08:04:00";"1581";"com vítima";"128";"BR-116/PR";"Norte";"Queda de Moto";0;0;0;1;0;0;0;0;0;0;0;1;0;0;0
"14/12/2016";"04:42:00";"1658";"sem vítima";"18.3";"BR-116/SC";"Sul";"Colisão Traseira";2;0;0;0;0;0;0;0;0;0;2;0;0;0;0
"14/12/2016";"06:54:00";"1666";"com vítima";"116.1";"BR-116/PR";"Sul";"Colisão Lateral";1;0;0;1;0;0;0;0;0;0;1;1;0;0;0
"15/12/2016";"08:45:00";"1721";"com vítima";"152";"BR-116/PR";"Sul";"Queda de Moto";0;0;0;1;0;0;0;0;0;0;0;1;0;0;0
"15/12/2016";"12:03:00";"1767";"sem vítima";"118.5";"BR-116/PR";"Norte";"Saida de Pista";0;0;0;0;0;0;0;0;0;1;1;0;0;0;0
"15/12/2016";"03:28:00";"1797";"com vítima";"210.8";"BR-116/PR";"Norte";"Colisão Transversal";1;0;1;0;0;0;0;0;0;0;1;1;0;0;0
"16/12/2016";"11:10:00";"1885";"sem vítima";"117";"BR-116/PR";"Norte";"Colisão Traseira";2;0;0;0;0;0;0;0;0;0;2;0;0;0;0
"16/12/2016";"09:02:00";"1944";"sem vítima";"150.6";"BR-116/PR";"Norte";"Saida de Pista";0;0;0;0;0;0;0;0;0;1;1;0;0;0;0
"16/12/2016";"09:28:00";"1948";"sem vítima";"129";"BR-116/PR";"Norte";"Choque - Defensa, barreira ou "submarino"";1;0;0;0;0;0;0;0;0;0;1;0;0;0;0
"17/12/2016";"02:31:00";"1969";"sem vítima";"255.86";"BR-116/SC";"Norte";"Saida de Pista";1;0;0;0;0;0;0;0;0;0;1;0;0;0;0
"17/12/2016";"06:49:00";"1977";"sem vítima";"289";"BR-116/SC";"Norte";"Colisão Traseira";1;0;0;0;0;1;0;0;0;0;2;0;0;0;0
"17/12/2016";"11:59:00";"1996";"sem vítima";"248";"BR-116/SC";"Sul";"Atropelamento de Animal";1;0;0;0;0;0;0;0;0;0;1;0;0;0;0
"17/12/2016";"12:21:00";"1998";"com vítima";"211.2";"BR-116/SC";"Norte";"Colisão Lateral";3;0;1;0;0;0;0;0;0;0;4;1;0;0;0
"18/12/2016";"05:07:00";"2056";"sem vítima";"8";"BR-116/SC";"Norte";"Colisão Lateral";2;0;0;0;0;0;0;0;0;0;2;0;0;0;0
"18/12/2016";"05:29:00";"2058";"com vítima";"21.7";"BR-116/SC";"Norte";"Saida de Pista";1;0;0;0;0;0;0;0;0;0;0;1;0;0;0
"18/12/2016";"09:34:00";"2067";"sem vítima";"260";"BR-116/SC";"Norte";"Saida de Pista";1;0;0;0;0;0;0;0;0;0;1;0;0;0;0
"18/12/2016";"11:41:00";"2076";"com vítima";"57.2";"BR-116/SC";"Norte";"Colisão Frontal";1;0;0;1;0;0;0;0;0;0;0;1;1;0;0
"18/12/2016";"12:46:00";"2079";"sem vítima";"227.2";"BR-116/SC";"Sul";"Atropelamento de Animal";1;0;0;0;0;0;0;0;0;0;1;0;0;0;0
"18/12/2016";"04:16:00";"2091";"sem vítima";"134";"BR-116/PR";"Sul";"Colisão Transversal";2;0;0;0;0;0;0;0;0;0;2;0;0;0;0
"18/12/2016";"09:18:00";"2126";"sem vítima";"29.7";"BR-116/SC";"Sul";"Atropelamento de Animal";1;0;0;0;0;0;0;0;0;0;3;0;0;0;0
"18/12/2016";"11:26:00";"2142";"sem vítima";"117.4";"BR-116/PR";"Sul";"Engavetamento";3;0;0;0;0;0;0;0;0;0;5;0;0;0;0
"19/12/2016";"02:00:00";"2216";"sem vítima";"173.8";"BR-116/SC";"Sul";"Colisão Lateral";1;0;1;0;0;0;0;0;0;0;3;0;0;0;0
"19/12/2016";"02:46:00";"2223";"com vítima";"161.8";"BR-116/SC";"Sul";"Saida de Pista";1;0;0;0;0;0;0;0;0;0;0;2;0;0;0
"20/12/2016";"01:00:00";"2266";"com vítima";"125.8";"BR-116/PR";"Norte";"Colisão Transversal";1;0;1;0;0;0;0;0;0;0;1;1;0;1;0
"20/12/2016";"03:54:00";"2273";"com vítima";"19.3";"BR-116/SC";"Norte";"Tombamento";0;0;1;0;0;0;0;0;0;0;0;1;0;0;0
"20/12/2016";"08:49:00";"2283";"sem vítima";"2.5";"BR-116/SC";"Norte";"Colisão Traseira";1;0;0;0;0;0;0;0;0;1;2;0;0;0;0
"20/12/2016";"10:34:00";"2294";"sem vítima";"207.4";"BR-116/SC";"Sul";"Tombamento";0;0;1;0;0;0;0;0;0;0;1;0;0;0;0
"20/12/2016";"03:00:00";"2315";"sem vítima";"131.8";"BR-116/PR";"Sul";"Saida de Pista";0;0;1;0;0;0;0;0;0;0;1;0;0;0;0
"20/12/2016";"04:45:00";"2329";"sem vítima";"59.8";"BR-116/SC";"Norte";"Colisão Traseira";1;0;1;0;0;0;0;0;0;0;4;0;0;0;0
"20/12/2016";"04:59:00";"2330";"com vítima";"140.6";"BR-116/SC";"Sul";"Tombamento";0;0;1;0;0;0;0;0;0;0;0;1;0;0;0
"20/12/2016";"07:19:00";"2339";"sem vítima";"115.5";"BR-116/PR";"Norte";"Colisão Traseira";0;0;2;0;0;0;0;0;0;0;2;0;0;0;0
"20/12/2016";"10:53:00";"2355";"sem vítima";"154";"BR-116/PR";"Norte";"Atropelamento de Animal";1;0;0;0;0;0;0;0;0;0;1;0;0;0;0
"21/12/2016";"07:02:00";"2375";"sem vítima";"122.5";"BR-116/PR";"Norte";"Colisão Lateral";1;0;1;0;0;0;0;0;0;0;2;0;0;0;0
"21/12/2016";"09:53:00";"2396";"sem vítima";"121";"BR-116/PR";"Norte";"Colisão Lateral";1;0;1;0;0;0;0;0;0;0;2;0;0;0;0
"22/12/2016";"02:33:00";"2532";"sem vítima";"204";"BR-116/PR";"Norte";"Colisão Traseira";1;0;0;0;0;0;0;0;0;1;2;0;0;0;0
"22/12/2016";"03:17:00";"2540";"sem vítima";"189";"BR-116/PR";"Norte";"Saida de Pista";0;0;1;0;0;0;0;0;0;0;2;0;0;0;0
"22/12/2016";"05:38:00";"2554";"com vítima";"281.12";"BR-116/SC";"Norte";"Capotamento";1;0;0;0;0;0;0;0;0;0;0;1;0;0;0
"23/12/2016";"03:31:00";"2590";"sem vítima";"125.5";"BR-116/PR";"Sul";"Saida de Pista";1;0;0;0;0;0;0;0;0;0;1;0;0;0;0
"23/12/2016";"11:53:00";"2641";"sem vítima";"115";"BR-116/PR";"Norte";"Colisão Traseira";1;0;1;0;0;0;0;0;0;0;5;0;0;0;0
"23/12/2016";"02:32:00";"2662";"sem vítima";"152.2";"BR-116/SC";"Norte";"Choque - Veiculo parado na pista";1;0;1;0;0;0;0;0;0;0;6;0;0;0;0
"23/12/2016";"04:22:00";"2675";"sem vítima";"116.4";"BR-116/PR";"Sul";"Colisão Lateral";1;0;0;1;0;0;0;0;0;0;2;0;0;0;0
"23/12/2016";"04:25:00";"2676";"sem vítima";"141.1";"BR-116/PR";"Sul";"Choque - Elemento de Drenagem";0;0;0;0;0;0;0;0;0;1;2;0;0;0;0
"23/12/2016";"04:28:00";"2677";"com vítima";"164.3";"BR-116/PR";"Norte";"Choque - Defensa, barreira ou "submarino"";0;0;0;0;0;0;0;0;0;1;1;1;0;0;0
"23/12/2016";"07:29:00";"2703";"com vítima";"149.5";"BR-116/PR";"Sul";"Colisão Transversal";0;0;0;1;0;1;0;0;0;0;1;0;0;1;0
"24/12/2016";"01:35:00";"2720";"sem vítima";"223.8";"BR-116/SC";"Norte";"Saida de Pista";1;0;0;0;0;0;0;0;0;0;1;0;0;0;0
"24/12/2016";"10:50:00";"2749";"com vítima";"116.9";"BR-116/PR";"Sul";"Colisão Traseira";2;0;0;1;0;0;0;0;0;0;2;1;0;0;0
"24/12/2016";"01:04:00";"2758";"sem vítima";"128";"BR-116/PR";"Sul";"Saida de Pista";1;0;0;0;0;0;0;0;0;0;1;0;0;0;0
"24/12/2016";"03:48:00";"2773";"com vítima";"168.8";"BR-116/PR";"Norte";"Saida de Pista";1;0;0;0;0;0;0;0;0;0;1;0;0;1;0
"24/12/2016";"06:53:00";"2794";"sem vítima";"215.1";"BR-116/SC";"Norte";"Colisão Traseira";1;0;0;0;0;0;0;0;0;0;1;0;0;0;0
"24/12/2016";"08:29:00";"2803";"com vítima";"259.95";"BR-116/SC";"Norte";"Choque - Talude";1;0;0;0;0;0;0;0;0;0;0;0;0;0;1
"24/12/2016";"11:35:00";"2815";"sem vítima";"111";"BR-116/SC";"Sul";"Atropelamento de Animal";1;0;0;0;0;0;0;0;0;0;1;0;0;0;0
"25/12/2016";"04:18:00";"2825";"sem vítima";"126";"BR-116/PR";"Sul";"Colisão Traseira";1;0;0;0;0;1;0;0;0;0;2;0;0;0;0
"25/12/2016";"06:14:00";"2833";"sem vítima";"11.2";"BR-116/SC";"Sul";"Saida de Pista";1;0;0;0;0;0;0;0;0;0;3;0;0;0;0
"25/12/2016";"10:38:00";"2849";"sem vítima";"150";"BR-116/PR";"Sul";"Colisão Transversal";2;0;0;0;0;0;0;0;0;0;2;0;0;0;0
"25/12/2016";"01:05:00";"2855";"com vítima";"57.5";"BR-116/SC";"Norte";"Colisão Transversal";2;0;0;0;0;0;0;0;0;0;0;2;0;3;0
"25/12/2016";"04:00:00";"2859";"sem vítima";"207.35";"BR-116/SC";"Sul";"Colisão Traseira";2;0;0;0;0;0;0;0;0;0;7;0;0;0;0
"25/12/2016";"05:33:00";"2869";"sem vítima";"54.8";"BR-116/SC";"Norte";"Colisão Lateral";2;0;0;0;0;1;0;0;0;0;5;0;0;0;0
"25/12/2016";"07:07:00";"2880";"sem vítima";"184.45";"BR-116/SC";"Sul";"Saida de Pista";1;0;0;0;0;0;0;0;0;0;4;0;0;0;0
"25/12/2016";"07:28:00";"2884";"sem vítima";"17.9";"BR-116/SC";"Sul";"Colisão Lateral";1;0;0;0;0;0;0;0;0;1;4;0;0;0;0
"26/12/2016";"12:22:00";"2959";"sem vítima";"193";"BR-116/PR";"Norte";"Colisão Traseira";0;0;2;0;0;0;0;0;0;0;2;0;0;0;0
"26/12/2016";"12:41:00";"2963";"sem vítima";"134";"BR-116/PR";"Norte";"Colisão Traseira";0;0;2;0;0;0;0;0;0;0;2;0;0;0;0
"26/12/2016";"05:07:00";"3001";"sem vítima";"215.5";"BR-116/SC";"Norte";"Colisão Traseira";1;0;1;0;0;0;0;0;0;0;2;0;0;0;0
"26/12/2016";"06:58:00";"3009";"sem vítima";"206.1";"BR-116/PR";"Norte";"Colisão Traseira";2;0;0;0;0;0;0;0;0;0;5;0;0;0;0
"26/12/2016";"07:54:00";"3011";"sem vítima";"135.9";"BR-116/PR";"Norte";"Choque - Elemento de Drenagem";1;0;0;0;0;0;0;0;0;0;1;0;0;0;0
"26/12/2016";"10:01:00";"3019";"sem vítima";"192";"BR-116/SC";"Sul";"Atropelamento de Animal";1;0;0;0;0;0;0;0;0;0;1;0;0;0;0
"27/12/2016";"12:08:00";"3031";"sem vítima";"31.3";"BR-116/SC";"Norte";"Colisão Lateral";0;0;2;0;0;0;0;0;0;0;2;0;0;0;0
"27/12/2016";"08:30:00";"3051";"com vítima";"182";"BR-116/PR";"Sul";"Colisão Transversal";1;0;0;0;0;1;0;0;0;0;2;1;0;0;0
"27/12/2016";"04:14:00";"3115";"com vítima";"50.7";"BR-116/SC";"Sul";"Tombamento";0;0;1;0;0;0;0;0;0;0;0;1;0;0;0
"27/12/2016";"05:25:00";"3128";"sem vítima";"122.3";"BR-116/PR";"Sul";"Colisão Traseira";2;0;0;0;0;0;0;0;0;0;3;0;0;0;0
"28/12/2016";"07:48:00";"3172";"com vítima";"132";"BR-116/PR";"Sul";"Queda de Moto";0;0;0;1;0;0;0;0;0;0;0;1;0;0;0
"28/12/2016";"05:14:00";"3264";"sem vítima";"140.4";"BR-116/PR";"Sul";"Colisão Traseira";2;0;0;0;0;0;0;0;0;0;3;0;0;0;0
"28/12/2016";"06:25:00";"3270";"com vítima";"129.2";"BR-116/PR";"Norte";"Atropelamento - Morador";0;0;0;0;0;1;0;0;0;0;1;0;0;0;1
"28/12/2016";"07:49:00";"3279";"com vítima";"247";"BR-116/SC";"Sul";"Colisão Transversal";1;0;0;1;0;0;0;0;0;0;3;1;0;0;0
"28/12/2016";"07:55:00";"3281";"sem vítima";"211.4";"BR-116/SC";"Sul";"Saida de Pista";1;0;0;0;0;0;0;0;0;0;1;0;0;0;0
"29/12/2016";"07:03:00";"3393";"sem vítima";"199";"BR-116/PR";"Sul";"Saida de Pista";1;0;0;0;0;0;0;0;0;0;1;0;0;0;0
"30/12/2016";"02:25:00";"3460";"sem vítima";"2.1";"BR-116/SC";"Sul";"Colisão Traseira";2;0;0;0;0;0;0;0;0;0;2;0;0;0;0
"30/12/2016";"04:21:00";"3473";"sem vítima";"118";"BR-116/PR";"Sul";"Colisão Lateral";0;0;2;0;0;0;0;0;0;0;2;0;0;0;0
"30/12/2016";"06:15:00";"3477";"sem vítima";"281";"BR-116/SC";"Norte";"Saida de Pista";1;0;0;0;0;0;0;0;0;0;4;0;0;0;0
"30/12/2016";"07:46:00";"3480";"sem vítima";"309";"BR-116/SC";"Sul";"Saida de Pista";1;0;0;0;0;0;0;0;0;0;1;0;0;0;0
"30/12/2016";"11:43:00";"3495";"sem vítima";"196.8";"BR-116/SC";"Sul";"Choque - Objeto sobre a pista";1;0;0;0;0;0;0;0;0;0;2;0;0;0;0
"30/12/2016";"11:44:00";"3496";"sem vítima";"196.8";"BR-116/SC";"Sul";"Choque - Objeto sobre a pista";1;0;0;0;0;0;0;0;0;0;4;0;0;0;0
"31/12/2016";"08:50:00";"3513";"sem vítima";"245.5";"BR-116/SC";"Sul";"Colisão Traseira";2;0;0;0;0;0;0;0;0;0;2;0;0;0;0
"31/12/2016";"01:19:00";"3521";"sem vítima";"162.5";"BR-116/PR";"Sul";"Colisão Transversal";2;0;0;0;0;0;0;0;0;0;2;0;0;0;0
"31/12/2016";"04:21:00";"3529";"com vítima";"264.3";"BR-116/SC";"Norte";"Queda de Moto";0;0;0;1;0;0;0;0;0;0;0;0;0;1;0
"31/12/2016";"10:48:00";"3547";"com vítima";"107.7";"BR-116/SC";"Norte";"Tombamento";0;0;1;0;0;0;0;0;0;0;0;1;0;0;0
"01/01/2017";"02:56:00";"4";"sem vítima";"142.5";"BR-116/PR";"Sul";"Atropelamento de Animal";1;0;0;0;0;0;0;0;0;0;1;0;0;0;0
"01/01/2017";"08:08:00";"15";"com vítima";"168.5";"BR-116/PR";"Sul";"Colisão Transversal";2;0;0;0;0;0;0;0;0;0;0;3;0;5;0
"01/01/2017";"01:46:00";"24";"sem vítima";"128";"BR-116/PR";"Norte";"Queda de Moto";0;0;0;1;0;0;0;0;0;0;2;0;0;0;0
"01/01/2017";"03:02:00";"30";"sem vítima";"33.5";"BR-116/SC";"Norte";"Colisão Lateral";1;0;0;0;0;1;0;0;0;0;2;0;0;0;0
"01/01/2017";"05:22:00";"41";"com vítima";"168.9";"BR-116/SC";"Sul";"Saida de Pista";1;0;0;0;0;0;0;0;0;0;3;1;0;0;0
"01/01/2017";"06:33:00";"49";"sem vítima";"23.6";"BR-116/SC";"Norte";"Atropelamento - Outros";1;0;0;0;0;0;0;0;0;0;6;0;0;0;0
"01/01/2017";"06:43:00";"51";"sem vítima";"8.5";"BR-116/SC";"Sul";"Colisão Traseira";2;0;0;0;0;1;0;0;0;0;9;0;0;0;0
"02/01/2017";"02:29:00";"116";"com vítima";"210.15";"BR-116/SC";"Sul";"Saida de Pista";1;0;0;0;0;0;0;0;0;0;0;1;0;0;0
"02/01/2017";"04:46:00";"140";"sem vítima";"234.55";"BR-116/SC";"Norte";"Saida de Pista";0;0;1;0;0;0;0;0;0;0;4;0;0;0;0
"02/01/2017";"09:18:00";"154";"com vítima";"126";"BR-116/PR";"Sul";"Queda de Moto";0;0;0;1;0;0;0;0;0;0;0;2;0;0;0
"04/01/2017";"08:44:00";"297";"sem vítima";"226.95";"BR-116/SC";"Sul";"Saida de Pista";1;0;0;0;0;0;0;0;0;0;1;0;0;0;0
"04/01/2017";"02:15:00";"344";"sem vítima";"151";"BR-116/PR";"Norte";"Tombamento";0;0;1;0;0;0;0;0;0;0;1;0;0;0;0
"05/01/2017";"04:57:00";"493";"sem vítima";"139.55";"BR-116/SC";"Sul";"Choque - Veiculo parado na pista";1;0;1;0;0;0;0;0;0;0;2;0;0;0;0
"06/01/2017";"03:07:00";"611";"sem vítima";"131";"BR-116/PR";"Norte";"Saida de Pista";1;0;0;0;0;0;0;0;0;0;1;0;0;0;0
"06/01/2017";"03:30:00";"615";"com vítima";"201.6";"BR-116/SC";"Norte";"Colisão Lateral";1;0;1;0;0;0;0;0;0;0;3;2;0;0;0
"06/01/2017";"04:20:00";"622";"sem vítima";"185";"BR-116/SC";"Norte";"Saida de Pista";1;0;0;0;0;0;0;0;0;0;1;0;0;0;0
"06/01/2017";"09:14:00";"639";"sem vítima";"4.5";"BR-116/SC";"Norte";"Colisão Transversal";2;0;0;0;0;0;0;0;0;0;2;0;0;0;0
"06/01/2017";"09:38:00";"641";"com vítima";"83.5";"BR-116/SC";"Sul";"Colisão Traseira";0;0;0;1;0;0;0;0;0;1;3;1;0;0;0
"06/01/2017";"10:46:00";"643";"sem vítima";"226";"BR-116/SC";"Sul";"Choque - Objeto sobre a pista";0;0;1;0;0;0;0;0;0;0;1;0;0;0;0
"07/01/2017";"06:21:00";"655";"com vítima";"150";"BR-116/PR";"Norte";"Choque - Objeto sobre a pista";0;0;0;1;0;0;0;0;0;0;0;1;0;0;0
"07/01/2017";"08:33:00";"661";"sem vítima";"125";"BR-116/PR";"Norte";"Colisão Traseira";2;0;0;0;0;0;0;0;0;0;2;0;0;0;0
"07/01/2017";"01:06:00";"684";"com vítima";"159.75";"BR-116/PR";"Norte";"Atropelamento - Morador";1;0;0;0;0;0;0;0;0;0;2;0;0;0;1
"07/01/2017";"10:49:00";"727";"sem vítima";"117";"BR-116/PR";"Norte";"Colisão Traseira";2;0;0;0;0;0;0;0;0;0;5;0;0;0;0
"08/01/2017";"02:44:00";"771";"com vítima";"182.05";"BR-116/PR";"Norte";"Queda de Moto";0;0;0;1;0;0;0;0;0;0;0;2;0;0;0
"09/01/2017";"11:43:00";"889";"sem vítima";"119";"BR-116/PR";"Sul";"Colisão Transversal";0;0;1;0;0;0;0;0;0;1;2;0;0;0;0
"09/01/2017";"05:17:00";"931";"com vítima";"134.7";"BR-116/SC";"Sul";"Saida de Pista";1;0;0;0;0;0;0;0;0;0;2;2;0;0;0