data;horario;n_da_ocorrencia;tipo_de_ocorrencia;km;trecho;sentido;tipo_de_acidente;automovel;bicicleta;caminhao;moto;onibus;outros;tracao_animal;transporte_de_cargas_especiais;trator_maquinas;utilitarios;ilesos;levemente_feridos;moderadamente_feridos;gravemente_feridos;mortos
"16/06/2017";"07:55:00";"1704";"sem vítima";"210";"BR-116/SC";"Sul";"Saida de Pista";1;0;0;0;0;0;0;0;0;0;1;0;0;0;0
"17/06/2017";"04:52:00";"1739";"com vítima";"235.8";"BR-116/SC";"Norte";"Colisão Lateral";1;0;1;0;0;1;0;0;0;0;2;0;0;1;0
"17/06/2017";"11:06:00";"1759";"com vítima";"266.16";"BR-116/SC";"Sul";"Saida de Pista";1;0;0;0;0;0;0;0;0;0;0;2;0;0;0
"17/06/2017";"01:26:00";"1768";"sem vítima";"117";"BR-116/PR";"Sul";"Colisão Traseira";1;0;0;0;0;1;0;0;0;0;3;0;0;0;0
"17/06/2017";"02:45:00";"1777";"sem vítima";"267.5";"BR-116/SC";"Norte";"Colisão Transversal";2;0;0;0;0;0;0;0;0;0;4;0;0;0;0
"17/06/2017";"03:32:00";"1787";"sem vítima";"71.9";"BR-116/SC";"Norte";"Colisão Lateral";0;0;1;0;1;0;0;0;0;0;33;0;0;0;0
"17/06/2017";"07:25:00";"1813";"sem vítima";"115";"BR-116/PR";"Norte";"Engavetamento";3;0;0;0;0;2;0;0;0;0;5;0;0;0;0
"17/06/2017";"09:38:00";"1828";"sem vítima";"133";"BR-116/SC";"Norte";"Colisão Traseira";0;0;1;0;0;0;0;0;0;1;2;0;0;0;0
"17/06/2017";"10:07:00";"1833";"sem vítima";"143";"BR-116/SC";"Sul";"Colisão Traseira";1;0;1;0;0;0;0;0;0;0;2;0;0;0;0
"18/06/2017";"09:59:00";"1868";"sem vítima";"167.8";"BR-116/PR";"Norte";"Colisão Traseira";1;0;0;0;0;1;0;0;0;0;2;0;0;0;0
"18/06/2017";"01:01:00";"1885";"com vítima";"230.55";"BR-116/SC";"Norte";"Saida de Pista";0;0;0;0;0;0;0;0;0;1;1;1;0;0;0
"18/06/2017";"01:30:00";"1888";"sem vítima";"47";"BR-116/SC";"Norte";"Colisão Traseira";1;0;0;0;0;0;0;0;0;1;2;0;0;0;0
"18/06/2017";"03:31:00";"1898";"com vítima";"69";"BR-116/SC";"Norte";"Queda de Moto";0;0;0;1;0;0;0;0;0;0;0;1;0;0;0
"18/06/2017";"04:23:00";"1903";"com vítima";"150.4";"BR-116/PR";"Norte";"Engavetamento";4;0;0;0;0;0;0;0;0;0;4;1;0;0;0
"18/06/2017";"06:11:00";"1918";"sem vítima";"154.8";"BR-116/PR";"Sul";"Colisão Traseira";2;0;0;0;0;0;0;0;0;0;2;0;0;0;0
"18/06/2017";"06:55:00";"1925";"com vítima";"116.3";"BR-116/PR";"Sul";"Colisão Traseira";3;0;0;1;0;0;0;0;0;0;3;3;0;0;0
"18/06/2017";"07:20:00";"1928";"com vítima";"152";"BR-116/PR";"Norte";"Atropelamento - Usuário";1;0;0;0;0;0;0;0;0;0;1;1;0;0;0
"18/06/2017";"07:35:00";"1929";"com vítima";"266.8";"BR-116/SC";"Sul";"Colisão Frontal";2;0;0;0;0;0;0;0;0;0;1;1;0;0;0
"18/06/2017";"08:42:00";"1930";"sem vítima";"125.8";"BR-116/PR";"Norte";"Colisão Traseira";1;0;0;0;0;1;0;0;0;0;4;0;0;0;0
"18/06/2017";"10:07:00";"1933";"com vítima";"127.3";"BR-116/PR";"Sul";"Queda de Moto";0;0;0;1;0;0;0;0;0;0;0;1;0;0;0
"18/06/2017";"10:59:00";"1937";"sem vítima";"168";"BR-116/PR";"Sul";"Saida de Pista";1;0;0;0;0;0;0;0;0;0;2;0;0;0;0
"19/06/2017";"04:29:00";"2003";"sem vítima";"0.5";"BR-116/SC";"Sul";"Engavetamento";2;0;0;0;0;0;0;0;0;1;4;0;0;0;0
"19/06/2017";"05:40:00";"2007";"sem vítima";"79";"BR-116/SC";"Sul";"Colisão Lateral";0;0;1;0;0;0;0;0;0;0;1;0;0;0;0
"19/06/2017";"05:49:00";"2010";"sem vítima";"203.4";"BR-116/PR";"Norte";"Colisão Traseira";0;0;2;0;0;0;0;0;0;0;2;0;0;0;0
"20/06/2017";"12:46:00";"2041";"sem vítima";"24";"BR-116/SC";"Norte";"Saida de Pista";1;0;0;0;0;0;0;0;0;0;1;0;0;0;0
"20/06/2017";"12:53:00";"2042";"sem vítima";"36";"BR-116/SC";"Sul";"Saida de Pista";0;0;1;0;0;0;0;0;0;0;1;0;0;0;0
"20/06/2017";"07:28:00";"2048";"com vítima";"126";"BR-116/PR";"Norte";"Queda de Moto";0;0;0;1;0;0;0;0;0;0;0;1;0;0;0
"20/06/2017";"10:24:00";"2072";"com vítima";"191.5";"BR-116/PR";"Norte";"Saida de Pista";1;0;0;0;0;0;0;0;0;0;0;1;0;0;0
"20/06/2017";"02:31:00";"2102";"sem vítima";"134";"BR-116/PR";"Sul";"Colisão Traseira";0;0;1;0;0;0;0;0;0;1;2;0;0;0;0
"20/06/2017";"06:16:00";"2133";"com vítima";"94.3";"BR-116/SC";"Norte";"Colisão Lateral";1;0;1;0;0;0;0;0;0;0;1;0;0;1;1
"20/06/2017";"11:02:00";"2148";"com vítima";"120";"BR-116/PR";"Sul";"Colisão Traseira";2;0;0;0;0;0;0;0;0;0;3;2;0;0;0
"21/06/2017";"09:54:00";"2179";"sem vítima";"207.5";"BR-116/SC";"Norte";"Colisão Lateral";1;0;1;0;0;0;0;0;0;0;3;0;0;0;0
"21/06/2017";"10:18:00";"2184";"com vítima";"122.3";"BR-116/PR";"Norte";"Colisão Lateral";0;0;0;1;0;1;0;0;0;0;1;1;0;0;0
"21/06/2017";"12:05:00";"2204";"sem vítima";"131.7";"BR-116/PR";"Sul";"Tombamento";1;0;0;0;0;0;0;0;0;0;1;0;0;0;0
"21/06/2017";"04:10:00";"2237";"com vítima";"139.9";"BR-116/SC";"Norte";"Colisão Transversal";1;0;0;0;0;0;0;0;0;1;1;1;0;0;0
"21/06/2017";"06:13:00";"2251";"com vítima";"4.5";"BR-116/SC";"Norte";"Colisão Transversal";1;0;0;1;0;0;0;0;0;0;2;1;0;0;0
"22/06/2017";"06:57:00";"2287";"com vítima";"115";"BR-116/PR";"Norte";"Colisão Lateral";1;0;0;1;0;0;0;0;0;0;1;1;0;0;0
"22/06/2017";"01:00:00";"2344";"com vítima";"5.6";"BR-116/SC";"Norte";"Colisão Transversal";1;0;0;1;0;0;0;0;0;0;1;1;0;0;0
"22/06/2017";"05:52:00";"2381";"com vítima";"126";"BR-116/PR";"Sul";"Engavetamento";1;0;1;1;0;0;0;0;0;0;1;2;0;0;0
"23/06/2017";"01:02:00";"2406";"sem vítima";"218";"BR-116/SC";"Sul";"Colisão Traseira";2;0;0;0;0;0;0;0;0;0;4;0;0;0;0
"23/06/2017";"06:28:00";"2414";"sem vítima";"121";"BR-116/PR";"Norte";"Queda de Moto";0;0;0;1;0;0;0;0;0;0;1;0;0;0;0
"23/06/2017";"12:50:00";"2463";"sem vítima";"119.1";"BR-116/PR";"Norte";"Colisão Lateral";0;0;1;0;0;1;0;0;0;0;2;0;0;0;0
"23/06/2017";"05:10:00";"2488";"com vítima";"123.3";"BR-116/PR";"Sul";"Colisão Traseira";1;0;0;1;0;0;0;0;0;0;1;1;0;0;0
"23/06/2017";"08:56:00";"2508";"sem vítima";"171";"BR-116/PR";"Norte";"Colisão Frontal";2;0;0;0;0;0;0;0;0;0;2;0;0;0;0
"24/06/2017";"01:43:00";"2523";"sem vítima";"97";"BR-116/SC";"Norte";"Choque - Objeto sobre a pista";0;0;2;0;0;0;0;0;0;0;2;0;0;0;0
"24/06/2017";"02:20:00";"2557";"com vítima";"122.3";"BR-116/PR";"Norte";"Colisão Traseira";1;0;1;0;0;0;0;0;0;0;1;0;0;1;0
"24/06/2017";"04:11:00";"2571";"sem vítima";"53.3";"BR-116/SC";"Norte";"Tombamento";0;0;1;0;0;0;0;0;0;0;1;0;0;0;0
"25/06/2017";"12:56:00";"2596";"com vítima";"146.4";"BR-116/PR";"Norte";"Saida de Pista";1;0;0;0;0;0;0;0;0;0;0;1;0;0;0
"25/06/2017";"09:53:00";"2613";"com vítima";"126";"BR-116/PR";"Norte";"Colisão Traseira";1;0;0;0;0;1;0;0;0;0;2;1;0;0;0
"25/06/2017";"02:19:00";"2625";"sem vítima";"245.5";"BR-116/SC";"Sul";"Colisão Transversal";2;0;0;0;0;0;0;0;0;0;3;0;0;0;0
"25/06/2017";"03:18:00";"2633";"com vítima";"209";"BR-116/PR";"Norte";"Colisão Transversal";1;0;1;0;0;0;0;0;0;0;1;1;0;0;0
"25/06/2017";"06:59:00";"2646";"com vítima";"135";"BR-116/PR";"Norte";"Colisão Frontal";2;0;0;0;0;0;0;0;0;0;6;1;0;0;0
"26/06/2017";"06:21:00";"2677";"com vítima";"126.5";"BR-116/PR";"Norte";"Colisão Traseira";0;0;0;1;0;1;0;0;0;0;1;1;0;0;0
"26/06/2017";"11:17:00";"2721";"sem vítima";"190";"BR-116/SC";"Norte";"Colisão Traseira";2;0;0;0;0;0;0;0;0;0;2;0;0;0;0
"26/06/2017";"11:25:00";"2797";"com vítima";"118";"BR-116/PR";"Sul";"Colisão Traseira";1;0;0;1;0;0;0;0;0;0;1;0;0;1;0
"28/06/2017";"08:09:00";"2941";"sem vítima";"116";"BR-116/PR";"Norte";"Colisão Traseira";2;0;0;0;0;0;0;0;0;0;2;0;0;0;0
"28/06/2017";"06:09:00";"3060";"com vítima";"150.5";"BR-116/PR";"Sul";"Queda de Moto";0;0;0;1;0;0;0;0;0;0;1;1;0;0;0
"29/06/2017";"01:19:00";"3147";"sem vítima";"134.4";"BR-116/PR";"Sul";"Colisão Traseira";0;0;1;0;1;0;0;0;0;0;18;0;0;0;0
"29/06/2017";"06:25:00";"3197";"com vítima";"296.9";"BR-116/SC";"Norte";"Colisão Frontal";0;0;5;0;0;0;0;0;0;0;3;2;0;0;0
"29/06/2017";"06:26:00";"3198";"com vítima";"247";"BR-116/SC";"Sul";"Colisão Transversal";1;0;0;1;0;0;0;0;0;0;1;1;0;0;0
"30/06/2017";"07:26:00";"3239";"sem vítima";"4.5";"BR-116/SC";"Sul";"Colisão Transversal";2;0;0;0;0;0;0;0;0;0;4;0;0;0;0
"30/06/2017";"11:21:00";"3283";"sem vítima";"303";"BR-116/SC";"Sul";"Saida de Pista";1;0;0;0;0;0;0;0;0;0;1;0;0;0;0
"30/06/2017";"03:57:00";"3313";"com vítima";"115.7";"BR-116/PR";"Sul";"Colisão Lateral";1;0;0;1;0;0;0;0;0;0;1;1;0;0;0
"30/06/2017";"08:05:00";"3346";"sem vítima";"183.5";"BR-116/SC";"Sul";"Colisão Traseira";1;0;0;0;0;0;0;0;0;0;1;0;0;0;0
"30/06/2017";"08:49:00";"3351";"sem vítima";"54";"BR-116/SC";"Sul";"Saida de Pista";0;0;0;0;0;0;0;0;0;1;4;0;0;0;0
"30/06/2017";"11:16:00";"3362";"com vítima";"135";"BR-116/PR";"Norte";"Queda de Moto";0;0;0;1;0;0;0;0;0;0;0;1;0;0;0
"30/06/2017";"11:31:00";"3363";"com vítima";"146";"BR-116/PR";"Sul";"Choque - Veiculo parado no acostamento";2;0;0;1;0;0;0;0;0;0;2;0;0;1;0
"30/06/2017";"11:56:00";"3365";"com vítima";"166.7";"BR-116/PR";"Norte";"Colisão Traseira";1;1;0;0;0;0;0;0;0;0;1;0;0;1;0
"01/07/2017";"06:30:00";"10";"sem vítima";"224.1";"BR-116/SC";"Sul";"Saida de Pista";1;0;0;0;0;0;0;0;0;0;1;0;0;0;0
"01/07/2017";"07:39:00";"12";"sem vítima";"124";"BR-116/PR";"Norte";"Colisão Lateral";1;0;0;1;0;0;0;0;0;0;2;0;0;0;0
"01/07/2017";"05:30:00";"71";"com vítima";"143.3";"BR-116/PR";"Norte";"Saida de Pista";1;0;0;0;0;0;0;0;0;0;0;1;0;0;0
"01/07/2017";"06:59:00";"78";"sem vítima";"117.3";"BR-116/PR";"Sul";"Colisão Traseira";1;0;0;0;0;1;0;0;0;0;5;0;0;0;0
"01/07/2017";"09:07:00";"86";"com vítima";"167";"BR-116/SC";"Sul";"Colisão Transversal";2;0;0;0;0;0;0;0;0;0;2;2;0;0;0
"01/07/2017";"09:11:00";"88";"sem vítima";"167";"BR-116/SC";"Sul";"Choque - Veiculo parado no acostamento";0;0;0;0;0;1;0;0;0;1;2;0;0;0;0
"02/07/2017";"12:55:00";"99";"sem vítima";"127.8";"BR-116/PR";"Sul";"Colisão Traseira";1;0;1;0;0;0;0;0;0;0;2;0;0;0;0
"02/07/2017";"06:08:00";"149";"sem vítima";"148";"BR-116/PR";"Norte";"Colisão Frontal";1;0;0;0;0;1;0;0;0;0;2;0;0;0;0
"02/07/2017";"07:56:00";"159";"com vítima";"55.5";"BR-116/SC";"Norte";"Saida de Pista";0;0;1;0;0;0;0;0;0;0;0;1;0;0;0
"02/07/2017";"07:56:00";"158";"sem vítima";"133.7";"BR-116/SC";"Norte";"Saida de Pista";1;0;0;0;0;0;0;0;0;0;1;0;0;0;0
"03/07/2017";"05:02:00";"175";"sem vítima";"117";"BR-116/PR";"Norte";"Colisão Traseira";1;0;1;0;0;0;0;0;0;0;2;0;0;0;0
"03/07/2017";"11:45:00";"226";"sem vítima";"294.3";"BR-116/SC";"Sul";"Colisão Traseira";0;0;2;0;0;0;0;0;0;0;2;0;0;0;0
"03/07/2017";"12:16:00";"223";"com vítima";"47.2";"BR-116/SC";"Sul";"Choque - Veiculo parado na pista";0;0;1;0;0;0;0;0;0;1;1;1;0;0;0
"04/07/2017";"09:53:00";"344";"sem vítima";"48";"BR-116/SC";"Norte";"Saida de Pista";1;0;0;0;0;0;0;0;0;0;1;0;0;0;0
"04/07/2017";"10:12:00";"346";"sem vítima";"162.25";"BR-116/SC";"Sul";"Choque - Defensa, barreira ou "submarino"";1;0;0;0;0;0;0;0;0;0;1;0;0;0;0
"04/07/2017";"10:46:00";"351";"sem vítima";"143.6";"BR-116/SC";"Norte";"Choque - Suporte de Sinalização";1;0;0;0;0;0;0;0;0;0;1;0;0;0;0
"04/07/2017";"07:23:00";"412";"com vítima";"116";"BR-116/PR";"Sul";"Colisão Traseira";1;0;0;1;0;0;0;0;0;0;1;1;0;0;0
"04/07/2017";"11:15:00";"426";"sem vítima";"36";"BR-116/SC";"Norte";"Queda de Moto";0;0;0;1;0;0;0;0;0;0;1;0;0;0;0
"05/07/2017";"02:46:00";"508";"com vítima";"5.5";"BR-116/SC";"Norte";"Colisão Transversal";1;0;1;0;0;0;0;0;0;0;1;1;0;0;0
"05/07/2017";"07:31:00";"557";"sem vítima";"2";"BR-116/SC";"Norte";"Colisão Frontal";1;0;0;0;0;1;0;0;0;0;2;0;0;0;0
"07/07/2017";"06:05:00";"724";"sem vítima";"205";"BR-116/PR";"Norte";"Saida de Pista";1;0;0;0;0;0;0;0;0;0;1;0;0;0;0
"07/07/2017";"07:17:00";"726";"com vítima";"116";"BR-116/PR";"Norte";"Colisão Traseira";1;0;0;1;0;0;0;0;0;0;1;1;0;0;0
"07/07/2017";"10:24:00";"761";"sem vítima";"1.4";"BR-116/SC";"Sul";"Colisão Traseira";2;0;0;0;0;0;0;0;0;0;2;0;0;0;0
"07/07/2017";"05:41:00";"820";"com vítima";"118.8";"BR-116/PR";"Sul";"Colisão Traseira";0;0;0;2;0;0;0;0;0;0;1;1;0;0;0
"07/07/2017";"06:40:00";"830";"com vítima";"217.5";"BR-116/SC";"Norte";"Colisão Transversal";0;0;1;1;0;0;0;0;0;0;2;1;0;0;0
"07/07/2017";"09:24:00";"842";"com vítima";"145.7";"BR-116/PR";"Sul";"Colisão Transversal";1;0;0;1;0;0;0;0;0;0;4;0;0;1;0
"07/07/2017";"09:57:00";"845";"com vítima";"138.6";"BR-116/SC";"Sul";"Colisão Frontal";2;0;0;0;0;0;0;0;0;0;4;2;0;0;0
"07/07/2017";"11:30:00";"851";"com vítima";"132.7";"BR-116/SC";"Norte";"Colisão Traseira";2;0;0;0;0;0;0;0;0;0;4;1;0;0;0
"08/07/2017";"01:46:00";"861";"sem vítima";"205";"BR-116/PR";"Norte";"Saida de Pista";0;0;0;0;0;1;0;0;0;0;1;0;0;0;0
"08/07/2017";"05:56:00";"875";"sem vítima";"111";"BR-116/SC";"Sul";"Saida de Pista";1;0;0;0;0;0;0;0;0;0;2;0;0;0;0
"08/07/2017";"06:02:00";"876";"com vítima";"119";"BR-116/SC";"Sul";"Colisão Frontal";1;0;0;0;0;0;0;0;0;1;0;2;0;4;0
"08/07/2017";"07:51:00";"883";"sem vítima";"123";"BR-116/PR";"Norte";"Colisão Traseira";1;0;1;0;0;0;0;0;0;0;2;0;0;0;0
"08/07/2017";"08:22:00";"885";"sem vítima";"47.2";"BR-116/SC";"Sul";"Colisão Traseira";1;0;1;0;0;0;0;0;0;0;2;0;0;0;0
"08/07/2017";"08:22:00";"886";"sem vítima";"117";"BR-116/PR";"Sul";"Colisão Traseira";2;0;0;0;0;1;0;0;0;1;4;0;0;0;0
"08/07/2017";"12:00:00";"900";"sem vítima";"122";"BR-116/PR";"Sul";"Colisão Transversal";2;0;0;0;0;0;0;0;0;0;2;0;0;0;0
"08/07/2017";"04:48:00";"916";"com vítima";"55.6";"BR-116/SC";"Norte";"Saida de Pista";1;0;0;0;0;0;0;0;0;0;0;1;0;0;0
"08/07/2017";"06:02:00";"925";"sem vítima";"109";"BR-116/SC";"Norte";"Saida de Pista";1;0;0;0;0;0;0;0;0;0;1;0;0;0;0
"08/07/2017";"06:25:00";"927";"sem vítima";"302.6";"BR-116/SC";"Norte";"Saida de Pista";1;0;0;0;0;0;0;0;0;0;1;0;0;0;0
"08/07/2017";"09:09:00";"940";"com vítima";"100";"BR-116/SC";"Norte";"Atropelamento - Morador";0;0;0;0;0;0;0;0;0;1;2;1;0;0;0
"09/07/2017";"08:01:00";"975";"com vítima";"117";"BR-116/PR";"Norte";"Atropelamento - Ciclista";0;1;0;0;0;1;0;0;0;0;1;1;0;0;0
"09/07/2017";"08:02:00";"976";"sem vítima";"122";"BR-116/PR";"Sul";"Choque - Defensa, barreira ou "submarino"";1;0;0;0;0;0;0;0;0;0;1;0;0;0;0
"09/07/2017";"12:15:00";"994";"sem vítima";"147.95";"BR-116/PR";"Sul";"Saida de Pista";1;0;0;0;0;0;0;0;0;0;1;0;0;0;0
"09/07/2017";"04:21:00";"1007";"sem vítima";"134";"BR-116/SC";"Norte";"Colisão Traseira";2;0;0;0;0;0;0;0;0;0;4;0;0;0;0
"09/07/2017";"05:28:00";"1014";"com vítima";"144.5";"BR-116/PR";"Sul";"Colisão Lateral";0;0;0;1;0;1;0;0;0;0;1;0;0;1;0
"09/07/2017";"06:50:00";"1019";"sem vítima";"126";"BR-116/PR";"Norte";"Colisão Traseira";2;0;0;0;0;1;0;0;0;0;4;0;0;0;0
"09/07/2017";"06:52:00";"1020";"com vítima";"147.5";"BR-116/PR";"Norte";"Colisão Traseira";1;0;0;0;0;0;0;0;0;1;2;2;0;0;0
"09/07/2017";"07:15:00";"1023";"sem vítima";"12.5";"BR-116/SC";"Norte";"Colisão Transversal";1;0;1;0;0;0;0;0;0;0;2;0;0;0;0
"09/07/2017";"10:57:00";"1041";"com vítima";"125.8";"BR-116/PR";"Sul";"Colisão Traseira";2;0;1;0;0;0;0;0;0;0;6;3;0;0;0
"10/07/2017";"05:17:00";"1050";"sem vítima";"252.85";"BR-116/SC";"Norte";"Saida de Pista";1;0;0;0;0;0;0;0;0;0;1;0;0;0;0
"10/07/2017";"07:26:00";"1052";"com vítima";"198";"BR-116/SC";"Norte";"Colisão Traseira";1;0;0;0;0;0;0;0;1;0;0;2;0;0;0
"10/07/2017";"08:12:00";"1057";"sem vítima";"124";"BR-116/PR";"Sul";"Colisão Traseira";1;0;0;0;0;0;0;0;0;1;2;0;0;0;0
"10/07/2017";"02:42:00";"4";"sem vítima";"237";"BR-116/SC";"Norte";"Saida de Pista";1;0;0;0;0;0;0;0;0;0;1;0;0;0;0
"10/07/2017";"06:52:00";"25";"sem vítima";"69";"BR-116/SC";"Norte";"Colisão Transversal";2;0;0;0;0;0;0;0;0;0;5;0;0;0;0
"11/07/2017";"11:01:00";"55";"sem vítima";"102";"BR-116/SC";"Sul";"Colisão Traseira";2;0;0;0;0;0;0;0;0;0;2;0;0;0;0
"11/07/2017";"07:44:00";"115";"sem vítima";"138";"BR-116/PR";"Norte";"Saida de Pista";1;0;0;0;0;0;0;0;0;0;1;0;0;0;0
"12/07/2017";"05:01:00";"8";"sem vítima";"115.3";"BR-116/SC";"Norte";"Colisão Traseira";0;0;2;0;0;0;0;0;0;0;2;0;0;0;0
"12/07/2017";"01:51:00";"75";"sem vítima";"4";"BR-116/SC";"Sul";"Colisão Traseira";1;0;0;1;0;0;0;0;0;0;2;0;0;0;0
"12/07/2017";"10:20:00";"123";"sem vítima";"204.8";"BR-116/PR";"Sul";"Choque - Defensa, barreira ou "submarino"";0;0;0;0;0;0;0;0;0;1;1;0;0;0;0
"13/07/2017";"12:18:00";"86";"com vítima";"117";"BR-116/PR";"Norte";"Colisão Traseira";1;0;0;1;0;0;0;0;0;0;1;1;0;0;0
"13/07/2017";"06:39:00";"130";"sem vítima";"188";"BR-116/PR";"Sul";"Tombamento";0;0;1;0;0;0;0;0;0;0;1;0;0;0;0
"14/07/2017";"06:42:00";"152";"sem vítima";"141.5";"BR-116/PR";"Norte";"Queda de Moto";0;0;0;1;0;0;0;0;0;0;1;0;0;0;0
"15/07/2017";"02:34:00";"13";"sem vítima";"122.8";"BR-116/PR";"Norte";"Choque - Poste";1;0;0;0;0;0;0;0;0;0;1;0;0;0;0
"15/07/2017";"09:51:00";"37";"sem vítima";"122.1";"BR-116/SC";"Norte";"Colisão Traseira";1;0;0;0;0;1;0;0;0;0;2;0;0;0;0
"15/07/2017";"01:28:00";"59";"com vítima";"115.15";"BR-116/PR";"Sul";"Colisão Lateral";0;0;0;1;0;1;0;0;0;0;1;2;0;0;0
"15/07/2017";"03:00:00";"67";"com vítima";"118.9";"BR-116/PR";"Sul";"Choque - Defensa, barreira ou "submarino"";1;0;0;0;0;0;0;0;0;0;0;3;0;0;0
"16/07/2017";"01:37:00";"7";"sem vítima";"254.1";"BR-116/SC";"Norte";"Capotamento";1;0;0;0;0;0;0;0;0;0;1;0;0;0;0
"16/07/2017";"05:53:00";"17";"sem vítima";"125.8";"BR-116/PR";"Norte";"Choque - Veiculo parado na pista";1;0;0;1;0;0;0;0;0;0;2;0;0;0;0
"16/07/2017";"07:16:00";"89";"com vítima";"131.35";"BR-116/PR";"Norte";"Choque - Defensa, barreira ou "submarino"";1;0;0;0;0;0;0;0;0;0;0;1;0;0;0
"16/07/2017";"07:45:00";"93";"sem vítima";"120";"BR-116/PR";"Norte";"Colisão Lateral";1;0;1;0;0;0;0;0;0;0;5;0;0;0;0
"17/07/2017";"05:08:00";"92";"sem vítima";"3";"BR-116/SC";"Norte";"Colisão Transversal";2;0;0;0;0;0;0;0;0;0;2;0;0;0;0
"17/07/2017";"09:20:00";"113";"sem vítima";"206";"BR-116/PR";"Norte";"Saida de Pista";1;0;0;0;0;0;0;0;0;0;1;0;0;0;0
"18/07/2017";"04:09:00";"10";"sem vítima";"152";"BR-116/PR";"Norte";"Colisão Traseira";1;0;0;0;0;0;0;0;0;0;2;0;0;0;0
"18/07/2017";"07:11:00";"19";"sem vítima";"171";"BR-116/PR";"Norte";"Tombamento";0;0;1;0;0;0;0;0;0;0;1;0;0;0;0
"18/07/2017";"03:22:00";"102";"sem vítima";"197.7";"BR-116/PR";"Norte";"Engavetamento";2;0;2;0;0;0;0;0;0;0;4;0;0;0;0
"18/07/2017";"03:56:00";"112";"sem vítima";"129.6";"BR-116/PR";"Sul";"Choque - Defensa, barreira ou "submarino"";1;0;0;0;0;0;0;0;0;0;1;0;0;0;0
"18/07/2017";"05:07:00";"115";"com vítima";"62.5";"BR-116/SC";"Norte";"Saida de Pista";1;0;0;0;0;0;0;0;0;0;0;1;0;0;0
"18/07/2017";"05:32:00";"119";"sem vítima";"121.6";"BR-116/PR";"Sul";"Saida de Pista";1;0;0;0;0;0;0;0;0;0;1;0;0;0;0
"18/07/2017";"06:06:00";"123";"sem vítima";"121.2";"BR-116/PR";"Sul";"Engavetamento";4;0;0;0;0;1;0;0;0;0;5;0;0;0;0
"18/07/2017";"06:37:00";"125";"com vítima";"62.9";"BR-116/SC";"Sul";"Colisão Lateral";2;0;0;0;0;0;0;0;0;0;2;1;0;0;0
"19/07/2017";"04:40:00";"18";"sem vítima";"202";"BR-116/PR";"Sul";"Tombamento";0;0;1;0;0;0;0;0;0;0;1;0;0;0;0
"20/07/2017";"04:33:00";"104";"sem vítima";"93.2";"BR-116/SC";"Sul";"Saida de Pista";1;0;0;0;0;0;0;0;0;0;2;0;0;0;0
"20/07/2017";"05:03:00";"106";"sem vítima";"158.5";"BR-116/PR";"Norte";"Colisão Lateral";1;0;0;0;1;0;0;0;0;0;2;0;0;0;0
"20/07/2017";"05:12:00";"107";"sem vítima";"138";"BR-116/PR";"Norte";"Choque - Defensa, barreira ou "submarino"";1;0;0;0;0;0;0;0;0;0;1;0;0;0;0
"20/07/2017";"07:47:00";"119";"com vítima";"245";"BR-116/SC";"Norte";"Colisão Transversal";2;0;0;0;0;0;0;0;0;0;4;2;0;0;0
"21/07/2017";"05:34:00";"6";"sem vítima";"211.5";"BR-116/PR";"Norte";"Colisão Lateral";0;0;0;0;0;0;0;0;0;2;2;0;0;0;0
"21/07/2017";"02:35:00";"69";"com vítima";"29.4";"BR-116/SC";"Norte";"Colisão Lateral";1;0;1;0;0;0;0;0;0;0;1;1;0;0;0
"21/07/2017";"03:14:00";"74";"com vítima";"205.95";"BR-116/PR";"Norte";"Colisão Transversal";1;0;1;0;0;0;0;0;0;0;2;0;0;1;0
"22/07/2017";"06:03:00";"14";"sem vítima";"125.8";"BR-116/PR";"Norte";"Colisão Traseira";1;0;0;1;0;0;0;0;0;0;2;0;0;0;0
"22/07/2017";"05:58:00";"84";"com vítima";"5.5";"BR-116/SC";"Norte";"Colisão Transversal";1;1;0;0;0;0;0;0;0;0;1;1;0;0;0
"22/07/2017";"09:28:00";"105";"sem vítima";"131.8";"BR-116/PR";"Sul";"Choque - Poste";1;0;0;0;0;0;0;0;0;0;1;0;0;0;0
"23/07/2017";"02:49:00";"42";"sem vítima";"4.5";"BR-116/SC";"Norte";"Colisão Transversal";2;0;0;0;0;0;0;0;0;0;9;0;0;0;0
"23/07/2017";"07:29:00";"89";"sem vítima";"251.9";"BR-116/SC";"Norte";"Colisão Frontal";1;0;1;0;0;0;0;0;0;0;2;0;0;0;0
"23/07/2017";"08:02:00";"93";"com vítima";"220.3";"BR-116/SC";"Sul";"Colisão Transversal";0;0;0;1;0;1;0;0;0;0;1;1;0;0;0
"23/07/2017";"10:17:00";"103";"sem vítima";"174";"BR-116/SC";"Sul";"Atropelamento de Animal";1;0;0;0;0;0;0;0;0;0;4;0;0;0;0
"24/07/2017";"06:53:00";"17";"sem vítima";"117";"BR-116/PR";"Sul";"Colisão Traseira";1;0;0;0;1;0;0;0;0;0;2;0;0;0;0
"24/07/2017";"09:43:00";"31";"com vítima";"179";"BR-116/PR";"Norte";"Tombamento";0;0;1;0;0;0;0;0;0;0;0;1;0;0;0
"24/07/2017";"02:06:00";"60";"sem vítima";"205.9";"BR-116/SC";"Sul";"Saida de Pista";1;0;0;0;0;0;0;0;0;0;3;0;0;0;0