data;horario;n_da_ocorrencia;tipo_de_ocorrencia;km;trecho;sentido;tipo_de_acidente;automovel;bicicleta;caminhao;moto;onibus;outros;tracao_animal;transporte_de_cargas_especiais;trator_maquinas;utilitarios;ilesos;levemente_feridos;moderadamente_feridos;gravemente_feridos;mortos
"24/07/2017";"02:48:00";"67";"com vítima";"126";"BR-116/PR";"Norte";"Queda de Moto";0;0;0;1;0;0;0;0;0;0;0;1;0;0;0
"24/07/2017";"04:36:00";"97";"com vítima";"292";"BR-116/SC";"Norte";"Saida de Pista";0;0;0;0;0;1;0;0;0;0;0;1;0;0;0
"24/07/2017";"05:47:00";"107";"sem vítima";"115.95";"BR-116/PR";"Norte";"Colisão Traseira";1;0;1;0;0;0;0;0;0;0;2;0;0;0;0
"25/07/2017";"08:46:00";"20";"com vítima";"115";"BR-116/PR";"Sul";"Colisão Lateral";0;0;1;1;0;0;0;0;0;0;1;0;0;1;0
"25/07/2017";"10:20:00";"48";"sem vítima";"120.45";"BR-116/PR";"Sul";"Colisão Traseira";1;0;0;0;0;0;0;0;0;1;2;0;0;0;0
"25/07/2017";"10:30:00";"49";"sem vítima";"211.5";"BR-116/SC";"Sul";"Colisão Lateral";0;0;2;0;0;0;0;0;0;0;2;0;0;0;0
"25/07/2017";"05:35:00";"108";"sem vítima";"167";"BR-116/PR";"Norte";"Colisão Lateral";2;0;0;0;0;0;0;0;0;0;2;0;0;0;0
"26/07/2017";"05:06:00";"83";"sem vítima";"131.5";"BR-116/PR";"Norte";"Queda de Moto";0;0;0;1;0;0;0;0;0;0;1;0;0;0;0
"26/07/2017";"05:29:00";"85";"com vítima";"123.3";"BR-116/PR";"Sul";"Choque - Defensa, barreira ou "submarino"";1;0;0;0;0;0;0;0;0;0;0;1;0;0;0
"26/07/2017";"06:36:00";"88";"sem vítima";"177";"BR-116/PR";"Sul";"Colisão Transversal";1;0;0;0;0;0;0;0;1;0;2;0;0;0;0
"26/07/2017";"10:34:00";"99";"sem vítima";"218.85";"BR-116/SC";"Sul";"Choque - Defensa, barreira ou "submarino"";1;0;0;0;0;0;0;0;0;0;1;0;0;0;0
"27/07/2017";"09:53:00";"49";"sem vítima";"152";"BR-116/PR";"Sul";"Colisão Lateral";0;0;2;0;0;0;0;0;0;0;2;0;0;0;0
"27/07/2017";"05:22:00";"125";"sem vítima";"126";"BR-116/PR";"Norte";"Colisão Traseira";3;0;0;0;0;0;0;0;0;0;3;0;0;0;0
"27/07/2017";"06:48:00";"131";"sem vítima";"246";"BR-116/SC";"Norte";"Colisão Traseira";1;0;0;1;0;0;0;0;0;0;2;0;0;0;0
"28/07/2017";"11:43:00";"68";"sem vítima";"81.8";"BR-116/SC";"Sul";"Colisão Lateral";1;0;1;0;0;0;0;0;0;0;2;0;0;0;0
"28/07/2017";"12:16:00";"70";"sem vítima";"129";"BR-116/PR";"Norte";"Colisão Frontal";0;0;1;0;1;0;0;0;0;0;2;0;0;0;0
"28/07/2017";"09:32:00";"130";"sem vítima";"122.9";"BR-116/PR";"Norte";"Saida de Pista";1;0;0;0;0;0;0;0;0;0;1;0;0;0;0
"28/07/2017";"10:44:00";"132";"sem vítima";"81.6";"BR-116/SC";"Sul";"Choque - Defensa, barreira ou "submarino"";0;0;1;0;0;0;0;0;0;0;1;0;0;0;0
"29/07/2017";"04:54:00";"10";"sem vítima";"148";"BR-116/PR";"Sul";"Saida de Pista";1;0;0;0;0;0;0;0;0;0;1;0;0;0;0
"29/07/2017";"06:24:00";"12";"sem vítima";"66";"BR-116/SC";"Norte";"Saida de Pista";1;0;0;0;0;0;0;0;0;0;1;0;0;0;0
"29/07/2017";"01:02:00";"46";"sem vítima";"134";"BR-116/PR";"Sul";"Colisão Traseira";1;0;1;0;0;0;0;0;0;0;2;0;0;0;0
"29/07/2017";"07:16:00";"80";"com vítima";"145.9";"BR-116/PR";"Norte";"Colisão Frontal";1;0;1;0;0;0;0;0;0;0;2;1;0;0;0
"30/07/2017";"04:47:00";"61";"com vítima";"10.6";"BR-116/SC";"Norte";"Colisão Traseira";1;0;0;0;0;1;0;0;0;1;4;1;0;0;0
"30/07/2017";"05:59:00";"66";"com vítima";"135.5";"BR-116/PR";"Sul";"Colisão Traseira";0;0;0;2;0;0;0;0;0;0;0;4;0;0;0
"30/07/2017";"08:17:00";"81";"sem vítima";"203.1";"BR-116/SC";"Norte";"Colisão Transversal";1;0;0;0;0;0;0;0;0;1;2;0;0;0;0
"30/07/2017";"11:57:00";"99";"com vítima";"122.1";"BR-116/PR";"Norte";"Queda de Moto";0;0;0;1;0;0;0;0;0;0;0;1;0;0;0
"31/07/2017";"07:29:00";"11";"sem vítima";"115.2";"BR-116/PR";"Norte";"Colisão Lateral";1;0;1;0;0;0;0;0;0;0;2;0;0;0;0
"31/07/2017";"08:32:00";"14";"sem vítima";"191";"BR-116/PR";"Sul";"Colisão Traseira";0;0;2;0;0;0;0;0;0;0;2;0;0;0;0
"01/08/2017";"07:46:00";"99";"sem vítima";"138";"BR-116/PR";"Norte";"Colisão Lateral";0;0;2;0;0;0;0;0;0;0;2;0;0;0;0
"01/08/2017";"08:54:00";"101";"sem vítima";"69.95";"BR-116/SC";"Norte";"Colisão Traseira";1;0;0;0;0;1;0;0;0;0;2;0;0;0;0
"02/08/2017";"11:37:00";"53";"sem vítima";"12";"BR-116/SC";"Sul";"Colisão Frontal";2;0;0;0;0;0;0;0;0;0;2;0;0;0;0
"02/08/2017";"04:49:00";"85";"com vítima";"181.1";"BR-116/SC";"Norte";"Colisão Lateral";2;0;0;0;0;0;0;0;0;0;2;1;0;0;0
"03/08/2017";"04:00:00";"5";"sem vítima";"159";"BR-116/PR";"Sul";"Saida de Pista";1;0;0;0;0;0;0;0;0;0;1;0;0;0;0
"03/08/2017";"06:49:00";"12";"sem vítima";"115";"BR-116/PR";"Norte";"Colisão Traseira";2;0;0;0;0;0;0;0;0;0;2;0;0;0;0
"03/08/2017";"03:42:00";"60";"sem vítima";"140.3";"BR-116/PR";"Sul";"Colisão Traseira";0;0;2;0;0;0;0;0;0;0;2;0;0;0;0
"03/08/2017";"07:42:00";"74";"sem vítima";"94.6";"BR-116/SC";"Sul";"Colisão Traseira";1;0;1;0;0;0;0;0;0;0;2;0;0;0;0
"04/08/2017";"01:29:00";"4";"sem vítima";"239.5";"BR-116/SC";"Sul";"Saida de Pista";0;0;1;0;0;0;0;0;0;0;1;0;0;0;0
"04/08/2017";"08:29:00";"22";"sem vítima";"69.2";"BR-116/SC";"Norte";"Colisão Traseira";0;0;1;0;0;0;0;0;0;1;2;0;0;0;0
"04/08/2017";"11:03:00";"42";"sem vítima";"4.5";"BR-116/SC";"Sul";"Colisão Transversal";2;0;0;0;0;0;0;0;0;0;2;0;0;0;0
"04/08/2017";"01:10:00";"53";"sem vítima";"71.6";"BR-116/SC";"Norte";"Colisão Traseira";0;0;2;0;0;0;0;0;0;0;2;0;0;0;0
"04/08/2017";"08:04:00";"92";"sem vítima";"115";"BR-116/PR";"Sul";"Colisão Traseira";1;0;0;0;0;1;0;0;0;0;2;0;0;0;0
"05/08/2017";"12:21:00";"46";"com vítima";"137.7";"BR-116/SC";"Sul";"Choque - Defensa, barreira ou "submarino"";1;0;0;0;0;1;0;0;0;0;1;1;0;0;0
"05/08/2017";"02:26:00";"51";"sem vítima";"219.3";"BR-116/SC";"Sul";"Colisão Transversal";2;0;0;0;0;0;0;0;0;0;2;0;0;0;0
"05/08/2017";"04:03:00";"68";"sem vítima";"193";"BR-116/PR";"Norte";"Tombamento";0;0;1;0;0;0;0;0;0;0;1;0;0;0;0
"05/08/2017";"04:36:00";"71";"com vítima";"123";"BR-116/PR";"Norte";"Queda de Moto";0;0;0;1;0;1;0;0;0;0;1;1;0;0;0
"05/08/2017";"05:12:00";"74";"com vítima";"219.35";"BR-116/SC";"Norte";"Colisão Transversal";1;0;0;1;0;0;0;0;0;0;1;1;0;0;0
"05/08/2017";"08:18:00";"87";"sem vítima";"43.7";"BR-116/SC";"Norte";"Tombamento";1;0;0;0;0;0;0;0;0;0;2;0;0;0;0
"06/08/2017";"02:22:00";"6";"com vítima";"125.1";"BR-116/PR";"Sul";"Colisão Traseira";2;0;0;0;0;0;0;0;0;0;1;1;0;0;0
"06/08/2017";"05:21:00";"8";"com vítima";"51.1";"BR-116/SC";"Norte";"Capotamento";1;0;0;0;0;0;0;0;0;0;0;1;0;0;0
"06/08/2017";"05:34:00";"48";"sem vítima";"211.1";"BR-116/SC";"Norte";"Saida de Pista";0;0;0;1;0;0;0;0;0;0;1;0;0;0;0
"06/08/2017";"05:42:00";"50";"sem vítima";"210.8";"BR-116/PR";"Norte";"Colisão Transversal";2;0;0;0;0;0;0;0;0;0;4;0;0;0;0
"06/08/2017";"06:16:00";"53";"sem vítima";"131";"BR-116/PR";"Norte";"Colisão Lateral";1;0;0;0;0;0;0;0;0;0;3;0;0;0;0
"06/08/2017";"06:43:00";"54";"sem vítima";"115";"BR-116/PR";"Norte";"Colisão Traseira";2;0;0;0;0;0;0;0;0;0;2;0;0;0;0
"06/08/2017";"07:23:00";"57";"sem vítima";"34.15";"BR-116/SC";"Norte";"Saida de Pista";1;0;0;0;0;0;0;0;0;0;1;0;0;0;0
"06/08/2017";"07:25:00";"58";"sem vítima";"115";"BR-116/PR";"Norte";"Engavetamento";4;0;0;0;0;0;0;0;0;0;4;0;0;0;0
"06/08/2017";"09:34:00";"70";"sem vítima";"220";"BR-116/SC";"Norte";"Saida de Pista";1;0;0;0;0;0;0;0;0;0;1;0;0;0;0
"07/08/2017";"12:25:00";"52";"sem vítima";"126";"BR-116/PR";"Norte";"Colisão Lateral";1;0;0;1;0;0;0;0;0;0;2;0;0;0;0
"07/08/2017";"06:32:00";"109";"sem vítima";"245.4";"BR-116/SC";"Sul";"Colisão Transversal";2;0;0;0;0;0;0;0;0;0;2;0;0;0;0
"08/08/2017";"03:25:00";"97";"sem vítima";"63.5";"BR-116/SC";"Norte";"Saida de Pista";0;0;1;0;0;0;0;0;0;0;1;0;0;0;0
"08/08/2017";"04:17:00";"107";"com vítima";"2.8";"BR-116/SC";"Norte";"Engavetamento";3;0;0;0;0;0;0;0;0;0;3;1;0;0;0
"08/08/2017";"07:20:00";"119";"sem vítima";"122";"BR-116/PR";"Norte";"Colisão Traseira";2;0;0;0;0;0;0;0;0;0;2;0;0;0;0
"08/08/2017";"08:23:00";"121";"sem vítima";"126.8";"BR-116/PR";"Sul";"Choque - Defensa, barreira ou "submarino"";1;0;0;0;0;0;0;0;0;0;1;0;0;0;0
"08/08/2017";"08:31:00";"122";"sem vítima";"126.9";"BR-116/PR";"Norte";"Choque - Defensa, barreira ou "submarino"";1;0;0;0;0;0;0;0;0;0;1;0;0;0;0
"09/08/2017";"10:31:00";"38";"sem vítima";"4.5";"BR-116/SC";"Sul";"Colisão Transversal";2;0;0;0;0;0;0;0;0;0;2;0;0;0;0
"09/08/2017";"05:50:00";"100";"sem vítima";"116";"BR-116/PR";"Norte";"Colisão Traseira";1;0;0;0;0;0;0;0;0;1;2;0;0;0;0
"09/08/2017";"07:34:00";"109";"com vítima";"211.864";"BR-116/SC";"Sul";"Choque - Defensa, barreira ou "submarino"";0;0;0;1;0;0;0;0;0;0;0;0;0;0;1
"10/08/2017";"10:32:00";"53";"sem vítima";"127";"BR-116/PR";"Sul";"Capotamento";1;0;0;0;0;0;0;0;0;0;1;0;0;0;0
"10/08/2017";"10:35:00";"54";"sem vítima";"23";"BR-116/SC";"Sul";"Colisão Transversal";1;0;0;0;0;0;0;0;0;1;2;0;0;0;0
"10/08/2017";"01:48:00";"75";"com vítima";"2";"BR-116/SC";"Norte";"Colisão Traseira";2;0;1;0;0;0;0;0;0;0;2;1;0;0;0
"10/08/2017";"04:34:00";"103";"sem vítima";"147.5";"BR-116/PR";"Norte";"Colisão Lateral";1;0;2;0;0;1;0;0;0;1;5;0;0;0;0
"10/08/2017";"06:21:00";"109";"com vítima";"210.5";"BR-116/PR";"Sul";"Colisão Transversal";1;0;0;1;0;0;0;0;0;0;1;1;0;0;0
"10/08/2017";"11:24:00";"125";"sem vítima";"80.6";"BR-116/SC";"Sul";"Saida de Pista";0;0;1;0;0;0;0;0;0;0;1;0;0;0;0
"11/08/2017";"03:00:00";"71";"com vítima";"128";"BR-116/PR";"Sul";"Colisão Traseira";0;0;1;1;0;0;0;0;0;0;1;1;0;0;0
"11/08/2017";"04:23:00";"82";"com vítima";"73";"BR-116/SC";"Sul";"Colisão Traseira";0;0;0;0;0;0;0;0;0;2;1;3;0;0;0
"11/08/2017";"04:59:00";"86";"com vítima";"117";"BR-116/PR";"Sul";"Colisão Traseira";1;0;0;1;0;0;0;0;0;0;1;1;0;0;0
"12/08/2017";"02:27:00";"5";"com vítima";"123.83";"BR-116/PR";"Norte";"Colisão Traseira";0;0;0;1;0;1;0;0;0;0;1;0;0;0;1
"12/08/2017";"01:44:00";"55";"com vítima";"191.2";"BR-116/PR";"Sul";"Colisão Traseira";1;0;0;0;0;1;0;0;0;0;1;1;0;0;0
"12/08/2017";"02:41:00";"60";"com vítima";"139";"BR-116/PR";"Sul";"Queda de Moto";0;0;0;0;0;1;0;0;0;0;0;1;0;0;0
"12/08/2017";"03:12:00";"67";"com vítima";"119";"BR-116/PR";"Sul";"Queda de Moto";0;0;0;0;0;1;0;0;0;0;0;1;0;0;0
"12/08/2017";"05:35:00";"82";"sem vítima";"195";"BR-116/SC";"Norte";"Colisão Traseira";2;0;0;0;0;0;0;0;0;0;2;0;0;0;0
"12/08/2017";"06:18:00";"88";"com vítima";"139";"BR-116/SC";"Norte";"Queda de Moto";0;0;0;1;0;0;0;0;0;0;0;1;0;0;0
"12/08/2017";"06:30:00";"89";"sem vítima";"117.5";"BR-116/PR";"Sul";"Colisão Traseira";1;0;0;0;0;2;0;0;0;0;4;0;0;0;0
"12/08/2017";"08:19:00";"96";"sem vítima";"52";"BR-116/SC";"Sul";"Colisão Lateral";0;0;1;0;0;1;0;0;0;0;2;0;0;0;0
"12/08/2017";"08:28:00";"99";"sem vítima";"262.7";"BR-116/SC";"Norte";"Atropelamento de Animal";1;0;0;0;0;0;0;0;0;0;1;0;0;0;0
"12/08/2017";"11:23:00";"104";"sem vítima";"154";"BR-116/PR";"Sul";"Atropelamento de Animal";1;0;0;0;0;0;0;0;0;0;1;0;0;0;0
"13/08/2017";"06:37:00";"13";"sem vítima";"131.8";"BR-116/PR";"Sul";"Choque - Suporte de Sinalização";1;0;0;0;0;0;0;0;0;0;1;0;0;0;0
"13/08/2017";"01:25:00";"37";"sem vítima";"117";"BR-116/PR";"Sul";"Queda de Moto";0;0;0;1;0;0;0;0;0;0;1;0;0;0;0
"13/08/2017";"03:26:00";"41";"com vítima";"206";"BR-116/PR";"Sul";"Colisão Transversal";1;0;1;0;0;0;0;0;0;0;1;2;0;0;0
"13/08/2017";"05:35:00";"61";"sem vítima";"152";"BR-116/PR";"Sul";"Colisão Transversal";1;0;0;0;0;1;0;0;0;0;4;0;0;0;0
"13/08/2017";"06:10:00";"68";"com vítima";"48.05";"BR-116/SC";"Norte";"Engavetamento";4;0;0;0;0;0;0;0;0;1;18;2;0;0;0
"13/08/2017";"06:45:00";"73";"sem vítima";"129.1";"BR-116/PR";"Norte";"Capotamento";1;0;0;0;0;0;0;0;0;0;1;0;0;0;0
"13/08/2017";"07:06:00";"78";"sem vítima";"156";"BR-116/PR";"Norte";"Colisão Traseira";0;0;2;0;0;0;0;0;0;0;2;0;0;0;0
"13/08/2017";"08:29:00";"88";"sem vítima";"191";"BR-116/PR";"Norte";"Colisão Traseira";1;0;0;0;0;1;0;0;0;0;2;0;0;0;0
"14/08/2017";"07:15:00";"6";"sem vítima";"131.8";"BR-116/PR";"Norte";"Saida de Pista";1;0;0;0;0;0;0;0;0;0;1;0;0;0;0
"14/08/2017";"07:20:00";"7";"sem vítima";"127";"BR-116/PR";"Norte";"Colisão Lateral";3;0;0;0;0;0;0;0;0;0;3;0;0;0;0
"14/08/2017";"09:43:00";"23";"sem vítima";"141.9";"BR-116/SC";"Norte";"Saida de Pista";1;0;0;0;0;0;0;0;0;0;1;0;0;0;0
"14/08/2017";"07:22:00";"97";"sem vítima";"4.5";"BR-116/SC";"Sul";"Colisão Transversal";2;0;0;0;0;0;0;0;0;0;3;0;0;0;0
"15/08/2017";"07:34:00";"16";"com vítima";"5.5";"BR-116/SC";"Norte";"Queda de Moto";0;0;0;1;0;0;0;0;0;0;1;1;0;0;0
"16/08/2017";"08:20:00";"124";"sem vítima";"130.5";"BR-116/PR";"Norte";"Objeto lançado contra veículo";1;0;0;0;0;0;0;0;0;0;1;0;0;0;0
"16/08/2017";"11:02:00";"151";"com vítima";"152.43";"BR-116/PR";"Sul";"Colisão Transversal";1;0;1;0;0;0;0;0;0;0;1;0;0;2;1
"17/08/2017";"04:41:00";"19";"com vítima";"199";"BR-116/PR";"Sul";"Choque - Arvore";0;0;1;0;0;0;0;0;0;0;0;1;0;0;0
"17/08/2017";"07:50:00";"23";"sem vítima";"115";"BR-116/PR";"Norte";"Colisão Traseira";1;0;0;1;0;0;0;0;0;0;2;0;0;0;0
"17/08/2017";"03:22:00";"80";"sem vítima";"201.3";"BR-116/SC";"Norte";"Colisão Lateral";0;0;1;0;0;0;0;0;0;1;2;0;0;0;0
"17/08/2017";"03:36:00";"84";"sem vítima";"117.3";"BR-116/PR";"Sul";"Colisão Traseira";1;0;0;1;0;0;0;0;0;0;6;0;0;0;0
"18/08/2017";"05:04:00";"13";"sem vítima";"206";"BR-116/PR";"Sul";"Saida de Pista";1;0;0;0;0;0;0;0;0;0;1;0;0;0;0
"18/08/2017";"11:33:00";"65";"com vítima";"173.7";"BR-116/SC";"Norte";"Tombamento";0;0;1;0;0;0;0;0;0;0;0;1;0;0;0
"19/08/2017";"10:22:00";"36";"sem vítima";"184.3";"BR-116/SC";"Sul";"Choque - Suporte de Sinalização";1;0;0;0;0;0;0;0;0;0;1;0;0;0;0
"19/08/2017";"10:44:00";"41";"sem vítima";"166.5";"BR-116/PR";"Norte";"Colisão Transversal";2;0;0;0;0;0;0;0;0;0;2;0;0;0;0
"19/08/2017";"10:54:00";"42";"sem vítima";"132.3";"BR-116/PR";"Sul";"Colisão Traseira";1;0;1;0;0;1;0;0;0;0;3;0;0;0;0
"19/08/2017";"01:37:00";"53";"sem vítima";"134";"BR-116/PR";"Norte";"Colisão Frontal";2;0;0;0;0;0;0;0;0;0;2;0;0;0;0
"19/08/2017";"07:32:00";"72";"sem vítima";"32.6";"BR-116/SC";"Sul";"Choque - Arvore";1;0;0;0;0;0;0;0;0;0;1;0;0;0;0
"19/08/2017";"08:17:00";"74";"com vítima";"140.16";"BR-116/PR";"Norte";"Colisão Transversal";2;0;0;0;0;0;0;0;0;0;0;1;0;3;1
"20/08/2017";"03:34:00";"14";"sem vítima";"148.1";"BR-116/PR";"Sul";"Saida de Pista";1;0;0;0;0;0;0;0;0;0;1;0;0;0;0
"20/08/2017";"03:42:00";"15";"sem vítima";"125.8";"BR-116/PR";"Sul";"Saida de Pista";1;0;0;0;0;0;0;0;0;0;1;0;0;0;0
"20/08/2017";"04:14:00";"17";"sem vítima";"233.7";"BR-116/SC";"Norte";"Saida de Pista";1;0;0;0;0;0;0;0;0;0;1;0;0;0;0
"20/08/2017";"06:13:00";"24";"sem vítima";"122.7";"BR-116/PR";"Sul";"Saida de Pista";1;0;0;0;0;0;0;0;0;0;1;0;0;0;0
"20/08/2017";"09:15:00";"36";"com vítima";"149";"BR-116/SC";"Norte";"Saida de Pista";1;0;0;0;0;0;0;0;0;0;3;1;0;0;0
"20/08/2017";"07:47:00";"93";"sem vítima";"191";"BR-116/PR";"Sul";"Choque - Poste";1;0;0;0;0;0;0;0;0;0;2;0;0;0;0
"20/08/2017";"10:57:00";"104";"sem vítima";"124.6";"BR-116/SC";"Sul";"Capotamento";1;0;0;0;0;0;0;0;0;0;1;0;0;0;0
"21/08/2017";"01:15:00";"4";"sem vítima";"117";"BR-116/PR";"Sul";"Saida de Pista";1;0;0;0;0;0;0;0;0;0;1;0;0;0;0
"21/08/2017";"01:29:00";"5";"com vítima";"218";"BR-116/SC";"Norte";"Saida de Pista";1;0;0;0;0;0;0;0;0;0;2;2;0;0;0
"21/08/2017";"07:30:00";"22";"com vítima";"247";"BR-116/SC";"Sul";"Colisão Transversal";2;0;0;0;0;0;0;0;0;0;0;1;0;2;0
"21/08/2017";"07:31:00";"23";"sem vítima";"131";"BR-116/PR";"Norte";"Colisão Lateral";1;0;0;0;0;0;0;0;0;1;2;0;0;0;0
"21/08/2017";"07:46:00";"26";"sem vítima";"0.2";"BR-116/SC";"Norte";"Colisão Traseira";2;0;0;0;0;0;0;0;0;0;2;0;0;0;0
"21/08/2017";"01:02:00";"63";"sem vítima";"15";"BR-116/SC";"Sul";"Colisão Lateral";2;0;0;0;0;0;0;0;0;0;2;0;0;0;0
"21/08/2017";"06:24:00";"112";"sem vítima";"150";"BR-116/PR";"Norte";"Colisão Transversal";2;0;0;0;0;0;0;0;0;0;2;0;0;0;0
"22/08/2017";"07:35:00";"12";"sem vítima";"119.4";"BR-116/PR";"Norte";"Engavetamento";3;0;0;0;0;0;0;0;0;0;3;0;0;0;0
"22/08/2017";"12:26:00";"45";"sem vítima";"5.5";"BR-116/SC";"Sul";"Colisão Frontal";2;0;0;0;0;0;0;0;0;0;2;0;0;0;0
"22/08/2017";"12:29:00";"46";"com vítima";"152";"BR-116/PR";"Norte";"Colisão Transversal";1;0;1;0;0;0;0;0;0;0;1;2;0;0;1
"22/08/2017";"01:27:00";"51";"sem vítima";"56.4";"BR-116/SC";"Sul";"Atropelamento de Animal";1;0;0;0;0;0;0;0;0;0;2;0;0;0;0
"22/08/2017";"02:15:00";"56";"sem vítima";"50.4";"BR-116/SC";"Sul";"Colisão Lateral";0;0;1;0;0;0;0;0;0;1;3;0;0;0;0
"22/08/2017";"11:06:00";"110";"sem vítima";"304.45";"BR-116/SC";"Sul";"Saida de Pista";1;0;0;0;0;0;0;0;0;0;1;0;0;0;0
"23/08/2017";"11:36:00";"62";"sem vítima";"115.9";"BR-116/PR";"Sul";"Choque - Defensa, barreira ou "submarino"";0;0;1;0;0;0;0;0;0;0;1;0;0;0;0
"23/08/2017";"11:44:00";"63";"com vítima";"115";"BR-116/PR";"Sul";"Queda de Moto";0;0;0;1;0;0;0;0;0;0;0;1;0;0;0
"24/08/2017";"09:29:00";"40";"sem vítima";"115.5";"BR-116/PR";"Norte";"Colisão Lateral";1;0;0;1;0;0;0;0;0;0;2;0;0;0;0
"24/08/2017";"09:34:00";"44";"sem vítima";"7";"BR-116/SC";"Sul";"Colisão Transversal";2;0;0;0;0;0;0;0;0;0;2;0;0;0;0
"24/08/2017";"08:48:00";"116";"sem vítima";"172";"BR-116/PR";"Sul";"Colisão Lateral";0;0;1;0;0;0;0;0;0;1;2;0;0;0;0
"25/08/2017";"06:39:00";"13";"sem vítima";"141";"BR-116/PR";"Norte";"Colisão Transversal";2;0;0;0;0;0;0;0;0;0;2;0;0;0;0
"25/08/2017";"10:04:00";"43";"com vítima";"210.6";"BR-116/PR";"Norte";"Colisão Frontal";1;0;1;0;0;0;0;0;0;0;1;0;0;0;1
"25/08/2017";"01:34:00";"58";"sem vítima";"117";"BR-116/PR";"Sul";"Colisão Transversal";1;0;0;0;0;1;0;0;0;0;2;0;0;0;0
"25/08/2017";"07:32:00";"96";"com vítima";"93.5";"BR-116/SC";"Sul";"Queda de Moto";0;0;0;1;0;0;0;0;0;0;0;1;0;0;0
"25/08/2017";"08:36:00";"103";"com vítima";"81.6";"BR-116/SC";"Sul";"Queda de Moto";0;0;0;1;0;0;0;0;0;0;1;1;0;0;0
"26/08/2017";"06:01:00";"20";"com vítima";"109";"BR-116/SC";"Norte";"Engavetamento";1;0;1;0;0;0;0;0;0;1;5;2;0;0;0
"26/08/2017";"11:07:00";"50";"sem vítima";"211.7";"BR-116/PR";"Sul";"Colisão Transversal";1;0;0;0;0;0;0;0;0;1;2;0;0;0;0
"26/08/2017";"06:28:00";"100";"com vítima";"122.9";"BR-116/PR";"Norte";"Engavetamento";4;0;0;0;0;0;0;0;0;0;3;4;0;0;0
"26/08/2017";"06:41:00";"101";"com vítima";"124";"BR-116/PR";"Norte";"Colisão Lateral";0;0;0;1;0;0;0;0;0;1;1;1;0;0;0
"26/08/2017";"08:19:00";"108";"com vítima";"116.9";"BR-116/PR";"Norte";"Queda de Moto";0;0;0;1;0;0;0;0;0;0;0;1;0;0;0
"26/08/2017";"10:32:00";"116";"sem vítima";"178.2";"BR-116/SC";"Sul";"Saida de Pista";1;0;0;0;0;0;0;0;0;0;1;0;0;0;0
"27/08/2017";"12:05:00";"1";"sem vítima";"132.95";"BR-116/SC";"Norte";"Saida de Pista";1;0;0;0;0;0;0;0;0;0;2;0;0;0;0
"27/08/2017";"05:02:00";"8";"sem vítima";"234.7";"BR-116/SC";"Norte";"Colisão Traseira";2;0;0;0;0;0;0;0;0;0;2;0;0;0;0
"27/08/2017";"05:39:00";"10";"sem vítima";"245.5";"BR-116/SC";"Sul";"Colisão Transversal";1;0;1;0;0;0;0;0;0;0;2;0;0;0;0
"27/08/2017";"04:54:00";"52";"sem vítima";"124";"BR-116/PR";"Norte";"Colisão Traseira";1;0;1;0;0;0;0;0;0;0;2;0;0;0;0
"27/08/2017";"07:51:00";"80";"com vítima";"126";"BR-116/PR";"Norte";"Colisão Traseira";2;0;0;0;0;1;0;0;0;0;3;1;0;0;0
"27/08/2017";"08:00:00";"83";"sem vítima";"5.5";"BR-116/SC";"Sul";"Queda de Moto";0;0;0;1;0;0;0;0;0;0;1;0;0;0;0
"28/08/2017";"07:14:00";"14";"sem vítima";"122.9";"BR-116/PR";"Norte";"Colisão Lateral";1;0;0;1;0;0;0;0;0;0;2;0;0;0;0
"28/08/2017";"07:46:00";"20";"sem vítima";"4.5";"BR-116/SC";"Sul";"Colisão Transversal";2;0;0;0;0;0;0;0;0;0;2;0;0;0;0
"28/08/2017";"09:10:00";"32";"sem vítima";"135";"BR-116/PR";"Sul";"Colisão Transversal";1;0;1;0;0;0;0;0;0;0;2;0;0;0;0
"28/08/2017";"09:44:00";"42";"sem vítima";"151.3";"BR-116/SC";"Sul";"Colisão Lateral";1;0;1;0;0;0;0;0;0;0;2;0;0;0;0
"28/08/2017";"11:27:00";"59";"sem vítima";"291.5";"BR-116/SC";"Norte";"Colisão Traseira";0;0;1;0;0;0;0;0;1;0;2;0;0;0;0
"28/08/2017";"01:37:00";"72";"sem vítima";"186";"BR-116/PR";"Norte";"Colisão Traseira";2;0;1;0;0;0;0;0;0;0;4;0;0;0;0
"29/08/2017";"08:19:00";"11";"com vítima";"115";"BR-116/PR";"Sul";"Colisão Traseira";1;0;0;1;0;0;0;0;0;0;1;1;0;0;0
"29/08/2017";"05:45:00";"93";"com vítima";"217.5";"BR-116/SC";"Sul";"Colisão Transversal";0;0;1;1;0;0;0;0;0;0;1;1;0;0;0
"29/08/2017";"06:10:00";"96";"sem vítima";"116";"BR-116/PR";"Norte";"Colisão Traseira";2;0;0;0;0;0;0;0;0;0;2;0;0;0;0
"29/08/2017";"07:06:00";"104";"com vítima";"4.5";"BR-116/SC";"Sul";"Colisão Transversal";1;0;0;1;0;0;0;0;0;0;1;1;0;0;0
"30/08/2017";"06:58:00";"8";"sem vítima";"59.45";"BR-116/SC";"Sul";"Choque - Talude";0;0;0;0;0;0;0;0;0;1;1;0;0;0;0
"30/08/2017";"07:40:00";"12";"sem vítima";"122";"BR-116/PR";"Norte";"Colisão Traseira";1;0;0;0;0;1;0;0;0;0;2;0;0;0;0
"30/08/2017";"07:44:00";"13";"com vítima";"134";"BR-116/SC";"Sul";"Colisão Frontal";1;0;1;0;0;0;0;0;0;0;1;2;0;0;0