data;horario;n_da_ocorrencia;tipo_de_ocorrencia;km;trecho;sentido;tipo_de_acidente;automovel;bicicleta;caminhao;moto;onibus;outros;tracao_animal;transporte_de_cargas_especiais;trator_maquinas;utilitarios;ilesos;levemente_feridos;moderadamente_feridos;gravemente_feridos;mortos
"30/08/2017";"01:31:00";"69";"sem vítima";"119";"BR-116/PR";"Sul";"Saida de Pista";1;0;0;0;0;0;0;0;0;0;2;0;0;0;0
"30/08/2017";"03:55:00";"85";"sem vítima";"202.5";"BR-116/SC";"Norte";"Colisão Traseira";2;0;0;0;0;0;0;0;0;0;2;0;0;0;0
"30/08/2017";"05:06:00";"98";"sem vítima";"209";"BR-116/PR";"Sul";"Colisão Traseira";2;0;0;0;0;0;0;0;0;0;2;0;0;0;0
"30/08/2017";"05:08:00";"100";"sem vítima";"161";"BR-116/PR";"Norte";"Colisão Traseira";2;0;1;0;0;0;0;0;0;0;3;0;0;0;0
"31/08/2017";"07:16:00";"23";"sem vítima";"92.3";"BR-116/SC";"Sul";"Saida de Pista";1;0;0;0;0;0;0;0;0;0;1;0;0;0;0
"31/08/2017";"09:49:00";"48";"sem vítima";"206";"BR-116/PR";"Sul";"Saida de Pista";0;0;1;0;0;0;0;0;0;0;1;0;0;0;0
"31/08/2017";"10:45:00";"64";"com vítima";"26.5";"BR-116/SC";"Norte";"Colisão Lateral";1;0;1;0;0;0;0;0;0;0;2;0;0;1;0
"31/08/2017";"05:04:00";"111";"sem vítima";"171.376";"BR-116/SC";"Norte";"Atropelamento de Animal";1;0;0;0;0;0;0;0;0;0;1;0;0;0;0
"01/09/2017";"11:58:00";"57";"sem vítima";"73.4";"BR-116/SC";"Sul";"Colisão Traseira";1;0;1;0;0;0;0;0;0;0;2;0;0;0;0
"01/09/2017";"03:21:00";"84";"com vítima";"116.8";"BR-116/PR";"Norte";"Queda de Moto";0;0;0;1;0;0;0;0;0;0;0;1;0;0;0
"01/09/2017";"05:41:00";"100";"com vítima";"101.25";"BR-116/SC";"Sul";"Queda de Moto";0;0;0;1;0;0;0;0;0;0;0;1;0;0;0
"02/09/2017";"12:29:00";"2";"sem vítima";"234.5";"BR-116/SC";"Sul";"Saida de Pista";1;0;0;0;0;0;0;0;0;0;3;0;0;0;0
"02/09/2017";"02:22:00";"6";"sem vítima";"268.2";"BR-116/SC";"Norte";"Saida de Pista";0;0;0;0;0;1;0;0;0;0;1;0;0;0;0
"02/09/2017";"04:31:00";"11";"com vítima";"16.4";"BR-116/SC";"Norte";"Saida de Pista";1;0;0;0;0;0;0;0;0;0;0;1;0;0;0
"02/09/2017";"12:23:00";"45";"sem vítima";"135.15";"BR-116/SC";"Norte";"Choque - Defensa, barreira ou "submarino"";1;0;0;0;0;0;0;0;0;0;2;0;0;0;0
"02/09/2017";"01:26:00";"49";"com vítima";"117.5";"BR-116/PR";"Norte";"Capotamento";1;0;0;0;0;0;0;0;0;0;1;1;0;0;0
"02/09/2017";"07:09:00";"74";"com vítima";"267.72";"BR-116/SC";"Norte";"Colisão Transversal";0;0;1;1;0;0;0;0;0;0;1;0;0;0;1
"03/09/2017";"04:54:00";"14";"sem vítima";"176.1";"BR-116/SC";"Norte";"Saida de Pista";1;0;0;0;0;0;0;0;0;0;2;0;0;0;0
"03/09/2017";"03:37:00";"51";"sem vítima";"119.1";"BR-116/PR";"Norte";"Colisão Lateral";1;0;1;0;0;0;0;0;0;0;2;0;0;0;0
"03/09/2017";"04:20:00";"57";"com vítima";"121";"BR-116/PR";"Norte";"Choque - Talude";1;0;0;0;0;0;0;0;0;0;0;1;0;1;0
"03/09/2017";"06:40:00";"72";"sem vítima";"167";"BR-116/PR";"Norte";"Colisão Transversal";2;0;0;0;0;0;0;0;0;0;2;0;0;0;0
"03/09/2017";"06:56:00";"77";"sem vítima";"122";"BR-116/PR";"Norte";"Colisão Traseira";2;0;0;0;0;0;0;0;0;0;2;0;0;0;0
"03/09/2017";"07:18:00";"82";"sem vítima";"120";"BR-116/PR";"Norte";"Colisão Traseira";3;0;0;0;0;0;0;0;0;0;3;0;0;0;0
"04/09/2017";"10:11:00";"26";"com vítima";"245.6";"BR-116/SC";"Sul";"Colisão Transversal";1;0;1;0;0;0;0;0;0;0;1;0;0;2;0
"04/09/2017";"12:54:00";"50";"sem vítima";"125.8";"BR-116/PR";"Norte";"Colisão Traseira";2;0;0;0;0;0;0;0;0;0;2;0;0;0;0
"05/09/2017";"08:27:00";"25";"com vítima";"116";"BR-116/PR";"Norte";"Colisão Traseira";1;0;0;1;0;0;0;0;0;0;1;1;0;0;0
"05/09/2017";"06:51:00";"122";"com vítima";"120.5";"BR-116/PR";"Norte";"Queda de Moto";0;0;0;1;0;0;0;0;0;0;0;1;0;0;0
"05/09/2017";"11:59:00";"143";"sem vítima";"126";"BR-116/PR";"Sul";"Saida de Pista";1;0;0;0;0;0;0;0;0;0;1;0;0;0;0
"06/09/2017";"02:17:00";"5";"sem vítima";"264.4";"BR-116/SC";"Norte";"Choque - Talude";1;0;0;0;0;0;0;0;0;0;1;0;0;0;0
"06/09/2017";"02:08:00";"64";"sem vítima";"211.5";"BR-116/SC";"Sul";"Colisão Traseira";1;0;0;0;0;1;0;0;0;0;2;0;0;0;0
"06/09/2017";"03:11:00";"78";"com vítima";"168";"BR-116/SC";"Sul";"Saida de Pista";1;0;0;0;0;0;0;0;0;0;0;1;0;0;0
"06/09/2017";"03:30:00";"92";"sem vítima";"81";"BR-116/SC";"Norte";"Colisão Traseira";2;0;0;0;0;0;0;0;0;0;2;0;0;0;0
"06/09/2017";"03:56:00";"91";"com vítima";"182.3";"BR-116/SC";"Sul";"Colisão Traseira";1;0;2;0;0;0;0;0;0;0;2;1;0;0;0
"06/09/2017";"05:14:00";"102";"com vítima";"171.8";"BR-116/PR";"Sul";"Choque - Elemento de Drenagem";0;0;0;1;0;0;0;0;0;0;0;0;0;1;0
"07/09/2017";"12:00:00";"1";"sem vítima";"26.95";"BR-116/SC";"Norte";"Tombamento";0;0;1;0;0;0;0;0;0;0;1;0;0;0;0
"07/09/2017";"01:35:00";"7";"sem vítima";"126";"BR-116/PR";"Sul";"Colisão Traseira";2;0;0;0;0;0;0;0;0;0;2;0;0;0;0
"07/09/2017";"02:35:00";"11";"sem vítima";"134";"BR-116/SC";"Sul";"Colisão Traseira";1;0;1;0;0;0;0;0;0;0;2;0;0;0;0
"07/09/2017";"03:45:00";"14";"com vítima";"112.6";"BR-116/SC";"Norte";"Colisão Lateral";1;0;0;0;0;1;0;0;0;0;1;1;0;2;0
"07/09/2017";"07:19:00";"21";"sem vítima";"244";"BR-116/SC";"Sul";"Choque - Defensa, barreira ou "submarino"";1;0;0;0;0;0;0;0;0;0;1;0;0;0;0
"07/09/2017";"11:48:00";"49";"com vítima";"53.3";"BR-116/SC";"Sul";"Colisão Traseira";0;0;0;2;0;0;0;0;0;0;1;2;0;0;0
"07/09/2017";"03:21:00";"65";"com vítima";"149";"BR-116/PR";"Norte";"Colisão Transversal";2;0;0;0;0;0;0;0;0;0;8;1;0;0;0
"07/09/2017";"04:14:00";"76";"com vítima";"308.45";"BR-116/SC";"Norte";"Saida de Pista";0;0;0;1;0;0;0;0;0;0;0;1;0;0;0
"07/09/2017";"10:29:00";"113";"com vítima";"47.4";"BR-116/SC";"Sul";"Colisão Traseira";1;0;1;0;0;0;0;0;0;0;2;2;0;0;0
"08/09/2017";"10:27:00";"36";"sem vítima";"205.9";"BR-116/SC";"Norte";"Colisão Transversal";2;0;0;0;0;0;0;0;0;0;2;0;0;0;0
"08/09/2017";"01:06:00";"49";"sem vítima";"105";"BR-116/SC";"Sul";"Queda de Moto";0;0;0;1;0;0;0;0;0;0;1;0;0;0;0
"08/09/2017";"01:22:00";"50";"sem vítima";"225";"BR-116/SC";"Norte";"Colisão Transversal";2;0;0;0;0;0;0;0;0;0;3;0;0;0;0
"08/09/2017";"03:00:00";"57";"sem vítima";"251.35";"BR-116/SC";"Norte";"Colisão Traseira";1;0;1;0;0;0;0;0;0;0;5;0;0;0;0
"08/09/2017";"08:22:00";"95";"sem vítima";"205.02";"BR-116/SC";"Sul";"Colisão Lateral";2;0;0;0;0;0;0;0;0;0;6;0;0;0;0
"09/09/2017";"03:22:00";"8";"sem vítima";"117.6";"BR-116/PR";"Norte";"Saida de Pista";1;0;0;0;0;0;0;0;0;0;1;0;0;0;0
"09/09/2017";"12:02:00";"50";"com vítima";"22.95";"BR-116/SC";"Sul";"Capotamento";1;0;0;0;0;0;0;0;0;0;0;2;0;0;0
"09/09/2017";"06:32:00";"87";"sem vítima";"151";"BR-116/PR";"Sul";"Atropelamento de Animal";1;0;0;0;0;0;0;0;0;0;3;0;0;0;0
"10/09/2017";"01:33:00";"5";"com vítima";"125.8";"BR-116/PR";"Sul";"Colisão Traseira";2;0;0;0;0;0;0;0;0;0;0;2;0;0;0
"10/09/2017";"02:10:00";"7";"com vítima";"102.8";"BR-116/SC";"Sul";"Choque - Veiculo parado na pista";2;0;0;0;0;0;0;0;0;0;6;1;0;0;0
"10/09/2017";"06:32:00";"16";"sem vítima";"119";"BR-116/PR";"Sul";"Choque - Elemento de Drenagem";0;0;0;1;0;0;0;0;0;0;1;0;0;0;0
"10/09/2017";"01:55:00";"54";"com vítima";"7";"BR-116/SC";"Norte";"Colisão Transversal";2;0;0;0;0;0;0;0;0;0;2;2;0;0;0
"10/09/2017";"02:28:00";"56";"com vítima";"117.6";"BR-116/PR";"Norte";"Atropelamento - Andarilho";0;0;0;0;0;1;0;0;0;0;1;1;0;0;0
"10/09/2017";"03:27:00";"64";"sem vítima";"187";"BR-116/SC";"Norte";"Objeto lançado contra veículo";1;0;0;0;0;0;0;0;0;0;2;0;0;0;0
"10/09/2017";"05:39:00";"82";"sem vítima";"119";"BR-116/PR";"Sul";"Colisão Traseira";2;0;0;0;0;0;0;0;0;0;5;0;0;0;0
"11/09/2017";"11:50:00";"58";"com vítima";"159.3";"BR-116/PR";"Sul";"Colisão Transversal";1;0;0;1;0;0;0;0;0;0;2;0;0;1;0
"11/09/2017";"06:34:00";"99";"sem vítima";"180";"BR-116/SC";"Sul";"Engavetamento";3;0;0;0;0;0;0;0;0;0;3;0;0;0;0
"11/09/2017";"06:49:00";"101";"com vítima";"188.7";"BR-116/PR";"Norte";"Colisão Transversal";1;0;1;0;0;0;0;0;0;0;1;1;0;0;0
"12/09/2017";"05:47:00";"109";"sem vítima";"161.4";"BR-116/PR";"Norte";"Choque - Veiculo parado na pista";0;0;0;0;0;0;0;0;0;2;2;0;0;0;0
"13/09/2017";"11:20:00";"62";"sem vítima";"233";"BR-116/SC";"Sul";"Choque - Outros";0;0;1;0;0;0;0;0;0;0;1;0;0;0;0
"13/09/2017";"02:20:00";"70";"sem vítima";"160";"BR-116/PR";"Sul";"Colisão Traseira";1;0;0;0;0;1;0;0;0;0;2;0;0;0;0
"13/09/2017";"02:59:00";"83";"sem vítima";"53.3";"BR-116/SC";"Norte";"Saida de Pista";0;0;1;0;0;0;0;0;0;0;2;0;0;0;0
"13/09/2017";"07:33:00";"123";"sem vítima";"117.8";"BR-116/PR";"Sul";"Choque - Objeto sobre a pista";0;0;0;1;0;0;0;0;0;0;1;0;0;0;0
"14/09/2017";"08:11:00";"26";"com vítima";"116.9";"BR-116/PR";"Norte";"Colisão Lateral";0;0;0;1;0;1;0;0;0;0;1;1;0;0;0
"14/09/2017";"03:39:00";"92";"sem vítima";"306.8";"BR-116/SC";"Norte";"Colisão Traseira";1;0;0;0;0;0;0;0;0;1;3;0;0;0;0
"14/09/2017";"07:22:00";"116";"com vítima";"174.5";"BR-116/SC";"Norte";"Tombamento";0;0;1;0;0;0;0;0;0;0;0;1;0;0;0
"15/09/2017";"01:19:00";"2";"sem vítima";"157.58";"BR-116/PR";"Sul";"Capotamento";1;0;0;0;0;0;0;0;0;0;1;0;0;0;0
"15/09/2017";"02:17:00";"4";"sem vítima";"272.15";"BR-116/SC";"Sul";"Atropelamento de Animal";0;0;0;0;0;0;0;0;0;1;1;0;0;0;0
"15/09/2017";"05:00:00";"10";"sem vítima";"157.3";"BR-116/SC";"Norte";"Choque - Suporte de Sinalização";0;0;1;0;0;0;0;0;0;0;1;0;0;0;0
"15/09/2017";"07:54:00";"27";"com vítima";"115";"BR-116/PR";"Norte";"Colisão Lateral";0;0;0;1;0;1;0;0;0;0;2;0;0;1;0
"15/09/2017";"01:01:00";"66";"sem vítima";"4.5";"BR-116/SC";"Sul";"Colisão Transversal";2;0;0;0;0;0;0;0;0;0;2;0;0;0;0
"15/09/2017";"04:42:00";"103";"sem vítima";"47.4";"BR-116/SC";"Sul";"Choque - Veiculo parado na pista";2;0;0;0;0;0;0;0;0;0;4;0;0;0;0
"15/09/2017";"05:06:00";"107";"com vítima";"245.5";"BR-116/SC";"Sul";"Colisão Transversal";1;0;1;0;0;0;0;0;0;0;1;1;0;0;0
"15/09/2017";"06:36:00";"118";"sem vítima";"116.7";"BR-116/PR";"Sul";"Queda de Moto";0;0;0;1;0;0;0;0;0;0;1;0;0;0;0
"16/09/2017";"04:55:00";"91";"sem vítima";"119";"BR-116/PR";"Sul";"Colisão Lateral";2;0;0;0;0;0;0;0;0;0;2;0;0;0;0
"16/09/2017";"10:05:00";"116";"sem vítima";"177.8";"BR-116/PR";"Norte";"Capotamento";1;0;0;0;0;0;0;0;0;0;1;0;0;0;0
"16/09/2017";"11:21:00";"121";"com vítima";"119.2";"BR-116/PR";"Sul";"Queda de Moto";0;0;0;1;0;0;0;0;0;0;1;1;0;0;0
"17/09/2017";"08:12:00";"25";"com vítima";"128.7";"BR-116/PR";"Norte";"Choque - Defensa, barreira ou "submarino"";1;0;0;0;0;0;0;0;0;0;4;1;0;0;0
"17/09/2017";"02:00:00";"47";"sem vítima";"122";"BR-116/PR";"Norte";"Colisão Lateral";1;0;1;0;0;0;0;0;0;0;4;0;0;0;0
"17/09/2017";"04:36:00";"62";"com vítima";"122.6";"BR-116/PR";"Sul";"Queda de Moto";0;0;0;1;0;0;0;0;0;0;0;2;0;0;0
"17/09/2017";"10:22:00";"90";"com vítima";"210.8";"BR-116/PR";"Norte";"Colisão Transversal";2;0;0;0;0;0;0;0;0;0;3;1;0;0;0
"17/09/2017";"10:44:00";"96";"sem vítima";"206.5";"BR-116/SC";"Sul";"Choque - Defensa, barreira ou "submarino"";0;0;0;0;0;1;0;0;0;0;1;0;0;0;0
"18/09/2017";"02:21:00";"14";"sem vítima";"234";"BR-116/SC";"Norte";"Atropelamento de Animal";1;0;0;0;0;0;0;0;0;0;2;0;0;0;0
"18/09/2017";"08:15:00";"40";"sem vítima";"115";"BR-116/PR";"Norte";"Colisão Lateral";1;0;1;0;0;0;0;0;0;0;2;0;0;0;0
"18/09/2017";"04:41:00";"118";"com vítima";"220.5";"BR-116/SC";"Sul";"Colisão Transversal";0;0;0;1;0;0;0;0;0;1;1;1;0;0;0
"19/09/2017";"05:37:00";"102";"sem vítima";"47";"BR-116/SC";"Sul";"Colisão Traseira";1;0;0;0;0;1;0;0;0;0;2;0;0;0;0
"19/09/2017";"06:52:00";"110";"com vítima";"196.6";"BR-116/SC";"Sul";"Colisão Frontal";2;0;0;0;0;0;0;0;0;0;0;1;0;0;2
"19/09/2017";"11:22:00";"128";"sem vítima";"232.8";"BR-116/SC";"Norte";"Colisão Lateral";1;0;1;0;0;0;0;0;0;0;3;0;0;0;0
"20/09/2017";"01:16:00";"56";"sem vítima";"115.9";"BR-116/PR";"Sul";"Choque - Veiculo parado na pista";0;0;1;0;1;0;0;0;0;0;2;0;0;0;0
"20/09/2017";"02:59:00";"63";"sem vítima";"55";"BR-116/SC";"Norte";"Colisão Transversal";1;0;1;0;0;0;0;0;0;0;2;0;0;0;0
"21/09/2017";"08:49:00";"28";"com vítima";"4.5";"BR-116/SC";"Sul";"Colisão Transversal";2;0;0;0;0;0;0;0;0;0;0;2;0;0;0
"21/09/2017";"09:31:00";"36";"sem vítima";"146";"BR-116/PR";"Norte";"Choque - Veiculo parado na pista";3;0;0;0;0;0;0;0;0;0;3;0;0;0;0
"22/09/2017";"06:51:00";"10";"com vítima";"115";"BR-116/PR";"Norte";"Colisão Lateral";1;0;0;1;0;0;0;0;0;0;1;1;0;0;0
"22/09/2017";"09:49:00";"43";"sem vítima";"117";"BR-116/PR";"Sul";"Engavetamento";3;0;0;0;0;0;0;0;0;0;3;0;0;0;0
"22/09/2017";"08:12:00";"120";"sem vítima";"229.4";"BR-116/SC";"Sul";"Colisão Lateral";1;0;1;0;0;0;0;0;0;0;2;0;0;0;0
"23/09/2017";"12:03:00";"63";"com vítima";"122";"BR-116/PR";"Norte";"Queda de Moto";0;0;0;1;0;0;0;0;0;0;0;1;0;0;0
"24/09/2017";"09:57:00";"31";"com vítima";"115.15";"BR-116/SC";"Norte";"Colisão Frontal";1;0;0;0;0;1;0;0;0;0;2;1;0;0;0
"24/09/2017";"11:58:00";"34";"sem vítima";"152";"BR-116/SC";"Sul";"Colisão Lateral";0;0;2;0;0;0;0;0;0;0;2;0;0;0;0
"24/09/2017";"06:53:00";"63";"com vítima";"166.6";"BR-116/PR";"Norte";"Atropelamento - Morador";0;0;0;0;0;0;0;0;0;1;1;0;0;1;0
"24/09/2017";"07:57:00";"70";"sem vítima";"4.9";"BR-116/SC";"Norte";"Colisão Frontal";2;0;0;0;0;0;0;0;0;0;5;0;0;0;0
"24/09/2017";"10:30:00";"74";"sem vítima";"159.8";"BR-116/SC";"Sul";"Saida de Pista";1;0;0;0;0;0;0;0;0;0;2;0;0;0;0
"25/09/2017";"07:01:00";"19";"com vítima";"164.5";"BR-116/PR";"Norte";"Colisão Lateral";1;0;1;1;0;0;0;0;0;0;4;1;0;0;0
"26/09/2017";"05:33:00";"6";"com vítima";"116";"BR-116/PR";"Norte";"Queda de Moto";0;0;0;1;0;0;0;0;0;0;0;1;0;0;0
"26/09/2017";"10:30:00";"58";"sem vítima";"5.5";"BR-116/SC";"Norte";"Colisão Transversal";1;0;0;0;0;0;0;0;0;1;2;0;0;0;0
"26/09/2017";"04:14:00";"101";"sem vítima";"202";"BR-116/PR";"Norte";"Colisão Lateral";1;0;1;0;0;0;0;0;0;0;3;0;0;0;0
"27/09/2017";"08:22:00";"28";"com vítima";"152";"BR-116/PR";"Sul";"Colisão Transversal";1;0;0;1;0;0;0;0;0;0;1;1;0;0;0
"27/09/2017";"02:10:00";"73";"sem vítima";"5.5";"BR-116/SC";"Norte";"Colisão Traseira";2;0;0;0;0;0;0;0;0;0;2;0;0;0;0
"27/09/2017";"07:37:00";"107";"com vítima";"134";"BR-116/PR";"Sul";"Choque - Elemento de Drenagem";0;0;0;1;0;0;0;0;0;0;0;1;0;0;0
"27/09/2017";"10:53:00";"118";"sem vítima";"131.2";"BR-116/PR";"Sul";"Saida de Pista";1;0;0;0;0;0;0;0;0;0;1;0;0;0;0
"28/09/2017";"12:08:00";"1";"sem vítima";"152.3";"BR-116/PR";"Norte";"Choque - Veiculo parado na pista";0;0;1;0;0;0;0;0;0;1;2;0;0;0;0
"28/09/2017";"03:43:00";"84";"sem vítima";"47.2";"BR-116/SC";"Sul";"Choque - Veiculo parado na pista";0;0;1;0;0;1;0;0;0;1;3;0;0;0;0
"28/09/2017";"04:37:00";"89";"sem vítima";"117.5";"BR-116/PR";"Sul";"Colisão Traseira";1;0;1;0;0;0;0;0;0;0;2;0;0;0;0
"28/09/2017";"06:13:00";"99";"sem vítima";"161";"BR-116/PR";"Norte";"Colisão Transversal";2;0;0;0;0;0;0;0;0;0;2;0;0;0;0
"28/09/2017";"06:18:00";"100";"sem vítima";"247.7";"BR-116/SC";"Sul";"Colisão Lateral";1;0;1;0;0;0;0;0;0;0;2;0;0;0;0
"28/09/2017";"11:43:00";"113";"sem vítima";"36.5";"BR-116/SC";"Sul";"Choque - Objeto sobre a pista";1;0;0;0;0;0;0;0;0;0;1;0;0;0;0
"29/09/2017";"05:08:00";"11";"sem vítima";"211";"BR-116/SC";"Norte";"Capotamento";1;0;0;0;0;0;0;0;0;0;1;0;0;0;0
"29/09/2017";"09:04:00";"27";"com vítima";"118";"BR-116/PR";"Norte";"Queda de Moto";0;0;0;1;0;0;0;0;0;0;0;1;0;0;0
"29/09/2017";"10:00:00";"38";"com vítima";"239";"BR-116/SC";"Sul";"Capotamento";1;0;0;0;0;0;0;0;0;0;1;1;0;0;0
"29/09/2017";"02:49:00";"60";"sem vítima";"0.3";"BR-116/SC";"Norte";"Queda de Moto";0;0;0;1;0;0;0;0;0;0;1;0;0;0;0
"29/09/2017";"02:50:00";"62";"com vítima";"2.4";"BR-116/SC";"Norte";"Choque - Veiculo parado na pista";0;0;2;0;0;0;0;0;0;1;3;1;0;0;0
"29/09/2017";"03:50:00";"70";"sem vítima";"2.5";"BR-116/SC";"Norte";"Colisão Traseira";1;0;0;0;0;0;0;0;0;0;1;0;0;0;0
"29/09/2017";"06:23:00";"79";"sem vítima";"122.5";"BR-116/PR";"Sul";"Colisão Traseira";2;0;0;0;0;0;0;0;0;0;3;0;0;0;0
"30/09/2017";"06:13:00";"8";"com vítima";"112";"BR-116/SC";"Sul";"Saida de Pista";1;0;0;0;0;0;0;0;0;0;1;1;0;0;0
"30/09/2017";"12:37:00";"43";"com vítima";"153.6";"BR-116/PR";"Norte";"Colisão Transversal";1;0;0;1;0;0;0;0;0;0;1;0;0;1;0
"30/09/2017";"09:38:00";"90";"sem vítima";"152";"BR-116/PR";"Norte";"Saida de Pista";1;0;0;0;0;0;0;0;0;0;1;0;0;0;0
"01/10/2017";"03:45:00";"68";"sem vítima";"190";"BR-116/PR";"Norte";"Colisão Traseira";2;0;0;0;0;0;0;0;0;0;5;0;0;0;0
"01/10/2017";"04:32:00";"75";"sem vítima";"118.95";"BR-116/PR";"Sul";"Colisão Transversal";1;0;0;0;0;1;0;0;0;0;5;0;0;0;0
"02/10/2017";"12:03:00";"1";"com vítima";"41.1";"BR-116/SC";"Sul";"Choque - Objeto sobre a pista";0;0;0;1;0;0;0;0;0;0;0;1;0;0;0
"02/10/2017";"04:44:00";"16";"sem vítima";"132.8";"BR-116/PR";"Norte";"Choque - Defensa, barreira ou "submarino"";1;0;0;0;0;0;0;0;0;0;1;0;0;0;0
"02/10/2017";"03:46:00";"77";"sem vítima";"75.95";"BR-116/SC";"Sul";"Saida de Pista";1;0;0;0;0;0;0;0;0;0;2;0;0;0;0
"02/10/2017";"07:49:00";"100";"com vítima";"67";"BR-116/SC";"Norte";"Colisão Lateral";1;0;1;0;0;0;0;0;0;0;2;1;0;0;0
"03/10/2017";"12:45:00";"3";"com vítima";"117.6";"BR-116/PR";"Norte";"Queda de Moto";0;0;0;1;0;0;0;0;0;0;0;1;0;0;0
"03/10/2017";"03:59:00";"99";"com vítima";"25.15";"BR-116/SC";"Sul";"Colisão Frontal";1;0;1;0;0;0;0;0;0;0;2;1;0;1;0
"04/10/2017";"11:28:00";"58";"com vítima";"1.9";"BR-116/SC";"Sul";"Engavetamento";1;0;2;0;0;0;0;0;0;1;3;2;0;0;0
"04/10/2017";"05:12:00";"97";"sem vítima";"153";"BR-116/PR";"Norte";"Colisão Transversal";1;0;0;1;0;0;0;0;0;0;2;0;0;0;0
"04/10/2017";"05:13:00";"98";"com vítima";"206.95";"BR-116/PR";"Norte";"Colisão Transversal";1;0;0;1;0;0;0;0;0;0;1;1;0;0;0
"05/10/2017";"04:57:00";"9";"com vítima";"109.6";"BR-116/SC";"Norte";"Choque - Veiculo parado na pista";1;0;1;0;0;0;0;0;0;0;6;1;0;0;0
"05/10/2017";"10:50:00";"44";"sem vítima";"181";"BR-116/SC";"Norte";"Colisão Traseira";2;0;0;0;0;0;0;0;0;0;2;0;0;0;0
"05/10/2017";"10:15:00";"105";"com vítima";"49.5";"BR-116/SC";"Norte";"Colisão Traseira";0;0;0;1;0;0;0;0;0;1;1;1;0;0;0
"06/10/2017";"07:35:00";"14";"sem vítima";"121";"BR-116/PR";"Norte";"Colisão Lateral";1;0;0;1;0;0;0;0;0;0;2;0;0;0;0
"06/10/2017";"09:46:00";"36";"sem vítima";"117.5";"BR-116/PR";"Sul";"Colisão Traseira";0;0;1;0;0;1;0;0;0;0;2;0;0;0;0
"06/10/2017";"10:15:00";"47";"com vítima";"253.5";"BR-116/SC";"Sul";"Colisão Transversal";1;0;1;0;0;0;0;0;0;0;1;1;0;0;0
"06/10/2017";"11:23:00";"60";"sem vítima";"116";"BR-116/PR";"Sul";"Colisão Traseira";1;0;0;0;0;1;0;0;0;0;2;0;0;0;0
"06/10/2017";"12:19:00";"64";"com vítima";"91";"BR-116/SC";"Sul";"Capotamento";1;0;0;0;0;0;0;0;0;0;0;1;0;0;0
"06/10/2017";"05:36:00";"89";"com vítima";"69";"BR-116/SC";"Norte";"Saida de Pista";0;0;0;1;0;0;0;0;0;0;0;1;0;0;0
"06/10/2017";"07:24:00";"107";"com vítima";"122";"BR-116/PR";"Sul";"Colisão Lateral";1;0;0;0;0;1;0;0;0;0;1;1;0;0;0
"07/10/2017";"06:20:00";"16";"sem vítima";"226.5";"BR-116/SC";"Sul";"Saida de Pista";1;0;0;0;0;0;0;0;0;0;5;0;0;0;0
"07/10/2017";"07:25:00";"25";"sem vítima";"122";"BR-116/PR";"Norte";"Colisão Transversal";1;0;1;0;0;0;0;0;0;0;2;0;0;0;0
"08/10/2017";"06:15:00";"12";"com vítima";"200.5";"BR-116/PR";"Norte";"Saida de Pista";1;0;0;0;0;0;0;0;0;0;2;2;0;0;0
"08/10/2017";"02:19:00";"42";"com vítima";"166.1";"BR-116/PR";"Sul";"Colisão Transversal";2;0;0;0;0;0;0;0;0;0;5;1;0;0;0
"08/10/2017";"07:25:00";"73";"com vítima";"206.05";"BR-116/SC";"Norte";"Colisão Transversal";2;0;0;0;0;0;0;0;0;0;3;1;0;0;0
"09/10/2017";"04:40:00";"8";"sem vítima";"124";"BR-116/SC";"Norte";"Saida de Pista";1;0;0;0;0;0;0;0;0;0;1;0;0;0;0
"09/10/2017";"09:09:00";"19";"sem vítima";"251";"BR-116/SC";"Sul";"Colisão Transversal";2;0;0;0;0;0;0;0;0;0;2;0;0;0;0
"09/10/2017";"01:46:00";"65";"sem vítima";"219.4";"BR-116/SC";"Norte";"Colisão Transversal";2;0;0;0;0;0;0;0;0;0;2;0;0;0;0
"09/10/2017";"03:43:00";"85";"com vítima";"219.8";"BR-116/SC";"Norte";"Colisão Transversal";2;0;0;0;0;0;0;0;0;0;1;1;0;0;0
"09/10/2017";"07:14:00";"104";"com vítima";"164";"BR-116/PR";"Norte";"Colisão Transversal";1;0;0;0;0;0;0;0;0;1;4;2;0;0;0
"09/10/2017";"08:47:00";"111";"com vítima";"123.7";"BR-116/SC";"Sul";"Choque - Arvore";1;0;0;0;0;0;0;0;0;0;0;1;0;0;0
"10/10/2017";"01:36:00";"6";"sem vítima";"147.9";"BR-116/PR";"Sul";"Choque - Arvore";1;0;0;0;0;0;0;0;0;0;2;0;0;0;0
"10/10/2017";"11:54:00";"44";"sem vítima";"117";"BR-116/PR";"Sul";"Colisão Transversal";2;0;0;0;0;0;0;0;0;0;2;0;0;0;0
"10/10/2017";"07:36:00";"84";"com vítima";"211";"BR-116/PR";"Norte";"Colisão Transversal";2;0;0;0;0;0;0;0;0;0;0;2;0;0;0
"11/10/2017";"07:54:00";"29";"sem vítima";"121.2";"BR-116/PR";"Norte";"Engavetamento";3;0;0;0;0;1;0;0;0;0;4;0;0;0;0
"11/10/2017";"08:17:00";"33";"com vítima";"120";"BR-116/PR";"Norte";"Engavetamento";7;0;0;0;0;0;0;0;0;0;6;2;0;0;0
"11/10/2017";"02:14:00";"77";"com vítima";"164.9";"BR-116/SC";"Sul";"Tombamento";0;0;1;0;0;0;0;0;0;0;0;1;0;0;0