data;horario;n_da_ocorrencia;tipo_de_ocorrencia;km;trecho;sentido;tipo_de_acidente;automovel;bicicleta;caminhao;moto;onibus;outros;tracao_animal;transporte_de_cargas_especiais;trator_maquinas;utilitarios;ilesos;levemente_feridos;moderadamente_feridos;gravemente_feridos;mortos
"11/10/2017";"07:11:00";"115";"sem vítima";"155.7";"BR-116/SC";"Sul";"Colisão Lateral";1;0;0;0;0;1;0;0;0;0;2;0;0;0;0
"11/10/2017";"09:48:00";"129";"com vítima";"129.2";"BR-116/PR";"Norte";"Colisão Traseira";3;0;0;0;0;0;0;0;0;0;3;1;0;0;0
"11/10/2017";"10:37:00";"133";"sem vítima";"150.3";"BR-116/PR";"Sul";"Saida de Pista";1;0;0;0;0;0;0;0;0;0;1;0;0;0;0
"11/10/2017";"11:30:00";"137";"com vítima";"32.3";"BR-116/SC";"Sul";"Choque - Arvore";1;0;0;0;0;0;0;0;0;0;0;1;0;0;0
"12/10/2017";"06:45:00";"24";"sem vítima";"118.9";"BR-116/PR";"Sul";"Choque - Poste";1;0;0;0;0;0;0;0;0;0;1;0;0;0;0
"12/10/2017";"08:58:00";"35";"sem vítima";"284.6";"BR-116/SC";"Norte";"Colisão Traseira";0;0;1;0;0;0;0;0;0;1;6;0;0;0;0
"12/10/2017";"04:52:00";"85";"com vítima";"124";"BR-116/PR";"Sul";"Choque - Veiculo parado na pista";2;0;0;0;0;0;0;0;0;0;5;1;0;0;0
"12/10/2017";"06:11:00";"98";"sem vítima";"154";"BR-116/PR";"Sul";"Colisão Lateral";2;0;0;0;0;0;0;0;0;0;5;0;0;0;0
"12/10/2017";"11:41:00";"112";"sem vítima";"128.8";"BR-116/PR";"Sul";"Colisão Frontal";2;0;0;0;0;0;0;0;0;0;2;0;0;0;0
"13/10/2017";"05:12:00";"76";"sem vítima";"117.3";"BR-116/PR";"Sul";"Engavetamento";4;0;0;0;0;0;0;0;0;0;4;0;0;0;0
"13/10/2017";"10:20:00";"89";"com vítima";"142.5";"BR-116/PR";"Sul";"Colisão Traseira";1;0;0;1;0;0;0;0;0;0;1;1;0;0;0
"14/10/2017";"04:22:00";"8";"sem vítima";"125.7";"BR-116/PR";"Sul";"Choque - Defensa, barreira ou "submarino"";1;0;0;0;0;0;0;0;0;0;2;0;0;0;0
"14/10/2017";"04:26:00";"9";"sem vítima";"145.6";"BR-116/SC";"Norte";"Saida de Pista";1;0;0;0;0;0;0;0;0;0;1;0;0;0;0
"14/10/2017";"04:36:00";"10";"sem vítima";"146";"BR-116/SC";"Norte";"Choque - Arvore";1;0;0;0;0;0;0;0;0;0;1;0;0;0;0
"14/10/2017";"10:23:00";"30";"sem vítima";"148.9";"BR-116/PR";"Sul";"Colisão Lateral";1;0;1;0;0;0;0;0;0;0;2;0;0;0;0
"14/10/2017";"02:09:00";"44";"com vítima";"116";"BR-116/PR";"Sul";"Colisão Traseira";1;0;0;0;0;0;0;0;0;0;0;1;0;0;0
"14/10/2017";"06:22:00";"64";"sem vítima";"181";"BR-116/PR";"Sul";"Saida de Pista";1;0;0;0;0;0;0;0;0;0;3;0;0;0;0
"15/10/2017";"05:31:00";"58";"sem vítima";"109.5";"BR-116/SC";"Sul";"Colisão Traseira";2;0;0;0;0;0;0;0;0;0;2;0;0;0;0
"15/10/2017";"06:18:00";"61";"com vítima";"59.8";"BR-116/SC";"Norte";"Colisão Traseira";0;0;0;1;0;1;0;0;0;0;1;1;0;0;0
"15/10/2017";"07:35:00";"68";"sem vítima";"166.9";"BR-116/PR";"Norte";"Queda de Moto";0;0;0;1;0;0;0;0;0;0;1;0;0;0;0
"15/10/2017";"08:14:00";"72";"com vítima";"246";"BR-116/SC";"Sul";"Atropelamento - Morador";1;0;0;0;0;0;0;0;0;0;1;1;0;0;0
"15/10/2017";"11:52:00";"83";"sem vítima";"233";"BR-116/SC";"Norte";"Colisão Transversal";1;0;1;0;0;0;0;0;0;0;2;0;0;0;0
"16/10/2017";"09:02:00";"18";"sem vítima";"147";"BR-116/PR";"Norte";"Saida de Pista";1;0;0;0;0;0;0;0;0;0;1;0;0;0;0
"16/10/2017";"10:38:00";"28";"sem vítima";"80";"BR-116/SC";"Sul";"Saida de Pista";1;0;0;0;0;0;0;0;0;0;1;0;0;0;0
"16/10/2017";"09:01:00";"104";"sem vítima";"306.7";"BR-116/SC";"Sul";"Choque - Talude";0;0;1;0;0;0;0;0;0;0;1;0;0;0;0
"17/10/2017";"06:42:00";"10";"sem vítima";"189";"BR-116/SC";"Sul";"Colisão Lateral";0;0;1;0;0;1;0;0;0;0;2;0;0;0;0
"18/10/2017";"09:05:00";"150";"com vítima";"128";"BR-116/PR";"Sul";"Atropelamento - Usuário";0;0;0;0;0;1;0;0;0;0;1;1;0;0;0
"18/10/2017";"09:54:00";"154";"sem vítima";"188.5";"BR-116/PR";"Sul";"Colisão Lateral";1;0;2;0;0;0;0;0;0;0;3;0;0;0;0
"20/10/2017";"03:05:00";"8";"com vítima";"117.5";"BR-116/PR";"Norte";"Choque - Defensa, barreira ou "submarino"";1;0;0;0;0;0;0;0;0;0;0;0;0;1;0
"21/10/2017";"12:01:00";"1";"sem vítima";"128.2";"BR-116/PR";"Norte";"Colisão Traseira";2;0;0;0;0;0;0;0;0;0;2;0;0;0;0
"21/10/2017";"08:01:00";"17";"sem vítima";"117";"BR-116/PR";"Sul";"Colisão Traseira";2;0;0;0;0;0;0;0;0;0;2;0;0;0;0
"21/10/2017";"11:51:00";"29";"sem vítima";"211";"BR-116/PR";"Sul";"Colisão Transversal";2;0;0;0;0;0;0;0;0;0;2;0;0;0;0
"21/10/2017";"02:34:00";"37";"sem vítima";"2.2";"BR-116/SC";"Norte";"Colisão Frontal";1;0;1;0;0;0;0;0;0;0;3;0;0;0;0
"21/10/2017";"04:56:00";"48";"sem vítima";"16";"BR-116/SC";"Norte";"Colisão Traseira";1;0;1;0;0;0;0;0;0;0;5;0;0;0;0
"21/10/2017";"09:31:00";"62";"sem vítima";"171";"BR-116/PR";"Sul";"Choque - Arvore";2;0;0;0;0;0;0;0;0;0;4;0;0;0;0
"22/10/2017";"01:38:00";"7";"sem vítima";"120.4";"BR-116/PR";"Sul";"Choque - Defensa, barreira ou "submarino"";1;0;0;0;0;0;0;0;0;0;1;0;0;0;0
"22/10/2017";"01:57:00";"8";"sem vítima";"120.4";"BR-116/PR";"Sul";"Colisão Traseira";2;0;0;0;0;0;0;0;0;0;2;0;0;0;0
"22/10/2017";"02:38:00";"10";"com vítima";"128.3";"BR-116/PR";"Sul";"Colisão Traseira";2;0;0;0;0;0;0;0;0;0;1;1;0;0;0
"22/10/2017";"03:11:00";"11";"com vítima";"139.9";"BR-116/SC";"Sul";"Saida de Pista";1;0;0;0;0;0;0;0;0;0;4;1;0;0;0
"22/10/2017";"06:36:00";"16";"com vítima";"125";"BR-116/PR";"Sul";"Colisão Transversal";1;0;1;0;0;0;0;0;0;0;1;0;0;5;1
"22/10/2017";"03:04:00";"44";"com vítima";"119";"BR-116/PR";"Sul";"Queda de Moto";0;0;0;1;0;0;0;0;0;0;0;1;0;0;0
"23/10/2017";"02:21:00";"61";"sem vítima";"163.7";"BR-116/PR";"Norte";"Atropelamento de Animal";1;0;0;0;0;0;0;0;0;0;1;0;0;0;0
"24/10/2017";"10:22:00";"42";"sem vítima";"178";"BR-116/PR";"Norte";"Colisão Traseira";0;0;2;0;0;1;0;0;0;0;3;0;0;0;0
"24/10/2017";"07:47:00";"117";"com vítima";"131";"BR-116/PR";"Sul";"Atropelamento - Morador";0;0;1;0;0;0;0;0;0;0;1;0;0;1;0
"24/10/2017";"08:07:00";"119";"sem vítima";"130";"BR-116/PR";"Norte";"Colisão Traseira";1;0;1;0;0;0;0;0;0;0;2;0;0;0;0
"25/10/2017";"06:23:00";"6";"com vítima";"125.8";"BR-116/PR";"Sul";"Colisão Traseira";2;0;0;0;0;0;0;0;0;0;2;1;0;0;0
"25/10/2017";"07:33:00";"11";"sem vítima";"121.5";"BR-116/PR";"Norte";"Colisão Lateral";1;0;0;1;0;0;0;0;0;0;2;0;0;0;0
"25/10/2017";"07:35:00";"13";"sem vítima";"47";"BR-116/SC";"Norte";"Engavetamento";1;0;0;0;0;2;0;0;0;0;3;0;0;0;0
"25/10/2017";"08:30:00";"19";"com vítima";"115.8";"BR-116/PR";"Norte";"Colisão Transversal";0;0;0;1;0;1;0;0;0;0;1;1;0;0;0
"25/10/2017";"10:38:00";"98";"sem vítima";"49.25";"BR-116/SC";"Sul";"Colisão Traseira";2;0;0;0;0;1;0;0;0;0;7;0;0;0;0
"26/10/2017";"05:46:00";"10";"sem vítima";"251";"BR-116/SC";"Sul";"Atropelamento de Animal";0;0;0;0;1;0;0;0;0;0;14;0;0;0;0
"26/10/2017";"08:51:00";"122";"sem vítima";"219";"BR-116/SC";"Norte";"Colisão Transversal";1;0;1;0;0;0;0;0;0;0;3;0;0;0;0
"26/10/2017";"11:28:00";"135";"sem vítima";"125.8";"BR-116/PR";"Sul";"Colisão Traseira";1;0;1;0;0;0;0;0;0;0;3;0;0;0;0
"27/10/2017";"08:13:00";"23";"com vítima";"119";"BR-116/PR";"Sul";"Queda de Moto";0;0;1;1;0;0;0;0;0;0;1;1;0;0;0
"27/10/2017";"01:36:00";"60";"sem vítima";"191.9";"BR-116/SC";"Sul";"Colisão Lateral";0;0;1;0;0;0;0;0;0;1;9;0;0;0;0
"27/10/2017";"03:09:00";"77";"sem vítima";"117";"BR-116/PR";"Sul";"Colisão Traseira";1;0;1;0;0;0;0;0;0;0;2;0;0;0;0
"27/10/2017";"03:17:00";"79";"sem vítima";"144";"BR-116/PR";"Norte";"Colisão Traseira";2;0;0;0;0;0;0;0;0;0;4;0;0;0;0
"27/10/2017";"04:46:00";"96";"sem vítima";"94";"BR-116/SC";"Norte";"Colisão Lateral";0;0;1;0;0;1;0;0;0;0;2;0;0;0;0
"28/10/2017";"01:47:00";"58";"com vítima";"138.6";"BR-116/SC";"Norte";"Colisão Transversal";2;0;0;0;0;0;0;0;0;0;2;1;0;0;0
"28/10/2017";"06:40:00";"86";"sem vítima";"85";"BR-116/SC";"Sul";"Saida de Pista";0;0;0;0;0;0;0;0;1;0;1;0;0;0;0
"29/10/2017";"05:53:00";"16";"sem vítima";"122";"BR-116/PR";"Sul";"Colisão Traseira";1;0;0;1;0;0;0;0;0;0;2;0;0;0;0
"29/10/2017";"04:22:00";"55";"sem vítima";"126";"BR-116/PR";"Norte";"Engavetamento";3;0;0;0;0;2;0;0;0;0;5;0;0;0;0
"29/10/2017";"09:01:00";"78";"sem vítima";"181.8";"BR-116/SC";"Sul";"Saida de Pista";1;0;0;0;0;0;0;0;0;0;1;0;0;0;0
"31/10/2017";"09:44:00";"26";"sem vítima";"272";"BR-116/SC";"Sul";"Saida de Pista";0;0;1;0;0;0;0;0;0;0;1;0;0;0;0
"31/10/2017";"10:09:00";"31";"sem vítima";"185.3";"BR-116/SC";"Sul";"Colisão Traseira";0;0;2;0;0;0;0;0;0;0;4;0;0;0;0
"31/10/2017";"05:45:00";"92";"sem vítima";"119.1";"BR-116/PR";"Sul";"Queda de Moto";0;0;0;1;0;0;0;0;0;0;2;0;0;0;0
"01/11/2017";"01:15:00";"6";"sem vítima";"204.6";"BR-116/PR";"Norte";"Choque - Defensa, barreira ou "submarino"";0;0;0;0;0;0;0;0;0;1;1;0;0;0;0
"01/11/2017";"07:15:00";"114";"com vítima";"118.9";"BR-116/PR";"Sul";"Atropelamento - Sem Informação";1;0;0;0;0;0;0;0;0;0;2;1;0;0;0
"01/11/2017";"09:59:00";"129";"com vítima";"129.5";"BR-116/PR";"Sul";"Queda de Moto";0;0;0;0;0;1;0;0;0;0;0;1;0;0;0
"02/11/2017";"09:08:00";"26";"sem vítima";"14.3";"BR-116/SC";"Sul";"Colisão Traseira";2;0;0;0;0;0;0;0;0;0;2;0;0;0;0
"02/11/2017";"12:06:00";"43";"sem vítima";"282.78";"BR-116/SC";"Sul";"Capotamento";1;0;0;0;0;0;0;0;0;0;1;0;0;0;0
"02/11/2017";"07:02:00";"85";"sem vítima";"141";"BR-116/PR";"Norte";"Queda de Moto";0;0;0;1;0;0;0;0;0;0;1;0;0;0;0
"03/11/2017";"02:10:00";"3";"com vítima";"39.4";"BR-116/SC";"Norte";"Capotamento";1;0;0;0;0;0;0;0;0;0;0;1;0;0;0
"03/11/2017";"07:39:00";"16";"com vítima";"125.8";"BR-116/PR";"Sul";"Queda de Moto";0;0;0;1;0;0;0;0;0;0;0;1;0;0;0
"04/11/2017";"06:28:00";"15";"sem vítima";"124.5";"BR-116/PR";"Sul";"Capotamento";0;0;0;0;0;0;0;0;0;1;1;0;0;0;0
"04/11/2017";"09:06:00";"28";"sem vítima";"117";"BR-116/PR";"Sul";"Choque - Defensa, barreira ou "submarino"";1;0;0;0;0;0;0;0;0;0;1;0;0;0;0
"04/11/2017";"09:18:00";"29";"com vítima";"211.2";"BR-116/SC";"Sul";"Capotamento";1;0;0;0;0;0;0;0;0;0;1;1;0;0;0
"04/11/2017";"10:20:00";"34";"com vítima";"119";"BR-116/PR";"Sul";"Queda de Moto";0;0;0;1;0;0;0;0;0;0;0;1;0;0;0
"05/11/2017";"02:30:00";"7";"sem vítima";"172.5";"BR-116/SC";"Sul";"Atropelamento de Animal";1;0;0;0;0;0;0;0;0;0;3;0;0;0;0
"05/11/2017";"03:23:00";"11";"sem vítima";"124";"BR-116/PR";"Sul";"Saida de Pista";1;0;0;0;0;0;0;0;0;0;1;0;0;0;0
"05/11/2017";"10:42:00";"34";"com vítima";"115.2";"BR-116/SC";"Norte";"Queda de Moto";0;0;0;1;0;0;0;0;0;0;0;2;0;0;0
"05/11/2017";"06:10:00";"77";"com vítima";"149.98";"BR-116/PR";"Norte";"Atropelamento - Morador";1;0;0;0;0;0;0;0;0;0;3;1;0;0;0
"05/11/2017";"06:47:00";"82";"sem vítima";"119.1";"BR-116/PR";"Sul";"Colisão Traseira";1;0;0;1;0;0;0;0;0;0;3;0;0;0;0
"05/11/2017";"11:06:00";"96";"sem vítima";"109.8";"BR-116/SC";"Norte";"Colisão Lateral";1;0;0;0;0;1;0;0;0;0;5;0;0;0;0
"06/11/2017";"07:54:00";"24";"sem vítima";"122";"BR-116/PR";"Norte";"Colisão Traseira";2;0;0;0;0;0;0;0;0;0;2;0;0;0;0
"06/11/2017";"07:02:00";"96";"com vítima";"211.3";"BR-116/SC";"Sul";"Colisão Lateral";1;0;0;0;0;0;0;0;0;1;6;1;0;0;0
"08/11/2017";"09:58:00";"34";"sem vítima";"93";"BR-116/SC";"Sul";"Colisão Lateral";2;0;0;0;0;0;0;0;0;0;2;0;0;0;0
"08/11/2017";"02:30:00";"68";"com vítima";"196";"BR-116/PR";"Sul";"Choque - Talude";1;0;0;0;0;0;0;0;0;0;2;1;0;0;0
"08/11/2017";"06:04:00";"109";"sem vítima";"120.5";"BR-116/PR";"Sul";"Queda de Moto";0;0;0;1;0;0;0;0;0;0;1;0;0;0;0
"09/11/2017";"01:24:00";"8";"sem vítima";"66.75";"BR-116/SC";"Norte";"Saida de Pista";0;0;1;0;0;0;0;0;0;0;1;0;0;0;0
"09/11/2017";"06:40:00";"13";"sem vítima";"117";"BR-116/PR";"Sul";"Colisão Lateral";0;0;1;0;0;0;0;0;0;1;2;0;0;0;0
"09/11/2017";"07:49:00";"21";"sem vítima";"81";"BR-116/SC";"Sul";"Colisão Traseira";0;0;2;0;0;0;0;0;0;0;2;0;0;0;0
"09/11/2017";"01:59:00";"73";"sem vítima";"159";"BR-116/PR";"Norte";"Saida de Pista";1;0;0;0;0;0;0;0;0;0;1;0;0;0;0
"09/11/2017";"02:35:00";"76";"sem vítima";"170.8";"BR-116/SC";"Norte";"Colisão Lateral";0;0;1;0;0;0;0;0;0;1;4;0;0;0;0
"09/11/2017";"06:08:00";"104";"sem vítima";"172";"BR-116/SC";"Norte";"Choque - Outros";1;0;0;0;0;0;0;0;0;0;1;0;0;0;0
"09/11/2017";"10:00:00";"122";"com vítima";"115.9";"BR-116/PR";"Norte";"Atropelamento - Usuário";0;0;1;0;0;0;0;0;0;0;1;0;0;1;0
"10/11/2017";"08:01:00";"17";"sem vítima";"51.5";"BR-116/SC";"Sul";"Colisão Traseira";1;0;1;0;0;0;0;0;0;0;2;0;0;0;0
"10/11/2017";"04:15:00";"75";"sem vítima";"199";"BR-116/PR";"Norte";"Capotamento";1;0;0;0;0;0;0;0;0;0;1;0;0;0;0
"10/11/2017";"06:07:00";"90";"sem vítima";"156.7";"BR-116/SC";"Norte";"Choque - Arvore";0;0;1;0;0;0;0;0;0;0;1;0;0;0;0
"10/11/2017";"11:10:00";"108";"sem vítima";"199.8";"BR-116/PR";"Norte";"Tombamento";0;0;1;0;0;0;0;0;0;0;1;0;0;0;0
"11/11/2017";"02:51:00";"8";"com vítima";"218.3";"BR-116/SC";"Norte";"Colisão Lateral";1;0;2;0;0;0;0;0;0;0;2;1;0;1;0
"11/11/2017";"03:01:00";"64";"sem vítima";"266.8";"BR-116/SC";"Sul";"Engavetamento";4;0;0;0;0;0;0;0;0;0;9;0;0;0;0
"11/11/2017";"04:01:00";"68";"sem vítima";"199.9";"BR-116/PR";"Norte";"Colisão Lateral";0;0;2;0;0;0;0;0;0;0;2;0;0;0;0
"11/11/2017";"04:21:00";"72";"com vítima";"178.5";"BR-116/SC";"Sul";"Capotamento";1;0;0;0;0;0;0;0;0;0;0;1;0;0;0
"11/11/2017";"05:07:00";"78";"sem vítima";"249.7";"BR-116/SC";"Norte";"Colisão Frontal";1;0;0;0;0;1;0;0;0;0;2;0;0;0;0
"11/11/2017";"10:10:00";"102";"com vítima";"195.5";"BR-116/PR";"Norte";"Tombamento";0;0;1;0;0;0;0;0;0;0;1;0;0;1;0
"12/11/2017";"10:34:00";"24";"sem vítima";"152";"BR-116/SC";"Norte";"Choque - Veiculo parado na pista";1;0;1;0;0;0;0;0;0;0;2;0;0;0;0
"12/11/2017";"08:51:00";"92";"sem vítima";"262";"BR-116/SC";"Sul";"Atropelamento de Animal";1;0;0;0;0;0;0;0;0;0;1;0;0;0;0
"13/11/2017";"07:26:00";"10";"com vítima";"127";"BR-116/PR";"Norte";"Colisão Lateral";1;0;0;1;0;0;0;0;0;0;2;1;0;0;0
"13/11/2017";"08:35:00";"18";"sem vítima";"2";"BR-116/SC";"Norte";"Colisão Traseira";0;0;2;0;0;0;0;0;0;0;2;0;0;0;0
"13/11/2017";"10:35:00";"138";"com vítima";"152.4";"BR-116/PR";"Norte";"Colisão Transversal";0;0;0;1;0;1;0;0;0;0;1;1;0;0;0
"14/11/2017";"02:53:00";"84";"com vítima";"147.05";"BR-116/PR";"Sul";"Colisão Lateral";1;0;0;1;0;0;0;0;0;0;1;2;0;0;0
"14/11/2017";"06:11:00";"105";"com vítima";"270.66";"BR-116/SC";"Norte";"Colisão Frontal";1;0;1;0;0;0;0;0;0;0;1;0;0;0;2
"14/11/2017";"08:01:00";"115";"com vítima";"124";"BR-116/PR";"Sul";"Saida de Pista";1;0;0;0;0;0;0;0;0;0;0;1;0;0;0
"15/11/2017";"12:40:00";"9";"sem vítima";"247.55";"BR-116/SC";"Sul";"Colisão Transversal";1;0;1;0;0;0;0;0;0;0;4;0;0;0;0
"15/11/2017";"07:06:00";"27";"com vítima";"118.9";"BR-116/PR";"Sul";"Capotamento";1;0;0;0;0;0;0;0;0;0;0;1;0;0;0
"15/11/2017";"12:44:00";"54";"sem vítima";"82";"BR-116/SC";"Sul";"Colisão Traseira";1;0;1;0;0;0;0;0;0;0;2;0;0;0;0
"15/11/2017";"10:25:00";"107";"sem vítima";"130.4";"BR-116/PR";"Norte";"Colisão Traseira";1;0;0;0;0;1;0;0;0;0;2;0;0;0;0
"17/11/2017";"12:17:00";"1";"sem vítima";"130.2";"BR-116/PR";"Sul";"Choque - Elemento de Drenagem";1;0;0;0;0;0;0;0;0;0;1;0;0;0;0
"17/11/2017";"06:32:00";"12";"sem vítima";"128";"BR-116/PR";"Sul";"Choque - Defensa, barreira ou "submarino"";1;0;0;0;0;1;0;0;0;0;2;0;0;0;0
"17/11/2017";"07:51:00";"18";"com vítima";"124";"BR-116/PR";"Norte";"Colisão Traseira";1;0;0;1;0;0;0;0;0;0;1;2;0;0;0
"17/11/2017";"04:54:00";"84";"com vítima";"133";"BR-116/SC";"Sul";"Queda de Moto";0;0;0;1;0;0;0;0;0;0;0;1;0;0;0
"17/11/2017";"06:17:00";"92";"sem vítima";"208";"BR-116/PR";"Sul";"Colisão Transversal";2;0;0;0;0;0;0;0;0;0;4;0;0;0;0
"17/11/2017";"09:17:00";"107";"sem vítima";"117";"BR-116/PR";"Sul";"Colisão Traseira";0;0;0;1;0;0;0;0;0;1;5;0;0;0;0
"18/11/2017";"01:50:00";"8";"com vítima";"121.5";"BR-116/PR";"Sul";"Choque - Elemento de Drenagem";0;0;0;1;0;0;0;0;0;0;0;1;0;0;0
"18/11/2017";"05:39:00";"15";"sem vítima";"228";"BR-116/SC";"Norte";"Saida de Pista";1;0;0;0;0;0;0;0;0;0;1;0;0;0;0
"18/11/2017";"10:23:00";"33";"sem vítima";"156";"BR-116/SC";"Norte";"Saida de Pista";1;0;0;0;0;0;0;0;0;0;1;0;0;0;0
"18/11/2017";"02:44:00";"52";"com vítima";"119";"BR-116/PR";"Sul";"Colisão Traseira";1;0;0;1;0;0;0;0;0;0;4;1;0;0;0
"18/11/2017";"08:00:00";"88";"sem vítima";"140.05";"BR-116/SC";"Norte";"Colisão Transversal";1;0;0;0;0;0;0;0;0;1;2;0;0;0;0
"18/11/2017";"09:00:00";"92";"sem vítima";"58.9";"BR-116/SC";"Norte";"Choque - Defensa, barreira ou "submarino"";1;0;0;0;0;0;0;0;0;0;2;0;0;0;0
"19/11/2017";"11:43:00";"31";"sem vítima";"122";"BR-116/PR";"Norte";"Colisão Lateral";1;0;0;0;0;1;0;0;0;0;2;0;0;0;0
"19/11/2017";"04:56:00";"55";"sem vítima";"126.2";"BR-116/PR";"Norte";"Colisão Traseira";2;0;0;0;0;0;0;0;0;0;8;0;0;0;0
"19/11/2017";"10:27:00";"77";"com vítima";"131.2";"BR-116/PR";"Sul";"Colisão Lateral";1;0;0;1;0;0;0;0;0;0;1;1;0;0;0
"20/11/2017";"04:02:00";"107";"sem vítima";"125.7";"BR-116/PR";"Sul";"Colisão Traseira";2;0;0;0;0;0;0;0;0;0;3;0;0;0;0
"20/11/2017";"05:57:00";"114";"com vítima";"6.95";"BR-116/SC";"Norte";"Atropelamento - Ciclista";1;1;0;0;0;0;0;0;0;0;1;1;0;0;0
"20/11/2017";"06:00:00";"115";"sem vítima";"217.1";"BR-116/SC";"Norte";"Colisão Traseira";0;0;1;0;0;0;0;0;0;1;2;0;0;0;0
"21/11/2017";"06:36:00";"18";"com vítima";"126.3";"BR-116/PR";"Norte";"Colisão Lateral";1;0;0;1;0;0;0;0;0;0;1;1;0;0;0
"22/11/2017";"07:43:00";"22";"sem vítima";"251";"BR-116/SC";"Sul";"Colisão Transversal";1;0;0;0;0;0;0;0;0;1;2;0;0;0;0
"22/11/2017";"11:24:00";"63";"com vítima";"183.6";"BR-116/PR";"Sul";"Choque - Defensa, barreira ou "submarino"";0;0;1;0;0;0;0;0;0;0;0;1;0;0;0
"22/11/2017";"11:42:00";"66";"sem vítima";"186";"BR-116/SC";"Norte";"Colisão Lateral";0;0;1;0;0;1;0;0;0;0;2;0;0;0;0
"23/11/2017";"02:09:00";"5";"sem vítima";"208";"BR-116/PR";"Norte";"Saida de Pista";1;0;0;0;0;0;0;0;0;0;1;0;0;0;0
"23/11/2017";"07:50:00";"14";"sem vítima";"124";"BR-116/PR";"Norte";"Colisão Traseira";2;0;0;0;0;0;0;0;0;0;2;0;0;0;0
"23/11/2017";"02:50:00";"80";"sem vítima";"82";"BR-116/SC";"Sul";"Engavetamento";2;0;1;0;0;0;0;0;0;0;3;0;0;0;0
"23/11/2017";"07:02:00";"102";"sem vítima";"247";"BR-116/SC";"Sul";"Colisão Transversal";0;0;0;0;0;0;0;0;0;2;2;0;0;0;0
"23/11/2017";"09:32:00";"110";"com vítima";"219.4";"BR-116/SC";"Sul";"Choque - Poste";1;0;0;0;0;0;0;0;0;0;0;1;0;0;0
"24/11/2017";"08:33:00";"24";"sem vítima";"126";"BR-116/PR";"Sul";"Colisão Traseira";1;0;1;0;0;0;0;0;0;0;2;0;0;0;0
"24/11/2017";"03:23:00";"92";"com vítima";"52.6";"BR-116/SC";"Sul";"Colisão Transversal";1;0;0;1;0;0;0;0;0;0;1;1;0;0;0
"24/11/2017";"04:47:00";"106";"com vítima";"161.8";"BR-116/PR";"Norte";"Colisão Traseira";1;0;1;0;0;0;0;0;0;0;4;1;0;0;0
"24/11/2017";"06:39:00";"123";"sem vítima";"210";"BR-116/SC";"Norte";"Engavetamento";3;0;0;0;0;0;0;0;0;0;3;0;0;0;0
"24/11/2017";"08:05:00";"139";"com vítima";"220.8";"BR-116/SC";"Norte";"Colisão Frontal";1;0;1;0;0;0;0;0;0;0;0;1;0;0;1
"25/11/2017";"06:12:00";"14";"sem vítima";"117";"BR-116/PR";"Norte";"Colisão Lateral";1;0;0;0;0;1;0;0;0;0;2;0;0;0;0
"25/11/2017";"11:02:00";"44";"com vítima";"54";"BR-116/SC";"Norte";"Queda de Moto";0;0;0;1;0;0;0;0;0;0;0;1;0;0;0
"25/11/2017";"12:11:00";"53";"sem vítima";"171";"BR-116/PR";"Norte";"Saida de Pista";1;0;0;0;0;0;0;0;0;0;1;0;0;0;0
"25/11/2017";"05:40:00";"88";"sem vítima";"130";"BR-116/PR";"Sul";"Colisão Traseira";2;0;0;0;0;0;0;0;0;0;8;0;0;0;0
"25/11/2017";"10:41:00";"109";"sem vítima";"124.868";"BR-116/PR";"Sul";"Choque - Defensa, barreira ou "submarino"";1;0;0;0;0;0;0;0;0;0;1;0;0;0;0
"25/11/2017";"11:54:00";"111";"com vítima";"147.9";"BR-116/PR";"Norte";"Capotamento";1;0;0;0;0;0;0;0;0;0;0;0;0;1;0
"26/11/2017";"01:30:00";"3";"sem vítima";"118.9";"BR-116/PR";"Sul";"Colisão Transversal";2;0;0;0;0;0;0;0;0;0;2;0;0;0;0
"26/11/2017";"01:52:00";"4";"com vítima";"8.6";"BR-116/SC";"Sul";"Colisão Traseira";1;0;1;0;0;0;0;0;0;0;1;0;0;1;1
"26/11/2017";"02:00:00";"5";"sem vítima";"126";"BR-116/PR";"Norte";"Colisão Traseira";2;0;0;0;0;0;0;0;0;0;3;0;0;0;0
"26/11/2017";"05:32:00";"8";"com vítima";"140.7";"BR-116/SC";"Norte";"Colisão Lateral";1;0;1;0;0;0;0;0;0;0;1;1;0;0;0
"26/11/2017";"07:27:00";"13";"sem vítima";"169.9";"BR-116/PR";"Norte";"Colisão Traseira";1;0;0;1;0;0;0;0;0;0;2;0;0;0;0
"26/11/2017";"12:24:00";"39";"sem vítima";"97.95";"BR-116/SC";"Sul";"Choque - Defensa, barreira ou "submarino"";0;0;1;0;0;0;0;0;0;0;1;0;0;0;0
"27/11/2017";"04:23:00";"84";"sem vítima";"245.6";"BR-116/SC";"Sul";"Colisão Transversal";1;0;0;1;0;0;0;0;0;0;2;0;0;0;0
"27/11/2017";"06:50:00";"112";"com vítima";"4.5";"BR-116/SC";"Sul";"Colisão Transversal";1;0;0;1;0;0;0;0;0;0;3;1;0;0;0
"29/11/2017";"10:41:00";"55";"sem vítima";"152";"BR-116/SC";"Norte";"Colisão Traseira";0;0;1;0;0;0;0;0;0;1;2;0;0;0;0
"29/11/2017";"04:59:00";"98";"sem vítima";"134.5";"BR-116/PR";"Norte";"Choque - Defensa, barreira ou "submarino"";0;0;1;0;0;0;0;0;0;0;2;0;0;0;0