data;horario;n_da_ocorrencia;tipo_de_ocorrencia;km;trecho;sentido;tipo_de_acidente;automovel;bicicleta;caminhao;moto;onibus;outros;tracao_animal;transporte_de_cargas_especiais;trator_maquinas;utilitarios;ilesos;levemente_feridos;moderadamente_feridos;gravemente_feridos;mortos
"29/11/2017";"05:33:00";"104";"sem vítima";"122.163";"BR-116/PR";"Norte";"Colisão Traseira";3;0;0;0;0;0;0;0;0;0;8;0;0;0;0
"30/11/2017";"12:33:00";"1";"com vítima";"124.33";"BR-116/PR";"Sul";"Colisão Traseira";0;0;1;1;0;0;0;0;0;0;1;0;0;0;1
"30/11/2017";"04:39:00";"9";"sem vítima";"210.9";"BR-116/SC";"Norte";"Choque - Talude";1;0;0;0;0;0;0;0;0;0;1;0;0;0;0
"30/11/2017";"09:48:00";"31";"sem vítima";"81";"BR-116/SC";"Sul";"Colisão Traseira";0;0;2;0;0;1;0;0;0;0;3;0;0;0;0
"30/11/2017";"02:49:00";"74";"com vítima";"142.5";"BR-116/PR";"Norte";"Colisão Lateral";0;0;0;1;0;0;0;0;0;1;1;1;0;0;0
"30/11/2017";"04:59:00";"96";"sem vítima";"116.58";"BR-116/SC";"Norte";"Colisão Traseira";1;0;1;0;0;0;0;0;0;0;2;0;0;0;0
"30/11/2017";"10:50:00";"134";"sem vítima";"122.5";"BR-116/PR";"Norte";"Colisão Traseira";2;0;0;0;0;0;0;0;0;0;4;0;0;0;0
"01/12/2017";"12:23:00";"1";"sem vítima";"125.6";"BR-116/PR";"Sul";"Colisão Transversal";1;0;1;0;0;0;0;0;0;0;2;0;0;0;0
"01/12/2017";"06:34:00";"17";"com vítima";"122";"BR-116/PR";"Norte";"Colisão Traseira";1;0;1;0;0;0;0;0;0;0;1;2;0;0;0
"01/12/2017";"08:22:00";"26";"com vítima";"129.4";"BR-116/PR";"Sul";"Queda de Moto";0;0;0;1;0;0;0;0;0;0;0;0;0;1;0
"01/12/2017";"12:55:00";"74";"com vítima";"122";"BR-116/PR";"Norte";"Choque - Defensa, barreira ou "submarino"";1;0;0;0;0;0;0;0;0;0;0;2;0;0;0
"01/12/2017";"01:56:00";"80";"sem vítima";"202.6";"BR-116/PR";"Sul";"Saida de Pista";0;0;1;0;0;0;0;0;0;0;1;0;0;0;0
"01/12/2017";"09:17:00";"127";"sem vítima";"119";"BR-116/PR";"Norte";"Choque - Defensa, barreira ou "submarino"";1;0;0;0;0;0;0;0;0;0;1;0;0;0;0
"01/12/2017";"11:26:00";"135";"sem vítima";"210.8";"BR-116/PR";"Norte";"Colisão Transversal";1;0;0;0;0;1;0;0;0;0;2;0;0;0;0
"02/12/2017";"07:47:00";"18";"sem vítima";"117";"BR-116/PR";"Norte";"Colisão Traseira";1;0;0;0;0;1;0;0;0;0;2;0;0;0;0
"02/12/2017";"08:09:00";"21";"sem vítima";"117.8";"BR-116/PR";"Norte";"Engavetamento";2;0;0;0;0;2;0;0;0;0;4;0;0;0;0
"02/12/2017";"08:33:00";"24";"sem vítima";"117";"BR-116/PR";"Sul";"Colisão Lateral";1;0;1;0;0;0;0;0;0;0;2;0;0;0;0
"02/12/2017";"09:15:00";"30";"sem vítima";"117";"BR-116/PR";"Sul";"Colisão Lateral";0;0;1;0;0;0;0;0;0;1;4;0;0;0;0
"02/12/2017";"09:30:00";"34";"com vítima";"116.5";"BR-116/PR";"Sul";"Colisão Traseira";1;0;0;1;0;0;0;0;0;0;1;1;0;0;0
"02/12/2017";"04:02:00";"78";"sem vítima";"128";"BR-116/PR";"Sul";"Saida de Pista";1;0;0;0;0;0;0;0;0;0;1;0;0;0;0
"02/12/2017";"07:48:00";"102";"sem vítima";"150.2";"BR-116/PR";"Norte";"Colisão Lateral";1;0;1;0;0;0;0;0;0;0;2;0;0;0;0
"03/12/2017";"01:04:00";"4";"com vítima";"58";"BR-116/SC";"Sul";"Colisão Transversal";2;0;0;0;0;0;0;0;0;0;2;1;0;0;0
"03/12/2017";"03:02:00";"11";"sem vítima";"53.3";"BR-116/SC";"Norte";"Saida de Pista";1;0;0;0;0;0;0;0;0;0;4;0;0;0;0
"03/12/2017";"11:48:00";"91";"com vítima";"221.2";"BR-116/SC";"Sul";"Colisão Transversal";1;0;0;0;0;0;0;0;0;1;0;2;0;0;0
"04/12/2017";"07:04:00";"13";"sem vítima";"121";"BR-116/PR";"Norte";"Colisão Traseira";1;0;0;0;0;1;0;0;0;0;2;0;0;0;0
"04/12/2017";"07:37:00";"16";"com vítima";"125";"BR-116/PR";"Norte";"Colisão Lateral";1;0;0;1;0;0;0;0;0;0;1;1;0;0;0
"04/12/2017";"07:47:00";"17";"sem vítima";"121";"BR-116/PR";"Norte";"Queda de Moto";0;0;0;1;0;0;0;0;0;0;1;0;0;0;0
"04/12/2017";"10:30:00";"45";"sem vítima";"117";"BR-116/PR";"Norte";"Colisão Lateral";2;0;1;0;0;0;0;0;0;0;3;0;0;0;0
"04/12/2017";"11:28:00";"51";"com vítima";"124.5";"BR-116/SC";"Sul";"Colisão Frontal";0;0;3;0;0;0;0;0;0;0;2;1;0;0;0
"04/12/2017";"04:04:00";"82";"com vítima";"200.6";"BR-116/PR";"Norte";"Colisão Transversal";2;0;0;0;0;0;0;0;0;0;4;1;0;0;0
"04/12/2017";"06:15:00";"104";"com vítima";"199.5";"BR-116/PR";"Norte";"Colisão Frontal";1;0;1;0;0;0;0;0;0;0;0;2;0;0;1
"05/12/2017";"04:08:00";"104";"sem vítima";"116.9";"BR-116/PR";"Norte";"Colisão Lateral";1;0;1;0;0;0;0;0;0;0;2;0;0;0;0
"05/12/2017";"09:37:00";"133";"sem vítima";"117";"BR-116/PR";"Sul";"Saida de Pista";0;0;1;0;0;0;0;0;0;0;1;0;0;0;0
"06/12/2017";"07:56:00";"21";"sem vítima";"122.274";"BR-116/PR";"Norte";"Choque - Veiculo parado no acostamento";1;0;0;1;0;0;0;0;0;0;2;0;0;0;0
"06/12/2017";"12:10:00";"68";"com vítima";"0.7";"BR-116/SC";"Sul";"Colisão Traseira";1;0;0;1;0;0;0;0;0;0;1;1;0;0;0
"06/12/2017";"02:48:00";"88";"sem vítima";"134";"BR-116/PR";"Sul";"Choque - Veiculo parado na pista";0;0;1;0;0;0;0;0;0;1;4;0;0;0;0
"06/12/2017";"04:18:00";"108";"sem vítima";"217.7";"BR-116/SC";"Sul";"Colisão Lateral";1;0;1;0;0;0;0;0;0;0;2;0;0;0;0
"06/12/2017";"06:27:00";"123";"com vítima";"116";"BR-116/PR";"Sul";"Colisão Lateral";1;0;0;1;0;0;0;0;0;0;3;1;0;0;0
"06/12/2017";"09:46:00";"139";"sem vítima";"262.8";"BR-116/SC";"Norte";"Atropelamento de Animal";1;0;0;0;0;0;0;0;0;0;2;0;0;0;0
"07/12/2017";"03:47:00";"6";"com vítima";"158.2";"BR-116/PR";"Norte";"Capotamento";1;0;0;0;0;0;0;0;0;0;0;1;0;0;0
"07/12/2017";"07:17:00";"11";"com vítima";"243.7";"BR-116/SC";"Sul";"Saida de Pista";0;0;0;0;0;0;0;0;0;1;0;1;0;0;0
"07/12/2017";"09:29:00";"31";"sem vítima";"233";"BR-116/SC";"Norte";"Colisão Traseira";0;0;2;0;0;0;0;0;0;0;2;0;0;0;0
"07/12/2017";"02:03:00";"68";"sem vítima";"122";"BR-116/PR";"Sul";"Colisão Traseira";0;0;1;0;0;0;0;0;0;1;6;0;0;0;0
"08/12/2017";"02:09:00";"59";"com vítima";"148";"BR-116/PR";"Norte";"Queda de Moto";0;0;0;1;0;1;0;0;0;0;1;1;0;0;0
"08/12/2017";"02:26:00";"63";"com vítima";"116.8";"BR-116/PR";"Sul";"Queda de Moto";0;0;0;1;0;0;0;0;0;0;0;1;0;0;0
"08/12/2017";"03:04:00";"66";"com vítima";"115";"BR-116/PR";"Norte";"Colisão Traseira";1;0;0;1;0;0;0;0;0;0;1;1;0;0;0
"08/12/2017";"11:42:00";"130";"com vítima";"168.3";"BR-116/SC";"Sul";"Queda de Moto";0;0;0;1;0;0;0;0;0;0;1;1;0;0;0
"09/12/2017";"05:21:00";"63";"com vítima";"49.7";"BR-116/SC";"Norte";"Choque - Talude";1;0;0;0;0;0;0;0;0;0;0;2;0;0;0
"09/12/2017";"06:04:00";"67";"sem vítima";"116";"BR-116/PR";"Norte";"Choque - Defensa, barreira ou "submarino"";1;0;0;0;0;0;0;0;0;0;1;0;0;0;0
"10/12/2017";"06:38:00";"68";"sem vítima";"206.1";"BR-116/PR";"Norte";"Colisão Traseira";1;0;0;1;0;0;0;0;0;0;5;0;0;0;0
"10/12/2017";"07:25:00";"75";"sem vítima";"10.3";"BR-116/SC";"Norte";"Colisão Traseira";2;0;0;0;0;0;0;0;0;0;2;0;0;0;0
"10/12/2017";"07:42:00";"76";"com vítima";"115.4";"BR-116/PR";"Sul";"Colisão Lateral";0;0;0;2;0;0;0;0;0;0;1;1;0;0;0
"10/12/2017";"08:45:00";"80";"sem vítima";"125";"BR-116/PR";"Norte";"Colisão Traseira";1;0;0;0;1;0;0;0;0;0;31;0;0;0;0
"11/12/2017";"06:51:00";"9";"sem vítima";"155.4";"BR-116/SC";"Sul";"Tombamento";0;0;1;0;0;0;0;0;0;0;1;0;0;0;0
"11/12/2017";"01:30:00";"55";"sem vítima";"170";"BR-116/PR";"Norte";"Colisão Traseira";1;0;1;0;0;0;0;0;0;0;2;0;0;0;0
"11/12/2017";"02:13:00";"66";"sem vítima";"81";"BR-116/SC";"Sul";"Choque - Suporte de Sinalização";0;0;1;0;0;0;0;0;0;0;1;0;0;0;0
"11/12/2017";"03:25:00";"76";"sem vítima";"117.3";"BR-116/PR";"Norte";"Colisão Traseira";0;0;1;0;1;0;0;0;0;0;2;0;0;0;0
"11/12/2017";"05:39:00";"96";"com vítima";"140.5";"BR-116/SC";"Norte";"Atropelamento - Usuário";0;0;0;1;0;0;0;0;0;0;1;1;0;0;0
"12/12/2017";"11:37:00";"44";"sem vítima";"246.1";"BR-116/SC";"Sul";"Colisão Lateral";2;0;0;0;0;0;0;0;0;0;2;0;0;0;0
"12/12/2017";"10:08:00";"108";"sem vítima";"139.5";"BR-116/PR";"Sul";"Atropelamento - Outros";1;0;0;0;0;0;0;0;0;0;2;0;0;0;0
"13/12/2017";"06:21:00";"103";"com vítima";"152.5";"BR-116/PR";"Sul";"Atropelamento - Morador";0;0;0;0;0;1;0;0;0;0;1;1;0;0;0
"13/12/2017";"08:24:00";"117";"com vítima";"127.2";"BR-116/PR";"Norte";"Atropelamento - Morador";0;0;0;1;0;0;0;0;0;0;0;1;0;1;0
"14/12/2017";"06:13:00";"10";"sem vítima";"82";"BR-116/SC";"Norte";"Colisão Traseira";0;0;2;0;0;0;0;0;0;0;2;0;0;0;0
"14/12/2017";"10:26:00";"26";"sem vítima";"233.16";"BR-116/SC";"Sul";"Choque - Veiculo parado na pista";0;0;1;0;0;0;0;0;0;1;2;0;0;0;0
"15/12/2017";"05:16:00";"10";"sem vítima";"219.2";"BR-116/SC";"Norte";"Colisão Lateral";1;0;1;0;0;0;0;0;0;0;2;0;0;0;0
"15/12/2017";"07:14:00";"14";"sem vítima";"125";"BR-116/PR";"Sul";"Engavetamento";3;0;0;0;0;0;0;0;0;0;3;0;0;0;0
"15/12/2017";"10:00:00";"36";"sem vítima";"42.3";"BR-116/SC";"Norte";"Colisão Lateral";1;0;1;0;0;0;0;0;0;0;3;0;0;0;0
"16/12/2017";"06:28:00";"11";"com vítima";"205";"BR-116/PR";"Norte";"Colisão Frontal";0;0;1;0;0;0;0;0;0;1;1;1;0;0;0
"16/12/2017";"04:58:00";"76";"com vítima";"139";"BR-116/SC";"Norte";"Choque - Defensa, barreira ou "submarino"";1;0;0;0;0;0;0;0;0;0;1;2;0;0;0
"16/12/2017";"08:43:00";"100";"sem vítima";"4.5";"BR-116/SC";"Sul";"Colisão Transversal";2;0;0;0;0;0;0;0;0;0;2;0;0;0;0
"16/12/2017";"10:47:00";"107";"com vítima";"193.1";"BR-116/SC";"Norte";"Tombamento";0;0;1;0;0;0;0;0;0;0;0;1;0;0;0
"17/12/2017";"12:24:00";"3";"sem vítima";"246.15";"BR-116/SC";"Norte";"Colisão Transversal";2;0;0;0;0;0;0;0;0;0;2;0;0;0;0
"17/12/2017";"01:23:00";"6";"sem vítima";"233.1";"BR-116/SC";"Sul";"Choque - Suporte de Sinalização";0;0;1;0;0;0;0;0;0;0;1;0;0;0;0
"17/12/2017";"03:32:00";"14";"com vítima";"173.8";"BR-116/SC";"Sul";"Saida de Pista";1;0;0;0;0;0;0;0;0;0;0;2;0;0;0
"17/12/2017";"08:34:00";"29";"sem vítima";"189.1";"BR-116/PR";"Norte";"Saida de Pista";0;0;1;0;0;0;0;0;0;0;1;0;0;0;0
"17/12/2017";"05:29:00";"82";"com vítima";"57.2";"BR-116/SC";"Sul";"Choque - Arvore";0;0;1;0;0;0;0;0;0;0;0;3;0;1;0
"18/12/2017";"05:02:00";"89";"sem vítima";"134.5";"BR-116/PR";"Sul";"Colisão Traseira";2;0;0;0;0;0;0;0;0;0;6;0;0;0;0
"18/12/2017";"06:11:00";"102";"sem vítima";"5.5";"BR-116/SC";"Sul";"Colisão Transversal";2;0;0;0;0;0;0;0;0;0;2;0;0;0;0
"18/12/2017";"07:22:00";"109";"sem vítima";"104.9";"BR-116/SC";"Sul";"Colisão Transversal";1;0;0;0;0;0;0;0;0;1;3;0;0;0;0
"18/12/2017";"07:24:00";"110";"sem vítima";"219";"BR-116/SC";"Sul";"Colisão Lateral";1;0;1;0;0;0;0;0;0;0;2;0;0;0;0
"18/12/2017";"09:45:00";"122";"com vítima";"151.95";"BR-116/PR";"Norte";"Colisão Frontal";2;0;1;0;0;0;0;0;0;0;0;3;0;0;0
"19/12/2017";"01:05:00";"2";"sem vítima";"189.05";"BR-116/PR";"Norte";"Choque - Elemento de Drenagem";0;0;1;0;0;0;0;0;0;0;2;0;0;0;0
"19/12/2017";"07:59:00";"16";"sem vítima";"180";"BR-116/SC";"Sul";"Colisão Transversal";1;0;1;0;0;0;0;0;0;0;2;0;0;0;0
"19/12/2017";"10:35:00";"31";"sem vítima";"66";"BR-116/SC";"Sul";"Colisão Traseira";0;0;0;0;0;0;0;0;0;2;2;0;0;0;0
"19/12/2017";"11:03:00";"36";"sem vítima";"144.2";"BR-116/PR";"Sul";"Choque - Suporte de Sinalização";0;0;1;0;0;0;0;0;0;0;1;0;0;0;0
"19/12/2017";"04:33:00";"78";"sem vítima";"125.8";"BR-116/PR";"Sul";"Colisão Transversal";2;0;0;0;0;0;0;0;0;0;3;0;0;0;0
"20/12/2017";"04:14:00";"84";"sem vítima";"236.2";"BR-116/SC";"Sul";"Colisão Transversal";2;0;0;0;0;0;0;0;0;0;7;0;0;0;0
"20/12/2017";"06:23:00";"92";"com vítima";"246";"BR-116/SC";"Norte";"Colisão Transversal";2;0;0;0;0;0;0;0;0;0;2;1;0;0;0
"20/12/2017";"07:12:00";"102";"sem vítima";"12.3";"BR-116/SC";"Sul";"Colisão Transversal";0;0;1;0;0;0;0;0;0;1;4;0;0;0;0
"20/12/2017";"08:17:00";"107";"sem vítima";"11.3";"BR-116/SC";"Sul";"Colisão Traseira";2;0;0;0;0;1;0;0;0;0;3;0;0;0;0
"21/12/2017";"07:04:00";"13";"com vítima";"129.4";"BR-116/PR";"Norte";"Colisão Traseira";1;0;1;0;0;0;0;0;0;0;1;1;0;1;0
"21/12/2017";"07:19:00";"14";"sem vítima";"129";"BR-116/PR";"Norte";"Choque - Defensa, barreira ou "submarino"";1;0;0;0;0;0;0;0;0;0;1;0;0;0;0
"21/12/2017";"07:51:00";"15";"com vítima";"124";"BR-116/PR";"Norte";"Colisão Traseira";1;0;0;1;0;0;0;0;0;0;1;1;0;0;0
"21/12/2017";"10:28:00";"28";"sem vítima";"180";"BR-116/SC";"Sul";"Colisão Transversal";1;0;0;0;0;0;0;0;0;1;2;0;0;0;0
"21/12/2017";"01:36:00";"59";"com vítima";"115.5";"BR-116/PR";"Norte";"Atropelamento - Usuário";1;0;0;0;0;0;0;0;0;0;1;1;0;0;0
"21/12/2017";"02:49:00";"68";"com vítima";"6.5";"BR-116/SC";"Norte";"Choque - Veiculo parado na pista";0;0;1;0;1;0;0;0;0;0;2;1;0;0;0
"21/12/2017";"02:52:00";"69";"sem vítima";"253";"BR-116/SC";"Norte";"Colisão Traseira";2;0;0;0;0;0;0;0;0;0;6;0;0;0;0
"21/12/2017";"07:25:00";"110";"sem vítima";"233";"BR-116/SC";"Sul";"Colisão Traseira";0;0;0;1;0;0;0;0;0;1;3;0;0;0;0
"22/12/2017";"10:11:00";"29";"com vítima";"254.34";"BR-116/SC";"Sul";"Choque - Veiculo parado no acostamento";1;0;1;0;0;0;0;0;0;0;1;1;0;0;0
"22/12/2017";"10:33:00";"33";"com vítima";"209";"BR-116/PR";"Sul";"Colisão Transversal";1;1;0;0;0;0;0;0;0;0;1;0;0;1;0
"22/12/2017";"03:14:00";"69";"com vítima";"120.5";"BR-116/PR";"Norte";"Colisão Lateral";0;0;0;2;0;0;0;0;0;0;0;2;0;0;0
"22/12/2017";"04:44:00";"86";"sem vítima";"134.7";"BR-116/PR";"Norte";"Colisão Traseira";2;0;0;0;0;0;0;0;0;0;8;0;0;0;0
"22/12/2017";"05:02:00";"89";"com vítima";"247";"BR-116/SC";"Sul";"Colisão Traseira";1;0;0;1;0;0;0;0;0;0;3;2;0;0;0
"22/12/2017";"09:17:00";"124";"com vítima";"69";"BR-116/SC";"Norte";"Colisão Traseira";0;0;0;1;0;1;0;0;0;0;1;1;0;0;0
"23/12/2017";"03:50:00";"8";"com vítima";"149.8";"BR-116/SC";"Sul";"Choque - Arvore";1;0;0;0;0;0;0;0;0;0;0;2;0;0;0
"23/12/2017";"06:23:00";"11";"com vítima";"21.4";"BR-116/SC";"Sul";"Saida de Pista";1;0;0;0;0;0;0;0;0;0;0;1;0;0;0
"23/12/2017";"09:23:00";"32";"sem vítima";"134";"BR-116/PR";"Sul";"Colisão Traseira";1;0;1;0;0;0;0;0;0;0;2;0;0;0;0
"23/12/2017";"03:48:00";"70";"com vítima";"165.2";"BR-116/PR";"Norte";"Choque - Defensa, barreira ou "submarino"";2;0;0;1;0;0;0;0;0;0;2;2;0;0;0
"23/12/2017";"06:47:00";"83";"sem vítima";"292.3";"BR-116/SC";"Sul";"Saida de Pista";1;0;0;0;0;0;0;0;0;0;1;0;0;0;0
"23/12/2017";"10:14:00";"97";"sem vítima";"119.4";"BR-116/PR";"Sul";"Colisão Lateral";2;0;0;0;0;0;0;0;0;0;2;0;0;0;0
"23/12/2017";"10:26:00";"98";"sem vítima";"195.45";"BR-116/SC";"Norte";"Saida de Pista";1;0;0;0;0;0;0;0;0;0;1;0;0;0;0
"23/12/2017";"10:48:00";"101";"sem vítima";"176.25";"BR-116/SC";"Norte";"Choque - Arvore";1;0;0;0;0;0;0;0;0;0;1;0;0;0;0
"23/12/2017";"11:13:00";"103";"sem vítima";"45.5";"BR-116/SC";"Sul";"Capotamento";1;0;0;0;0;0;0;0;0;0;4;0;0;0;0
"24/12/2017";"05:16:00";"12";"sem vítima";"278";"BR-116/SC";"Sul";"Capotamento";0;0;0;0;0;0;0;0;0;1;1;0;0;0;0
"24/12/2017";"02:35:00";"43";"sem vítima";"308.75";"BR-116/SC";"Sul";"Capotamento";0;0;0;0;0;0;0;0;0;1;2;0;0;0;0
"25/12/2017";"08:24:00";"23";"com vítima";"115";"BR-116/PR";"Sul";"Queda de Moto";0;0;0;1;0;0;0;0;0;0;0;1;0;0;0
"25/12/2017";"08:56:00";"94";"sem vítima";"174.5";"BR-116/PR";"Sul";"Saida de Pista";0;0;0;0;0;0;0;0;0;1;1;0;0;0;0
"26/12/2017";"02:37:00";"6";"sem vítima";"192";"BR-116/PR";"Norte";"Atropelamento de Animal";1;0;0;0;0;0;0;0;0;0;2;0;0;0;0
"26/12/2017";"04:39:00";"77";"sem vítima";"182.5";"BR-116/PR";"Sul";"Atropelamento de Animal";1;0;0;0;0;0;0;0;0;0;1;0;0;0;0
"26/12/2017";"07:44:00";"95";"com vítima";"9.5";"BR-116/SC";"Norte";"Queda de Moto";0;0;0;1;0;0;0;0;0;0;0;1;0;0;0
"27/12/2017";"04:33:00";"9";"sem vítima";"93";"BR-116/SC";"Sul";"Choque - Outros";0;0;1;0;0;0;0;0;0;0;1;0;0;0;0
"27/12/2017";"04:01:00";"88";"sem vítima";"120";"BR-116/PR";"Norte";"Colisão Lateral";1;0;0;0;0;1;0;0;0;0;2;0;0;0;0
"28/12/2017";"09:01:00";"25";"sem vítima";"119";"BR-116/PR";"Norte";"Queda de Moto";0;0;0;1;0;0;0;0;0;0;1;0;0;0;0
"28/12/2017";"02:54:00";"65";"com vítima";"23.6";"BR-116/SC";"Norte";"Colisão Transversal";1;0;0;0;0;0;0;0;0;1;4;2;0;0;0
"28/12/2017";"04:18:00";"73";"sem vítima";"261";"BR-116/SC";"Norte";"Colisão Lateral";0;0;2;0;0;0;0;0;0;0;2;0;0;0;0
"28/12/2017";"05:55:00";"83";"sem vítima";"53.8";"BR-116/SC";"Norte";"Tombamento";0;0;1;0;0;0;0;0;0;0;1;0;0;0;0
"29/12/2017";"02:57:00";"5";"sem vítima";"11.1";"BR-116/SC";"Norte";"Choque - Defensa, barreira ou "submarino"";0;0;1;0;0;0;0;0;0;0;1;0;0;0;0
"29/12/2017";"03:10:00";"47";"sem vítima";"199.5";"BR-116/PR";"Sul";"Choque - Defensa, barreira ou "submarino"";1;0;0;0;0;0;0;0;0;0;1;0;0;0;0
"29/12/2017";"05:37:00";"55";"sem vítima";"211";"BR-116/PR";"Sul";"Engavetamento";3;0;0;0;0;0;0;0;0;0;3;0;0;0;0
"30/12/2017";"02:57:00";"39";"com vítima";"69.03";"BR-116/SC";"Norte";"Colisão Transversal";1;1;0;0;0;0;0;0;0;0;1;1;0;0;0
"30/12/2017";"05:09:00";"52";"sem vítima";"131.8";"BR-116/PR";"Sul";"Saida de Pista";1;0;0;0;0;0;0;0;0;0;1;0;0;0;0
"30/12/2017";"10:04:00";"76";"com vítima";"59.4";"BR-116/SC";"Sul";"Colisão Frontal";2;0;0;0;0;0;0;0;0;0;0;6;0;0;0
"31/12/2017";"12:50:00";"1";"sem vítima";"273.7";"BR-116/SC";"Norte";"Choque - Defensa, barreira ou "submarino"";0;0;0;0;0;0;0;0;0;1;1;0;0;0;0
"31/12/2017";"09:42:00";"24";"sem vítima";"206";"BR-116/PR";"Sul";"Choque - Outros";1;0;0;0;0;0;0;0;0;0;3;0;0;0;0
"31/12/2017";"09:45:00";"26";"sem vítima";"126";"BR-116/PR";"Norte";"Colisão Traseira";0;0;2;0;0;0;0;0;0;0;2;0;0;0;0
"31/12/2017";"08:00:00";"55";"com vítima";"218.5";"BR-116/SC";"Norte";"Colisão Lateral";1;0;0;1;0;0;0;0;0;0;1;0;0;1;0
"01/01/2018";"02:05:00";"3";"sem vítima";"191.5";"BR-116/PR";"Norte";"Choque - Arvore";1;0;0;0;0;0;0;0;0;0;1;0;0;0;0
"01/01/2018";"06:00:00";"43";"com vítima";"121";"BR-116/PR";"Norte";"Queda de Moto";0;0;0;1;0;0;0;0;0;0;0;1;0;1;0
"01/01/2018";"06:22:00";"47";"sem vítima";"125.8";"BR-116/PR";"Norte";"Colisão Traseira";2;0;0;0;0;0;0;0;0;0;4;0;0;0;0
"02/01/2018";"03:39:00";"52";"com vítima";"131";"BR-116/PR";"Norte";"Queda de Moto";0;0;0;1;0;0;0;0;0;0;0;1;0;0;0
"03/01/2018";"12:16:00";"53";"com vítima";"209";"BR-116/SC";"Sul";"Colisão Transversal";2;0;0;0;0;0;0;0;0;0;0;2;0;1;0
"04/01/2018";"06:38:00";"7";"sem vítima";"117";"BR-116/PR";"Sul";"Colisão Lateral";1;0;1;0;0;0;0;0;0;0;2;0;0;0;0
"04/01/2018";"10:49:00";"48";"sem vítima";"125.9";"BR-116/PR";"Norte";"Colisão Traseira";1;0;1;0;0;0;0;0;0;0;2;0;0;0;0
"04/01/2018";"03:23:00";"82";"com vítima";"117.2";"BR-116/PR";"Sul";"Colisão Transversal";0;0;0;1;0;1;0;0;0;0;1;1;0;0;0
"05/01/2018";"12:01:00";"1";"sem vítima";"117";"BR-116/PR";"Sul";"Choque - Elemento de Drenagem";1;0;0;0;0;0;0;0;0;0;1;0;0;0;0
"05/01/2018";"10:40:00";"31";"com vítima";"302.6";"BR-116/SC";"Norte";"Saida de Pista";1;0;0;0;0;0;0;0;0;0;0;2;0;0;0
"05/01/2018";"03:43:00";"69";"sem vítima";"211.5";"BR-116/SC";"Norte";"Tombamento";0;0;1;0;0;0;0;0;0;0;1;0;0;0;0
"05/01/2018";"08:03:00";"102";"com vítima";"242";"BR-116/SC";"Sul";"Outros";0;1;0;0;0;0;0;0;0;0;0;1;0;0;0
"06/01/2018";"10:36:00";"37";"sem vítima";"210.9";"BR-116/PR";"Norte";"Colisão Traseira";2;0;0;0;0;0;0;0;0;0;2;0;0;0;0
"06/01/2018";"11:16:00";"43";"sem vítima";"4.5";"BR-116/SC";"Sul";"Engavetamento";2;0;0;0;0;0;0;0;0;1;5;0;0;0;0
"07/01/2018";"03:16:00";"7";"sem vítima";"220.7";"BR-116/SC";"Sul";"Saida de Pista";0;0;0;0;0;1;0;0;0;0;1;0;0;0;0
"07/01/2018";"04:21:00";"11";"com vítima";"139.05";"BR-116/SC";"Norte";"Colisão Frontal";2;0;0;0;0;0;0;0;0;0;2;3;0;0;0
"07/01/2018";"12:18:00";"35";"com vítima";"44";"BR-116/SC";"Norte";"Capotamento";1;0;0;0;0;0;0;0;0;0;0;1;0;0;0
"07/01/2018";"12:55:00";"38";"sem vítima";"245";"BR-116/SC";"Sul";"Colisão Transversal";1;0;0;0;0;0;0;0;0;1;6;0;0;0;0
"07/01/2018";"03:46:00";"53";"sem vítima";"209";"BR-116/PR";"Sul";"Colisão Traseira";0;0;0;0;1;1;0;0;0;0;14;0;0;0;0
"07/01/2018";"05:05:00";"65";"sem vítima";"245.5";"BR-116/SC";"Sul";"Colisão Transversal";2;0;0;0;0;0;0;0;0;0;5;0;0;0;0
"08/01/2018";"08:42:00";"26";"sem vítima";"115";"BR-116/SC";"Norte";"Choque - Defensa, barreira ou "submarino"";1;0;0;0;0;0;0;0;0;0;1;0;0;0;0
"08/01/2018";"10:55:00";"47";"sem vítima";"134.4";"BR-116/PR";"Norte";"Colisão Traseira";2;0;0;0;0;0;0;0;0;0;2;0;0;0;0
"08/01/2018";"11:00:00";"48";"sem vítima";"162";"BR-116/SC";"Sul";"Saida de Pista";1;0;0;0;0;0;0;0;0;0;4;0;0;0;0
"09/01/2018";"03:34:00";"49";"sem vítima";"16";"BR-116/SC";"Sul";"Choque - Defensa, barreira ou "submarino"";0;0;0;0;0;0;0;0;0;1;1;0;0;0;0
"09/01/2018";"05:43:00";"65";"com vítima";"48.5";"BR-116/SC";"Norte";"Choque - Arvore";1;0;0;0;0;0;0;0;0;0;0;1;0;0;0
"10/01/2018";"05:49:00";"8";"com vítima";"59.9";"BR-116/SC";"Norte";"Colisão Transversal";1;0;1;0;0;0;0;0;0;0;1;2;0;1;0
"10/01/2018";"07:03:00";"10";"sem vítima";"125.8";"BR-116/PR";"Sul";"Choque - Veiculo parado na pista";2;0;0;0;0;0;0;0;0;0;2;0;0;0;0
"10/01/2018";"10:43:00";"27";"com vítima";"276.7";"BR-116/SC";"Sul";"Capotamento";1;0;0;0;0;0;0;0;0;0;0;0;0;1;0
"10/01/2018";"10:48:00";"29";"sem vítima";"56";"BR-116/SC";"Norte";"Choque - Arvore";0;0;1;0;0;0;0;0;0;0;1;0;0;0;0