data;horario;n_da_ocorrencia;tipo_de_ocorrencia;km;trecho;sentido;tipo_de_acidente;automovel;bicicleta;caminhao;moto;onibus;outros;tracao_animal;transporte_de_cargas_especiais;trator_maquinas;utilitarios;ilesos;levemente_feridos;moderadamente_feridos;gravemente_feridos;mortos
"25/02/2018";"09:35:00";"24";"sem vítima";"126";"BR-116/PR";"Norte";"Colisão Traseira";1;0;1;0;0;0;0;0;0;0;2;0;0;0;0
"25/02/2018";"05:38:00";"69";"com vítima";"52.6";"BR-116/SC";"Norte";"Colisão Transversal";1;0;0;0;0;0;0;0;0;1;3;0;0;1;0
"25/02/2018";"06:52:00";"81";"sem vítima";"126.3";"BR-116/PR";"Norte";"Engavetamento";3;0;0;0;0;0;0;0;0;0;3;0;0;0;0
"26/02/2018";"07:56:00";"19";"sem vítima";"45.8";"BR-116/SC";"Norte";"Saida de Pista";1;0;0;0;0;0;0;0;0;0;3;0;0;0;0
"26/02/2018";"08:09:00";"21";"sem vítima";"124";"BR-116/PR";"Norte";"Colisão Traseira";2;0;0;0;0;0;0;0;0;0;2;0;0;0;0
"26/02/2018";"10:58:00";"45";"com vítima";"251";"BR-116/SC";"Norte";"Engavetamento";3;0;0;0;0;0;0;0;0;0;2;1;0;0;0
"26/02/2018";"11:45:00";"38";"sem vítima";"117";"BR-116/PR";"Norte";"Colisão Traseira";2;0;0;0;0;0;0;0;0;0;2;0;0;0;0
"26/02/2018";"01:51:00";"67";"com vítima";"139.8";"BR-116/SC";"Sul";"Colisão Transversal";1;0;1;0;0;1;0;0;0;0;2;1;0;0;0
"26/02/2018";"04:27:00";"90";"sem vítima";"170";"BR-116/PR";"Sul";"Colisão Traseira";1;0;1;0;0;0;0;0;0;0;2;0;0;0;0
"26/02/2018";"07:19:00";"101";"com vítima";"77.9";"BR-116/SC";"Sul";"Atropelamento - Ciclista";0;0;0;1;0;0;0;0;0;0;1;1;0;0;0
"27/02/2018";"08:22:00";"21";"sem vítima";"116";"BR-116/PR";"Norte";"Colisão Lateral";1;0;0;1;0;0;0;0;0;0;2;0;0;0;0
"27/02/2018";"09:31:00";"28";"com vítima";"5.6";"BR-116/SC";"Norte";"Colisão Transversal";1;0;1;0;0;0;0;0;0;0;1;1;0;0;0
"27/02/2018";"12:02:00";"62";"com vítima";"118.8";"BR-116/PR";"Sul";"Queda de Moto";0;0;0;1;0;0;0;0;0;0;0;2;0;0;0
"27/02/2018";"03:01:00";"83";"sem vítima";"170.8";"BR-116/SC";"Sul";"Saida de Pista";0;0;1;0;0;0;0;0;0;0;1;0;0;0;0
"27/02/2018";"03:50:00";"87";"sem vítima";"191";"BR-116/PR";"Norte";"Queda de Moto";0;0;0;1;0;0;0;0;0;0;1;0;0;0;0
"28/02/2018";"12:51:00";"76";"sem vítima";"75.8";"BR-116/SC";"Sul";"Saida de Pista";0;0;0;0;0;0;0;0;0;1;1;0;0;0;0
"28/02/2018";"02:33:00";"87";"sem vítima";"117";"BR-116/PR";"Sul";"Choque - Veiculo parado na pista";1;0;1;0;0;0;0;0;0;0;2;0;0;0;0
"28/02/2018";"03:16:00";"97";"com vítima";"23";"BR-116/SC";"Sul";"Queda de Moto";0;0;0;1;0;0;0;0;0;0;0;1;0;0;0
"28/02/2018";"04:21:00";"103";"sem vítima";"116";"BR-116/PR";"Sul";"Colisão Lateral";1;0;1;0;0;0;0;0;0;0;2;0;0;0;0
"28/02/2018";"07:14:00";"126";"sem vítima";"139";"BR-116/SC";"Norte";"Colisão Transversal";0;0;1;0;0;0;0;0;0;1;2;0;0;0;0
"01/03/2018";"11:48:00";"57";"sem vítima";"245";"BR-116/SC";"Sul";"Colisão Lateral";2;0;0;0;0;0;0;0;0;0;2;0;0;0;0
"01/03/2018";"06:28:00";"100";"sem vítima";"143.25";"BR-116/SC";"Norte";"Colisão Lateral";1;0;1;0;0;0;0;0;0;0;2;0;0;0;0
"02/03/2018";"09:37:00";"46";"sem vítima";"253.3";"BR-116/SC";"Norte";"Colisão Traseira";2;0;0;0;0;0;0;0;0;0;2;0;0;0;0
"02/03/2018";"11:29:00";"62";"sem vítima";"258";"BR-116/SC";"Norte";"Colisão Lateral";0;0;1;0;0;0;0;0;0;1;2;0;0;0;0
"02/03/2018";"02:38:00";"84";"sem vítima";"263.7";"BR-116/SC";"Norte";"Capotamento";1;0;0;0;0;0;0;0;0;0;1;0;0;0;0
"02/03/2018";"05:42:00";"102";"com vítima";"117";"BR-116/PR";"Norte";"Colisão Traseira";1;0;0;1;0;0;0;0;0;0;1;1;0;0;0
"02/03/2018";"05:50:00";"107";"com vítima";"135";"BR-116/PR";"Norte";"Atropelamento - Morador";1;0;0;0;0;0;0;0;0;0;1;0;0;1;0
"02/03/2018";"05:57:00";"108";"sem vítima";"30.15";"BR-116/SC";"Sul";"Colisão Traseira";1;0;0;0;0;0;0;0;0;1;2;0;0;0;0
"03/03/2018";"06:01:00";"89";"sem vítima";"296";"BR-116/SC";"Norte";"Choque - Objeto sobre a pista";1;0;1;0;0;0;0;0;0;0;4;0;0;0;0
"03/03/2018";"07:15:00";"98";"sem vítima";"132";"BR-116/PR";"Norte";"Engavetamento";2;0;0;0;1;0;0;0;0;0;3;0;0;0;0
"04/03/2018";"06:02:00";"16";"sem vítima";"224";"BR-116/SC";"Norte";"Colisão Lateral";2;0;0;0;0;0;0;0;0;0;2;0;0;0;0
"04/03/2018";"03:31:00";"62";"com vítima";"122";"BR-116/PR";"Sul";"Choque - Poste";1;0;0;0;0;0;0;0;0;0;0;1;0;0;0
"04/03/2018";"03:58:00";"66";"com vítima";"209";"BR-116/SC";"Norte";"Colisão Transversal";1;0;0;1;0;0;0;0;0;0;1;1;0;0;0
"04/03/2018";"04:56:00";"74";"sem vítima";"119";"BR-116/PR";"Sul";"Colisão Lateral";3;0;0;0;0;0;0;0;0;0;7;0;0;0;0
"04/03/2018";"10:29:00";"103";"sem vítima";"288.3";"BR-116/SC";"Sul";"Saida de Pista";0;0;1;0;0;0;0;0;0;0;1;0;0;0;0
"05/03/2018";"03:34:00";"6";"sem vítima";"15.7";"BR-116/SC";"Norte";"Choque - Talude";0;0;1;0;0;0;0;0;0;0;1;0;0;0;0
"05/03/2018";"07:53:00";"23";"com vítima";"120";"BR-116/PR";"Norte";"Engavetamento";3;0;0;0;0;0;0;0;0;0;3;1;0;0;0
"06/03/2018";"01:06:00";"62";"sem vítima";"0.2";"BR-116/SC";"Norte";"Colisão Traseira";1;0;1;0;0;0;0;0;0;0;2;0;0;0;0
"06/03/2018";"07:56:00";"96";"com vítima";"11.7";"BR-116/SC";"Norte";"Choque - Defensa, barreira ou "submarino"";0;0;1;0;0;0;0;0;0;0;1;2;0;0;0
"07/03/2018";"06:22:00";"12";"sem vítima";"125";"BR-116/PR";"Norte";"Colisão Traseira";1;0;1;0;0;0;0;0;0;0;2;0;0;0;0
"07/03/2018";"06:59:00";"15";"com vítima";"120.3";"BR-116/PR";"Sul";"Saida de Pista";1;0;0;0;0;0;0;0;0;0;0;1;0;0;0
"07/03/2018";"12:09:00";"71";"sem vítima";"167";"BR-116/PR";"Norte";"Colisão Transversal";1;0;0;0;0;1;0;0;0;0;2;0;0;0;0
"08/03/2018";"04:41:00";"98";"sem vítima";"251";"BR-116/SC";"Norte";"Choque - Veiculo parado na pista";1;0;1;0;0;0;0;0;0;0;2;0;0;0;0
"09/03/2018";"03:52:00";"78";"sem vítima";"148";"BR-116/SC";"Norte";"Choque - Talude";0;0;1;0;0;0;0;0;0;0;1;0;0;0;0
"09/03/2018";"06:16:00";"102";"com vítima";"58.4";"BR-116/SC";"Sul";"Colisão Frontal";2;0;0;0;0;0;0;0;0;0;4;2;0;0;0
"09/03/2018";"11:11:00";"127";"com vítima";"142.95";"BR-116/PR";"Sul";"Colisão Lateral";0;0;0;1;0;1;0;0;0;0;1;1;0;0;0
"10/03/2018";"06:36:00";"9";"sem vítima";"121";"BR-116/PR";"Norte";"Saida de Pista";1;0;0;0;0;0;0;0;0;0;1;0;0;0;0
"10/03/2018";"10:19:00";"45";"sem vítima";"54";"BR-116/SC";"Norte";"Colisão Lateral";1;0;1;0;0;0;0;0;0;0;2;0;0;0;0
"10/03/2018";"02:00:00";"59";"com vítima";"117.4";"BR-116/SC";"Norte";"Tombamento";0;0;1;0;0;0;0;0;0;0;0;1;0;0;0
"10/03/2018";"03:10:00";"62";"com vítima";"119";"BR-116/PR";"Norte";"Colisão Traseira";1;0;0;1;0;0;0;0;0;0;1;2;0;0;0
"10/03/2018";"03:12:00";"64";"sem vítima";"124";"BR-116/PR";"Norte";"Engavetamento";1;0;0;0;0;2;0;0;0;0;6;0;0;0;0
"10/03/2018";"05:09:00";"73";"sem vítima";"209";"BR-116/PR";"Sul";"Colisão Lateral";2;0;0;0;0;0;0;0;0;0;2;0;0;0;0
"11/03/2018";"12:01:00";"1";"sem vítima";"127";"BR-116/PR";"Sul";"Saida de Pista";1;0;0;0;0;0;0;0;0;0;1;0;0;0;0
"11/03/2018";"03:18:00";"9";"com vítima";"156.4";"BR-116/SC";"Sul";"Choque - Defensa, barreira ou "submarino"";1;0;0;0;0;0;0;0;0;0;0;2;0;0;0
"11/03/2018";"07:07:00";"17";"sem vítima";"140";"BR-116/SC";"Norte";"Atropelamento de Animal";1;0;0;0;0;0;0;0;0;0;1;0;0;0;0
"11/03/2018";"05:07:00";"75";"com vítima";"1";"BR-116/SC";"Norte";"Colisão Lateral";0;0;1;1;0;0;0;0;0;0;1;1;0;0;0
"11/03/2018";"09:44:00";"100";"com vítima";"41.8";"BR-116/SC";"Sul";"Colisão Frontal";0;0;1;0;0;0;0;0;0;2;7;0;0;1;0
"11/03/2018";"10:18:00";"101";"com vítima";"0.1";"BR-116/SC";"Norte";"Queda de Moto";0;0;0;1;0;0;0;0;0;0;0;1;0;0;0
"13/03/2018";"05:35:00";"99";"com vítima";"48";"BR-116/SC";"Sul";"Colisão Traseira";1;0;0;0;0;1;0;0;0;0;4;0;0;1;0
"13/03/2018";"06:08:00";"105";"com vítima";"224";"BR-116/SC";"Norte";"Colisão Traseira";1;0;1;0;0;0;0;0;0;0;1;1;0;0;0
"13/03/2018";"06:10:00";"106";"sem vítima";"224.4";"BR-116/SC";"Sul";"Objeto lançado contra veículo";1;0;1;0;0;0;0;0;0;0;2;0;0;0;0
"13/03/2018";"07:36:00";"120";"com vítima";"159";"BR-116/PR";"Norte";"Colisão Transversal";0;0;1;1;0;0;0;0;0;0;1;2;0;0;0
"14/03/2018";"05:39:00";"8";"sem vítima";"143.95";"BR-116/SC";"Sul";"Tombamento";0;0;1;0;0;0;0;0;0;0;1;0;0;0;0
"14/03/2018";"05:42:00";"9";"com vítima";"114.9";"BR-116/SC";"Norte";"Tombamento";0;0;1;0;0;0;0;0;0;0;0;0;0;1;0
"14/03/2018";"01:25:00";"71";"com vítima";"119";"BR-116/PR";"Sul";"Choque - Veiculo parado na pista";2;0;0;0;0;0;0;0;0;0;1;1;0;0;0
"14/03/2018";"05:24:00";"84";"sem vítima";"119";"BR-116/PR";"Sul";"Colisão Traseira";2;0;0;0;0;0;0;0;0;0;2;0;0;0;0
"14/03/2018";"06:14:00";"91";"com vítima";"142.2";"BR-116/SC";"Norte";"Colisão Frontal";1;0;1;0;0;0;0;0;0;1;3;0;0;0;2
"14/03/2018";"07:11:00";"96";"sem vítima";"121.967";"BR-116/PR";"Norte";"Engavetamento";3;0;0;0;0;0;0;0;0;1;4;0;0;0;0
"15/03/2018";"02:59:00";"9";"com vítima";"117.2";"BR-116/SC";"Sul";"Capotamento";1;0;0;0;0;0;0;0;0;0;2;2;0;0;0
"15/03/2018";"04:01:00";"104";"sem vítima";"259.9";"BR-116/SC";"Norte";"Choque - Talude";0;0;1;0;0;0;0;0;0;0;1;0;0;0;0
"15/03/2018";"04:05:00";"105";"sem vítima";"12";"BR-116/SC";"Sul";"Colisão Transversal";0;0;2;0;0;0;0;0;0;0;2;0;0;0;0
"17/03/2018";"07:14:00";"19";"sem vítima";"117";"BR-116/PR";"Sul";"Colisão Lateral";1;0;0;0;0;1;0;0;0;0;2;0;0;0;0
"17/03/2018";"07:20:00";"45";"sem vítima";"117";"BR-116/PR";"Sul";"Colisão Traseira";1;0;0;0;0;1;0;0;0;0;2;0;0;0;0
"17/03/2018";"07:55:00";"24";"sem vítima";"115";"BR-116/PR";"Norte";"Colisão Transversal";2;0;0;0;0;0;0;0;0;0;2;0;0;0;0
"17/03/2018";"10:57:00";"54";"com vítima";"120";"BR-116/PR";"Sul";"Colisão Traseira";1;0;0;1;0;0;0;0;0;0;2;1;0;0;0
"17/03/2018";"11:18:00";"58";"sem vítima";"117";"BR-116/PR";"Sul";"Engavetamento";2;0;0;0;0;1;0;0;0;0;5;0;0;0;0
"17/03/2018";"11:47:00";"61";"sem vítima";"117";"BR-116/PR";"Sul";"Engavetamento";2;0;0;0;0;1;0;0;0;0;3;0;0;0;0
"17/03/2018";"01:14:00";"67";"com vítima";"119";"BR-116/PR";"Sul";"Colisão Traseira";2;0;0;0;0;1;0;0;0;0;4;0;0;1;0
"17/03/2018";"05:17:00";"98";"com vítima";"133.2";"BR-116/SC";"Norte";"Colisão Transversal";1;0;1;0;0;0;0;0;0;0;1;1;0;0;0
"17/03/2018";"06:09:00";"101";"com vítima";"202";"BR-116/PR";"Norte";"Colisão Traseira";2;0;0;0;0;0;0;0;0;0;3;2;0;0;0
"18/03/2018";"05:40:00";"70";"sem vítima";"73.8";"BR-116/SC";"Sul";"Colisão Lateral";2;0;0;0;0;0;0;0;0;0;5;0;0;0;0
"18/03/2018";"07:08:00";"76";"sem vítima";"127.5";"BR-116/PR";"Norte";"Colisão Traseira";2;0;0;0;0;1;0;0;0;0;6;0;0;0;0
"19/03/2018";"07:40:00";"15";"com vítima";"124";"BR-116/PR";"Norte";"Colisão Lateral";1;0;0;2;0;1;0;0;0;0;3;1;0;0;0
"19/03/2018";"09:41:00";"24";"sem vítima";"246";"BR-116/SC";"Norte";"Colisão Transversal";0;0;1;0;0;1;0;0;0;0;2;0;0;0;0
"19/03/2018";"06:03:00";"95";"sem vítima";"126";"BR-116/PR";"Sul";"Colisão Traseira";1;0;0;0;1;0;0;0;0;0;3;0;0;0;0
"20/03/2018";"02:26:00";"68";"sem vítima";"280.2";"BR-116/SC";"Norte";"Saida de Pista";0;0;1;0;0;0;0;0;0;0;1;0;0;0;0
"20/03/2018";"03:05:00";"78";"com vítima";"116";"BR-116/PR";"Norte";"Queda de Moto";0;0;0;1;0;0;0;0;0;0;0;1;0;0;0
"20/03/2018";"07:20:00";"106";"sem vítima";"105.7";"BR-116/SC";"Norte";"Choque - Defensa, barreira ou "submarino"";1;0;0;0;0;0;0;0;0;0;1;0;0;0;0
"21/03/2018";"05:43:00";"12";"com vítima";"117.5";"BR-116/PR";"Norte";"Queda de Moto";0;0;0;1;0;0;0;0;0;0;0;1;0;0;0
"21/03/2018";"02:32:00";"67";"com vítima";"191.8";"BR-116/PR";"Sul";"Colisão Lateral";1;0;1;0;0;0;0;0;0;0;3;1;0;0;0
"21/03/2018";"07:34:00";"116";"sem vítima";"11.5";"BR-116/SC";"Norte";"Colisão Traseira";0;0;2;0;0;0;0;0;0;0;4;0;0;0;0
"22/03/2018";"10:32:00";"46";"sem vítima";"166";"BR-116/SC";"Norte";"Choque - Veiculo parado no acostamento";1;0;0;0;0;1;0;0;0;0;2;0;0;0;0
"22/03/2018";"07:48:00";"103";"com vítima";"167";"BR-116/PR";"Sul";"Colisão Transversal";0;0;0;1;1;1;0;0;0;0;12;0;0;0;1
"22/03/2018";"10:38:00";"115";"com vítima";"131.1";"BR-116/PR";"Sul";"Queda de Moto";0;0;0;1;0;0;0;0;0;0;0;1;0;0;0
"23/03/2018";"08:21:00";"111";"com vítima";"205";"BR-116/PR";"Norte";"Colisão Lateral";0;0;1;1;0;0;0;0;0;0;2;1;0;0;0
"24/03/2018";"02:59:00";"6";"sem vítima";"220.85";"BR-116/SC";"Norte";"Saida de Pista";1;0;0;0;0;0;0;0;0;0;1;0;0;0;0
"24/03/2018";"03:22:00";"8";"sem vítima";"246.35";"BR-116/SC";"Norte";"Choque - Suporte de Sinalização";0;0;0;0;0;1;0;0;0;0;1;0;0;0;0
"24/03/2018";"04:18:00";"10";"com vítima";"156.7";"BR-116/SC";"Norte";"Colisão Frontal";1;0;1;0;0;0;0;0;0;0;1;0;0;0;1
"24/03/2018";"04:33:00";"17";"com vítima";"156.7";"BR-116/SC";"Norte";"Colisão Frontal";1;0;0;0;0;1;0;0;0;0;1;1;0;0;0
"25/03/2018";"07:32:00";"13";"sem vítima";"130.8";"BR-116/SC";"Norte";"Choque - Arvore";0;0;1;0;0;0;0;0;0;0;1;0;0;0;0
"25/03/2018";"08:08:00";"95";"sem vítima";"126";"BR-116/PR";"Sul";"Colisão Transversal";1;0;0;0;0;1;0;0;0;0;6;0;0;0;0
"26/03/2018";"04:45:00";"93";"com vítima";"135.2";"BR-116/PR";"Sul";"Colisão Lateral";1;0;0;1;0;0;0;0;0;0;3;1;0;0;0
"26/03/2018";"07:15:00";"111";"sem vítima";"147.2";"BR-116/PR";"Norte";"Saida de Pista";1;0;0;0;0;0;0;0;0;0;2;0;0;0;0
"26/03/2018";"07:51:00";"114";"com vítima";"157.2";"BR-116/PR";"Sul";"Colisão Traseira";2;0;0;0;0;1;0;0;0;0;1;1;0;1;0
"27/03/2018";"09:28:00";"24";"sem vítima";"140";"BR-116/SC";"Norte";"Choque - Talude";0;0;1;0;0;0;0;0;0;0;1;0;0;0;0
"27/03/2018";"05:16:00";"90";"com vítima";"154.9";"BR-116/SC";"Norte";"Tombamento";0;0;1;0;0;0;0;0;0;0;0;1;0;0;0
"27/03/2018";"06:57:00";"99";"com vítima";"116.3";"BR-116/PR";"Norte";"Colisão Lateral";2;0;0;2;0;0;0;0;0;0;3;1;0;0;0
"28/03/2018";"01:39:00";"3";"com vítima";"119";"BR-116/PR";"Sul";"Colisão Traseira";0;0;0;1;0;1;0;0;0;0;1;0;0;1;0
"28/03/2018";"11:29:00";"41";"com vítima";"202";"BR-116/PR";"Norte";"Colisão Traseira";2;0;1;0;0;0;0;0;0;0;2;3;0;0;0
"28/03/2018";"04:04:00";"89";"sem vítima";"198";"BR-116/SC";"Norte";"Choque - Objeto sobre a pista";0;0;2;0;0;0;0;0;0;0;3;0;0;0;0
"28/03/2018";"07:04:00";"108";"com vítima";"217.35";"BR-116/SC";"Norte";"Colisão Transversal";3;0;1;0;0;0;0;0;0;0;8;1;0;0;0
"29/03/2018";"03:27:00";"5";"sem vítima";"129.3";"BR-116/PR";"Sul";"Saida de Pista";1;0;0;0;0;0;0;0;0;0;1;0;0;0;0
"29/03/2018";"03:39:00";"6";"sem vítima";"117";"BR-116/PR";"Norte";"Saida de Pista";1;0;0;0;0;0;0;0;0;0;1;0;0;0;0
"29/03/2018";"03:00:00";"64";"sem vítima";"126";"BR-116/PR";"Norte";"Colisão Traseira";2;0;0;0;0;0;0;0;0;0;2;0;0;0;0
"29/03/2018";"03:18:00";"68";"com vítima";"23.6";"BR-116/SC";"Norte";"Colisão Frontal";1;0;0;1;0;0;0;0;0;0;1;0;0;1;0
"29/03/2018";"08:57:00";"103";"sem vítima";"228";"BR-116/SC";"Norte";"Colisão Transversal";2;0;0;0;0;0;0;0;0;0;5;0;0;0;0
"31/03/2018";"11:05:00";"82";"sem vítima";"209.7";"BR-116/PR";"Sul";"Saida de Pista";1;0;0;0;0;0;0;0;0;0;1;0;0;0;0
"01/04/2018";"10:31:00";"36";"sem vítima";"155";"BR-116/SC";"Norte";"Saida de Pista";1;0;0;0;0;0;0;0;0;0;1;0;0;0;0
"01/04/2018";"02:48:00";"62";"sem vítima";"72.15";"BR-116/SC";"Sul";"Colisão Transversal";2;0;0;0;0;0;0;0;0;0;3;0;0;0;0
"02/04/2018";"05:58:00";"15";"com vítima";"78.15";"BR-116/SC";"Sul";"Colisão Lateral";0;0;1;0;0;0;0;0;0;1;1;1;0;0;0
"02/04/2018";"06:56:00";"17";"com vítima";"129.4";"BR-116/PR";"Norte";"Queda de Moto";0;0;0;1;0;0;0;0;0;0;1;1;0;0;0
"02/04/2018";"07:42:00";"25";"sem vítima";"155.9";"BR-116/PR";"Sul";"Choque - Defensa, barreira ou "submarino"";1;0;0;0;0;0;0;0;0;0;1;0;0;0;0
"02/04/2018";"02:04:00";"90";"sem vítima";"12";"BR-116/SC";"Norte";"Colisão Transversal";1;0;1;0;0;0;0;0;0;0;2;0;0;0;0
"02/04/2018";"04:37:00";"111";"com vítima";"122";"BR-116/PR";"Norte";"Colisão Lateral";1;0;0;1;0;0;0;0;0;0;1;1;0;0;0
"02/04/2018";"04:54:00";"114";"com vítima";"141";"BR-116/PR";"Norte";"Colisão Traseira";2;0;0;0;0;0;0;0;0;0;3;1;0;0;0
"02/04/2018";"06:26:00";"128";"com vítima";"5.1";"BR-116/SC";"Norte";"Atropelamento - Morador";0;0;1;0;0;0;0;0;0;0;1;0;0;0;1
"02/04/2018";"06:29:00";"129";"sem vítima";"115.1";"BR-116/PR";"Norte";"Colisão Traseira";2;0;0;0;0;0;0;0;0;0;2;0;0;0;0
"03/04/2018";"07:11:00";"113";"sem vítima";"115";"BR-116/PR";"Norte";"Colisão Traseira";1;0;0;1;0;0;0;0;0;0;2;0;0;0;0
"03/04/2018";"08:49:00";"121";"sem vítima";"307";"BR-116/SC";"Norte";"Colisão Lateral";0;0;2;0;0;0;0;0;0;0;2;0;0;0;0
"03/04/2018";"10:54:00";"129";"sem vítima";"132.6";"BR-116/PR";"Sul";"Capotamento";1;0;0;0;0;0;0;0;0;0;1;0;0;0;0
"04/04/2018";"12:06:00";"1";"sem vítima";"122.7";"BR-116/PR";"Sul";"Queda de Moto";0;0;0;1;0;0;0;0;0;0;1;0;0;0;0
"04/04/2018";"10:35:00";"67";"com vítima";"130";"BR-116/PR";"Sul";"Colisão Lateral";3;0;2;0;0;0;0;0;0;0;7;3;0;0;0
"04/04/2018";"03:16:00";"110";"com vítima";"5.6";"BR-116/SC";"Norte";"Colisão Transversal";1;0;0;1;0;0;0;0;0;0;3;1;0;0;0
"05/04/2018";"07:53:00";"14";"sem vítima";"117";"BR-116/PR";"Sul";"Colisão Lateral";1;0;1;0;0;0;0;0;0;0;2;0;0;0;0
"05/04/2018";"11:57:00";"65";"sem vítima";"184";"BR-116/PR";"Sul";"Colisão Lateral";1;0;1;0;0;0;0;0;0;0;2;0;0;0;0
"05/04/2018";"01:03:00";"70";"com vítima";"17.7";"BR-116/SC";"Norte";"Colisão Frontal";2;0;0;0;0;0;0;0;0;0;1;1;0;1;0
"06/04/2018";"12:39:00";"50";"sem vítima";"11.1";"BR-116/SC";"Norte";"Choque - Defensa, barreira ou "submarino"";0;0;1;0;0;0;0;0;0;0;1;0;0;0;0
"06/04/2018";"01:16:00";"57";"sem vítima";"226";"BR-116/SC";"Sul";"Colisão Transversal";2;0;0;0;0;0;0;0;0;0;2;0;0;0;0
"06/04/2018";"03:38:00";"82";"com vítima";"126";"BR-116/PR";"Norte";"Colisão Traseira";2;0;0;0;0;0;0;0;0;0;3;3;0;0;0
"07/04/2018";"03:59:00";"7";"sem vítima";"153";"BR-116/PR";"Sul";"Choque - Defensa, barreira ou "submarino"";0;0;0;0;0;1;0;0;0;0;2;0;0;0;0
"07/04/2018";"12:15:00";"49";"sem vítima";"84.3";"BR-116/SC";"Norte";"Tombamento";0;0;1;0;0;0;0;0;0;0;1;0;0;0;0
"07/04/2018";"06:26:00";"95";"sem vítima";"116";"BR-116/PR";"Sul";"Colisão Lateral";2;0;0;0;0;0;0;0;0;0;2;0;0;0;0
"07/04/2018";"10:26:00";"108";"sem vítima";"126.3";"BR-116/PR";"Norte";"Colisão Traseira";2;0;0;0;0;0;0;0;0;0;2;0;0;0;0
"08/04/2018";"06:52:00";"19";"com vítima";"0.05";"BR-116/SC";"Sul";"Colisão Traseira";1;0;0;0;0;1;0;0;0;0;2;1;0;1;0
"08/04/2018";"01:52:00";"57";"com vítima";"120";"BR-116/PR";"Norte";"Queda de Moto";1;0;0;1;0;0;0;0;0;0;1;1;0;0;0
"08/04/2018";"03:55:00";"70";"sem vítima";"12";"BR-116/SC";"Norte";"Colisão Traseira";0;0;2;0;0;0;0;0;0;0;2;0;0;0;0
"08/04/2018";"09:27:00";"95";"com vítima";"219";"BR-116/SC";"Norte";"Colisão Transversal";2;0;0;0;0;0;0;0;0;0;1;2;0;0;0
"09/04/2018";"07:45:00";"146";"sem vítima";"126";"BR-116/PR";"Norte";"Colisão Traseira";2;0;0;0;0;0;0;0;0;0;4;0;0;0;0
"09/04/2018";"10:53:00";"157";"sem vítima";"56";"BR-116/SC";"Sul";"Colisão Lateral";1;0;0;0;0;0;0;0;0;1;2;0;0;0;0
"10/04/2018";"07:08:00";"10";"com vítima";"125.7";"BR-116/PR";"Norte";"Colisão Traseira";1;0;0;1;0;0;0;0;0;0;1;1;0;0;0
"10/04/2018";"05:23:00";"107";"sem vítima";"173";"BR-116/SC";"Norte";"Colisão Lateral";2;0;0;0;0;0;0;0;0;0;3;0;0;0;0
"10/04/2018";"05:58:00";"110";"sem vítima";"137.75";"BR-116/SC";"Sul";"Colisão Lateral";2;0;0;0;0;0;0;0;0;0;4;0;0;0;0
"11/04/2018";"02:57:00";"6";"sem vítima";"134.6";"BR-116/SC";"Sul";"Choque - Arvore";0;0;1;0;0;0;0;0;0;0;1;0;0;0;0
"11/04/2018";"07:13:00";"10";"com vítima";"127.9";"BR-116/PR";"Norte";"Colisão Lateral";0;0;1;1;0;0;0;0;0;0;1;1;0;0;0
"11/04/2018";"07:16:00";"11";"sem vítima";"122.7";"BR-116/PR";"Norte";"Colisão Lateral";1;0;1;0;0;0;0;0;0;0;2;0;0;0;0
"11/04/2018";"07:24:00";"12";"sem vítima";"4.6";"BR-116/SC";"Norte";"Colisão Traseira";1;0;0;0;0;1;0;0;0;0;2;0;0;0;0
"11/04/2018";"03:16:00";"84";"sem vítima";"30.3";"BR-116/SC";"Norte";"Colisão Traseira";0;0;1;0;0;0;0;0;0;1;2;0;0;0;0
"11/04/2018";"05:47:00";"101";"com vítima";"210";"BR-116/SC";"Norte";"Colisão Traseira";1;0;0;1;0;0;0;0;0;0;1;1;0;0;0
"11/04/2018";"10:10:00";"131";"com vítima";"148.7";"BR-116/PR";"Sul";"Queda de Moto";0;0;0;1;0;0;0;0;0;0;0;1;0;0;0
"12/04/2018";"04:46:00";"17";"sem vítima";"137";"BR-116/PR";"Norte";"Saida de Pista";1;0;0;0;0;0;0;0;0;0;1;0;0;0;0
"12/04/2018";"08:44:00";"47";"sem vítima";"148.1";"BR-116/PR";"Norte";"Colisão Lateral";0;0;2;0;0;0;0;0;0;0;2;0;0;0;0
"13/04/2018";"09:44:00";"138";"com vítima";"125.8";"BR-116/PR";"Sul";"Colisão Transversal";0;0;0;1;0;1;0;0;0;0;1;1;0;0;0
"13/04/2018";"10:24:00";"142";"com vítima";"127.2";"BR-116/PR";"Sul";"Colisão Traseira";1;0;0;0;0;0;0;0;0;2;3;1;0;0;0
"14/04/2018";"04:58:00";"12";"com vítima";"126";"BR-116/PR";"Sul";"Colisão Traseira";2;0;0;0;0;0;0;0;0;0;1;5;0;1;0
"14/04/2018";"01:06:00";"44";"sem vítima";"140";"BR-116/PR";"Sul";"Choque - Outros";1;0;0;0;0;0;0;0;0;0;1;0;0;0;0
"14/04/2018";"03:50:00";"59";"sem vítima";"32.6";"BR-116/SC";"Norte";"Colisão Traseira";1;0;1;0;0;0;0;0;0;0;6;0;0;0;0
"15/04/2018";"12:19:00";"2";"com vítima";"228";"BR-116/SC";"Norte";"Saida de Pista";1;0;0;0;0;0;0;0;0;0;0;1;0;0;0