data;horario;n_da_ocorrencia;tipo_de_ocorrencia;km;trecho;sentido;tipo_de_acidente;automovel;bicicleta;caminhao;moto;onibus;outros;tracao_animal;transporte_de_cargas_especiais;trator_maquinas;utilitarios;ilesos;levemente_feridos;moderadamente_feridos;gravemente_feridos;mortos
"03/06/2018";"06:33:00";"62";"com vítima";"152.4";"BR-116/PR";"Sul";"Colisão Transversal";1;0;1;0;0;0;0;0;0;0;2;1;0;0;0
"04/06/2018";"04:42:00";"78";"sem vítima";"107.2";"BR-116/SC";"Norte";"Colisão Traseira";0;0;1;0;0;0;0;0;0;0;1;0;0;0;0
"04/06/2018";"07:34:00";"90";"sem vítima";"52";"BR-116/SC";"Norte";"Colisão Traseira";2;0;0;0;0;0;0;0;0;0;3;0;0;0;0
"04/06/2018";"08:37:00";"96";"sem vítima";"306";"BR-116/SC";"Sul";"Colisão Traseira";2;0;0;0;0;0;0;0;0;0;3;0;0;0;0
"04/06/2018";"10:31:00";"100";"sem vítima";"129";"BR-116/PR";"Sul";"Choque - Outros";1;0;0;0;0;0;0;0;0;0;1;0;0;0;0
"05/06/2018";"08:17:00";"15";"sem vítima";"237";"BR-116/SC";"Sul";"Saida de Pista";1;0;0;0;0;0;0;0;0;0;1;0;0;0;0
"05/06/2018";"02:11:00";"47";"sem vítima";"134";"BR-116/PR";"Norte";"Colisão Lateral";1;0;0;0;0;1;0;0;0;0;3;0;0;0;0
"05/06/2018";"02:44:00";"51";"sem vítima";"141.5";"BR-116/PR";"Norte";"Colisão Traseira";1;0;0;0;0;0;0;0;0;1;2;0;0;0;0
"05/06/2018";"03:01:00";"57";"sem vítima";"206";"BR-116/SC";"Norte";"Colisão Transversal";2;0;0;0;0;0;0;0;0;0;2;0;0;0;0
"05/06/2018";"06:15:00";"77";"sem vítima";"209";"BR-116/PR";"Sul";"Choque - Veiculo parado na pista";1;0;0;0;1;0;0;0;0;0;2;0;0;0;0
"05/06/2018";"06:17:00";"78";"sem vítima";"115";"BR-116/PR";"Sul";"Engavetamento";3;0;1;0;0;0;0;0;0;0;7;0;0;0;0
"06/06/2018";"10:44:00";"46";"sem vítima";"147.3";"BR-116/PR";"Norte";"Choque - Talude";0;0;1;0;0;0;0;0;0;0;1;0;0;0;0
"06/06/2018";"07:22:00";"120";"com vítima";"247.45";"BR-116/SC";"Sul";"Colisão Transversal";1;0;1;0;0;0;0;0;0;0;1;1;0;0;0
"06/06/2018";"07:27:00";"121";"com vítima";"117.3";"BR-116/PR";"Sul";"Colisão Traseira";1;0;0;2;0;0;0;0;0;0;2;1;0;0;0
"06/06/2018";"07:47:00";"123";"com vítima";"56.3";"BR-116/SC";"Sul";"Atropelamento - Ciclista";0;1;1;0;0;0;0;0;0;0;1;0;0;0;1
"07/06/2018";"04:25:00";"69";"sem vítima";"189.9";"BR-116/SC";"Norte";"Colisão Traseira";1;0;1;0;0;0;0;0;0;0;2;0;0;0;0
"07/06/2018";"06:16:00";"84";"sem vítima";"116.7";"BR-116/PR";"Sul";"Colisão Traseira";2;0;0;0;0;0;0;0;0;0;2;0;0;0;0
"08/06/2018";"11:17:00";"53";"com vítima";"12";"BR-116/SC";"Norte";"Colisão Transversal";1;0;0;0;0;0;0;0;0;1;2;1;0;0;0
"08/06/2018";"05:59:00";"101";"sem vítima";"209";"BR-116/PR";"Sul";"Colisão Traseira";1;0;0;1;0;0;0;0;0;0;2;0;0;0;0
"08/06/2018";"07:51:00";"114";"sem vítima";"274.4";"BR-116/SC";"Norte";"Choque - Defensa, barreira ou "submarino"";1;0;0;0;0;0;0;0;0;0;1;0;0;0;0
"09/06/2018";"01:57:00";"9";"com vítima";"180.4";"BR-116/SC";"Norte";"Saida de Pista";1;0;0;0;0;0;0;0;0;0;0;1;0;0;0
"09/06/2018";"03:35:00";"13";"com vítima";"234.4";"BR-116/SC";"Norte";"Capotamento";1;0;0;0;0;0;0;0;0;0;0;1;0;0;0
"09/06/2018";"08:19:00";"26";"sem vítima";"117";"BR-116/PR";"Sul";"Saida de Pista";1;0;0;0;0;0;0;0;0;0;4;0;0;0;0
"09/06/2018";"06:05:00";"99";"sem vítima";"119.5";"BR-116/PR";"Sul";"Colisão Lateral";1;0;0;0;0;1;0;0;0;0;3;0;0;0;0
"09/06/2018";"06:08:00";"100";"sem vítima";"81.6";"BR-116/SC";"Norte";"Colisão Traseira";2;0;0;0;0;0;0;0;0;0;3;0;0;0;0
"09/06/2018";"06:46:00";"108";"com vítima";"220.4";"BR-116/SC";"Norte";"Atropelamento - Ciclista";1;0;0;0;0;1;0;0;0;0;1;1;0;0;0
"09/06/2018";"08:40:00";"121";"sem vítima";"125.9";"BR-116/PR";"Norte";"Colisão Traseira";2;0;0;0;0;0;0;0;0;0;2;0;0;0;0
"09/06/2018";"09:21:00";"125";"sem vítima";"81.6";"BR-116/SC";"Norte";"Choque - Suporte de Sinalização";1;0;0;0;0;0;0;0;0;0;1;0;0;0;0
"09/06/2018";"10:43:00";"134";"com vítima";"125.9";"BR-116/PR";"Sul";"Colisão Transversal";1;0;0;1;0;0;0;0;0;0;1;0;0;1;0
"10/06/2018";"06:30:00";"73";"com vítima";"152.6";"BR-116/PR";"Norte";"Colisão Transversal";0;0;0;1;0;1;0;0;0;0;1;1;0;0;0
"11/06/2018";"08:33:00";"26";"sem vítima";"120.5";"BR-116/PR";"Norte";"Colisão Traseira";0;0;1;1;0;0;0;0;0;0;2;0;0;0;0
"11/06/2018";"11:02:00";"49";"sem vítima";"138";"BR-116/PR";"Norte";"Capotamento";1;0;0;0;0;0;0;0;0;0;1;0;0;0;0
"11/06/2018";"03:02:00";"88";"com vítima";"143.2";"BR-116/SC";"Norte";"Colisão Transversal";1;0;1;0;0;0;0;0;0;0;3;1;0;0;0
"11/06/2018";"06:07:00";"114";"sem vítima";"220.4";"BR-116/SC";"Norte";"Colisão Transversal";1;0;1;0;0;0;0;0;0;0;2;0;0;0;0
"12/06/2018";"04:45:00";"83";"sem vítima";"141.1";"BR-116/PR";"Norte";"Tombamento";0;0;1;0;0;0;0;0;0;0;2;0;0;0;0
"12/06/2018";"07:17:00";"105";"sem vítima";"55";"BR-116/SC";"Sul";"Colisão Traseira";1;0;0;1;0;0;0;0;0;0;5;0;0;0;0
"13/06/2018";"06:32:00";"11";"sem vítima";"130";"BR-116/PR";"Norte";"Queda de Moto";0;0;0;1;0;0;0;0;0;0;1;0;0;0;0
"13/06/2018";"03:39:00";"78";"com vítima";"119";"BR-116/PR";"Sul";"Choque - Elemento de Drenagem";1;0;0;0;0;0;0;0;0;0;1;2;0;0;0
"13/06/2018";"03:50:00";"81";"sem vítima";"215.5";"BR-116/SC";"Sul";"Choque - Elemento de Drenagem";1;0;0;0;0;0;0;0;0;0;1;0;0;0;0
"14/06/2018";"09:02:00";"31";"sem vítima";"198";"BR-116/SC";"Norte";"Colisão Lateral";0;0;1;0;0;0;0;0;0;1;2;0;0;0;0
"14/06/2018";"10:05:00";"35";"sem vítima";"220";"BR-116/SC";"Norte";"Colisão Traseira";1;0;0;1;0;0;0;0;0;0;2;0;0;0;0
"15/06/2018";"05:37:00";"10";"sem vítima";"53.2";"BR-116/SC";"Norte";"Capotamento";0;0;0;0;0;0;0;0;0;1;1;0;0;0;0
"15/06/2018";"10:09:00";"34";"com vítima";"247.6";"BR-116/SC";"Norte";"Colisão Frontal";2;0;0;0;0;0;0;0;0;0;1;1;0;0;0
"15/06/2018";"12:12:00";"45";"sem vítima";"126.5";"BR-116/PR";"Norte";"Colisão Transversal";1;0;0;0;0;0;0;0;0;1;2;0;0;0;0
"15/06/2018";"03:55:00";"76";"sem vítima";"124";"BR-116/PR";"Sul";"Colisão Lateral";2;0;0;0;0;0;0;0;0;0;5;0;0;0;0
"15/06/2018";"06:17:00";"97";"com vítima";"52.6";"BR-116/SC";"Sul";"Colisão Transversal";0;0;0;2;0;1;0;0;0;0;3;1;0;0;0
"16/06/2018";"05:55:00";"16";"sem vítima";"117";"BR-116/PR";"Sul";"Choque - Elemento de Drenagem";1;0;0;0;0;0;0;0;0;0;1;0;0;0;0
"16/06/2018";"09:14:00";"29";"sem vítima";"126";"BR-116/PR";"Norte";"Engavetamento";0;0;2;0;0;1;0;0;0;0;3;0;0;0;0
"16/06/2018";"06:57:00";"89";"sem vítima";"129";"BR-116/SC";"Norte";"Colisão Frontal";2;0;0;0;0;0;0;0;0;0;4;0;0;0;0
"16/06/2018";"09:20:00";"100";"com vítima";"152";"BR-116/PR";"Norte";"Queda de Moto";0;0;0;1;0;0;0;0;0;0;0;1;0;0;0
"17/06/2018";"03:49:00";"7";"sem vítima";"76";"BR-116/SC";"Sul";"Saida de Pista";1;0;0;0;0;0;0;0;0;0;1;0;0;0;0
"17/06/2018";"03:15:00";"66";"com vítima";"117";"BR-116/PR";"Sul";"Colisão Traseira";1;0;0;0;0;1;0;0;0;0;3;2;0;0;0
"18/06/2018";"08:33:00";"27";"com vítima";"121";"BR-116/SC";"Norte";"Colisão Lateral";2;0;0;0;0;0;0;0;0;0;1;1;0;0;0
"18/06/2018";"03:20:00";"91";"com vítima";"126";"BR-116/PR";"Norte";"Colisão Transversal";0;0;0;1;0;0;0;0;0;1;1;1;0;0;0
"19/06/2018";"09:08:00";"39";"sem vítima";"79";"BR-116/SC";"Norte";"Objeto lançado contra veículo";0;0;2;0;0;0;0;0;0;0;10;0;0;0;0
"19/06/2018";"12:11:00";"68";"com vítima";"54.8";"BR-116/SC";"Norte";"Colisão Transversal";0;0;1;1;0;0;0;0;0;0;1;0;0;1;0
"19/06/2018";"01:17:00";"75";"com vítima";"144.7";"BR-116/SC";"Norte";"Colisão Frontal";1;0;1;0;0;0;0;0;0;0;1;0;0;1;0
"19/06/2018";"02:33:00";"83";"com vítima";"123.4";"BR-116/PR";"Norte";"Choque - Veiculo parado no acostamento";1;1;0;0;0;0;0;0;0;0;1;1;0;0;0
"20/06/2018";"02:37:00";"81";"sem vítima";"4.5";"BR-116/SC";"Sul";"Colisão Transversal";2;0;0;0;0;0;0;0;0;0;2;0;0;0;0
"20/06/2018";"06:18:00";"115";"sem vítima";"9.7";"BR-116/SC";"Norte";"Choque - Veiculo parado na pista";2;0;0;0;0;0;0;0;0;0;10;0;0;0;0
"21/06/2018";"12:01:00";"1";"com vítima";"140.5";"BR-116/SC";"Norte";"Colisão Transversal";0;0;2;0;0;0;0;0;0;0;0;3;0;0;0
"21/06/2018";"11:44:00";"59";"sem vítima";"57.7";"BR-116/SC";"Norte";"Colisão Traseira";1;0;1;0;0;0;0;0;0;0;3;0;0;0;0
"21/06/2018";"02:49:00";"84";"com vítima";"10.9";"BR-116/SC";"Norte";"Choque - Veiculo parado na pista";2;0;0;0;0;0;0;0;0;0;2;1;0;0;0
"22/06/2018";"06:34:00";"12";"com vítima";"175.3";"BR-116/PR";"Norte";"Colisão Lateral";1;0;1;0;0;0;0;0;0;0;1;1;0;0;0
"22/06/2018";"08:04:00";"20";"sem vítima";"120";"BR-116/PR";"Norte";"Colisão Traseira";2;0;0;0;0;0;0;0;0;0;2;0;0;0;0
"22/06/2018";"09:37:00";"31";"com vítima";"141.5";"BR-116/SC";"Sul";"Queda de Moto";0;0;0;1;0;0;0;0;0;0;0;1;0;0;0
"22/06/2018";"01:43:00";"59";"sem vítima";"166.8";"BR-116/PR";"Norte";"Colisão Transversal";2;0;0;0;0;0;0;0;0;0;2;0;0;0;0
"22/06/2018";"04:20:00";"89";"sem vítima";"220.2";"BR-116/SC";"Norte";"Colisão Transversal";1;0;0;0;0;0;0;0;0;1;2;0;0;0;0
"22/06/2018";"08:13:00";"109";"sem vítima";"126";"BR-116/PR";"Sul";"Colisão Transversal";3;0;0;0;0;0;0;0;0;0;5;0;0;0;0
"22/06/2018";"09:47:00";"119";"sem vítima";"206.02";"BR-116/PR";"Norte";"Choque - Suporte de Sinalização";0;0;1;0;0;0;0;0;0;0;1;0;0;0;0
"23/06/2018";"02:00:00";"7";"com vítima";"162.2";"BR-116/SC";"Norte";"Colisão Frontal";1;0;1;0;0;0;0;0;0;0;1;1;0;1;0
"23/06/2018";"05:52:00";"16";"com vítima";"134";"BR-116/PR";"Norte";"Queda de Moto";0;0;0;1;0;0;0;0;0;0;0;1;0;0;0
"23/06/2018";"07:59:00";"24";"sem vítima";"114";"BR-116/SC";"Norte";"Choque - Defensa, barreira ou "submarino"";1;0;0;0;0;0;0;0;0;0;2;0;0;0;0
"23/06/2018";"09:13:00";"31";"com vítima";"308.8";"BR-116/SC";"Norte";"Tombamento";0;0;1;0;0;0;0;0;0;0;1;1;0;0;0
"23/06/2018";"09:02:00";"105";"sem vítima";"211.3";"BR-116/PR";"Sul";"Colisão Lateral";1;0;0;0;0;1;0;0;0;0;3;0;0;0;0
"23/06/2018";"10:58:00";"110";"sem vítima";"141.5";"BR-116/PR";"Norte";"Saida de Pista";0;0;0;0;0;1;0;0;0;0;1;0;0;0;0
"24/06/2018";"06:43:00";"72";"sem vítima";"150.5";"BR-116/PR";"Sul";"Colisão Traseira";1;0;0;0;0;0;0;0;0;0;1;0;0;0;0
"25/06/2018";"01:41:00";"5";"sem vítima";"129.7";"BR-116/PR";"Sul";"Atropelamento de Animal";1;0;0;0;0;0;0;0;0;0;1;0;0;0;0
"25/06/2018";"07:42:00";"20";"sem vítima";"116.6";"BR-116/PR";"Norte";"Colisão Traseira";1;0;0;1;0;0;0;0;0;0;2;0;0;0;0
"25/06/2018";"09:24:00";"41";"sem vítima";"69";"BR-116/SC";"Norte";"Choque - Suporte de Sinalização";0;0;0;0;0;0;0;0;0;1;2;0;0;0;0
"25/06/2018";"11:02:00";"49";"com vítima";"219";"BR-116/SC";"Norte";"Colisão Transversal";1;0;1;0;0;0;0;0;0;0;1;2;0;0;0
"26/06/2018";"04:20:00";"10";"sem vítima";"195.6";"BR-116/PR";"Norte";"Choque - Talude";1;0;0;0;0;0;0;0;0;0;1;0;0;0;0
"26/06/2018";"07:57:00";"21";"sem vítima";"128";"BR-116/PR";"Sul";"Colisão Transversal";2;0;0;0;0;0;0;0;0;0;2;0;0;0;0
"26/06/2018";"11:31:00";"50";"com vítima";"148";"BR-116/PR";"Sul";"Colisão Traseira";1;0;2;0;0;0;0;0;0;0;3;1;0;0;0
"26/06/2018";"02:16:00";"66";"sem vítima";"151.3";"BR-116/PR";"Norte";"Colisão Traseira";3;0;0;0;0;0;0;0;0;0;5;0;0;0;0
"26/06/2018";"02:47:00";"70";"sem vítima";"257.7";"BR-116/SC";"Norte";"Colisão Traseira";1;0;1;0;0;0;0;0;0;0;2;0;0;0;0
"26/06/2018";"05:43:00";"92";"sem vítima";"115";"BR-116/PR";"Norte";"Colisão Lateral";0;0;0;1;0;1;0;0;0;0;2;0;0;0;0
"26/06/2018";"07:05:00";"98";"com vítima";"129";"BR-116/SC";"Sul";"Colisão Frontal";1;0;1;0;0;0;0;0;0;0;1;0;0;2;0
"27/06/2018";"07:31:00";"18";"com vítima";"126.1";"BR-116/PR";"Norte";"Colisão Lateral";0;0;0;1;0;1;0;0;0;0;2;1;0;0;0
"28/06/2018";"06:39:00";"18";"sem vítima";"59.7";"BR-116/SC";"Sul";"Colisão Lateral";2;0;0;0;0;0;0;0;0;0;2;0;0;0;0
"28/06/2018";"06:51:00";"20";"sem vítima";"117.3";"BR-116/SC";"Sul";"Tombamento";0;0;1;0;0;0;0;0;0;0;2;0;0;0;0
"28/06/2018";"08:17:00";"28";"sem vítima";"12";"BR-116/SC";"Sul";"Colisão Transversal";0;0;1;0;0;0;0;0;0;1;2;0;0;0;0
"28/06/2018";"07:15:00";"120";"sem vítima";"132.8";"BR-116/PR";"Sul";"Colisão Traseira";1;0;0;0;0;1;0;0;0;0;2;0;0;0;0
"29/06/2018";"07:29:00";"17";"com vítima";"126.25";"BR-116/PR";"Norte";"Queda de Moto";0;0;0;1;0;0;0;0;0;0;0;1;0;0;0
"29/06/2018";"07:34:00";"19";"sem vítima";"121";"BR-116/PR";"Norte";"Colisão Frontal";1;0;1;0;0;0;0;0;0;0;2;0;0;0;0
"29/06/2018";"08:29:00";"22";"sem vítima";"119";"BR-116/PR";"Sul";"Colisão Lateral";1;0;0;1;0;1;0;0;0;0;3;0;0;0;0
"29/06/2018";"09:50:00";"39";"com vítima";"67";"BR-116/SC";"Sul";"Queda de Moto";0;0;0;1;0;0;0;0;0;0;0;2;0;0;0
"30/06/2018";"01:55:00";"8";"sem vítima";"226";"BR-116/SC";"Norte";"Saida de Pista";1;0;0;0;0;0;0;0;0;0;1;0;0;0;0
"30/06/2018";"03:33:00";"10";"sem vítima";"1";"BR-116/SC";"Norte";"Saida de Pista";1;0;0;0;0;0;0;0;0;0;1;0;0;0;0
"30/06/2018";"08:12:00";"24";"sem vítima";"32.9";"BR-116/SC";"Norte";"Colisão Traseira";1;0;1;0;0;0;0;0;0;0;2;0;0;0;0
"30/06/2018";"12:48:00";"60";"sem vítima";"245";"BR-116/SC";"Norte";"Colisão Transversal";2;0;0;0;0;0;0;0;0;0;3;0;0;0;0
"30/06/2018";"06:36:00";"101";"sem vítima";"117";"BR-116/PR";"Norte";"Colisão Traseira";2;0;0;0;0;0;0;0;0;0;6;0;0;0;0
"01/07/2018";"12:02:00";"47";"com vítima";"166.1";"BR-116/PR";"Norte";"Colisão Transversal";1;0;0;1;0;0;0;0;0;0;1;1;0;0;0
"01/07/2018";"06:33:00";"89";"sem vítima";"119";"BR-116/PR";"Sul";"Choque - Veiculo parado na pista";2;0;0;0;0;1;0;0;0;0;9;0;0;0;0
"02/07/2018";"07:48:00";"20";"sem vítima";"11";"BR-116/SC";"Norte";"Engavetamento";3;0;0;0;0;0;0;0;0;0;3;0;0;0;0
"02/07/2018";"09:02:00";"119";"com vítima";"167.8";"BR-116/SC";"Norte";"Tombamento";0;0;1;0;0;0;0;0;0;0;0;1;0;0;0
"03/07/2018";"01:36:00";"7";"com vítima";"124.15";"BR-116/SC";"Sul";"Choque - Defensa, barreira ou "submarino"";0;0;1;0;0;0;0;0;0;0;0;1;0;0;0
"04/07/2018";"08:07:00";"23";"sem vítima";"138";"BR-116/SC";"Sul";"Colisão Transversal";1;0;1;0;0;0;0;0;0;0;2;0;0;0;0
"04/07/2018";"07:19:00";"96";"sem vítima";"126";"BR-116/PR";"Sul";"Colisão Transversal";1;0;1;0;0;0;0;0;0;0;2;0;0;0;0
"04/07/2018";"07:23:00";"97";"sem vítima";"119";"BR-116/PR";"Norte";"Engavetamento";3;0;0;0;0;0;0;0;0;0;3;0;0;0;0
"05/07/2018";"10:21:00";"35";"sem vítima";"291";"BR-116/SC";"Sul";"Colisão Lateral";1;0;1;0;0;0;0;0;0;0;2;0;0;0;0
"05/07/2018";"02:48:00";"72";"sem vítima";"263";"BR-116/SC";"Norte";"Tombamento";0;0;1;0;0;0;0;0;0;0;1;0;0;0;0
"05/07/2018";"05:18:00";"90";"com vítima";"138";"BR-116/PR";"Norte";"Colisão Frontal";0;0;0;1;0;0;0;0;0;1;1;1;0;0;0
"05/07/2018";"06:36:00";"99";"com vítima";"129";"BR-116/SC";"Sul";"Colisão Frontal";1;0;0;0;0;0;0;0;0;1;2;3;0;0;0
"06/07/2018";"05:11:00";"16";"sem vítima";"181.7";"BR-116/SC";"Sul";"Tombamento";0;0;1;0;0;0;0;0;0;0;1;0;0;0;0
"06/07/2018";"06:48:00";"21";"com vítima";"120";"BR-116/PR";"Norte";"Colisão Traseira";1;0;0;1;0;0;0;0;0;0;1;1;0;0;0
"06/07/2018";"08:47:00";"37";"com vítima";"12.3";"BR-116/SC";"Norte";"Colisão Lateral";2;0;1;0;0;0;0;0;0;0;2;1;0;0;0
"06/07/2018";"07:45:00";"122";"sem vítima";"12.3";"BR-116/SC";"Sul";"Colisão Transversal";1;0;0;0;0;1;0;0;0;0;6;0;0;0;0
"06/07/2018";"08:38:00";"130";"com vítima";"237.8";"BR-116/SC";"Norte";"Colisão Lateral";1;0;1;0;0;0;0;0;0;0;1;0;0;0;1
"07/07/2018";"12:46:00";"2";"sem vítima";"226";"BR-116/SC";"Sul";"Choque - Talude";2;0;0;0;0;0;0;0;0;0;5;0;0;0;0
"07/07/2018";"06:40:00";"76";"com vítima";"115.4";"BR-116/PR";"Norte";"Atropelamento - Sem Informação";1;0;0;0;0;0;0;0;0;0;1;0;0;1;0
"08/07/2018";"01:39:00";"3";"sem vítima";"117.8";"BR-116/PR";"Sul";"Colisão Transversal";2;0;0;0;0;0;0;0;0;0;5;0;0;0;0
"08/07/2018";"04:16:00";"8";"sem vítima";"206";"BR-116/PR";"Sul";"Choque - Defensa, barreira ou "submarino"";1;0;0;0;0;0;0;0;0;0;1;0;0;0;0
"08/07/2018";"08:06:00";"20";"sem vítima";"12.3";"BR-116/SC";"Norte";"Choque - Poste";1;0;0;0;0;0;0;0;0;0;1;0;0;0;0
"08/07/2018";"09:29:00";"26";"com vítima";"180";"BR-116/SC";"Norte";"Colisão Transversal";2;0;0;0;0;0;0;0;0;0;0;2;0;0;0
"08/07/2018";"04:29:00";"66";"sem vítima";"165";"BR-116/PR";"Sul";"Choque - Arvore";1;0;0;0;0;0;0;0;0;0;1;0;0;0;0
"08/07/2018";"06:02:00";"79";"sem vítima";"151.8";"BR-116/PR";"Sul";"Colisão Traseira";2;0;0;0;0;0;0;0;0;0;4;0;0;0;0
"08/07/2018";"06:46:00";"83";"sem vítima";"152.6";"BR-116/PR";"Norte";"Colisão Traseira";2;0;0;0;0;0;0;0;0;0;6;0;0;0;0
"09/07/2018";"03:23:00";"60";"com vítima";"22.2";"BR-116/SC";"Sul";"Colisão Lateral";1;0;1;0;0;0;0;0;0;0;2;1;0;0;0
"09/07/2018";"05:59:00";"86";"com vítima";"129.25";"BR-116/PR";"Sul";"Atropelamento - Morador";0;0;0;0;0;0;0;0;0;1;2;0;0;1;0
"10/07/2018";"07:45:00";"14";"sem vítima";"144";"BR-116/PR";"Norte";"Saida de Pista";0;0;0;0;1;0;0;0;0;0;1;0;0;0;0
"10/07/2018";"08:45:00";"23";"sem vítima";"115";"BR-116/PR";"Norte";"Colisão Lateral";1;0;0;0;0;1;0;0;0;0;2;0;0;0;0
"10/07/2018";"09:08:00";"30";"sem vítima";"303.5";"BR-116/SC";"Sul";"Capotamento";1;0;0;0;0;0;0;0;0;0;1;0;0;0;0
"10/07/2018";"09:50:00";"36";"sem vítima";"129";"BR-116/SC";"Sul";"Choque - Talude";0;0;1;0;0;0;0;0;0;0;1;0;0;0;0
"10/07/2018";"10:35:00";"121";"sem vítima";"4.9";"BR-116/SC";"Sul";"Colisão Lateral";1;0;1;0;0;0;0;0;0;0;2;0;0;0;0
"11/07/2018";"04:23:00";"98";"sem vítima";"148";"BR-116/PR";"Sul";"Queda de Moto";0;0;0;1;0;0;0;0;0;0;1;0;0;0;0
"12/07/2018";"07:04:00";"101";"com vítima";"124";"BR-116/PR";"Sul";"Choque - Defensa, barreira ou "submarino"";1;0;0;1;0;0;0;0;0;0;1;1;0;0;0
"12/07/2018";"09:28:00";"112";"com vítima";"27.9";"BR-116/SC";"Sul";"Colisão Lateral";0;0;1;0;0;0;0;0;0;1;1;0;0;1;0
"13/07/2018";"10:03:00";"37";"sem vítima";"68.7";"BR-116/SC";"Norte";"Colisão Lateral";0;0;1;0;0;0;0;0;1;0;2;0;0;0;0
"13/07/2018";"10:52:00";"43";"com vítima";"209";"BR-116/SC";"Norte";"Colisão Lateral";1;0;1;0;0;0;0;0;0;0;1;1;0;0;0
"13/07/2018";"10:55:00";"45";"sem vítima";"9";"BR-116/SC";"Norte";"Engavetamento";3;0;0;0;0;0;0;0;0;0;3;0;0;0;0
"13/07/2018";"01:10:00";"65";"sem vítima";"126";"BR-116/PR";"Norte";"Colisão Traseira";3;0;0;1;0;1;0;0;0;0;5;0;0;0;0
"13/07/2018";"01:22:00";"67";"sem vítima";"126";"BR-116/PR";"Sul";"Não Def";3;0;0;0;0;0;0;0;0;0;3;0;0;0;0
"13/07/2018";"03:52:00";"82";"sem vítima";"133";"BR-116/SC";"Sul";"Colisão Lateral";2;0;0;0;0;0;0;0;0;0;2;0;0;0;0
"13/07/2018";"03:54:00";"83";"com vítima";"117";"BR-116/PR";"Norte";"Colisão Transversal";0;0;1;1;0;0;0;0;0;0;1;2;0;0;0
"13/07/2018";"06:07:00";"99";"sem vítima";"6";"BR-116/SC";"Norte";"Colisão Transversal";1;0;1;0;0;0;0;0;0;0;2;0;0;0;0
"13/07/2018";"08:18:00";"110";"sem vítima";"136.8";"BR-116/SC";"Sul";"Saida de Pista";0;0;0;0;0;0;0;0;0;1;1;0;0;0;0
"14/07/2018";"02:47:00";"7";"com vítima";"124.4";"BR-116/PR";"Norte";"Colisão Traseira";2;0;0;0;0;0;0;0;0;0;2;1;0;0;0
"14/07/2018";"07:43:00";"11";"com vítima";"11.2";"BR-116/SC";"Sul";"Colisão Frontal";1;0;0;0;0;0;0;0;0;1;2;2;0;0;0
"14/07/2018";"11:58:00";"39";"sem vítima";"168.3";"BR-116/PR";"Norte";"Colisão Traseira";2;0;0;0;0;0;0;0;0;0;2;0;0;0;0
"14/07/2018";"04:18:00";"63";"com vítima";"256.6";"BR-116/SC";"Norte";"Colisão Traseira";0;0;0;1;0;1;0;0;0;0;1;0;0;1;0
"15/07/2018";"12:55:00";"1";"sem vítima";"125";"BR-116/PR";"Sul";"Colisão Traseira";2;0;0;0;0;0;0;0;0;0;3;0;0;0;0
"15/07/2018";"07:14:00";"21";"com vítima";"3";"BR-116/SC";"Sul";"Colisão Frontal";1;0;1;0;0;0;0;0;0;0;1;0;0;1;0
"15/07/2018";"06:32:00";"84";"com vítima";"206";"BR-116/SC";"Norte";"Colisão Transversal";2;0;0;0;0;0;0;0;0;0;3;1;0;0;0
"16/07/2018";"12:19:00";"46";"sem vítima";"163.45";"BR-116/SC";"Sul";"Choque - Defensa, barreira ou "submarino"";0;0;1;0;0;0;0;0;0;0;1;0;0;0;0
"16/07/2018";"01:13:00";"50";"com vítima";"152";"BR-116/PR";"Norte";"Colisão Transversal";1;0;0;1;0;0;0;0;0;0;1;2;0;0;0
"16/07/2018";"07:52:00";"99";"sem vítima";"116";"BR-116/PR";"Sul";"Colisão Lateral";1;0;0;1;0;0;0;0;0;0;2;0;0;0;0
"17/07/2018";"04:05:00";"90";"com vítima";"34.2";"BR-116/SC";"Sul";"Colisão Transversal";1;0;0;1;0;0;0;0;0;0;1;0;0;0;1
"17/07/2018";"04:55:00";"97";"com vítima";"0.2";"BR-116/SC";"Sul";"Choque - Talude";1;0;0;0;0;0;0;0;0;0;0;1;0;0;0
"17/07/2018";"05:26:00";"99";"sem vítima";"65";"BR-116/SC";"Norte";"Colisão Lateral";1;0;1;0;0;0;0;0;0;0;2;0;0;0;0
"17/07/2018";"06:57:00";"107";"sem vítima";"184.5";"BR-116/SC";"Norte";"Colisão Traseira";2;0;0;0;0;0;0;0;0;0;2;0;0;0;0
"18/07/2018";"05:39:00";"16";"sem vítima";"209.5";"BR-116/PR";"Norte";"Colisão Traseira";0;0;1;0;0;1;0;0;0;0;2;0;0;0;0
"18/07/2018";"09:11:00";"124";"com vítima";"150.19";"BR-116/PR";"Sul";"Atropelamento - Morador";0;0;0;0;0;1;0;0;0;0;1;0;0;1;1
"19/07/2018";"07:45:00";"14";"com vítima";"156.6";"BR-116/SC";"Norte";"Choque - Defensa, barreira ou "submarino"";0;0;0;1;0;0;0;0;0;0;0;1;0;0;0
"19/07/2018";"06:29:00";"104";"sem vítima";"116.7";"BR-116/PR";"Norte";"Colisão Lateral";0;0;0;2;0;0;0;0;0;0;2;0;0;0;0
"20/07/2018";"12:13:00";"58";"sem vítima";"118";"BR-116/PR";"Norte";"Colisão Transversal";1;0;1;0;0;0;0;0;0;0;2;0;0;0;0