data;horario;n_da_ocorrencia;tipo_de_ocorrencia;km;trecho;sentido;tipo_de_acidente;automovel;bicicleta;caminhao;moto;onibus;outros;tracao_animal;transporte_de_cargas_especiais;trator_maquinas;utilitarios;ilesos;levemente_feridos;moderadamente_feridos;gravemente_feridos;mortos
"02/09/2018";"07:21:00";"89";"sem vítima";"59.4";"BR-116/SC";"Sul";"Saida de Pista";1;0;0;0;0;0;0;0;0;0;1;0;0;0;0
"02/09/2018";"07:38:00";"91";"sem vítima";"189.8";"BR-116/SC";"Sul";"Queda de Moto";0;0;0;1;0;0;0;0;0;0;2;0;0;0;0
"03/09/2018";"05:20:00";"21";"com vítima";"117";"BR-116/PR";"Sul";"Queda de Moto";0;0;0;1;0;0;0;0;0;0;0;1;0;0;0
"03/09/2018";"08:47:00";"34";"sem vítima";"124.6";"BR-116/PR";"Sul";"Choque - Defensa, barreira ou "submarino"";1;0;0;0;0;0;0;0;0;0;1;0;0;0;0
"03/09/2018";"03:17:00";"79";"sem vítima";"238.9";"BR-116/SC";"Sul";"Choque - Elemento de Drenagem";0;0;1;0;0;0;0;0;0;0;1;0;0;0;0
"03/09/2018";"07:58:00";"109";"sem vítima";"125.2";"BR-116/PR";"Norte";"Colisão Traseira";1;0;0;0;0;1;0;0;0;0;2;0;0;0;0
"03/09/2018";"08:08:00";"110";"com vítima";"125.2";"BR-116/PR";"Norte";"Engavetamento";1;0;0;0;0;0;0;0;0;2;5;2;0;0;0
"04/09/2018";"06:45:00";"21";"sem vítima";"176";"BR-116/PR";"Norte";"Choque - Talude";0;0;1;0;0;0;0;0;0;0;1;0;0;0;0
"04/09/2018";"07:35:00";"27";"sem vítima";"146";"BR-116/PR";"Norte";"Colisão Transversal";1;0;1;0;0;0;0;0;0;0;2;0;0;0;0
"04/09/2018";"05:25:00";"110";"sem vítima";"23.6";"BR-116/SC";"Sul";"Colisão Transversal";2;0;0;0;0;0;0;0;0;0;2;0;0;0;0
"04/09/2018";"05:51:00";"113";"sem vítima";"205";"BR-116/PR";"Sul";"Colisão Transversal";2;0;0;0;0;0;0;0;0;0;2;0;0;0;0
"04/09/2018";"09:53:00";"138";"com vítima";"172.18";"BR-116/PR";"Norte";"Capotamento";1;0;0;0;0;0;0;0;0;0;0;0;0;1;1
"05/09/2018";"01:59:00";"82";"sem vítima";"14";"BR-116/SC";"Norte";"Engavetamento";2;0;1;0;0;0;0;0;0;0;6;0;0;0;0
"05/09/2018";"02:56:00";"92";"sem vítima";"8.5";"BR-116/SC";"Sul";"Colisão Lateral";1;0;1;0;0;0;0;0;0;0;2;0;0;0;0
"05/09/2018";"09:28:00";"133";"sem vítima";"180";"BR-116/SC";"Norte";"Colisão Transversal";2;0;0;0;0;0;0;0;0;0;3;0;0;0;0
"05/09/2018";"09:57:00";"136";"sem vítima";"208.7";"BR-116/SC";"Sul";"Saida de Pista";0;0;1;0;0;0;0;0;0;0;1;0;0;0;0
"05/09/2018";"10:47:00";"144";"sem vítima";"146";"BR-116/PR";"Norte";"Saida de Pista";1;0;0;0;0;0;0;0;0;0;1;0;0;0;0
"06/09/2018";"02:36:00";"9";"sem vítima";"174.8";"BR-116/SC";"Norte";"Saida de Pista";0;0;1;0;0;0;0;0;0;0;1;0;0;0;0
"06/09/2018";"06:36:00";"17";"sem vítima";"4.15";"BR-116/SC";"Norte";"Tombamento";1;0;0;0;0;0;0;0;0;0;1;0;0;0;0
"06/09/2018";"02:52:00";"86";"sem vítima";"132.3";"BR-116/SC";"Sul";"Colisão Traseira";0;0;2;0;0;0;0;0;0;0;2;0;0;0;0
"06/09/2018";"07:52:00";"118";"com vítima";"8.5";"BR-116/SC";"Sul";"Colisão Frontal";1;0;0;1;0;0;0;0;0;1;0;4;0;2;0
"07/09/2018";"08:28:00";"40";"com vítima";"177";"BR-116/PR";"Sul";"Queda de Moto";0;0;0;1;0;0;0;0;0;0;0;1;0;0;0
"07/09/2018";"10:15:00";"118";"sem vítima";"125.8";"BR-116/PR";"Sul";"Colisão Transversal";2;0;0;0;0;0;0;0;0;0;5;0;0;0;0
"08/09/2018";"04:19:00";"17";"sem vítima";"245.5";"BR-116/SC";"Norte";"Colisão Transversal";1;0;0;0;0;1;0;0;0;0;2;0;0;0;0
"08/09/2018";"02:48:00";"66";"com vítima";"12.3";"BR-116/SC";"Sul";"Colisão Transversal";0;0;1;1;0;0;0;0;0;0;1;2;0;0;0
"08/09/2018";"05:51:00";"84";"sem vítima";"226";"BR-116/SC";"Norte";"Saida de Pista";1;0;0;0;0;0;0;0;0;0;1;0;0;0;0
"09/09/2018";"05:21:00";"22";"sem vítima";"143";"BR-116/PR";"Sul";"Choque - Talude";1;0;0;0;0;0;0;0;0;0;1;0;0;0;0
"09/09/2018";"11:44:00";"48";"sem vítima";"117.5";"BR-116/PR";"Sul";"Engavetamento";2;0;0;0;0;1;0;0;0;0;8;0;0;0;0
"09/09/2018";"02:02:00";"55";"sem vítima";"27.3";"BR-116/SC";"Norte";"Colisão Transversal";1;0;0;0;0;1;0;0;0;0;3;0;0;0;0
"09/09/2018";"02:27:00";"58";"sem vítima";"27";"BR-116/SC";"Norte";"Colisão Lateral";0;0;1;0;0;1;0;0;0;0;2;0;0;0;0
"09/09/2018";"05:34:00";"79";"com vítima";"150.7";"BR-116/PR";"Sul";"Colisão Transversal";2;0;0;0;0;0;0;0;0;0;5;3;0;0;0
"09/09/2018";"07:20:00";"89";"com vítima";"141.5";"BR-116/PR";"Sul";"Colisão Transversal";0;0;0;1;0;0;0;0;0;1;1;1;0;0;0
"10/09/2018";"07:47:00";"17";"sem vítima";"120.6";"BR-116/PR";"Norte";"Engavetamento";3;0;0;0;0;0;0;0;0;0;5;0;0;0;0
"10/09/2018";"02:00:00";"66";"com vítima";"5.7";"BR-116/SC";"Sul";"Colisão Transversal";0;0;0;1;0;0;0;0;0;1;1;1;0;0;0
"10/09/2018";"03:15:00";"75";"com vítima";"204.9";"BR-116/PR";"Norte";"Colisão Transversal";2;0;0;0;0;0;0;0;0;0;3;1;0;0;0
"10/09/2018";"07:16:00";"104";"sem vítima";"263.5";"BR-116/SC";"Sul";"Tombamento";0;0;1;0;0;0;0;0;0;0;1;0;0;0;0
"10/09/2018";"07:41:00";"107";"com vítima";"126";"BR-116/PR";"Norte";"Colisão Transversal";0;0;0;2;0;1;0;0;0;0;2;1;0;0;0
"11/09/2018";"07:20:00";"16";"sem vítima";"116.7";"BR-116/PR";"Norte";"Colisão Traseira";2;0;0;0;0;0;0;0;0;0;2;0;0;0;0
"11/09/2018";"08:36:00";"28";"sem vítima";"253";"BR-116/SC";"Norte";"Choque - Talude";0;0;1;0;0;0;0;0;0;0;1;0;0;0;0
"11/09/2018";"06:59:00";"112";"com vítima";"197";"BR-116/PR";"Norte";"Colisão Lateral";2;0;0;0;0;0;0;0;0;0;1;1;0;0;0
"12/09/2018";"07:30:00";"20";"sem vítima";"125.3";"BR-116/PR";"Norte";"Colisão Lateral";1;0;0;1;0;0;0;0;0;0;2;0;0;0;0
"12/09/2018";"06:38:00";"111";"sem vítima";"143.15";"BR-116/SC";"Sul";"Colisão Lateral";1;0;0;1;0;0;0;0;0;0;2;0;0;0;0
"12/09/2018";"06:52:00";"115";"com vítima";"191.08";"BR-116/PR";"Sul";"Colisão Transversal";0;0;0;1;0;0;0;0;0;1;1;1;0;0;0
"12/09/2018";"09:07:00";"125";"com vítima";"267.75";"BR-116/SC";"Sul";"Colisão Traseira";1;0;0;0;0;0;0;0;0;1;5;1;0;0;0
"12/09/2018";"09:15:00";"127";"com vítima";"147.1";"BR-116/PR";"Norte";"Choque - Suporte de Sinalização";1;0;0;0;0;0;0;0;0;0;0;1;0;0;0
"13/09/2018";"05:48:00";"14";"sem vítima";"52.3";"BR-116/SC";"Sul";"Colisão Traseira";0;0;2;0;0;0;0;0;0;0;2;0;0;0;0
"14/09/2018";"12:08:00";"5";"com vítima";"126.3";"BR-116/PR";"Sul";"Colisão Transversal";2;0;0;0;0;0;0;0;0;0;5;1;0;0;0
"14/09/2018";"05:54:00";"17";"sem vítima";"117";"BR-116/PR";"Norte";"Colisão Traseira";1;0;1;0;0;0;0;0;0;0;2;0;0;0;0
"14/09/2018";"08:27:00";"28";"com vítima";"304.9";"BR-116/SC";"Sul";"Saida de Pista";0;0;1;0;0;0;0;0;0;0;0;1;0;0;0
"14/09/2018";"05:14:00";"104";"com vítima";"207";"BR-116/SC";"Norte";"Colisão Transversal";1;0;1;0;0;0;0;0;0;0;1;0;0;1;0
"14/09/2018";"07:28:00";"122";"com vítima";"141";"BR-116/SC";"Sul";"Colisão Transversal";1;0;0;0;0;0;0;0;0;1;1;2;0;0;0
"15/09/2018";"01:06:00";"50";"sem vítima";"117";"BR-116/PR";"Norte";"Engavetamento";3;0;0;0;0;0;0;0;0;0;3;0;0;0;0
"15/09/2018";"04:28:00";"72";"com vítima";"115.8";"BR-116/PR";"Norte";"Atropelamento - Usuário";1;0;0;0;0;0;0;0;0;0;1;0;0;0;1
"15/09/2018";"07:22:00";"85";"sem vítima";"116";"BR-116/PR";"Sul";"Colisão Traseira";2;0;0;0;0;0;0;0;0;0;6;0;0;0;0
"15/09/2018";"10:56:00";"100";"sem vítima";"117.6";"BR-116/PR";"Sul";"Colisão Traseira";2;0;0;0;0;0;0;0;0;0;5;0;0;0;0
"16/09/2018";"12:57:00";"10";"com vítima";"125.8";"BR-116/PR";"Norte";"Colisão Traseira";1;0;0;1;0;0;0;0;0;0;1;1;0;0;0
"16/09/2018";"02:00:00";"75";"sem vítima";"145.8";"BR-116/PR";"Norte";"Choque - Veiculo parado no acostamento";2;0;0;0;0;0;0;0;0;0;2;0;0;0;0
"16/09/2018";"02:51:00";"80";"com vítima";"157.168";"BR-116/PR";"Sul";"Colisão Frontal";1;0;1;0;0;0;0;0;0;0;0;1;0;0;2
"16/09/2018";"03:31:00";"82";"sem vítima";"125.6";"BR-116/SC";"Norte";"Choque - Talude";1;0;0;0;0;0;0;0;0;0;2;0;0;0;0
"16/09/2018";"06:36:00";"102";"sem vítima";"160.9";"BR-116/PR";"Sul";"Colisão Traseira";2;0;0;0;0;1;0;0;0;0;5;0;0;0;0
"17/09/2018";"06:57:00";"20";"com vítima";"126";"BR-116/PR";"Sul";"Colisão Frontal";1;0;0;1;0;0;0;0;0;0;1;2;0;0;0
"17/09/2018";"02:54:00";"77";"sem vítima";"111";"BR-116/SC";"Sul";"Colisão Lateral";1;0;1;0;0;0;0;0;0;0;5;0;0;0;0
"17/09/2018";"05:24:00";"90";"sem vítima";"206";"BR-116/SC";"Norte";"Colisão Transversal";0;0;2;0;0;0;0;0;0;0;2;0;0;0;0
"17/09/2018";"08:10:00";"113";"sem vítima";"159.9";"BR-116/SC";"Sul";"Saida de Pista";0;0;1;0;0;0;0;0;0;0;1;0;0;0;0
"18/09/2018";"05:45:00";"114";"com vítima";"167";"BR-116/PR";"Sul";"Colisão Lateral";1;0;1;0;0;0;0;0;0;0;1;1;0;0;0
"19/09/2018";"07:45:00";"25";"com vítima";"117";"BR-116/PR";"Norte";"Colisão Traseira";1;0;0;1;0;0;0;0;0;0;1;1;0;0;0
"19/09/2018";"11:32:00";"60";"sem vítima";"134";"BR-116/PR";"Norte";"Colisão Traseira";0;0;2;0;0;0;0;0;0;0;2;0;0;0;0
"19/09/2018";"06:19:00";"121";"sem vítima";"126";"BR-116/PR";"Norte";"Colisão Transversal";1;0;0;1;0;0;0;0;0;0;2;0;0;0;0
"20/09/2018";"07:39:00";"19";"com vítima";"107.7";"BR-116/SC";"Norte";"Tombamento";0;0;1;0;0;0;0;0;0;0;0;1;0;0;0
"20/09/2018";"07:41:00";"20";"sem vítima";"116.3";"BR-116/PR";"Norte";"Colisão Traseira";1;0;0;1;0;0;0;0;0;0;2;0;0;0;0
"20/09/2018";"10:36:00";"50";"sem vítima";"4.5";"BR-116/SC";"Sul";"Colisão Lateral";1;0;1;0;0;0;0;0;0;0;2;0;0;0;0
"20/09/2018";"03:33:00";"87";"sem vítima";"117";"BR-116/PR";"Norte";"Colisão Traseira";1;0;0;0;0;1;0;0;0;0;2;0;0;0;0
"21/09/2018";"07:02:00";"95";"sem vítima";"214.5";"BR-116/SC";"Sul";"Colisão Lateral";1;0;0;0;0;1;0;0;0;0;2;0;0;0;0
"21/09/2018";"09:30:00";"107";"com vítima";"170.45";"BR-116/PR";"Norte";"Colisão Transversal";1;0;0;1;0;0;0;0;0;0;1;0;0;1;0
"22/09/2018";"01:48:00";"80";"sem vítima";"309";"BR-116/SC";"Norte";"Saida de Pista";1;0;0;0;0;0;0;0;0;0;1;0;0;0;0
"22/09/2018";"07:29:00";"111";"sem vítima";"245";"BR-116/SC";"Sul";"Colisão Transversal";1;0;1;0;0;0;0;0;0;0;4;0;0;0;0
"23/09/2018";"02:39:00";"11";"sem vítima";"127.4";"BR-116/PR";"Sul";"Colisão Traseira";1;0;0;0;0;1;0;0;0;0;2;0;0;0;0
"23/09/2018";"08:14:00";"27";"sem vítima";"134";"BR-116/PR";"Norte";"Colisão Transversal";1;0;0;0;0;1;0;0;0;0;4;0;0;0;0
"23/09/2018";"11:40:00";"47";"com vítima";"124";"BR-116/PR";"Sul";"Colisão Lateral";1;0;0;1;0;0;0;0;0;0;1;1;0;1;0
"23/09/2018";"01:42:00";"54";"com vítima";"191";"BR-116/PR";"Norte";"Colisão Transversal";0;0;0;1;0;1;0;0;0;0;1;1;0;0;0
"24/09/2018";"06:46:00";"20";"sem vítima";"148";"BR-116/PR";"Norte";"Colisão Traseira";2;0;0;0;0;0;0;0;0;0;4;0;0;0;0
"24/09/2018";"11:27:00";"57";"sem vítima";"226";"BR-116/SC";"Norte";"Saida de Pista";1;0;0;0;0;0;0;0;0;0;1;0;0;0;0
"24/09/2018";"03:13:00";"77";"com vítima";"140.3";"BR-116/PR";"Norte";"Colisão Lateral";1;0;1;0;0;0;0;0;0;0;1;1;0;0;0
"24/09/2018";"07:06:00";"106";"sem vítima";"216";"BR-116/SC";"Norte";"Saida de Pista";1;0;0;0;0;0;0;0;0;0;1;0;0;0;0
"24/09/2018";"08:40:00";"116";"sem vítima";"118";"BR-116/PR";"Sul";"Colisão Lateral";1;0;0;0;0;1;0;0;0;0;2;0;0;0;0
"25/09/2018";"01:50:00";"75";"sem vítima";"57.9";"BR-116/SC";"Norte";"Colisão Traseira";1;0;1;0;0;0;0;0;0;0;2;0;0;0;0
"25/09/2018";"06:28:00";"104";"sem vítima";"117";"BR-116/PR";"Norte";"Colisão Traseira";0;0;1;0;1;0;0;0;0;0;2;0;0;0;0
"25/09/2018";"08:55:00";"122";"sem vítima";"126";"BR-116/PR";"Norte";"Colisão Transversal";2;0;0;0;0;0;0;0;0;0;4;0;0;0;0
"26/09/2018";"07:15:00";"20";"com vítima";"116.6";"BR-116/PR";"Norte";"Colisão Lateral";1;0;0;1;0;0;0;0;0;1;2;2;0;0;0
"26/09/2018";"04:10:00";"95";"sem vítima";"159.3";"BR-116/PR";"Norte";"Choque - Outros";1;0;0;0;0;0;0;0;0;0;1;0;0;0;0
"26/09/2018";"05:41:00";"105";"sem vítima";"118.8";"BR-116/PR";"Norte";"Engavetamento";2;0;0;0;0;3;0;0;0;0;5;0;0;0;0
"27/09/2018";"02:19:00";"80";"sem vítima";"143.05";"BR-116/PR";"Norte";"Colisão Lateral";1;0;1;0;0;0;0;0;0;0;2;0;0;0;0
"27/09/2018";"05:24:00";"114";"sem vítima";"143.2";"BR-116/PR";"Norte";"Colisão Traseira";0;0;2;0;0;0;0;0;0;0;2;0;0;0;0
"29/09/2018";"10:54:00";"45";"com vítima";"116";"BR-116/PR";"Norte";"Outros";0;0;0;2;0;1;0;0;0;0;2;1;0;0;0
"29/09/2018";"11:50:00";"54";"sem vítima";"140.5";"BR-116/SC";"Sul";"Colisão Traseira";2;0;0;0;0;0;0;0;0;0;2;0;0;0;0
"29/09/2018";"02:28:00";"73";"com vítima";"167";"BR-116/PR";"Norte";"Colisão Transversal";1;0;1;0;0;0;0;0;0;0;2;1;0;0;0
"29/09/2018";"05:12:00";"85";"sem vítima";"117";"BR-116/PR";"Norte";"Colisão Lateral";0;0;0;1;0;0;0;0;0;1;2;0;0;0;0
"29/09/2018";"08:04:00";"102";"sem vítima";"55";"BR-116/SC";"Sul";"Colisão Traseira";2;0;0;0;0;0;0;0;0;0;3;0;0;0;0
"29/09/2018";"08:24:00";"104";"sem vítima";"292.6";"BR-116/SC";"Norte";"Choque - Talude";1;0;0;0;0;0;0;0;0;0;1;0;0;0;0
"30/09/2018";"05:24:00";"21";"com vítima";"211.8";"BR-116/SC";"Norte";"Choque - Defensa, barreira ou "submarino"";1;0;0;0;0;0;0;0;0;0;1;1;0;0;0
"30/09/2018";"05:57:00";"78";"sem vítima";"204.8";"BR-116/SC";"Norte";"Saida de Pista";1;0;0;0;0;0;0;0;0;0;1;0;0;0;0
"30/09/2018";"07:06:00";"87";"sem vítima";"118";"BR-116/PR";"Sul";"Colisão Traseira";1;0;1;0;0;0;0;0;0;0;2;0;0;0;0
"02/10/2018";"04:47:00";"20";"com vítima";"21";"BR-116/SC";"Sul";"Queda de Moto";0;0;0;1;0;0;0;0;0;0;0;1;0;0;0
"02/10/2018";"07:51:00";"34";"sem vítima";"117";"BR-116/PR";"Norte";"Queda de Moto";0;0;0;2;0;0;0;0;0;0;2;0;0;0;0
"02/10/2018";"09:05:00";"45";"com vítima";"128";"BR-116/PR";"Sul";"Queda de Moto";0;0;0;1;0;0;0;0;0;0;0;1;0;0;0
"02/10/2018";"09:23:00";"48";"com vítima";"210";"BR-116/PR";"Norte";"Colisão Transversal";0;0;0;1;0;1;0;0;0;0;1;1;0;0;0
"02/10/2018";"06:17:00";"113";"sem vítima";"95.1";"BR-116/SC";"Sul";"Colisão Traseira";1;0;0;0;0;1;0;0;0;0;2;0;0;0;0
"02/10/2018";"07:39:00";"126";"com vítima";"246.9";"BR-116/SC";"Sul";"Colisão Transversal";0;0;1;1;0;0;0;0;0;0;4;0;0;1;0
"03/10/2018";"08:02:00";"33";"sem vítima";"122.7";"BR-116/PR";"Sul";"Engavetamento";3;0;0;0;0;0;0;0;0;0;3;0;0;0;0
"03/10/2018";"11:21:00";"53";"com vítima";"126";"BR-116/PR";"Norte";"Colisão Transversal";1;0;0;0;0;1;0;0;0;0;1;2;0;0;0
"03/10/2018";"02:27:00";"73";"sem vítima";"219";"BR-116/SC";"Sul";"Colisão Transversal";2;0;0;0;0;0;0;0;0;0;2;0;0;0;0
"03/10/2018";"02:54:00";"75";"com vítima";"211.9";"BR-116/SC";"Norte";"Tombamento";0;0;1;0;0;0;0;0;0;0;0;1;0;0;0
"04/10/2018";"03:49:00";"103";"com vítima";"185";"BR-116/PR";"Sul";"Engavetamento";3;0;1;0;0;0;0;0;0;0;5;1;0;0;0
"05/10/2018";"06:32:00";"25";"sem vítima";"120.5";"BR-116/PR";"Norte";"Engavetamento";4;0;0;0;0;0;0;0;0;0;4;0;0;0;0
"05/10/2018";"08:03:00";"30";"com vítima";"120.9";"BR-116/PR";"Norte";"Colisão Lateral";1;0;0;1;0;0;0;0;0;0;1;1;0;0;0
"05/10/2018";"08:05:00";"31";"sem vítima";"172";"BR-116/PR";"Norte";"Colisão Traseira";1;0;0;0;0;1;0;0;0;0;3;0;0;0;0
"05/10/2018";"11:41:00";"161";"com vítima";"139.2";"BR-116/PR";"Sul";"Colisão Transversal";1;0;1;0;0;0;0;0;0;0;1;1;0;0;0
"06/10/2018";"04:33:00";"19";"sem vítima";"120.5";"BR-116/PR";"Sul";"Colisão Lateral";1;0;1;0;0;0;0;0;0;0;2;0;0;0;0
"06/10/2018";"10:52:00";"56";"com vítima";"168.3";"BR-116/SC";"Sul";"Capotamento";1;0;0;0;0;0;0;0;0;0;0;1;0;0;0
"06/10/2018";"11:02:00";"57";"com vítima";"117";"BR-116/PR";"Norte";"Queda de Moto";1;0;0;1;0;0;0;0;0;0;1;2;0;0;0
"06/10/2018";"01:50:00";"73";"sem vítima";"150";"BR-116/PR";"Sul";"Choque - Elemento de Drenagem";1;0;0;0;0;0;0;0;0;0;1;0;0;0;0
"06/10/2018";"06:53:00";"98";"sem vítima";"136";"BR-116/SC";"Sul";"Colisão Traseira";1;0;1;0;0;0;0;0;0;0;2;0;0;0;0
"07/10/2018";"07:34:00";"81";"com vítima";"168.3";"BR-116/SC";"Sul";"Saida de Pista";1;0;0;0;0;0;0;0;0;0;1;2;0;0;0
"08/10/2018";"04:21:00";"17";"com vítima";"3.15";"BR-116/SC";"Norte";"Colisão Transversal";2;0;0;0;0;0;0;0;0;0;1;0;0;0;1
"08/10/2018";"07:49:00";"27";"sem vítima";"125.4";"BR-116/PR";"Norte";"Colisão Lateral";2;0;0;1;0;0;0;0;0;0;3;0;0;0;0
"09/10/2018";"07:54:00";"28";"sem vítima";"126.3";"BR-116/PR";"Sul";"Engavetamento";3;0;0;0;0;0;0;0;0;0;5;0;0;0;0
"09/10/2018";"08:50:00";"34";"sem vítima";"177.6";"BR-116/PR";"Norte";"Tombamento";0;0;1;0;0;0;0;0;0;0;1;0;0;0;0
"09/10/2018";"09:07:00";"37";"sem vítima";"125.8";"BR-116/PR";"Norte";"Colisão Transversal";1;0;1;0;0;0;0;0;0;0;2;0;0;0;0
"10/10/2018";"04:27:00";"21";"com vítima";"115.8";"BR-116/PR";"Sul";"Capotamento";1;0;1;0;0;0;0;0;0;1;3;1;0;0;0
"10/10/2018";"01:38:00";"78";"sem vítima";"251.2";"BR-116/SC";"Norte";"Saida de Pista";1;0;0;0;0;0;0;0;0;0;1;0;0;0;0
"10/10/2018";"11:06:00";"141";"com vítima";"118";"BR-116/PR";"Norte";"Queda de Moto";0;0;0;1;0;0;0;0;0;0;0;1;0;0;0
"11/10/2018";"10:06:00";"51";"sem vítima";"204";"BR-116/PR";"Norte";"Colisão Transversal";1;0;1;0;0;0;0;0;0;0;3;0;0;0;0
"11/10/2018";"04:57:00";"105";"com vítima";"117.8";"BR-116/PR";"Sul";"Queda de Moto";0;0;1;1;0;0;0;0;0;0;1;0;0;0;1
"11/10/2018";"09:25:00";"133";"sem vítima";"116.7";"BR-116/PR";"Norte";"Choque - Defensa, barreira ou "submarino"";1;0;0;0;0;0;0;0;0;0;1;0;0;0;0
"11/10/2018";"09:53:00";"136";"sem vítima";"117";"BR-116/PR";"Norte";"Colisão Lateral";1;0;1;0;0;0;0;0;0;0;2;0;0;0;0
"12/10/2018";"08:26:00";"30";"sem vítima";"107.8";"BR-116/SC";"Norte";"Choque - Talude";1;0;0;0;0;1;0;0;0;0;3;0;0;0;0
"12/10/2018";"11:39:00";"48";"com vítima";"54.75";"BR-116/SC";"Sul";"Atropelamento - Morador";0;0;0;1;0;0;0;0;0;0;0;2;0;0;0
"12/10/2018";"03:37:00";"68";"sem vítima";"207";"BR-116/SC";"Norte";"Colisão Transversal";2;0;0;0;0;0;0;0;0;0;4;0;0;0;0
"13/10/2018";"12:18:00";"7";"com vítima";"208.85";"BR-116/SC";"Sul";"Queda de Moto";0;0;0;1;0;0;0;0;0;0;0;1;0;0;0
"13/10/2018";"02:10:00";"45";"sem vítima";"144.89";"BR-116/PR";"Norte";"Choque - Outros";1;0;0;0;0;0;0;0;0;0;1;0;0;0;0
"14/10/2018";"10:33:00";"33";"com vítima";"287";"BR-116/SC";"Norte";"Colisão Lateral";2;0;0;0;0;0;0;0;0;0;5;1;0;0;0
"14/10/2018";"02:53:00";"60";"com vítima";"30.5";"BR-116/SC";"Norte";"Colisão Traseira";2;0;0;0;0;0;0;0;0;0;3;1;0;0;0
"14/10/2018";"07:13:00";"89";"com vítima";"211";"BR-116/SC";"Norte";"Colisão Frontal";2;0;0;0;0;0;0;0;0;0;0;4;0;0;0
"15/10/2018";"12:08:00";"7";"sem vítima";"149";"BR-116/PR";"Sul";"Choque - Elemento de Drenagem";0;0;0;0;1;0;0;0;0;0;1;0;0;0;0
"15/10/2018";"08:22:00";"30";"com vítima";"143";"BR-116/PR";"Sul";"Colisão Lateral";1;0;1;0;0;0;0;0;0;0;1;1;0;0;0
"15/10/2018";"09:13:00";"36";"sem vítima";"191";"BR-116/PR";"Sul";"Colisão Traseira";2;0;0;0;0;0;0;0;0;0;2;0;0;0;0
"15/10/2018";"09:18:00";"37";"sem vítima";"152";"BR-116/SC";"Norte";"Colisão Traseira";1;0;1;0;0;0;0;0;0;0;2;0;0;0;0
"15/10/2018";"11:06:00";"47";"com vítima";"58";"BR-116/SC";"Norte";"Colisão Transversal";0;0;1;0;0;0;0;0;0;1;4;1;0;0;0
"15/10/2018";"12:26:00";"58";"sem vítima";"193";"BR-116/PR";"Sul";"Colisão Lateral";1;0;1;0;0;0;0;0;0;0;8;0;0;0;0
"17/10/2018";"10:33:00";"47";"sem vítima";"244.5";"BR-116/SC";"Sul";"Colisão Lateral";0;0;1;0;0;0;0;0;0;0;1;0;0;0;0
"17/10/2018";"12:04:00";"61";"com vítima";"1.6";"BR-116/SC";"Norte";"Colisão Transversal";0;0;0;2;0;0;0;0;0;0;0;2;0;0;0
"17/10/2018";"09:05:00";"132";"sem vítima";"119";"BR-116/PR";"Sul";"Colisão Traseira";2;0;0;0;0;0;0;0;0;0;2;0;0;0;0
"17/10/2018";"11:32:00";"142";"sem vítima";"137.7";"BR-116/PR";"Norte";"Colisão Lateral";0;0;1;0;0;1;0;0;0;0;2;0;0;0;0
"18/10/2018";"05:52:00";"25";"sem vítima";"206";"BR-116/PR";"Sul";"Colisão Traseira";0;0;1;0;0;0;0;0;0;1;2;0;0;0;0
"18/10/2018";"10:24:00";"65";"sem vítima";"185.2";"BR-116/PR";"Sul";"Choque - Veiculo parado na pista";1;0;1;0;0;0;0;0;0;0;2;0;0;0;0
"18/10/2018";"06:03:00";"127";"sem vítima";"119";"BR-116/PR";"Norte";"Choque - Talude";1;0;0;0;0;0;0;0;0;0;1;0;0;0;0
"19/10/2018";"04:47:00";"12";"sem vítima";"234.7";"BR-116/SC";"Sul";"Saida de Pista";1;0;0;0;0;0;0;0;0;0;1;0;0;0;0
"19/10/2018";"05:28:00";"97";"sem vítima";"117";"BR-116/PR";"Norte";"Colisão Traseira";1;0;0;1;0;0;0;0;0;0;2;0;0;0;0
"20/10/2018";"06:48:00";"20";"sem vítima";"141";"BR-116/SC";"Sul";"Colisão Traseira";1;0;0;0;0;1;0;0;0;0;2;0;0;0;0
"20/10/2018";"10:59:00";"49";"com vítima";"137.2";"BR-116/SC";"Norte";"Colisão Frontal";0;0;0;1;0;1;0;0;0;1;3;0;0;0;1
"21/10/2018";"01:49:00";"13";"com vítima";"243.6";"BR-116/SC";"Norte";"Colisão Frontal";0;0;0;1;0;1;0;0;0;0;1;1;0;0;0
"21/10/2018";"04:13:00";"73";"sem vítima";"72.3";"BR-116/SC";"Norte";"Colisão Transversal";2;0;0;0;0;0;0;0;0;0;2;0;0;0;0
"22/10/2018";"01:30:00";"11";"sem vítima";"128.9";"BR-116/PR";"Norte";"Choque - Defensa, barreira ou "submarino"";1;0;0;0;0;0;0;0;0;0;3;0;0;0;0
"22/10/2018";"07:12:00";"29";"sem vítima";"118.8";"BR-116/PR";"Norte";"Colisão Traseira";2;0;1;0;0;0;0;0;0;0;3;0;0;0;0
"22/10/2018";"08:05:00";"33";"com vítima";"2.8";"BR-116/SC";"Norte";"Choque - Objeto sobre a pista";0;0;0;1;0;0;0;0;0;0;0;1;0;0;0
"22/10/2018";"02:22:00";"81";"sem vítima";"139.7";"BR-116/SC";"Norte";"Colisão Transversal";2;0;0;0;0;0;0;0;0;0;2;0;0;0;0
"23/10/2018";"05:21:00";"15";"com vítima";"121.1";"BR-116/PR";"Norte";"Colisão Traseira";1;0;0;2;0;0;0;0;0;0;1;2;0;0;0