data;horario;n_da_ocorrencia;tipo_de_ocorrencia;km;trecho;sentido;tipo_de_acidente;automovel;bicicleta;caminhao;moto;onibus;outros;tracao_animal;transporte_de_cargas_especiais;trator_maquinas;utilitarios;ilesos;levemente_feridos;moderadamente_feridos;gravemente_feridos;mortos
"17/03/2019";"09:22:00";"76";"sem vítima";"210.1";"BR-116/SC";"Sul";"Choque - Elemento de Drenagem";1;0;0;0;0;0;0;0;0;0;1;0;0;0;0
"18/03/2019";"07:47:00";"28";"com vítima";"119.1";"BR-116/PR";"Norte";"Engavetamento";3;0;0;0;0;1;0;0;0;0;4;2;0;0;0
"18/03/2019";"10:39:00";"51";"sem vítima";"165";"BR-116/PR";"Norte";"Choque - Arvore";1;0;0;0;0;0;0;0;0;0;2;0;0;0;0
"18/03/2019";"02:00:00";"76";"sem vítima";"247.5";"BR-116/SC";"Norte";"Colisão Traseira";0;0;2;0;0;0;0;0;0;0;2;0;0;0;0
"18/03/2019";"03:26:00";"83";"sem vítima";"152.9";"BR-116/PR";"Norte";"Colisão Lateral";0;0;0;0;0;1;0;0;0;1;2;0;0;0;0
"18/03/2019";"04:13:00";"91";"sem vítima";"122.5";"BR-116/PR";"Sul";"Colisão Lateral";1;0;1;0;0;0;0;0;0;0;2;0;0;0;0
"19/03/2019";"04:12:00";"13";"sem vítima";"140";"BR-116/PR";"Sul";"Choque - Elemento de Drenagem";1;0;1;0;0;0;0;0;0;0;2;0;0;0;0
"19/03/2019";"03:25:00";"86";"sem vítima";"286.84";"BR-116/SC";"Sul";"Tombamento";0;0;1;0;0;0;0;0;0;0;1;0;0;0;0
"19/03/2019";"04:00:00";"90";"com vítima";"139";"BR-116/SC";"Sul";"Colisão Transversal";2;0;0;0;0;0;0;0;0;0;1;1;0;0;0
"19/03/2019";"06:45:00";"112";"sem vítima";"118";"BR-116/PR";"Sul";"Colisão Traseira";4;0;0;0;0;0;0;0;0;0;5;0;0;0;0
"19/03/2019";"07:45:00";"116";"com vítima";"8.5";"BR-116/SC";"Norte";"Colisão Frontal";1;0;0;1;0;0;0;0;0;1;3;0;0;1;0
"19/03/2019";"08:01:00";"117";"com vítima";"136.5";"BR-116/PR";"Sul";"Atropelamento de Animal";0;0;0;1;0;0;0;0;0;0;0;0;0;1;0
"20/03/2019";"10:41:00";"149";"sem vítima";"124";"BR-116/PR";"Norte";"Colisão Lateral";1;0;1;0;0;0;0;0;0;0;2;0;0;0;0
"20/03/2019";"11:27:00";"152";"sem vítima";"127.6";"BR-116/PR";"Norte";"Choque - Veiculo parado na pista";2;0;0;0;0;0;0;0;0;0;2;0;0;0;0
"21/03/2019";"07:14:00";"22";"com vítima";"123.4";"BR-116/PR";"Norte";"Colisão Traseira";1;0;0;1;0;0;0;0;0;0;2;1;0;0;0
"21/03/2019";"08:09:00";"28";"com vítima";"120.5";"BR-116/PR";"Norte";"Colisão Transversal";1;0;0;1;0;0;0;0;0;0;1;1;0;0;0
"21/03/2019";"06:29:00";"98";"sem vítima";"119";"BR-116/PR";"Sul";"Colisão Traseira";2;0;0;0;0;0;0;0;0;0;7;0;0;0;0
"21/03/2019";"06:36:00";"99";"sem vítima";"75.5";"BR-116/SC";"Sul";"Choque - Defensa, barreira ou "submarino"";1;0;0;0;0;0;0;0;0;0;1;0;0;0;0
"22/03/2019";"07:25:00";"32";"sem vítima";"122.4";"BR-116/PR";"Norte";"Colisão Traseira";0;0;0;0;0;0;0;0;0;2;4;0;0;0;0
"22/03/2019";"04:42:00";"93";"com vítima";"113.3";"BR-116/SC";"Sul";"Colisão Lateral";1;0;0;1;0;0;0;0;0;0;1;2;0;0;0
"22/03/2019";"04:45:00";"94";"com vítima";"4.5";"BR-116/SC";"Norte";"Colisão Transversal";1;0;0;1;0;0;0;0;0;0;2;1;0;0;0
"22/03/2019";"06:51:00";"108";"sem vítima";"116";"BR-116/PR";"Norte";"Choque - Veiculo parado na pista";3;0;0;0;0;1;0;0;0;0;6;0;0;0;0
"22/03/2019";"07:44:00";"116";"sem vítima";"174";"BR-116/SC";"Sul";"Saida de Pista";1;0;0;0;0;0;0;0;0;0;1;0;0;0;0
"22/03/2019";"07:48:00";"117";"sem vítima";"134";"BR-116/PR";"Sul";"Choque - Objeto sobre a pista";1;0;1;0;0;0;0;0;0;0;3;0;0;0;0
"23/03/2019";"02:33:00";"10";"sem vítima";"122.55";"BR-116/PR";"Sul";"Colisão Traseira";1;0;1;0;0;0;0;0;0;0;2;0;0;0;0
"23/03/2019";"03:42:00";"63";"com vítima";"210.8";"BR-116/PR";"Norte";"Colisão Lateral";1;0;0;1;0;0;0;0;0;0;1;2;0;0;0
"23/03/2019";"05:18:00";"67";"com vítima";"163.274";"BR-116/PR";"Sul";"Capotamento";1;0;0;0;0;0;0;0;0;0;2;2;0;1;0
"23/03/2019";"08:17:00";"76";"com vítima";"206.7";"BR-116/SC";"Norte";"Queda de Moto";0;0;0;1;0;0;0;0;0;0;0;2;0;0;0
"24/03/2019";"11:32:00";"50";"sem vítima";"2";"BR-116/SC";"Norte";"Engavetamento";2;0;1;0;0;0;0;0;0;0;3;0;0;0;0
"24/03/2019";"08:50:00";"118";"sem vítima";"119.2";"BR-116/PR";"Norte";"Colisão Traseira";2;0;0;0;0;0;0;0;0;0;2;0;0;0;0
"24/03/2019";"10:16:00";"126";"sem vítima";"117.65";"BR-116/PR";"Sul";"Colisão Traseira";3;0;0;0;0;0;0;0;0;0;3;0;0;0;0
"26/03/2019";"01:17:00";"9";"sem vítima";"157.5";"BR-116/SC";"Sul";"Tombamento";0;0;1;0;0;0;0;0;0;0;1;0;0;0;0
"26/03/2019";"09:55:00";"33";"sem vítima";"54";"BR-116/SC";"Sul";"Colisão Transversal";1;0;1;0;0;0;0;0;0;0;2;0;0;0;0
"26/03/2019";"10:18:00";"37";"com vítima";"132.1";"BR-116/PR";"Norte";"Choque - Defensa, barreira ou "submarino"";0;0;0;1;0;0;0;0;0;0;0;0;0;0;1
"26/03/2019";"02:51:00";"62";"com vítima";"152";"BR-116/PR";"Sul";"Colisão Transversal";1;0;1;0;0;0;0;0;0;0;1;1;0;1;0
"26/03/2019";"10:56:00";"97";"sem vítima";"66.05";"BR-116/SC";"Norte";"Colisão Traseira";0;0;1;0;0;2;0;0;0;0;3;0;0;0;0
"27/03/2019";"04:54:00";"93";"com vítima";"3.352";"BR-116/SC";"Norte";"Queda de Moto";0;0;0;1;0;1;0;0;0;0;1;1;0;0;0
"28/03/2019";"07:29:00";"29";"com vítima";"211.8";"BR-116/SC";"Norte";"Queda de Moto";0;0;0;1;0;0;0;0;0;0;0;1;0;0;0
"29/03/2019";"09:11:00";"117";"sem vítima";"118";"BR-116/PR";"Sul";"Colisão Lateral";1;0;1;0;0;0;0;0;0;0;2;0;0;0;0
"29/03/2019";"11:05:00";"122";"com vítima";"126.15";"BR-116/PR";"Sul";"Colisão Lateral";0;0;0;1;0;1;0;0;0;0;1;1;0;0;0
"30/03/2019";"08:47:00";"37";"sem vítima";"181.8";"BR-116/PR";"Sul";"Saida de Pista";0;0;1;0;0;0;0;0;0;0;1;0;0;0;0
"30/03/2019";"10:03:00";"114";"com vítima";"121.1";"BR-116/PR";"Norte";"Colisão Lateral";2;0;0;0;0;0;0;0;0;0;2;2;0;0;0
"31/03/2019";"01:50:00";"15";"sem vítima";"178.6";"BR-116/PR";"Norte";"Atropelamento de Animal";0;0;0;0;0;0;0;0;0;1;3;0;0;0;0
"31/03/2019";"01:05:00";"57";"com vítima";"308";"BR-116/SC";"Norte";"Choque - Talude";0;0;1;0;0;0;0;0;0;0;1;1;0;0;0
"31/03/2019";"06:36:00";"97";"com vítima";"152";"BR-116/PR";"Sul";"Colisão Transversal";2;0;0;0;0;0;0;0;0;0;3;1;0;0;0
"31/03/2019";"09:13:00";"111";"sem vítima";"124";"BR-116/PR";"Norte";"Choque - Defensa, barreira ou "submarino"";1;0;0;0;0;0;0;0;0;0;1;0;0;0;0
"01/04/2019";"09:34:00";"37";"sem vítima";"115";"BR-116/PR";"Norte";"Colisão Traseira";3;0;0;0;0;0;0;0;0;0;3;0;0;0;0
"01/04/2019";"05:45:00";"100";"sem vítima";"184";"BR-116/SC";"Norte";"Colisão Traseira";1;0;0;0;0;1;0;0;0;0;2;0;0;0;0
"01/04/2019";"06:36:00";"110";"sem vítima";"114";"BR-116/SC";"Sul";"Colisão Lateral";0;0;1;0;0;1;0;0;0;0;2;0;0;0;0
"02/04/2019";"08:49:00";"106";"sem vítima";"204";"BR-116/SC";"Norte";"Colisão Lateral";0;0;2;0;0;0;0;0;0;0;2;0;0;0;0
"03/04/2019";"10:00:00";"50";"sem vítima";"54";"BR-116/SC";"Norte";"Colisão Transversal";1;0;1;0;0;0;0;0;0;0;2;0;0;0;0
"03/04/2019";"02:58:00";"75";"com vítima";"117.5";"BR-116/SC";"Norte";"Choque - Defensa, barreira ou "submarino"";1;0;0;0;0;0;0;0;0;0;2;1;0;0;0
"04/04/2019";"06:54:00";"14";"sem vítima";"125.1";"BR-116/PR";"Norte";"Colisão Lateral";1;0;0;1;0;0;0;0;0;0;2;0;0;0;0
"04/04/2019";"11:44:00";"53";"sem vítima";"130";"BR-116/PR";"Norte";"Colisão Traseira";1;0;1;0;0;0;0;0;0;0;4;0;0;0;0
"04/04/2019";"03:02:00";"75";"com vítima";"152.25";"BR-116/PR";"Norte";"Colisão Transversal";0;0;1;1;0;0;0;0;0;0;1;1;0;0;0
"04/04/2019";"03:21:00";"77";"sem vítima";"152.1";"BR-116/PR";"Norte";"Colisão Lateral";2;0;0;0;0;0;0;0;0;0;2;0;0;0;0
"04/04/2019";"07:25:00";"109";"com vítima";"123";"BR-116/PR";"Norte";"Choque - Defensa, barreira ou "submarino"";1;0;0;0;0;0;0;0;0;0;0;3;0;0;0
"04/04/2019";"11:20:00";"130";"com vítima";"136";"BR-116/SC";"Sul";"Colisão Frontal";1;0;0;0;1;0;0;0;0;0;5;0;0;1;0
"05/04/2019";"06:59:00";"22";"com vítima";"125.3";"BR-116/PR";"Norte";"Colisão Lateral";0;0;0;1;0;1;0;0;0;0;2;1;0;0;0
"05/04/2019";"07:46:00";"24";"sem vítima";"60";"BR-116/SC";"Norte";"Colisão Transversal";2;0;0;0;0;0;0;0;0;0;4;0;0;0;0
"05/04/2019";"04:56:00";"79";"sem vítima";"116";"BR-116/PR";"Sul";"Capotamento";1;0;0;0;0;0;0;0;0;0;1;0;0;0;0
"05/04/2019";"05:17:00";"82";"sem vítima";"115";"BR-116/PR";"Norte";"Queda de Moto";0;0;0;1;0;0;0;0;0;0;1;0;0;0;0
"06/04/2019";"06:54:00";"23";"sem vítima";"199.76";"BR-116/PR";"Sul";"Capotamento";1;0;0;0;0;0;0;0;0;0;1;0;0;0;0
"06/04/2019";"07:00:00";"24";"com vítima";"199.76";"BR-116/PR";"Sul";"Capotamento";1;0;0;0;0;0;0;0;0;0;0;1;0;0;0
"06/04/2019";"01:10:00";"52";"sem vítima";"116.9";"BR-116/PR";"Sul";"Colisão Lateral";1;0;0;1;0;0;0;0;0;0;3;0;0;0;0
"06/04/2019";"04:08:00";"67";"com vítima";"117";"BR-116/PR";"Norte";"Engavetamento";3;0;0;0;0;0;0;0;0;0;2;1;0;0;0
"06/04/2019";"04:44:00";"72";"com vítima";"119";"BR-116/PR";"Norte";"Colisão Traseira";2;0;0;0;0;0;0;0;0;0;1;1;0;0;0
"06/04/2019";"05:06:00";"75";"sem vítima";"177.5";"BR-116/SC";"Sul";"Capotamento";1;0;0;0;0;0;0;0;0;0;1;0;0;0;0
"06/04/2019";"06:21:00";"82";"sem vítima";"119.1";"BR-116/PR";"Norte";"Colisão Traseira";2;0;0;0;0;0;0;0;0;0;2;0;0;0;0
"06/04/2019";"09:19:00";"98";"sem vítima";"126";"BR-116/PR";"Norte";"Colisão Traseira";2;0;0;0;0;0;0;0;0;0;2;0;0;0;0
"06/04/2019";"10:44:00";"102";"sem vítima";"176.3";"BR-116/SC";"Norte";"Capotamento";1;0;0;0;0;0;0;0;0;0;1;0;0;0;0
"07/04/2019";"02:30:00";"11";"sem vítima";"115";"BR-116/PR";"Norte";"Colisão Traseira";1;0;0;0;0;1;0;0;0;0;4;0;0;0;0
"07/04/2019";"03:56:00";"14";"sem vítima";"170";"BR-116/SC";"Sul";"Saida de Pista";1;0;0;0;0;0;0;0;0;0;1;0;0;0;0
"07/04/2019";"05:38:00";"23";"com vítima";"107.2";"BR-116/SC";"Norte";"Tombamento";0;0;1;0;0;0;0;0;0;0;0;1;0;0;0
"07/04/2019";"04:25:00";"56";"sem vítima";"193.9";"BR-116/PR";"Norte";"Saida de Pista";1;0;0;0;0;0;0;0;0;0;4;0;0;0;0
"07/04/2019";"06:50:00";"70";"sem vítima";"73";"BR-116/SC";"Sul";"Saida de Pista";0;0;0;0;0;0;0;0;0;1;1;0;0;0;0
"07/04/2019";"07:07:00";"73";"sem vítima";"119";"BR-116/PR";"Norte";"Colisão Traseira";2;0;0;0;0;0;0;0;0;0;2;0;0;0;0
"07/04/2019";"07:31:00";"77";"sem vítima";"139";"BR-116/PR";"Norte";"Colisão Traseira";1;0;0;0;0;1;0;0;0;0;2;0;0;0;0
"07/04/2019";"08:48:00";"86";"sem vítima";"32.15";"BR-116/SC";"Norte";"Colisão Traseira";1;0;0;1;0;0;0;0;0;0;2;0;0;0;0
"07/04/2019";"09:08:00";"88";"sem vítima";"157";"BR-116/PR";"Sul";"Choque - Suporte de Sinalização";1;0;0;0;0;0;0;0;0;0;4;0;0;0;0
"08/04/2019";"08:57:00";"51";"sem vítima";"8";"BR-116/SC";"Sul";"Choque - Outros";1;0;0;0;0;0;0;0;0;0;1;0;0;0;0
"08/04/2019";"02:52:00";"87";"com vítima";"141";"BR-116/PR";"Sul";"Queda de Moto";0;0;0;1;0;0;0;0;0;0;0;1;0;0;0
"09/04/2019";"06:36:00";"89";"sem vítima";"132";"BR-116/PR";"Sul";"Queda de Moto";0;0;0;1;0;0;0;0;0;0;2;0;0;0;0
"10/04/2019";"06:46:00";"17";"com vítima";"211.32";"BR-116/SC";"Sul";"Tombamento";0;0;1;0;0;0;0;0;0;1;1;2;0;0;0
"10/04/2019";"07:46:00";"25";"com vítima";"115";"BR-116/PR";"Norte";"Colisão Lateral";1;0;0;1;0;0;0;0;0;0;1;1;0;0;0
"10/04/2019";"10:28:00";"47";"com vítima";"7";"BR-116/SC";"Sul";"Colisão Lateral";0;0;0;1;0;0;0;0;0;1;1;1;0;0;0
"10/04/2019";"02:31:00";"76";"sem vítima";"117";"BR-116/PR";"Norte";"Colisão Traseira";1;0;1;0;0;0;0;0;0;0;2;0;0;0;0
"10/04/2019";"04:20:00";"91";"sem vítima";"238";"BR-116/SC";"Sul";"Colisão Traseira";2;0;0;0;0;0;0;0;0;0;2;0;0;0;0
"10/04/2019";"06:13:00";"104";"sem vítima";"119";"BR-116/PR";"Sul";"Saida de Pista";1;0;0;0;0;0;0;0;0;0;2;0;0;0;0
"10/04/2019";"06:25:00";"106";"sem vítima";"175";"BR-116/SC";"Sul";"Choque - Defensa, barreira ou "submarino"";0;0;1;0;0;0;0;0;0;0;1;0;0;0;0
"10/04/2019";"07:51:00";"110";"sem vítima";"211.7";"BR-116/SC";"Norte";"Colisão Traseira";0;0;2;0;0;0;0;0;0;0;2;0;0;0;0
"10/04/2019";"08:15:00";"114";"sem vítima";"211.7";"BR-116/SC";"Norte";"Colisão Traseira";0;0;2;0;0;0;0;0;0;0;2;0;0;0;0
"11/04/2019";"12:24:00";"7";"sem vítima";"229";"BR-116/SC";"Norte";"Saida de Pista";1;0;0;0;0;0;0;0;0;0;1;0;0;0;0
"11/04/2019";"02:36:00";"80";"com vítima";"126";"BR-116/PR";"Norte";"Choque - Veiculo parado na pista";0;0;2;0;0;0;0;0;0;0;0;2;0;0;0
"11/04/2019";"02:45:00";"81";"sem vítima";"126.2";"BR-116/PR";"Norte";"Choque - Veiculo parado na pista";2;0;1;0;0;0;0;0;0;0;3;0;0;0;0
"11/04/2019";"06:37:00";"109";"com vítima";"115";"BR-116/PR";"Norte";"Colisão Lateral";1;0;0;1;0;0;0;0;0;0;1;1;0;0;0
"12/04/2019";"11:43:00";"71";"sem vítima";"160";"BR-116/PR";"Norte";"Colisão Lateral";0;0;1;0;0;1;0;0;0;0;2;0;0;0;0
"12/04/2019";"12:36:00";"77";"sem vítima";"121";"BR-116/SC";"Norte";"Queda de Moto";0;0;0;1;0;0;0;0;0;0;1;0;0;0;0
"12/04/2019";"06:12:00";"117";"sem vítima";"125.3";"BR-116/PR";"Sul";"Colisão Traseira";1;0;0;1;0;0;0;0;0;0;3;0;0;0;0
"12/04/2019";"07:17:00";"126";"com vítima";"115.2";"BR-116/PR";"Norte";"Colisão Traseira";0;0;0;1;0;0;0;0;0;0;1;1;0;0;0
"13/04/2019";"09:30:00";"46";"sem vítima";"147.5";"BR-116/PR";"Sul";"Colisão Lateral";2;0;0;0;0;0;0;0;0;0;2;0;0;0;0
"14/04/2019";"06:33:00";"26";"com vítima";"196";"BR-116/SC";"Norte";"Colisão Traseira";1;0;1;0;0;0;0;0;0;0;1;1;0;0;0
"14/04/2019";"12:13:00";"53";"com vítima";"154.9";"BR-116/SC";"Norte";"Tombamento";0;0;1;0;0;0;0;0;0;0;0;2;0;0;0
"14/04/2019";"12:59:00";"57";"sem vítima";"148.5";"BR-116/SC";"Norte";"Outros";1;0;1;0;0;0;0;0;0;0;2;0;0;0;0
"14/04/2019";"01:48:00";"61";"com vítima";"130";"BR-116/PR";"Sul";"Colisão Frontal";1;0;1;0;0;0;0;0;0;0;2;0;0;2;0
"14/04/2019";"03:56:00";"72";"com vítima";"134";"BR-116/PR";"Sul";"Colisão Transversal";2;0;0;0;0;0;0;0;0;0;3;3;0;0;0
"14/04/2019";"06:16:00";"86";"sem vítima";"132";"BR-116/SC";"Sul";"Choque - Arvore";1;0;0;0;0;0;0;0;0;0;1;0;0;0;0
"14/04/2019";"07:45:00";"93";"sem vítima";"288.75";"BR-116/SC";"Sul";"Choque - Defensa, barreira ou "submarino"";1;0;0;0;0;0;0;0;0;0;1;0;0;0;0
"14/04/2019";"11:05:00";"104";"sem vítima";"242.6";"BR-116/SC";"Norte";"Capotamento";1;0;0;0;0;0;0;0;0;0;1;0;0;0;0
"16/04/2019";"11:23:00";"54";"sem vítima";"208.9";"BR-116/PR";"Norte";"Choque - Elemento de Drenagem";1;0;1;0;0;0;0;0;0;0;2;0;0;0;0
"16/04/2019";"03:26:00";"67";"sem vítima";"119";"BR-116/PR";"Sul";"Saida de Pista";1;0;0;0;0;0;0;0;0;0;2;0;0;0;0
"16/04/2019";"05:16:00";"74";"com vítima";"177.4";"BR-116/SC";"Sul";"Colisão Lateral";1;0;1;0;0;0;0;0;0;0;1;2;0;0;0
"17/04/2019";"07:14:00";"28";"com vítima";"162";"BR-116/SC";"Norte";"Tombamento";0;0;1;0;0;0;0;0;0;0;0;1;0;0;0
"17/04/2019";"08:44:00";"39";"sem vítima";"134.4";"BR-116/PR";"Norte";"Colisão Lateral";2;0;0;0;0;0;0;0;0;0;2;0;0;0;0
"17/04/2019";"12:51:00";"79";"sem vítima";"118";"BR-116/SC";"Sul";"Colisão Traseira";3;0;0;0;0;0;0;0;0;0;5;0;0;0;0
"17/04/2019";"06:55:00";"119";"sem vítima";"136";"BR-116/PR";"Norte";"Saida de Pista";1;0;0;0;0;0;0;0;0;0;1;0;0;0;0
"17/04/2019";"07:44:00";"120";"sem vítima";"233";"BR-116/SC";"Sul";"Colisão Traseira";2;0;0;0;0;0;0;0;0;0;2;0;0;0;0
"18/04/2019";"12:50:00";"63";"com vítima";"58";"BR-116/SC";"Sul";"Queda de Moto";0;0;0;1;0;0;0;0;0;0;1;1;0;0;0
"18/04/2019";"04:34:00";"94";"com vítima";"146.5";"BR-116/PR";"Norte";"Capotamento";1;0;0;0;0;0;0;0;0;0;2;2;0;0;0
"18/04/2019";"10:05:00";"131";"com vítima";"63";"BR-116/SC";"Sul";"Colisão Traseira";2;0;0;0;0;0;0;0;0;0;1;1;0;0;0
"19/04/2019";"04:01:00";"17";"sem vítima";"126.3";"BR-116/PR";"Sul";"Colisão Lateral";1;0;1;0;0;0;0;0;0;0;2;0;0;0;0
"19/04/2019";"09:48:00";"35";"com vítima";"0";"BR-116/SC";"Sul";"Outros";0;1;0;0;0;0;0;0;0;0;0;1;0;0;0
"19/04/2019";"11:15:00";"46";"sem vítima";"125";"BR-116/PR";"Sul";"Colisão Traseira";1;0;0;0;0;1;0;0;0;0;2;0;0;0;0
"19/04/2019";"10:51:00";"86";"sem vítima";"122.1";"BR-116/PR";"Norte";"Choque - Defensa, barreira ou "submarino"";1;0;0;0;0;0;0;0;0;0;1;0;0;0;0
"20/04/2019";"09:25:00";"35";"sem vítima";"192";"BR-116/PR";"Sul";"Colisão Lateral";0;0;1;0;0;1;0;0;0;0;2;0;0;0;0
"20/04/2019";"10:59:00";"110";"com vítima";"153.3";"BR-116/PR";"Norte";"Colisão Transversal";2;0;0;0;0;0;0;0;0;0;2;2;0;0;0
"21/04/2019";"05:17:00";"13";"sem vítima";"117.3";"BR-116/PR";"Norte";"Choque - Outros";0;0;0;1;0;0;0;0;0;0;1;0;0;0;0
"21/04/2019";"11:20:00";"36";"sem vítima";"294";"BR-116/SC";"Norte";"Colisão Traseira";1;0;1;0;0;0;0;0;0;0;5;0;0;0;0
"21/04/2019";"03:45:00";"58";"sem vítima";"205.95";"BR-116/PR";"Sul";"Choque - Defensa, barreira ou "submarino"";1;0;0;0;0;0;0;0;0;0;1;0;0;0;0
"21/04/2019";"04:42:00";"69";"com vítima";"4.5";"BR-116/SC";"Norte";"Colisão Transversal";2;0;0;0;0;0;0;0;0;0;2;2;0;0;0
"21/04/2019";"04:44:00";"70";"com vítima";"156.3";"BR-116/PR";"Sul";"Colisão Transversal";1;0;0;0;0;1;0;0;0;0;3;1;0;0;0
"21/04/2019";"06:19:00";"81";"sem vítima";"11";"BR-116/SC";"Sul";"Colisão Traseira";2;0;0;0;0;0;0;0;0;0;2;0;0;0;0
"21/04/2019";"06:55:00";"88";"sem vítima";"135";"BR-116/PR";"Sul";"Colisão Traseira";2;0;0;0;0;0;0;0;0;0;2;0;0;0;0
"21/04/2019";"07:52:00";"97";"sem vítima";"162";"BR-116/PR";"Norte";"Colisão Traseira";2;0;0;0;0;0;0;0;0;0;2;0;0;0;0
"21/04/2019";"08:11:00";"99";"com vítima";"166";"BR-116/PR";"Norte";"Engavetamento";3;0;0;0;0;0;0;0;0;1;4;2;0;0;0
"21/04/2019";"08:40:00";"102";"sem vítima";"190.3";"BR-116/PR";"Norte";"Choque - Arvore";1;0;0;0;0;0;0;0;0;0;1;0;0;0;0
"22/04/2019";"06:07:00";"18";"sem vítima";"177";"BR-116/PR";"Sul";"Saida de Pista";1;0;0;0;0;0;0;0;0;0;1;0;0;0;0
"22/04/2019";"06:25:00";"19";"com vítima";"226.75";"BR-116/SC";"Sul";"Colisão Lateral";1;0;1;0;0;0;0;0;0;0;3;1;0;0;0
"22/04/2019";"09:16:00";"35";"com vítima";"191";"BR-116/PR";"Sul";"Queda de Moto";0;0;0;1;0;0;0;0;0;0;0;1;0;0;0
"22/04/2019";"10:50:00";"47";"sem vítima";"142";"BR-116/SC";"Norte";"Colisão Traseira";1;0;0;0;0;0;0;0;0;1;5;0;0;0;0
"22/04/2019";"12:50:00";"58";"com vítima";"147";"BR-116/PR";"Sul";"Colisão Transversal";2;0;0;0;0;0;0;0;0;0;3;2;0;0;0
"22/04/2019";"03:09:00";"71";"sem vítima";"134";"BR-116/PR";"Norte";"Colisão Traseira";1;0;0;0;0;0;0;0;0;0;1;0;0;0;0
"23/04/2019";"07:46:00";"24";"sem vítima";"81";"BR-116/SC";"Norte";"Colisão Traseira";1;0;1;0;0;0;0;0;0;0;2;0;0;0;0
"23/04/2019";"08:48:00";"29";"sem vítima";"135.1";"BR-116/SC";"Norte";"Choque - Defensa, barreira ou "submarino"";1;0;0;0;0;0;0;0;0;0;1;0;0;0;0
"23/04/2019";"09:43:00";"37";"sem vítima";"117";"BR-116/PR";"Norte";"Colisão Traseira";2;0;0;0;0;0;0;0;0;0;2;0;0;0;0
"23/04/2019";"05:02:00";"89";"sem vítima";"141.3";"BR-116/PR";"Norte";"Colisão Lateral";1;0;0;0;0;1;0;0;0;0;2;0;0;0;0
"24/04/2019";"07:03:00";"26";"sem vítima";"122";"BR-116/PR";"Norte";"Colisão Traseira";0;0;2;0;0;0;0;0;0;0;2;0;0;0;0
"24/04/2019";"07:50:00";"30";"com vítima";"117";"BR-116/PR";"Norte";"Outros";1;0;0;1;0;0;0;0;0;0;1;1;0;0;0
"24/04/2019";"04:58:00";"98";"sem vítima";"200.1";"BR-116/PR";"Sul";"Colisão Lateral";1;0;1;0;0;0;0;0;0;0;2;0;0;0;0
"24/04/2019";"08:03:00";"116";"sem vítima";"130";"BR-116/PR";"Norte";"Colisão Traseira";2;0;0;0;0;0;0;0;0;0;2;0;0;0;0
"25/04/2019";"09:46:00";"37";"com vítima";"116.2";"BR-116/PR";"Sul";"Atropelamento - Outros";1;0;0;0;0;0;0;0;0;0;1;1;0;0;0
"26/04/2019";"03:44:00";"79";"sem vítima";"37.4";"BR-116/SC";"Norte";"Colisão Traseira";0;0;3;0;0;1;0;0;0;0;4;0;0;0;0
"26/04/2019";"06:45:00";"99";"com vítima";"132";"BR-116/PR";"Sul";"Colisão Transversal";2;0;0;0;0;0;0;0;0;0;2;1;0;0;0
"26/04/2019";"10:52:00";"118";"com vítima";"189.83";"BR-116/PR";"Sul";"Colisão Frontal";0;0;1;0;0;0;0;0;0;1;1;0;0;0;1
"26/04/2019";"11:26:00";"123";"com vítima";"120";"BR-116/PR";"Sul";"Queda de Moto";0;0;0;1;0;0;0;0;0;0;0;1;0;0;0
"27/04/2019";"12:48:00";"12";"com vítima";"201.3";"BR-116/PR";"Norte";"Colisão Lateral";1;0;0;0;0;0;0;0;0;1;1;1;0;1;0
"27/04/2019";"12:56:00";"13";"sem vítima";"136";"BR-116/SC";"Sul";"Colisão Traseira";1;0;1;0;0;0;0;0;0;0;3;0;0;0;0
"27/04/2019";"09:04:00";"29";"com vítima";"23.4";"BR-116/SC";"Norte";"Colisão Transversal";1;0;1;0;0;0;0;0;0;0;1;0;0;1;0
"28/04/2019";"03:19:00";"10";"com vítima";"146";"BR-116/PR";"Norte";"Choque - Arvore";0;0;0;1;0;0;0;0;0;0;0;1;0;0;0
"28/04/2019";"05:21:00";"15";"com vítima";"151.3";"BR-116/PR";"Norte";"Colisão Frontal";2;0;1;0;0;0;0;0;0;0;3;0;0;0;2
"28/04/2019";"07:17:00";"75";"sem vítima";"135";"BR-116/PR";"Norte";"Saida de Pista";1;0;0;0;0;0;0;0;0;0;1;0;0;0;0
"28/04/2019";"08:31:00";"79";"sem vítima";"117";"BR-116/PR";"Norte";"Colisão Traseira";1;0;0;1;0;0;0;0;0;0;2;0;0;0;0
"29/04/2019";"07:15:00";"116";"sem vítima";"116";"BR-116/PR";"Sul";"Engavetamento";2;0;1;0;0;0;0;0;0;0;4;0;0;0;0
"30/04/2019";"08:23:00";"33";"com vítima";"236";"BR-116/SC";"Sul";"Colisão Lateral";1;0;1;0;0;0;0;0;0;0;1;1;0;0;0
"30/04/2019";"07:58:00";"121";"com vítima";"65";"BR-116/SC";"Sul";"Colisão Transversal";2;0;0;0;0;0;0;0;0;0;2;1;0;0;0
"01/05/2019";"04:55:00";"14";"com vítima";"126";"BR-116/PR";"Norte";"Colisão Transversal";2;0;0;0;0;0;0;0;0;0;2;2;0;0;0