data;horario;n_da_ocorrencia;tipo_de_ocorrencia;km;trecho;sentido;tipo_de_acidente;automovel;bicicleta;caminhao;moto;onibus;outros;tracao_animal;transporte_de_cargas_especiais;trator_maquinas;utilitarios;ilesos;levemente_feridos;moderadamente_feridos;gravemente_feridos;mortos
"09/06/2019";"04:42:00";"16";"com vítima";"212.2";"BR-116/SC";"Norte";"Capotamento";1;0;0;0;0;0;0;0;0;0;0;1;0;0;0
"09/06/2019";"06:15:00";"24";"sem vítima";"216.9";"BR-116/SC";"Norte";"Choque - Defensa, barreira ou "submarino"";1;0;0;0;0;0;0;0;0;0;3;0;0;0;0
"09/06/2019";"06:18:00";"25";"sem vítima";"107.8";"BR-116/SC";"Sul";"Saida de Pista";0;0;0;0;0;0;0;0;0;1;1;0;0;0;0
"09/06/2019";"09:20:00";"40";"sem vítima";"118.9";"BR-116/PR";"Sul";"Choque - Defensa, barreira ou "submarino"";1;0;0;0;0;0;0;0;0;0;1;0;0;0;0
"09/06/2019";"10:05:00";"45";"sem vítima";"53.35";"BR-116/SC";"Sul";"Choque - Talude";0;0;1;0;0;0;0;0;0;0;1;0;0;0;0
"09/06/2019";"03:50:00";"71";"com vítima";"146.893";"BR-116/PR";"Norte";"Capotamento";1;0;0;0;0;0;0;0;0;0;0;1;0;0;0
"09/06/2019";"06:50:00";"97";"com vítima";"152.5";"BR-116/PR";"Norte";"Colisão Traseira";2;0;0;0;0;0;0;0;0;0;1;1;0;0;0
"09/06/2019";"08:30:00";"105";"com vítima";"126.5";"BR-116/PR";"Norte";"Colisão Lateral";1;0;0;1;0;0;0;0;0;0;1;1;0;1;0
"10/06/2019";"03:19:00";"17";"sem vítima";"127.8";"BR-116/PR";"Sul";"Choque - Defensa, barreira ou "submarino"";1;0;0;0;0;0;0;0;0;0;3;0;0;0;0
"10/06/2019";"06:40:00";"26";"sem vítima";"117.853";"BR-116/PR";"Norte";"Colisão Traseira";2;0;0;0;0;0;0;0;0;0;2;0;0;0;0
"10/06/2019";"08:39:00";"39";"com vítima";"150.3";"BR-116/PR";"Norte";"Colisão Frontal";1;0;0;0;0;0;0;0;0;1;1;1;0;0;0
"10/06/2019";"01:48:00";"79";"sem vítima";"22";"BR-116/SC";"Norte";"Colisão Traseira";0;0;0;0;0;0;0;0;0;2;3;0;0;0;0
"10/06/2019";"06:55:00";"118";"sem vítima";"114";"BR-116/SC";"Sul";"Colisão Traseira";0;0;1;0;0;0;0;0;0;1;2;0;0;0;0
"10/06/2019";"10:34:00";"137";"com vítima";"209";"BR-116/PR";"Sul";"Colisão Lateral";1;0;0;1;0;0;0;0;0;0;2;1;0;0;0
"11/06/2019";"11:28:00";"51";"sem vítima";"233";"BR-116/SC";"Sul";"Colisão Lateral";1;0;1;0;0;0;0;0;0;0;2;0;0;0;0
"11/06/2019";"03:14:00";"73";"sem vítima";"8.8";"BR-116/SC";"Sul";"Colisão Lateral";0;0;1;0;0;0;0;0;0;1;2;0;0;0;0
"11/06/2019";"11:34:00";"117";"com vítima";"125.6";"BR-116/PR";"Sul";"Choque - Defensa, barreira ou "submarino"";1;0;0;0;0;0;0;0;0;0;0;1;0;0;0
"12/06/2019";"02:49:00";"17";"com vítima";"126";"BR-116/PR";"Norte";"Saida de Pista";1;0;0;0;0;0;0;0;0;0;2;1;0;0;0
"12/06/2019";"07:07:00";"22";"com vítima";"126";"BR-116/PR";"Sul";"Colisão Transversal";1;0;1;0;0;0;0;0;0;0;1;3;0;0;0
"13/06/2019";"06:44:00";"20";"com vítima";"113.946";"BR-116/SC";"Sul";"Engavetamento";0;0;3;0;0;0;0;0;0;0;1;2;0;2;1
"13/06/2019";"11:33:00";"47";"sem vítima";"204";"BR-116/PR";"Sul";"Choque - Veiculo parado na pista";2;0;0;0;0;0;0;0;0;0;2;0;0;0;0
"14/06/2019";"05:51:00";"18";"com vítima";"183.15";"BR-116/SC";"Norte";"Colisão Frontal";1;0;1;0;0;0;0;0;0;0;1;2;0;0;0
"14/06/2019";"07:51:00";"24";"sem vítima";"152.4";"BR-116/PR";"Sul";"Colisão Transversal";1;0;1;0;0;0;0;0;0;0;2;0;0;0;0
"14/06/2019";"01:18:00";"54";"com vítima";"36";"BR-116/SC";"Sul";"Choque - Talude";0;0;0;1;0;0;0;0;0;0;0;1;0;0;0
"14/06/2019";"04:11:00";"69";"sem vítima";"108.2";"BR-116/SC";"Norte";"Choque - Elemento de Drenagem";0;0;0;0;0;0;0;0;0;1;1;0;0;0;0
"15/06/2019";"02:24:00";"64";"sem vítima";"135.08";"BR-116/PR";"Sul";"Saida de Pista";1;0;0;0;0;0;0;0;0;0;1;0;0;0;0
"15/06/2019";"07:23:00";"87";"com vítima";"116";"BR-116/PR";"Sul";"Colisão Traseira";1;0;0;1;0;0;0;0;0;0;1;1;0;0;0
"16/06/2019";"01:39:00";"13";"sem vítima";"204.3";"BR-116/PR";"Norte";"Saida de Pista";1;0;0;0;0;0;0;0;0;0;3;0;0;0;0
"16/06/2019";"02:50:00";"22";"sem vítima";"33";"BR-116/SC";"Norte";"Choque - Talude";1;0;0;0;0;0;0;0;0;0;1;0;0;0;0
"16/06/2019";"04:11:00";"24";"com vítima";"72.5";"BR-116/SC";"Sul";"Atropelamento - Sem Informação";0;0;0;0;0;1;0;0;0;0;0;1;0;1;0
"16/06/2019";"06:44:00";"26";"com vítima";"206.3";"BR-116/PR";"Norte";"Saida de Pista";1;0;0;0;0;0;0;0;0;0;2;1;0;0;0
"16/06/2019";"10:44:00";"37";"sem vítima";"134.4";"BR-116/SC";"Norte";"Colisão Traseira";2;0;0;0;0;0;0;0;0;0;2;0;0;0;0
"16/06/2019";"05:12:00";"69";"sem vítima";"9";"BR-116/SC";"Sul";"Colisão Traseira";2;0;0;0;0;0;0;0;0;0;3;0;0;0;0
"16/06/2019";"05:45:00";"71";"com vítima";"129.215";"BR-116/PR";"Norte";"Engavetamento";4;0;0;0;0;0;0;0;0;0;5;2;0;0;0
"16/06/2019";"05:55:00";"73";"com vítima";"126";"BR-116/PR";"Sul";"Colisão Transversal";1;0;0;1;0;0;0;0;0;0;1;1;0;0;0
"16/06/2019";"06:17:00";"76";"com vítima";"208";"BR-116/PR";"Norte";"Colisão Transversal";1;0;0;1;0;0;0;0;0;0;1;1;0;0;0
"16/06/2019";"07:14:00";"83";"sem vítima";"10";"BR-116/SC";"Sul";"Choque - Defensa, barreira ou "submarino"";1;0;0;0;0;0;0;0;0;0;3;0;0;0;0
"17/06/2019";"05:56:00";"79";"com vítima";"123";"BR-116/PR";"Sul";"Queda de Moto";0;0;0;1;0;0;0;0;0;0;1;1;0;0;0
"17/06/2019";"06:31:00";"83";"sem vítima";"118.5";"BR-116/PR";"Sul";"Colisão Traseira";0;0;0;2;0;0;0;0;0;0;2;0;0;0;0
"17/06/2019";"07:43:00";"90";"sem vítima";"122";"BR-116/PR";"Sul";"Choque - Veiculo parado na pista";2;0;0;0;0;0;0;0;0;0;2;0;0;0;0
"17/06/2019";"09:16:00";"96";"com vítima";"14.4";"BR-116/SC";"Sul";"Queda de Moto";0;0;0;1;0;0;0;0;0;0;0;1;0;0;0
"18/06/2019";"10:58:00";"127";"sem vítima";"119.1";"BR-116/PR";"Norte";"Choque - Defensa, barreira ou "submarino"";1;0;0;0;0;0;0;0;0;0;1;0;0;0;0
"19/06/2019";"10:38:00";"30";"sem vítima";"5";"BR-116/SC";"Sul";"Colisão Transversal";0;0;1;0;0;0;0;0;0;1;2;0;0;0;0
"19/06/2019";"11:41:00";"34";"sem vítima";"117.4";"BR-116/PR";"Sul";"Colisão Traseira";2;0;0;0;0;0;0;0;0;0;2;0;0;0;0
"19/06/2019";"12:22:00";"38";"sem vítima";"115.7";"BR-116/PR";"Sul";"Engavetamento";3;0;0;0;0;0;0;0;0;0;3;0;0;0;0
"19/06/2019";"02:56:00";"52";"sem vítima";"126.9";"BR-116/PR";"Sul";"Colisão Lateral";0;0;0;1;0;0;0;0;0;1;2;0;0;0;0
"19/06/2019";"04:39:00";"63";"sem vítima";"159.8";"BR-116/PR";"Sul";"Colisão Transversal";2;0;0;0;0;0;0;0;0;0;2;0;0;0;0
"19/06/2019";"05:28:00";"67";"sem vítima";"226";"BR-116/SC";"Norte";"Choque - Suporte de Sinalização";1;0;0;0;0;0;0;0;0;0;1;0;0;0;0
"20/06/2019";"01:26:00";"12";"sem vítima";"115";"BR-116/PR";"Norte";"Colisão Lateral";1;0;1;0;0;0;0;0;0;0;2;0;0;0;0
"20/06/2019";"06:32:00";"22";"sem vítima";"90";"BR-116/SC";"Norte";"Colisão Transversal";1;0;1;0;0;0;0;0;0;0;2;0;0;0;0
"20/06/2019";"10:18:00";"41";"sem vítima";"121.2";"BR-116/PR";"Norte";"Colisão Traseira";2;0;0;0;0;0;0;0;0;0;2;0;0;0;0
"20/06/2019";"10:58:00";"43";"sem vítima";"120.35";"BR-116/SC";"Sul";"Tombamento";0;0;1;0;0;0;0;0;0;0;1;0;0;0;0
"22/06/2019";"01:29:00";"43";"sem vítima";"134";"BR-116/PR";"Norte";"Choque - Defensa, barreira ou "submarino"";1;0;0;0;0;0;0;0;0;0;1;0;0;0;0
"22/06/2019";"03:57:00";"57";"sem vítima";"141";"BR-116/PR";"Sul";"Choque - Elemento de Drenagem";1;0;0;0;0;0;0;0;0;0;1;0;0;0;0
"22/06/2019";"05:49:00";"64";"sem vítima";"118.9";"BR-116/PR";"Sul";"Queda de Moto";0;0;0;1;0;0;0;0;0;0;1;0;0;0;0
"22/06/2019";"06:52:00";"71";"sem vítima";"224.8";"BR-116/SC";"Norte";"Atropelamento de Animal";1;0;0;0;0;0;0;0;0;0;1;0;0;0;0
"22/06/2019";"10:57:00";"95";"sem vítima";"297.3";"BR-116/SC";"Norte";"Atropelamento de Animal";0;0;1;0;0;0;0;0;0;0;1;0;0;0;0
"23/06/2019";"11:58:00";"37";"com vítima";"124";"BR-116/PR";"Sul";"Colisão Traseira";1;0;0;1;0;0;0;0;0;0;1;1;0;0;0
"23/06/2019";"12:20:00";"40";"sem vítima";"183.3";"BR-116/SC";"Norte";"Saida de Pista";1;0;0;0;0;0;0;0;0;0;2;0;0;0;0
"23/06/2019";"05:29:00";"64";"com vítima";"85.6";"BR-116/SC";"Sul";"Colisão Lateral";2;0;0;0;0;0;0;0;0;0;2;2;0;0;0
"23/06/2019";"06:32:00";"71";"sem vítima";"119";"BR-116/PR";"Sul";"Colisão Traseira";2;0;0;0;0;0;0;0;0;0;2;0;0;0;0
"23/06/2019";"07:24:00";"75";"com vítima";"127";"BR-116/PR";"Norte";"Engavetamento";3;0;0;0;0;0;0;0;0;0;7;1;0;0;0
"23/06/2019";"11:56:00";"87";"com vítima";"116.5";"BR-116/PR";"Norte";"Queda de Moto";0;0;0;1;0;0;0;0;0;0;0;1;0;0;0
"24/06/2019";"12:58:00";"8";"com vítima";"126";"BR-116/PR";"Sul";"Colisão Traseira";2;0;0;0;0;0;0;0;0;0;3;1;0;0;0
"24/06/2019";"06:48:00";"25";"com vítima";"126.5";"BR-116/PR";"Norte";"Colisão Lateral";1;0;0;1;0;0;0;0;0;0;1;1;0;0;0
"24/06/2019";"08:01:00";"28";"com vítima";"115.9";"BR-116/PR";"Norte";"Colisão Traseira";1;0;0;1;0;0;0;0;0;0;1;1;0;0;0
"24/06/2019";"08:22:00";"31";"sem vítima";"115.9";"BR-116/PR";"Norte";"Choque - Objeto sobre a pista";0;0;0;1;0;0;0;0;0;0;2;0;0;0;0
"24/06/2019";"01:00:00";"58";"sem vítima";"117";"BR-116/PR";"Sul";"Engavetamento";2;0;2;0;0;1;0;0;0;0;12;0;0;0;0
"25/06/2019";"12:28:00";"7";"com vítima";"122.5";"BR-116/PR";"Sul";"Choque - Talude";1;0;0;0;0;0;0;0;0;0;0;1;0;0;0
"25/06/2019";"07:08:00";"20";"sem vítima";"188.5";"BR-116/PR";"Norte";"Choque - Objeto sobre a pista";1;0;0;0;0;0;0;0;0;0;1;0;0;0;0
"25/06/2019";"07:38:00";"107";"com vítima";"164";"BR-116/PR";"Sul";"Colisão Transversal";1;0;0;1;0;0;0;0;0;0;3;1;0;0;0
"25/06/2019";"08:07:00";"111";"com vítima";"109";"BR-116/SC";"Sul";"Colisão Traseira";0;0;2;0;0;0;0;0;0;0;1;0;0;1;0
"26/06/2019";"07:58:00";"21";"com vítima";"121.6";"BR-116/PR";"Norte";"Colisão Lateral";0;0;1;2;0;0;0;0;0;0;3;2;0;0;0
"26/06/2019";"08:23:00";"91";"com vítima";"149.7";"BR-116/SC";"Norte";"Colisão Traseira";1;0;1;0;0;0;0;0;0;0;1;1;0;0;0
"27/06/2019";"08:16:00";"20";"com vítima";"115.2";"BR-116/PR";"Norte";"Atropelamento - Usuário";0;0;0;1;0;1;0;0;0;0;1;1;0;0;0
"27/06/2019";"01:16:00";"59";"com vítima";"153";"BR-116/PR";"Norte";"Colisão Traseira";0;0;1;0;1;0;0;0;0;0;29;2;0;0;0
"27/06/2019";"05:36:00";"100";"sem vítima";"213.3";"BR-116/SC";"Norte";"Capotamento";1;0;0;0;0;0;0;0;0;0;1;0;0;0;0
"27/06/2019";"06:29:00";"107";"sem vítima";"4.5";"BR-116/SC";"Sul";"Colisão Transversal";2;0;0;0;0;0;0;0;0;0;2;0;0;0;0
"27/06/2019";"08:00:00";"117";"com vítima";"141.5";"BR-116/PR";"Norte";"Colisão Transversal";1;0;0;1;0;0;0;0;0;0;1;1;0;0;0
"28/06/2019";"04:18:00";"14";"sem vítima";"127.2";"BR-116/PR";"Sul";"Choque - Elemento de Drenagem";1;0;0;0;0;0;0;0;0;0;1;0;0;0;0
"28/06/2019";"06:44:00";"21";"sem vítima";"117.5";"BR-116/PR";"Sul";"Choque - Veiculo parado na pista";1;0;1;0;0;0;0;0;0;0;2;0;0;0;0
"28/06/2019";"07:43:00";"24";"sem vítima";"116";"BR-116/PR";"Sul";"Colisão Traseira";1;0;0;1;0;0;0;0;0;0;2;0;0;0;0
"28/06/2019";"08:55:00";"28";"com vítima";"115.2";"BR-116/PR";"Norte";"Engavetamento";2;0;0;0;0;0;0;0;0;2;3;2;0;0;0
"28/06/2019";"12:14:00";"46";"sem vítima";"233";"BR-116/SC";"Sul";"Colisão Transversal";1;0;1;0;0;0;0;0;0;0;2;0;0;0;0
"28/06/2019";"01:44:00";"50";"sem vítima";"305.4";"BR-116/SC";"Sul";"Choque - Talude";1;0;0;0;0;0;0;0;0;0;1;0;0;0;0
"28/06/2019";"06:09:00";"92";"com vítima";"117";"BR-116/PR";"Sul";"Colisão Lateral";0;0;0;2;0;0;0;0;0;0;0;2;0;0;0
"28/06/2019";"07:57:00";"101";"sem vítima";"118.8";"BR-116/PR";"Norte";"Colisão Traseira";2;0;0;0;0;0;0;0;0;0;3;0;0;0;0
"29/06/2019";"11:38:00";"61";"sem vítima";"123.3";"BR-116/SC";"Sul";"Saida de Pista";1;0;0;0;0;0;0;0;0;0;2;0;0;0;0
"29/06/2019";"01:58:00";"76";"com vítima";"126.2";"BR-116/PR";"Norte";"Colisão Transversal";2;0;0;0;0;0;0;0;0;0;4;1;0;0;0
"29/06/2019";"07:15:00";"110";"com vítima";"211";"BR-116/PR";"Sul";"Queda de Moto";0;0;0;1;0;0;0;0;0;0;0;1;0;0;0
"29/06/2019";"07:24:00";"112";"sem vítima";"117";"BR-116/PR";"Sul";"Colisão Traseira";1;0;1;0;0;0;0;0;0;0;2;0;0;0;0
"30/06/2019";"01:09:00";"11";"sem vítima";"144.4";"BR-116/PR";"Sul";"Choque - Suporte de Sinalização";1;0;0;0;0;0;0;0;0;0;1;0;0;0;0
"30/06/2019";"11:31:00";"47";"sem vítima";"191";"BR-116/PR";"Sul";"Colisão Lateral";1;0;0;0;0;1;0;0;0;0;2;0;0;0;0
"30/06/2019";"05:44:00";"70";"sem vítima";"115.3";"BR-116/PR";"Norte";"Choque - Defensa, barreira ou "submarino"";1;0;0;0;0;0;0;0;0;0;1;0;0;0;0
"30/06/2019";"07:33:00";"81";"sem vítima";"9.2";"BR-116/SC";"Norte";"Colisão Lateral";1;0;0;0;0;0;0;0;0;1;4;0;0;0;0
"30/06/2019";"09:40:00";"91";"com vítima";"169";"BR-116/SC";"Norte";"Colisão Transversal";1;0;1;0;0;0;0;0;0;0;1;0;0;1;0
"01/07/2019";"05:45:00";"16";"com vítima";"125.1";"BR-116/PR";"Norte";"Colisão Traseira";1;0;0;1;1;0;0;0;0;0;102;0;0;1;0
"01/07/2019";"02:49:00";"57";"sem vítima";"83";"BR-116/SC";"Sul";"Saida de Pista";1;0;0;0;0;0;0;0;0;0;1;0;0;0;0
"02/07/2019";"12:00:00";"1";"sem vítima";"169";"BR-116/PR";"Norte";"Capotamento";1;0;0;0;0;0;0;0;0;0;1;0;0;0;0
"02/07/2019";"07:24:00";"18";"com vítima";"115";"BR-116/PR";"Norte";"Atropelamento - Usuário";0;0;0;1;0;0;0;0;0;0;2;1;0;0;0
"02/07/2019";"02:55:00";"51";"sem vítima";"139";"BR-116/PR";"Norte";"Choque - Defensa, barreira ou "submarino"";1;0;0;0;0;0;0;0;0;0;2;0;0;0;0
"02/07/2019";"03:33:00";"57";"sem vítima";"119";"BR-116/PR";"Sul";"Colisão Lateral";1;0;1;0;0;0;0;0;0;0;4;0;0;0;0
"03/07/2019";"11:08:00";"61";"sem vítima";"141";"BR-116/PR";"Norte";"Colisão Traseira";2;0;0;0;0;0;0;0;0;0;2;0;0;0;0
"03/07/2019";"11:31:00";"64";"sem vítima";"121.5";"BR-116/PR";"Sul";"Colisão Lateral";1;0;1;0;0;0;0;0;0;0;3;0;0;0;0
"04/07/2019";"10:26:00";"41";"sem vítima";"147.15";"BR-116/PR";"Norte";"Engavetamento";3;0;0;0;0;0;0;0;0;0;4;0;0;0;0
"04/07/2019";"04:02:00";"68";"sem vítima";"239";"BR-116/SC";"Norte";"Colisão Transversal";1;0;1;0;0;0;0;0;0;0;2;0;0;0;0
"05/07/2019";"03:27:00";"12";"com vítima";"157.5";"BR-116/PR";"Sul";"Colisão Lateral";1;0;0;0;0;0;0;0;0;0;0;1;0;0;0
"05/07/2019";"05:53:00";"99";"sem vítima";"119";"BR-116/PR";"Norte";"Queda de Moto";0;0;0;1;0;0;0;0;0;0;1;0;0;0;0
"06/07/2019";"07:22:00";"44";"sem vítima";"115.7";"BR-116/PR";"Norte";"Colisão Transversal";2;0;0;0;0;0;0;0;0;0;2;0;0;0;0
"06/07/2019";"09:36:00";"62";"com vítima";"125";"BR-116/PR";"Norte";"Colisão Transversal";2;0;0;0;0;0;0;0;0;0;2;1;0;0;0
"06/07/2019";"04:37:00";"109";"com vítima";"117";"BR-116/PR";"Sul";"Colisão Traseira";1;0;0;1;0;0;0;0;0;0;1;1;0;0;0
"06/07/2019";"05:10:00";"111";"com vítima";"91";"BR-116/SC";"Sul";"Choque - Veiculo parado na pista";1;0;0;0;1;0;0;0;0;0;26;1;0;0;0
"07/07/2019";"02:19:00";"15";"sem vítima";"196";"BR-116/SC";"Sul";"Choque - Defensa, barreira ou "submarino"";1;0;0;0;0;0;0;0;0;0;1;0;0;0;0
"07/07/2019";"07:17:00";"26";"sem vítima";"247.5";"BR-116/SC";"Norte";"Saida de Pista";1;0;0;0;0;0;0;0;0;0;1;0;0;0;0
"07/07/2019";"08:57:00";"48";"sem vítima";"245.7";"BR-116/SC";"Sul";"Saida de Pista";0;0;0;0;0;1;0;0;0;0;1;0;0;0;0
"07/07/2019";"07:36:00";"99";"sem vítima";"137";"BR-116/PR";"Norte";"Choque - Outros";4;0;0;0;0;0;0;0;0;0;4;0;0;0;0
"07/07/2019";"08:57:00";"106";"sem vítima";"137";"BR-116/PR";"Norte";"Colisão Traseira";2;0;0;0;0;0;0;0;0;0;2;0;0;0;0
"08/07/2019";"01:33:00";"13";"sem vítima";"131";"BR-116/PR";"Norte";"Choque - Elemento de Drenagem";1;0;0;0;0;0;0;0;0;0;1;0;0;0;0
"08/07/2019";"02:03:00";"17";"sem vítima";"179.5";"BR-116/SC";"Norte";"Choque - Suporte de Sinalização";1;0;0;0;0;0;0;0;0;0;1;0;0;0;0
"08/07/2019";"06:42:00";"29";"com vítima";"121.9";"BR-116/PR";"Norte";"Colisão Traseira";0;0;1;1;0;0;0;0;0;0;1;1;0;0;0
"08/07/2019";"08:35:00";"43";"sem vítima";"122.7";"BR-116/PR";"Norte";"Colisão Lateral";1;0;1;0;0;0;0;0;0;0;2;0;0;0;0
"09/07/2019";"11:23:00";"47";"sem vítima";"5.3";"BR-116/SC";"Sul";"Colisão Traseira";2;0;0;0;0;0;0;0;0;0;3;0;0;0;0
"09/07/2019";"12:27:00";"57";"com vítima";"166";"BR-116/PR";"Norte";"Colisão Traseira";2;0;0;0;0;0;0;0;0;0;0;2;0;0;0
"09/07/2019";"03:18:00";"85";"sem vítima";"134";"BR-116/PR";"Sul";"Colisão Traseira";2;0;0;0;0;0;0;0;0;0;2;0;0;0;0
"09/07/2019";"03:21:00";"86";"sem vítima";"125";"BR-116/PR";"Norte";"Colisão Traseira";2;0;0;0;0;0;0;0;0;0;2;0;0;0;0
"10/07/2019";"12:40:00";"52";"com vítima";"202.7";"BR-116/SC";"Sul";"Saida de Pista";1;0;0;0;0;0;0;0;0;0;0;1;0;0;0
"10/07/2019";"06:27:00";"79";"sem vítima";"119";"BR-116/PR";"Norte";"Colisão Traseira";2;0;0;0;0;0;0;0;0;0;2;0;0;0;0
"10/07/2019";"08:13:00";"89";"com vítima";"7";"BR-116/SC";"Sul";"Colisão Transversal";0;0;0;0;0;0;0;0;0;2;2;1;0;0;0
"10/07/2019";"10:30:00";"98";"sem vítima";"122.15";"BR-116/PR";"Sul";"Colisão Traseira";2;0;0;0;0;0;0;0;0;0;2;0;0;0;0
"11/07/2019";"11:02:00";"42";"sem vítima";"167";"BR-116/PR";"Sul";"Colisão Transversal";2;0;0;0;0;0;0;0;0;0;3;0;0;0;0
"11/07/2019";"04:03:00";"76";"sem vítima";"120.24";"BR-116/PR";"Sul";"Tombamento";0;0;1;0;0;0;0;0;0;0;1;0;0;0;0
"11/07/2019";"05:10:00";"82";"sem vítima";"119.5";"BR-116/PR";"Norte";"Colisão Traseira";0;0;0;1;0;0;0;0;0;1;2;0;0;0;0
"11/07/2019";"06:34:00";"94";"sem vítima";"119.5";"BR-116/PR";"Norte";"Engavetamento";4;0;0;0;0;0;0;0;0;0;4;0;0;0;0
"11/07/2019";"07:30:00";"99";"sem vítima";"251.3";"BR-116/SC";"Sul";"Colisão Transversal";2;0;0;0;0;0;0;0;0;0;4;0;0;0;0
"11/07/2019";"07:46:00";"102";"sem vítima";"153";"BR-116/PR";"Norte";"Colisão Traseira";0;0;2;0;0;0;0;0;0;0;2;0;0;0;0
"11/07/2019";"07:49:00";"103";"sem vítima";"164";"BR-116/PR";"Sul";"Atropelamento de Animal";1;0;0;0;0;0;0;0;0;0;1;0;0;0;0
"11/07/2019";"11:54:00";"114";"sem vítima";"142.5";"BR-116/SC";"Sul";"Colisão Lateral";1;0;0;0;0;1;0;0;0;0;2;0;0;0;0
"12/07/2019";"08:11:00";"29";"com vítima";"115.45";"BR-116/PR";"Norte";"Colisão Traseira";1;0;0;2;0;0;0;0;0;0;3;1;0;0;0
"12/07/2019";"08:53:00";"32";"sem vítima";"118.8";"BR-116/PR";"Norte";"Colisão Traseira";0;0;2;0;0;0;0;0;0;0;2;0;0;0;0
"12/07/2019";"10:13:00";"52";"sem vítima";"9.5";"BR-116/SC";"Sul";"Colisão Traseira";2;0;0;0;0;0;0;0;0;0;6;0;0;0;0
"12/07/2019";"02:36:00";"79";"sem vítima";"121.3";"BR-116/PR";"Sul";"Choque - Defensa, barreira ou "submarino"";0;0;1;0;0;0;0;0;0;0;1;0;0;0;0
"12/07/2019";"06:30:00";"105";"sem vítima";"118.9";"BR-116/PR";"Sul";"Engavetamento";1;0;0;0;0;4;0;0;0;0;5;0;0;0;0
"13/07/2019";"07:26:00";"24";"com vítima";"121.7";"BR-116/PR";"Norte";"Colisão Traseira";1;0;0;1;0;0;0;0;0;0;1;1;0;0;0
"13/07/2019";"09:29:00";"33";"sem vítima";"245";"BR-116/SC";"Sul";"Colisão Transversal";1;0;1;0;0;0;0;0;0;0;2;0;0;0;0
"13/07/2019";"12:45:00";"56";"com vítima";"195.9";"BR-116/PR";"Norte";"Colisão Traseira";0;0;1;1;0;0;0;0;0;0;1;1;0;0;0
"14/07/2019";"01:54:00";"11";"com vítima";"199.69";"BR-116/PR";"Sul";"Colisão Frontal";1;0;0;0;0;0;0;0;0;1;0;1;0;1;1
"14/07/2019";"05:43:00";"20";"sem vítima";"3.3";"BR-116/SC";"Sul";"Choque - Defensa, barreira ou "submarino"";1;0;0;0;0;0;0;0;0;0;1;0;0;0;0
"14/07/2019";"06:05:00";"66";"sem vítima";"166";"BR-116/PR";"Sul";"Tombamento";1;0;0;0;0;0;0;0;0;0;1;0;0;0;0
"14/07/2019";"06:25:00";"70";"sem vítima";"7.3";"BR-116/SC";"Norte";"Colisão Traseira";2;0;0;0;0;0;0;0;0;0;2;0;0;0;0
"14/07/2019";"07:11:00";"76";"sem vítima";"152.5";"BR-116/PR";"Sul";"Colisão Transversal";2;0;0;0;0;0;0;0;0;0;2;0;0;0;0
"15/07/2019";"08:28:00";"22";"sem vítima";"191.4";"BR-116/PR";"Sul";"Colisão Frontal";1;0;0;0;0;0;0;0;0;1;2;0;0;0;0
"15/07/2019";"10:03:00";"27";"com vítima";"124.4";"BR-116/PR";"Sul";"Choque - Veiculo parado na pista";0;0;1;1;0;0;0;0;0;0;1;1;0;0;0
"15/07/2019";"10:22:00";"29";"sem vítima";"166.2";"BR-116/PR";"Sul";"Colisão Transversal";2;0;0;0;0;0;0;0;0;0;3;0;0;0;0
"15/07/2019";"11:02:00";"34";"sem vítima";"122.1";"BR-116/PR";"Sul";"Colisão Lateral";1;0;0;0;0;1;0;0;0;0;2;0;0;0;0
"15/07/2019";"11:32:00";"42";"sem vítima";"144";"BR-116/PR";"Norte";"Colisão Traseira";1;0;1;0;0;0;0;0;0;0;2;0;0;0;0
"15/07/2019";"09:34:00";"91";"com vítima";"123";"BR-116/PR";"Sul";"Capotamento";1;0;0;0;0;0;0;0;0;0;0;0;0;2;0
"16/07/2019";"10:28:00";"50";"sem vítima";"193";"BR-116/PR";"Norte";"Colisão Traseira";1;0;2;0;0;0;0;0;0;0;7;0;0;0;0
"16/07/2019";"03:08:00";"75";"sem vítima";"46.2";"BR-116/SC";"Sul";"Colisão Lateral";2;0;0;0;0;0;0;0;0;0;4;0;0;0;0
"16/07/2019";"06:35:00";"95";"sem vítima";"63";"BR-116/SC";"Sul";"Tombamento";0;0;1;0;0;0;0;0;0;0;1;0;0;0;0
"17/07/2019";"07:51:00";"20";"com vítima";"121";"BR-116/PR";"Norte";"Queda de Moto";0;0;0;1;0;0;0;0;0;0;0;1;0;0;0
"17/07/2019";"08:34:00";"26";"com vítima";"117.5";"BR-116/PR";"Norte";"Queda de Moto";0;0;0;1;0;0;0;0;0;0;0;2;0;0;0
"18/07/2019";"12:14:00";"66";"sem vítima";"4.5";"BR-116/SC";"Sul";"Colisão Transversal";1;0;0;0;0;0;0;0;0;1;2;0;0;0;0
"19/07/2019";"12:08:00";"1";"sem vítima";"176.2";"BR-116/SC";"Sul";"Saida de Pista";0;0;0;0;0;0;0;0;0;1;1;0;0;0;0
"19/07/2019";"01:53:00";"66";"sem vítima";"245.3";"BR-116/SC";"Sul";"Colisão Traseira";1;0;1;0;0;0;0;0;0;0;2;0;0;0;0
"19/07/2019";"05:38:00";"91";"sem vítima";"67.2";"BR-116/SC";"Sul";"Engavetamento";3;0;0;0;0;0;0;0;0;0;3;0;0;0;0