data;horario;n_da_ocorrencia;tipo_de_ocorrencia;km;trecho;sentido;tipo_de_acidente;automovel;bicicleta;caminhao;moto;onibus;outros;tracao_animal;transporte_de_cargas_especiais;trator_maquinas;utilitarios;ilesos;levemente_feridos;moderadamente_feridos;gravemente_feridos;mortos
"19/07/2019";"08:53:00";"108";"sem vítima";"245";"BR-116/SC";"Norte";"Colisão Lateral";1;0;1;0;0;0;0;0;0;0;3;0;0;0;0
"19/07/2019";"11:05:00";"119";"sem vítima";"223";"BR-116/SC";"Norte";"Atropelamento de Animal";1;0;0;0;0;0;0;0;0;0;2;0;0;0;0
"20/07/2019";"04:46:00";"21";"sem vítima";"182.6";"BR-116/PR";"Sul";"Capotamento";1;0;0;0;0;0;0;0;0;0;1;0;0;0;0
"20/07/2019";"01:16:00";"59";"com vítima";"12.3";"BR-116/SC";"Norte";"Colisão Transversal";1;0;0;1;0;0;0;0;0;0;1;1;0;0;0
"21/07/2019";"08:06:00";"24";"com vítima";"128.8";"BR-116/PR";"Norte";"Colisão Traseira";1;1;0;0;0;0;0;0;0;0;1;1;0;0;0
"21/07/2019";"01:24:00";"41";"com vítima";"284.6";"BR-116/SC";"Norte";"Colisão Transversal";0;0;0;1;0;0;0;0;0;1;2;0;0;0;2
"21/07/2019";"03:54:00";"52";"sem vítima";"153.15";"BR-116/PR";"Sul";"Colisão Transversal";2;0;0;0;0;0;0;0;0;0;2;0;0;0;0
"21/07/2019";"05:11:00";"63";"sem vítima";"143";"BR-116/SC";"Norte";"Colisão Transversal";2;0;0;0;0;0;0;0;0;0;2;0;0;0;0
"22/07/2019";"01:57:00";"75";"sem vítima";"248";"BR-116/SC";"Norte";"Colisão Traseira";1;0;0;0;0;0;0;0;0;1;2;0;0;0;0
"22/07/2019";"03:08:00";"80";"com vítima";"152";"BR-116/PR";"Norte";"Colisão Traseira";1;0;0;0;0;1;0;0;0;0;1;1;0;0;0
"22/07/2019";"03:42:00";"82";"sem vítima";"111";"BR-116/SC";"Sul";"Colisão Lateral";0;0;1;0;0;0;0;0;0;1;5;0;0;0;0
"23/07/2019";"09:40:00";"36";"com vítima";"23";"BR-116/SC";"Sul";"Tombamento";0;0;1;0;0;0;0;0;0;0;1;1;0;0;0
"23/07/2019";"11:42:00";"45";"sem vítima";"118";"BR-116/PR";"Sul";"Colisão Traseira";0;0;2;0;0;0;0;0;0;0;4;0;0;0;0
"23/07/2019";"12:55:00";"54";"com vítima";"53.9";"BR-116/SC";"Sul";"Choque - Outros";1;0;0;0;0;0;0;0;0;0;0;1;0;0;0
"24/07/2019";"04:29:00";"98";"com vítima";"131";"BR-116/PR";"Sul";"Queda de Moto";0;0;0;1;0;0;0;0;0;0;0;1;0;0;0
"25/07/2019";"01:05:00";"9";"sem vítima";"117.15";"BR-116/PR";"Sul";"Tombamento";1;0;0;0;1;0;0;0;0;0;2;0;0;0;0
"25/07/2019";"11:55:00";"58";"com vítima";"262.05";"BR-116/SC";"Norte";"Saida de Pista";1;0;1;0;0;0;0;0;0;0;1;1;0;0;0
"25/07/2019";"02:45:00";"80";"com vítima";"180.5";"BR-116/PR";"Sul";"Capotamento";1;0;0;0;0;0;0;0;0;0;0;1;0;0;0
"25/07/2019";"05:01:00";"93";"sem vítima";"212";"BR-116/SC";"Norte";"Colisão Traseira";2;0;0;0;0;0;0;0;0;0;2;0;0;0;0
"25/07/2019";"05:46:00";"99";"sem vítima";"151";"BR-116/SC";"Norte";"Saida de Pista";1;0;0;0;0;0;0;0;0;0;1;0;0;0;0
"25/07/2019";"06:05:00";"101";"com vítima";"126.25";"BR-116/PR";"Sul";"Queda de Moto";0;0;0;1;0;0;0;0;0;0;1;1;0;0;0
"25/07/2019";"06:24:00";"105";"com vítima";"126.25";"BR-116/PR";"Norte";"Colisão Lateral";0;0;0;1;0;1;0;0;0;0;1;1;0;0;0
"26/07/2019";"07:26:00";"110";"com vítima";"153.8";"BR-116/PR";"Norte";"Colisão Traseira";1;0;1;0;0;0;0;0;0;0;1;1;0;0;0
"27/07/2019";"01:05:00";"61";"sem vítima";"134";"BR-116/PR";"Sul";"Colisão Traseira";2;0;0;0;0;0;0;0;0;0;3;0;0;0;0
"27/07/2019";"09:15:00";"101";"sem vítima";"139";"BR-116/SC";"Norte";"Colisão Transversal";2;0;0;0;0;0;0;0;0;0;2;0;0;0;0
"27/07/2019";"10:06:00";"105";"com vítima";"210.8";"BR-116/PR";"Sul";"Colisão Transversal";2;0;0;0;0;0;0;0;0;0;2;1;0;0;0
"28/07/2019";"12:00:00";"1";"com vítima";"125";"BR-116/PR";"Sul";"Colisão Lateral";1;0;0;1;0;0;0;0;0;0;1;1;0;0;0
"28/07/2019";"12:57:00";"61";"sem vítima";"117.5";"BR-116/PR";"Norte";"Colisão Traseira";2;0;0;0;0;0;0;0;0;0;3;0;0;0;0
"28/07/2019";"05:43:00";"93";"sem vítima";"106";"BR-116/SC";"Norte";"Saida de Pista";1;0;0;0;0;0;0;0;0;0;2;0;0;0;0
"28/07/2019";"09:36:00";"123";"sem vítima";"213";"BR-116/SC";"Norte";"Capotamento";1;0;0;0;0;0;0;0;0;0;1;0;0;0;0
"29/07/2019";"12:33:00";"11";"sem vítima";"115";"BR-116/SC";"Norte";"Saida de Pista";1;0;0;0;0;0;0;0;0;0;2;0;0;0;0
"29/07/2019";"07:48:00";"27";"sem vítima";"124.5";"BR-116/PR";"Norte";"Colisão Lateral";0;0;0;1;0;1;0;0;0;0;2;0;0;0;0
"29/07/2019";"04:43:00";"90";"sem vítima";"116";"BR-116/PR";"Norte";"Colisão Traseira";2;0;0;0;0;0;0;0;0;0;3;0;0;0;0
"31/07/2019";"07:16:00";"21";"com vítima";"116.6";"BR-116/PR";"Norte";"Colisão Lateral";1;0;0;1;0;0;0;0;0;0;1;1;0;0;0
"31/07/2019";"07:25:00";"92";"sem vítima";"129";"BR-116/PR";"Norte";"Colisão Transversal";1;0;0;0;1;0;0;0;0;0;2;0;0;0;0
"31/07/2019";"09:09:00";"102";"sem vítima";"166.85";"BR-116/PR";"Norte";"Tombamento";0;0;1;0;0;0;0;0;0;0;1;0;0;0;0
"01/08/2019";"08:11:00";"100";"com vítima";"217";"BR-116/SC";"Sul";"Colisão Frontal";1;0;0;1;0;0;0;0;0;0;1;0;0;1;0
"02/08/2019";"06:45:00";"20";"sem vítima";"123.8";"BR-116/PR";"Norte";"Engavetamento";2;0;0;1;0;0;0;0;0;0;3;0;0;0;0
"02/08/2019";"02:38:00";"51";"sem vítima";"12";"BR-116/SC";"Sul";"Colisão Transversal";1;0;1;0;0;0;0;0;0;0;3;0;0;0;0
"02/08/2019";"06:26:00";"75";"sem vítima";"139.8";"BR-116/SC";"Norte";"Colisão Transversal";2;0;0;0;0;0;0;0;0;0;2;0;0;0;0
"03/08/2019";"04:46:00";"16";"sem vítima";"125.8";"BR-116/PR";"Norte";"Colisão Traseira";2;0;0;0;0;0;0;0;0;0;2;0;0;0;0
"03/08/2019";"01:20:00";"58";"sem vítima";"256.8";"BR-116/SC";"Sul";"Saida de Pista";0;0;1;0;0;0;0;0;0;0;1;0;0;0;0
"03/08/2019";"09:01:00";"97";"sem vítima";"117.485";"BR-116/PR";"Sul";"Colisão Traseira";1;0;0;1;0;0;0;0;0;0;2;0;0;0;0
"03/08/2019";"09:54:00";"100";"sem vítima";"121";"BR-116/SC";"Norte";"Colisão Traseira";0;0;1;0;0;1;0;0;0;0;3;0;0;0;0
"04/08/2019";"01:35:00";"51";"sem vítima";"36";"BR-116/SC";"Sul";"Colisão Traseira";2;0;0;0;0;0;0;0;0;0;4;0;0;0;0
"05/08/2019";"02:47:00";"72";"com vítima";"253.76";"BR-116/SC";"Sul";"Colisão Traseira";1;0;1;1;0;0;0;0;0;0;2;1;0;0;0
"05/08/2019";"06:21:00";"95";"com vítima";"198.2";"BR-116/PR";"Sul";"Choque - Suporte de Sinalização";0;0;0;1;0;0;0;0;0;0;1;1;0;0;0
"06/08/2019";"05:51:00";"15";"com vítima";"120.575";"BR-116/PR";"Norte";"Queda de Moto";0;0;0;1;0;1;0;0;0;0;2;1;0;0;0
"06/08/2019";"06:10:00";"18";"sem vítima";"120";"BR-116/PR";"Norte";"Engavetamento";1;0;0;0;0;4;0;0;0;0;5;0;0;0;0
"06/08/2019";"07:54:00";"25";"sem vítima";"125";"BR-116/PR";"Norte";"Colisão Traseira";1;0;0;0;0;1;0;0;0;0;2;0;0;0;0
"06/08/2019";"02:32:00";"59";"com vítima";"119.3";"BR-116/PR";"Sul";"Engavetamento";1;0;2;0;0;1;0;0;0;0;4;2;0;0;0
"06/08/2019";"04:44:00";"70";"sem vítima";"160.4";"BR-116/PR";"Norte";"Choque - Talude";0;0;1;0;0;0;0;0;0;0;1;0;0;0;0
"06/08/2019";"05:02:00";"71";"com vítima";"118.8";"BR-116/PR";"Sul";"Queda de Moto";0;0;0;1;0;0;0;0;0;0;0;1;0;0;0
"07/08/2019";"10:54:00";"53";"sem vítima";"84";"BR-116/SC";"Norte";"Colisão Lateral";1;0;1;0;0;0;0;0;0;0;2;0;0;0;0
"07/08/2019";"01:37:00";"76";"sem vítima";"176.5";"BR-116/PR";"Sul";"Colisão Transversal";0;0;2;0;0;0;0;0;0;0;2;0;0;0;0
"07/08/2019";"02:40:00";"80";"sem vítima";"4.5";"BR-116/SC";"Sul";"Tombamento";0;0;1;0;0;0;0;0;0;0;1;0;0;0;0
"08/08/2019";"07:04:00";"19";"sem vítima";"5.7";"BR-116/SC";"Norte";"Colisão Transversal";1;0;0;0;0;1;0;0;0;0;2;0;0;0;0
"08/08/2019";"10:54:00";"100";"com vítima";"115.79";"BR-116/PR";"Norte";"Colisão Transversal";1;0;0;1;0;0;0;0;0;0;1;1;0;0;0
"09/08/2019";"07:14:00";"21";"com vítima";"116.7";"BR-116/PR";"Norte";"Colisão Lateral";1;0;0;1;0;0;0;0;0;0;3;1;0;0;0
"09/08/2019";"06:16:00";"90";"sem vítima";"115.8";"BR-116/PR";"Norte";"Colisão Traseira";1;0;0;1;0;0;0;0;0;0;2;0;0;0;0
"09/08/2019";"10:48:00";"114";"com vítima";"27.2";"BR-116/SC";"Norte";"Colisão Traseira";0;0;0;1;0;1;0;0;0;0;1;0;0;0;1
"09/08/2019";"11:54:00";"118";"com vítima";"238";"BR-116/SC";"Sul";"Colisão Lateral";1;0;0;1;0;0;0;0;0;0;1;0;0;1;0
"10/08/2019";"07:52:00";"23";"com vítima";"121.6";"BR-116/PR";"Sul";"Colisão Traseira";1;0;0;1;0;0;0;0;0;0;2;1;0;0;0
"10/08/2019";"05:04:00";"88";"sem vítima";"117";"BR-116/PR";"Sul";"Colisão Traseira";2;0;0;0;0;0;0;0;0;0;3;0;0;0;0
"11/08/2019";"04:50:00";"75";"sem vítima";"268.75";"BR-116/SC";"Sul";"Colisão Transversal";2;0;0;0;0;0;0;0;0;0;2;0;0;0;0
"11/08/2019";"06:47:00";"88";"com vítima";"116.5";"BR-116/PR";"Norte";"Colisão Lateral";1;0;0;1;0;0;0;0;0;0;1;2;0;0;0
"11/08/2019";"07:49:00";"93";"sem vítima";"120";"BR-116/PR";"Norte";"Engavetamento";5;0;0;0;0;1;0;0;0;0;14;0;0;0;0
"12/08/2019";"10:44:00";"40";"sem vítima";"235";"BR-116/SC";"Sul";"Saida de Pista";1;0;0;0;0;1;0;0;0;0;2;0;0;0;0
"13/08/2019";"11:09:00";"101";"sem vítima";"119";"BR-116/PR";"Sul";"Engavetamento";3;0;0;0;0;0;0;0;0;0;3;0;0;0;0
"14/08/2019";"12:29:00";"61";"com vítima";"85.9";"BR-116/SC";"Norte";"Colisão Lateral";1;0;0;0;0;1;0;0;0;0;1;1;0;0;0
"14/08/2019";"06:32:00";"104";"com vítima";"118.9";"BR-116/PR";"Sul";"Engavetamento";4;0;0;0;0;0;0;0;0;0;3;1;0;0;0
"14/08/2019";"07:14:00";"110";"sem vítima";"175.5";"BR-116/PR";"Sul";"Colisão Lateral";0;0;0;1;0;1;0;0;0;0;2;0;0;0;0
"15/08/2019";"07:52:00";"20";"sem vítima";"209.5";"BR-116/PR";"Norte";"Colisão Traseira";2;0;0;0;0;0;0;0;0;0;2;0;0;0;0
"15/08/2019";"12:24:00";"55";"sem vítima";"173";"BR-116/PR";"Sul";"Colisão Lateral";2;0;0;0;0;0;0;0;0;0;2;0;0;0;0
"15/08/2019";"05:49:00";"84";"sem vítima";"243.6";"BR-116/SC";"Sul";"Choque - Outros";1;0;0;0;0;0;0;0;0;0;1;0;0;0;0
"15/08/2019";"06:56:00";"87";"sem vítima";"118";"BR-116/PR";"Sul";"Colisão Lateral";1;0;1;0;0;0;0;0;0;0;2;0;0;0;0
"16/08/2019";"11:20:00";"46";"sem vítima";"117";"BR-116/PR";"Sul";"Colisão Lateral";1;0;0;0;0;1;0;0;0;0;2;0;0;0;0
"17/08/2019";"12:26:00";"11";"com vítima";"140.2";"BR-116/SC";"Sul";"Capotamento";1;0;0;0;0;0;0;0;0;0;5;1;0;0;0
"17/08/2019";"02:16:00";"46";"com vítima";"4.9";"BR-116/SC";"Norte";"Colisão Frontal";1;0;1;0;0;0;0;0;0;0;3;1;0;0;0
"17/08/2019";"03:58:00";"54";"sem vítima";"221.6";"BR-116/SC";"Sul";"Colisão Transversal";1;0;1;0;0;0;0;0;0;0;2;0;0;0;0
"18/08/2019";"11:14:00";"28";"com vítima";"107.7";"BR-116/SC";"Sul";"Choque - Talude";0;0;0;1;0;0;0;0;0;0;0;1;0;0;0
"18/08/2019";"05:10:00";"50";"sem vítima";"135.2";"BR-116/PR";"Norte";"Engavetamento";3;0;0;0;0;0;0;0;0;0;6;0;0;0;0
"18/08/2019";"06:31:00";"58";"sem vítima";"153";"BR-116/PR";"Norte";"Colisão Traseira";1;0;0;0;0;0;0;0;0;1;3;0;0;0;0
"18/08/2019";"06:50:00";"61";"sem vítima";"210.8";"BR-116/PR";"Norte";"Colisão Transversal";1;0;1;0;0;0;0;0;0;0;5;0;0;0;0
"18/08/2019";"11:41:00";"78";"sem vítima";"140";"BR-116/SC";"Norte";"Saida de Pista";1;0;0;0;0;0;0;0;0;0;1;0;0;0;0
"19/08/2019";"12:44:00";"7";"com vítima";"39";"BR-116/SC";"Sul";"Saida de Pista";0;0;1;0;0;0;0;0;0;0;0;1;0;0;0
"19/08/2019";"05:36:00";"11";"com vítima";"121.1";"BR-116/PR";"Norte";"Choque - Defensa, barreira ou "submarino"";1;0;0;0;0;0;0;0;0;0;0;1;0;0;0
"19/08/2019";"06:46:00";"14";"com vítima";"103.5";"BR-116/SC";"Norte";"Choque - Talude";1;0;0;0;0;0;0;0;0;0;0;1;0;0;0
"19/08/2019";"08:08:00";"23";"sem vítima";"120.3";"BR-116/PR";"Norte";"Colisão Traseira";1;0;0;1;0;0;0;0;0;0;2;0;0;0;0
"19/08/2019";"02:13:00";"60";"sem vítima";"86.6";"BR-116/SC";"Sul";"Colisão Lateral";1;0;1;0;0;0;0;0;0;0;2;0;0;0;0
"19/08/2019";"07:09:00";"85";"com vítima";"152";"BR-116/PR";"Sul";"Colisão Traseira";0;0;1;1;0;0;0;0;0;0;1;1;0;0;0
"19/08/2019";"07:38:00";"86";"com vítima";"150";"BR-116/PR";"Norte";"Colisão Transversal";2;0;0;0;0;0;0;0;0;0;2;1;0;0;0
"19/08/2019";"08:21:00";"89";"sem vítima";"233.7";"BR-116/SC";"Sul";"Tombamento";0;0;1;0;0;0;0;0;0;0;1;0;0;0;0
"20/08/2019";"06:37:00";"98";"com vítima";"245.6";"BR-116/SC";"Norte";"Colisão Traseira";0;0;2;0;0;0;0;0;0;0;1;1;0;0;0
"20/08/2019";"07:34:00";"106";"com vítima";"140";"BR-116/PR";"Sul";"Atropelamento - Outros";1;0;0;0;0;0;0;0;0;0;1;1;0;0;0
"21/08/2019";"02:02:00";"62";"sem vítima";"185";"BR-116/SC";"Norte";"Colisão Lateral";0;0;2;0;0;0;0;0;0;0;2;0;0;0;0
"21/08/2019";"10:17:00";"106";"sem vítima";"126.1";"BR-116/PR";"Norte";"Colisão Lateral";1;0;1;0;0;0;0;0;0;0;3;0;0;0;0
"22/08/2019";"02:52:00";"13";"com vítima";"121.2";"BR-116/PR";"Norte";"Choque - Defensa, barreira ou "submarino"";1;0;0;0;0;1;0;0;0;0;2;1;0;0;0
"22/08/2019";"09:32:00";"37";"sem vítima";"62.3";"BR-116/SC";"Norte";"Choque - Talude";2;0;0;0;0;0;0;0;0;0;2;0;0;0;0
"22/08/2019";"11:21:00";"53";"sem vítima";"124";"BR-116/PR";"Norte";"Colisão Traseira";0;0;2;0;0;0;0;0;0;0;2;0;0;0;0
"22/08/2019";"04:04:00";"83";"sem vítima";"205";"BR-116/PR";"Sul";"Colisão Transversal";1;0;1;0;0;0;0;0;0;0;2;0;0;0;0
"22/08/2019";"11:25:00";"116";"sem vítima";"217.9";"BR-116/SC";"Sul";"Saida de Pista";1;0;0;0;0;0;0;0;0;0;1;0;0;0;0
"24/08/2019";"03:08:00";"51";"sem vítima";"126";"BR-116/PR";"Norte";"Engavetamento";2;0;0;0;0;1;0;0;0;0;3;0;0;0;0
"24/08/2019";"04:06:00";"56";"sem vítima";"239";"BR-116/SC";"Norte";"Colisão Transversal";1;0;1;0;0;0;0;0;0;0;2;0;0;0;0
"24/08/2019";"07:09:00";"71";"com vítima";"166.6";"BR-116/SC";"Sul";"Colisão Transversal";1;0;1;0;0;0;0;0;0;0;1;1;0;0;0
"24/08/2019";"09:07:00";"84";"sem vítima";"140";"BR-116/SC";"Norte";"Colisão Lateral";2;0;0;0;0;0;0;0;0;0;5;0;0;0;0
"24/08/2019";"09:09:00";"86";"sem vítima";"12";"BR-116/SC";"Sul";"Colisão Transversal";1;0;1;0;0;0;0;0;0;0;2;0;0;0;0
"25/08/2019";"08:24:00";"20";"sem vítima";"115.4";"BR-116/PR";"Norte";"Colisão Lateral";2;0;0;0;0;0;0;0;0;0;2;0;0;0;0
"25/08/2019";"02:04:00";"49";"com vítima";"126";"BR-116/PR";"Norte";"Colisão Lateral";1;0;0;1;0;0;0;0;0;0;1;1;0;0;0
"25/08/2019";"06:23:00";"74";"com vítima";"70.5";"BR-116/SC";"Sul";"Colisão Traseira";1;0;0;1;0;0;0;0;0;0;1;0;0;2;0
"25/08/2019";"06:50:00";"76";"sem vítima";"50.3";"BR-116/SC";"Norte";"Choque - Defensa, barreira ou "submarino"";2;0;0;0;0;0;0;0;0;0;2;0;0;0;0
"25/08/2019";"08:39:00";"87";"com vítima";"52.2";"BR-116/SC";"Sul";"Queda de Moto";0;0;0;1;0;0;0;0;0;0;0;0;0;1;0
"25/08/2019";"10:06:00";"92";"sem vítima";"115.2";"BR-116/PR";"Sul";"Saida de Pista";1;0;0;0;0;0;0;0;0;0;1;0;0;0;0
"25/08/2019";"10:44:00";"93";"sem vítima";"125.6";"BR-116/PR";"Sul";"Choque - Elemento de Drenagem";1;0;0;0;0;0;0;0;0;0;1;0;0;0;0
"26/08/2019";"07:08:00";"28";"com vítima";"124.05";"BR-116/PR";"Norte";"Colisão Lateral";2;0;0;1;0;0;0;0;0;0;3;1;0;0;0
"26/08/2019";"07:19:00";"30";"sem vítima";"169.25";"BR-116/SC";"Sul";"Tombamento";0;0;1;0;0;0;0;0;0;0;1;0;0;0;0
"26/08/2019";"10:58:00";"55";"sem vítima";"140.6";"BR-116/SC";"Sul";"Tombamento";0;0;1;0;0;0;0;0;0;0;1;0;0;0;0
"27/08/2019";"01:02:00";"64";"com vítima";"117.6";"BR-116/PR";"Sul";"Colisão Traseira";1;0;0;1;0;0;0;0;0;0;1;1;0;0;0
"28/08/2019";"02:19:00";"52";"com vítima";"118.219";"BR-116/PR";"Sul";"Atropelamento - Ciclista";0;1;1;0;0;0;0;0;0;0;1;0;0;0;1
"28/08/2019";"08:09:00";"90";"sem vítima";"258.9";"BR-116/SC";"Sul";"Colisão Traseira";0;0;1;0;0;1;0;0;0;1;7;0;0;0;0
"28/08/2019";"08:41:00";"95";"sem vítima";"124";"BR-116/SC";"Norte";"Colisão Lateral";1;0;1;0;0;0;0;0;0;0;2;0;0;0;0
"29/08/2019";"08:10:00";"32";"sem vítima";"115.8";"BR-116/PR";"Norte";"Colisão Traseira";1;0;1;0;0;0;0;0;0;0;2;0;0;0;0
"30/08/2019";"07:26:00";"96";"sem vítima";"124";"BR-116/PR";"Sul";"Colisão Traseira";3;0;0;0;0;0;0;0;0;0;3;0;0;0;0
"30/08/2019";"08:50:00";"103";"sem vítima";"209";"BR-116/SC";"Sul";"Choque - Talude";1;0;0;0;0;0;0;0;0;0;1;0;0;0;0
"31/08/2019";"04:10:00";"16";"sem vítima";"115";"BR-116/PR";"Norte";"Saida de Pista";1;0;0;0;0;0;0;0;0;0;1;0;0;0;0
"31/08/2019";"02:24:00";"61";"sem vítima";"184";"BR-116/SC";"Sul";"Colisão Traseira";2;0;0;0;0;0;0;0;0;0;2;0;0;0;0
"31/08/2019";"06:37:00";"81";"sem vítima";"117.4";"BR-116/PR";"Norte";"Colisão Lateral";2;0;0;0;0;0;0;0;0;0;2;0;0;0;0
"31/08/2019";"07:23:00";"85";"sem vítima";"88";"BR-116/SC";"Sul";"Saida de Pista";1;0;0;0;0;0;0;0;0;0;3;0;0;0;0
"31/08/2019";"11:41:00";"101";"com vítima";"155";"BR-116/PR";"Norte";"Queda de Moto";0;0;0;1;0;0;0;0;0;0;0;1;0;0;0
"01/09/2019";"12:09:00";"7";"com vítima";"140.5";"BR-116/SC";"Sul";"Capotamento";1;0;0;0;0;0;0;0;0;0;0;2;0;0;0
"01/09/2019";"01:36:00";"11";"sem vítima";"197.7";"BR-116/SC";"Sul";"Choque - Defensa, barreira ou "submarino"";0;0;1;0;0;0;0;0;0;0;1;0;0;0;0
"01/09/2019";"11:59:00";"38";"sem vítima";"3.5";"BR-116/SC";"Sul";"Colisão Traseira";2;0;0;0;0;0;0;0;0;0;2;0;0;0;0
"01/09/2019";"02:54:00";"45";"sem vítima";"117";"BR-116/PR";"Norte";"Colisão Lateral";2;0;0;0;0;0;0;0;0;0;2;0;0;0;0
"01/09/2019";"06:09:00";"62";"sem vítima";"167";"BR-116/PR";"Norte";"Saida de Pista";1;0;0;0;0;0;0;0;0;0;1;0;0;0;0
"01/09/2019";"10:23:00";"78";"sem vítima";"135";"BR-116/PR";"Norte";"Saida de Pista";1;0;0;0;0;0;0;0;0;0;2;0;0;0;0
"02/09/2019";"03:08:00";"9";"com vítima";"237.6";"BR-116/SC";"Sul";"Atropelamento - Ciclista";0;1;0;0;0;1;0;0;0;0;1;0;0;0;1
"02/09/2019";"08:06:00";"28";"com vítima";"190.2";"BR-116/SC";"Sul";"Colisão Lateral";1;0;1;0;0;0;0;0;0;0;3;1;0;0;0
"02/09/2019";"12:49:00";"52";"sem vítima";"4.5";"BR-116/SC";"Sul";"Colisão Lateral";2;0;0;0;0;0;0;0;0;0;2;0;0;0;0
"02/09/2019";"03:55:00";"70";"com vítima";"117.8";"BR-116/SC";"Sul";"Tombamento";0;0;2;0;0;0;0;0;0;0;1;1;0;0;0
"02/09/2019";"06:36:00";"89";"sem vítima";"120";"BR-116/PR";"Sul";"Queda de Moto";0;0;0;1;0;0;0;0;0;0;1;0;0;0;0
"02/09/2019";"09:20:00";"95";"sem vítima";"114";"BR-116/SC";"Sul";"Colisão Traseira";0;0;2;0;0;0;0;0;0;0;2;0;0;0;0
"03/09/2019";"03:24:00";"15";"sem vítima";"165";"BR-116/PR";"Norte";"Saida de Pista";1;0;0;0;0;0;0;0;0;0;1;0;0;0;0
"03/09/2019";"09:19:00";"88";"sem vítima";"285";"BR-116/SC";"Norte";"Colisão Traseira";1;0;0;0;0;0;0;0;0;1;2;0;0;0;0
"04/09/2019";"02:26:00";"62";"com vítima";"309";"BR-116/SC";"Norte";"Tombamento";0;0;1;0;0;0;0;0;0;0;0;1;0;0;0
"05/09/2019";"06:57:00";"20";"sem vítima";"122";"BR-116/PR";"Norte";"Colisão Lateral";0;0;1;1;0;0;0;0;0;0;2;0;0;0;0
"05/09/2019";"06:27:00";"75";"com vítima";"251.7";"BR-116/SC";"Norte";"Capotamento";1;0;0;0;0;0;0;0;0;0;0;3;0;0;0
"05/09/2019";"11:14:00";"87";"com vítima";"147.8";"BR-116/PR";"Norte";"Choque - Suporte de Sinalização";0;0;1;0;0;0;0;0;0;0;0;1;0;0;0
"06/09/2019";"08:49:00";"27";"sem vítima";"258.1";"BR-116/SC";"Sul";"Colisão Lateral";1;0;1;0;0;0;0;0;0;0;3;0;0;0;0
"06/09/2019";"02:48:00";"55";"com vítima";"237";"BR-116/SC";"Norte";"Colisão Traseira";2;0;0;0;0;0;0;0;0;0;1;1;0;0;0
"06/09/2019";"03:50:00";"60";"sem vítima";"49.45";"BR-116/SC";"Norte";"Saida de Pista";1;0;0;0;0;0;0;0;0;0;3;0;0;0;0
"06/09/2019";"09:39:00";"81";"com vítima";"146.5";"BR-116/SC";"Norte";"Saida de Pista";0;0;1;0;0;0;0;0;0;0;0;1;0;0;0
"07/09/2019";"06:42:00";"18";"sem vítima";"127.5";"BR-116/PR";"Norte";"Choque - Elemento de Drenagem";0;0;0;0;0;1;0;0;0;0;1;0;0;0;0
"07/09/2019";"11:41:00";"111";"sem vítima";"194";"BR-116/SC";"Sul";"Saida de Pista";1;0;0;0;0;0;0;0;0;0;1;0;0;0;0
"08/09/2019";"01:54:00";"11";"com vítima";"65.9";"BR-116/SC";"Sul";"Choque - Arvore";1;0;0;0;0;0;0;0;0;0;0;2;0;0;0
"08/09/2019";"02:19:00";"13";"sem vítima";"118";"BR-116/PR";"Sul";"Colisão Traseira";1;0;0;0;0;1;0;0;0;0;2;0;0;0;0
"08/09/2019";"02:47:00";"16";"sem vítima";"203.35";"BR-116/SC";"Norte";"Choque - Defensa, barreira ou "submarino"";1;0;0;0;0;0;0;0;0;0;4;0;0;0;0
"08/09/2019";"09:59:00";"40";"com vítima";"74";"BR-116/SC";"Norte";"Capotamento";1;0;0;0;0;0;0;0;0;0;0;0;0;1;0
"08/09/2019";"12:03:00";"46";"com vítima";"90";"BR-116/SC";"Sul";"Queda de Moto";0;0;0;1;0;0;0;0;0;0;0;1;0;0;0
"08/09/2019";"03:06:00";"64";"sem vítima";"5.9";"BR-116/SC";"Norte";"Colisão Traseira";1;0;0;0;0;1;0;0;0;0;2;0;0;0;0
"08/09/2019";"04:24:00";"77";"com vítima";"193.3";"BR-116/SC";"Sul";"Colisão Transversal";2;0;0;0;0;0;0;0;0;0;0;4;0;0;0
"08/09/2019";"05:15:00";"83";"com vítima";"136";"BR-116/PR";"Norte";"Queda de Moto";0;0;0;1;0;0;0;0;0;0;0;1;0;0;0
"08/09/2019";"05:35:00";"86";"sem vítima";"150.9";"BR-116/PR";"Norte";"Colisão Traseira";1;0;0;0;0;1;0;0;0;0;2;0;0;0;0
"09/09/2019";"03:26:00";"14";"com vítima";"260";"BR-116/SC";"Sul";"Saida de Pista";1;0;0;0;0;0;0;0;0;0;0;2;0;0;0
"09/09/2019";"02:20:00";"63";"sem vítima";"128.7";"BR-116/PR";"Sul";"Choque - Defensa, barreira ou "submarino"";0;0;1;0;0;0;0;0;0;0;1;0;0;0;0
"09/09/2019";"04:39:00";"76";"com vítima";"169";"BR-116/SC";"Sul";"Choque - Talude";1;0;0;0;0;0;0;0;0;0;0;4;0;0;0
"09/09/2019";"08:59:00";"103";"com vítima";"76.2";"BR-116/SC";"Sul";"Atropelamento - Outros";1;0;0;0;0;0;0;0;0;0;1;0;0;0;1
"10/09/2019";"10:46:00";"54";"sem vítima";"120.8";"BR-116/PR";"Norte";"Colisão Lateral";1;0;1;0;0;0;0;0;0;0;3;0;0;0;0