data;horario;n_da_ocorrencia;tipo_de_ocorrencia;km;trecho;sentido;tipo_de_acidente;automovel;bicicleta;caminhao;moto;onibus;outros;tracao_animal;transporte_de_cargas_especiais;trator_maquinas;utilitarios;ilesos;levemente_feridos;moderadamente_feridos;gravemente_feridos;mortos
"10/09/2019";"12:30:00";"62";"sem vítima";"174";"BR-116/PR";"Sul";"Colisão Lateral";0;0;1;0;0;1;0;0;0;0;2;0;0;0;0
"10/09/2019";"10:49:00";"132";"sem vítima";"136.6";"BR-116/PR";"Norte";"Choque - Elemento de Drenagem";1;0;0;0;0;0;0;0;0;0;1;0;0;0;0
"11/09/2019";"07:34:00";"22";"sem vítima";"117.6";"BR-116/PR";"Norte";"Tombamento";0;0;1;0;0;0;0;0;0;0;1;0;0;0;0
"11/09/2019";"04:46:00";"90";"sem vítima";"254";"BR-116/SC";"Norte";"Colisão Traseira";1;0;1;0;0;0;0;0;0;0;2;0;0;0;0
"11/09/2019";"06:28:00";"105";"sem vítima";"116";"BR-116/PR";"Sul";"Colisão Transversal";1;0;0;1;0;0;0;0;0;0;2;0;0;0;0
"12/09/2019";"11:53:00";"65";"sem vítima";"2";"BR-116/SC";"Sul";"Outros";1;0;0;0;0;0;0;0;0;0;1;0;0;0;0
"12/09/2019";"12:26:00";"72";"com vítima";"48.3";"BR-116/SC";"Norte";"Tombamento";0;0;2;0;0;0;0;0;0;0;1;1;0;0;0
"12/09/2019";"01:16:00";"75";"sem vítima";"126";"BR-116/PR";"Sul";"Colisão Traseira";0;0;1;0;0;0;0;0;0;1;2;0;0;0;0
"12/09/2019";"07:15:00";"111";"sem vítima";"168.3";"BR-116/SC";"Sul";"Colisão Lateral";1;0;0;0;0;0;0;0;0;0;2;0;0;0;0
"13/09/2019";"08:14:00";"39";"com vítima";"2.5";"BR-116/SC";"Sul";"Colisão Traseira";2;0;0;0;0;0;0;0;0;0;1;2;0;0;0
"13/09/2019";"03:45:00";"91";"com vítima";"117";"BR-116/PR";"Sul";"Colisão Transversal";1;0;0;1;0;0;0;0;0;0;2;1;0;0;0
"14/09/2019";"06:30:00";"19";"com vítima";"117.2";"BR-116/PR";"Sul";"Capotamento";1;0;0;0;0;0;0;0;0;0;0;1;0;0;0
"14/09/2019";"08:42:00";"27";"sem vítima";"122";"BR-116/PR";"Sul";"Engavetamento";2;0;0;0;0;2;0;0;0;0;4;0;0;0;0
"14/09/2019";"11:49:00";"42";"com vítima";"167.7";"BR-116/PR";"Sul";"Colisão Lateral";0;0;1;0;0;1;0;0;0;0;1;1;0;0;0
"14/09/2019";"03:06:00";"60";"sem vítima";"55";"BR-116/SC";"Sul";"Colisão Lateral";0;0;2;0;0;0;0;0;0;0;2;0;0;0;0
"14/09/2019";"05:31:00";"76";"com vítima";"182.5";"BR-116/SC";"Norte";"Engavetamento";2;0;1;0;0;0;0;0;0;0;2;2;0;0;0
"15/09/2019";"03:59:00";"13";"sem vítima";"117.2";"BR-116/PR";"Sul";"Choque - Elemento de Drenagem";1;0;0;0;0;0;0;0;0;0;1;0;0;0;0
"15/09/2019";"06:22:00";"15";"com vítima";"126.2";"BR-116/PR";"Sul";"Capotamento";1;0;0;0;0;0;0;0;0;0;2;1;0;0;0
"15/09/2019";"08:12:00";"18";"sem vítima";"130.8";"BR-116/PR";"Norte";"Colisão Lateral";2;0;0;0;0;0;0;0;0;0;2;0;0;0;0
"15/09/2019";"07:38:00";"76";"sem vítima";"152";"BR-116/PR";"Sul";"Colisão Transversal";2;0;0;0;0;0;0;0;0;0;2;0;0;0;0
"17/09/2019";"02:35:00";"14";"sem vítima";"261.95";"BR-116/SC";"Sul";"Capotamento";0;0;1;0;0;0;0;0;0;0;1;0;0;0;0
"17/09/2019";"07:57:00";"24";"com vítima";"118";"BR-116/PR";"Sul";"Colisão Traseira";1;0;0;1;0;0;0;0;0;0;1;1;0;0;0
"17/09/2019";"08:11:00";"28";"com vítima";"122.75";"BR-116/PR";"Sul";"Colisão Traseira";1;0;0;1;0;0;0;0;0;0;1;1;0;0;0
"17/09/2019";"09:52:00";"40";"sem vítima";"118";"BR-116/PR";"Norte";"Colisão Lateral";1;0;1;0;0;0;0;0;0;0;2;0;0;0;0
"17/09/2019";"03:11:00";"70";"sem vítima";"134.015";"BR-116/PR";"Norte";"Saida de Pista";1;0;0;0;0;0;0;0;0;0;1;0;0;0;0
"18/09/2019";"06:56:00";"19";"sem vítima";"119";"BR-116/PR";"Norte";"Engavetamento";3;0;0;0;0;0;0;0;0;0;3;0;0;0;0
"18/09/2019";"05:38:00";"77";"com vítima";"135.151";"BR-116/PR";"Norte";"Capotamento";1;0;0;0;0;0;0;0;0;0;1;2;0;0;0
"19/09/2019";"01:45:00";"9";"sem vítima";"119";"BR-116/PR";"Norte";"Colisão Lateral";3;0;0;0;0;0;0;0;0;0;3;0;0;0;0
"19/09/2019";"06:00:00";"17";"sem vítima";"131";"BR-116/PR";"Sul";"Choque - Defensa, barreira ou "submarino"";1;0;0;0;0;0;0;0;0;0;1;0;0;0;0
"19/09/2019";"12:09:00";"54";"sem vítima";"170";"BR-116/PR";"Sul";"Saida de Pista";1;0;0;0;0;0;0;0;0;0;1;0;0;0;0
"19/09/2019";"01:55:00";"60";"sem vítima";"128";"BR-116/PR";"Norte";"Saida de Pista";1;0;0;0;0;0;0;0;0;0;1;0;0;0;0
"19/09/2019";"04:03:00";"69";"sem vítima";"93.9";"BR-116/SC";"Norte";"Saida de Pista";0;0;1;0;0;0;0;0;0;0;1;0;0;0;0
"19/09/2019";"06:55:00";"80";"com vítima";"210";"BR-116/PR";"Sul";"Colisão Transversal";1;0;0;1;0;0;0;0;0;0;1;2;0;0;0
"19/09/2019";"10:17:00";"93";"sem vítima";"250";"BR-116/SC";"Norte";"Capotamento";1;0;0;0;0;0;0;0;0;0;1;0;0;0;0
"19/09/2019";"11:22:00";"96";"com vítima";"115.349";"BR-116/PR";"Norte";"Colisão Traseira";2;0;0;0;0;0;0;0;0;0;1;1;0;0;0
"19/09/2019";"11:44:00";"97";"com vítima";"125.4";"BR-116/PR";"Norte";"Choque - Suporte de Sinalização";1;0;0;0;0;0;0;0;0;0;0;1;0;0;0
"19/09/2019";"11:52:00";"98";"sem vítima";"115.2";"BR-116/PR";"Norte";"Colisão Transversal";2;0;0;0;0;0;0;0;0;0;2;0;0;0;0
"20/09/2019";"07:32:00";"15";"sem vítima";"123";"BR-116/SC";"Sul";"Choque - Talude";1;0;0;0;0;0;0;0;0;0;1;0;0;0;0
"20/09/2019";"09:56:00";"37";"sem vítima";"84.5";"BR-116/SC";"Sul";"Saida de Pista";1;0;0;0;0;0;0;0;0;0;1;0;0;0;0
"20/09/2019";"03:26:00";"66";"com vítima";"5.3";"BR-116/SC";"Sul";"Colisão Transversal";1;0;0;1;0;0;0;0;0;0;1;1;0;0;0
"20/09/2019";"11:51:00";"103";"sem vítima";"207.8";"BR-116/SC";"Sul";"Tombamento";0;0;1;0;0;0;0;0;0;0;1;0;0;0;0
"21/09/2019";"09:07:00";"49";"com vítima";"273";"BR-116/SC";"Sul";"Choque - Talude";1;0;0;0;0;0;0;0;0;0;2;1;0;0;0
"21/09/2019";"06:54:00";"108";"com vítima";"123";"BR-116/PR";"Sul";"Capotamento";1;0;0;1;0;0;0;0;0;0;2;1;0;0;0
"21/09/2019";"07:45:00";"114";"com vítima";"248";"BR-116/SC";"Sul";"Colisão Frontal";2;0;1;0;0;0;0;0;0;0;3;1;0;0;0
"22/09/2019";"02:54:00";"15";"sem vítima";"150.8";"BR-116/PR";"Sul";"Tombamento";1;0;0;0;0;0;0;0;0;0;1;0;0;0;0
"22/09/2019";"05:08:00";"18";"sem vítima";"237";"BR-116/SC";"Norte";"Saida de Pista";1;0;0;0;0;0;0;0;0;0;1;0;0;0;0
"22/09/2019";"02:00:00";"50";"sem vítima";"35.9";"BR-116/SC";"Norte";"Saida de Pista";1;0;0;0;0;0;0;0;0;0;2;0;0;0;0
"22/09/2019";"02:10:00";"51";"sem vítima";"172.3";"BR-116/SC";"Norte";"Saida de Pista";1;0;0;0;0;0;0;0;0;0;1;0;0;0;0
"22/09/2019";"06:19:00";"70";"sem vítima";"288.35";"BR-116/SC";"Sul";"Saida de Pista";1;0;0;0;0;0;0;0;0;0;1;0;0;0;0
"22/09/2019";"07:56:00";"79";"sem vítima";"144.5";"BR-116/PR";"Norte";"Colisão Traseira";2;0;0;0;0;0;0;0;0;0;3;0;0;0;0
"23/09/2019";"01:09:00";"47";"com vítima";"180";"BR-116/SC";"Sul";"Colisão Frontal";2;0;0;0;0;0;0;0;0;0;4;3;0;1;0
"23/09/2019";"07:11:00";"77";"sem vítima";"116.7";"BR-116/PR";"Sul";"Engavetamento";3;0;0;0;0;0;0;0;0;0;2;0;0;0;0
"24/09/2019";"05:49:00";"26";"com vítima";"155";"BR-116/SC";"Sul";"Choque - Defensa, barreira ou "submarino"";0;0;1;0;0;0;0;0;0;0;0;1;0;0;0
"24/09/2019";"10:48:00";"55";"sem vítima";"115.001";"BR-116/SC";"Sul";"Colisão Traseira";0;0;1;0;0;0;0;0;0;0;1;0;0;0;0
"24/09/2019";"05:29:00";"87";"sem vítima";"1";"BR-116/SC";"Sul";"Choque - Elemento de Drenagem";1;0;0;0;0;0;0;0;0;0;1;0;0;0;0
"24/09/2019";"08:19:00";"96";"com vítima";"232.7";"BR-116/SC";"Norte";"Colisão Frontal";2;0;1;0;0;0;0;0;0;0;1;1;0;1;1
"25/09/2019";"07:05:00";"23";"com vítima";"127.8";"BR-116/PR";"Norte";"Queda de Moto";0;0;0;1;0;0;0;0;0;0;0;1;0;0;0
"25/09/2019";"07:37:00";"100";"sem vítima";"122.675";"BR-116/PR";"Sul";"Colisão Lateral";1;0;1;0;0;0;0;0;0;0;2;0;0;0;0
"25/09/2019";"09:12:00";"109";"com vítima";"168";"BR-116/PR";"Norte";"Colisão Traseira";1;0;0;1;0;0;0;0;0;0;1;0;0;1;0
"26/09/2019";"11:29:00";"58";"sem vítima";"134.4";"BR-116/PR";"Norte";"Colisão Traseira";0;0;1;0;0;0;0;0;0;1;2;0;0;0;0
"26/09/2019";"03:20:00";"81";"sem vítima";"118";"BR-116/PR";"Sul";"Colisão Lateral";1;0;1;0;0;0;0;0;0;0;2;0;0;0;0
"27/09/2019";"08:25:00";"28";"sem vítima";"115";"BR-116/PR";"Norte";"Engavetamento";0;0;0;0;0;3;0;0;0;0;3;0;0;0;0
"28/09/2019";"12:15:00";"43";"sem vítima";"184";"BR-116/SC";"Sul";"Colisão Traseira";2;0;0;0;0;0;0;0;0;0;6;0;0;0;0
"29/09/2019";"02:48:00";"59";"sem vítima";"30.15";"BR-116/SC";"Sul";"Colisão Traseira";1;0;0;0;0;1;0;0;0;0;6;0;0;0;0
"29/09/2019";"09:55:00";"89";"sem vítima";"105";"BR-116/SC";"Norte";"Choque - Suporte de Sinalização";1;0;0;0;0;0;0;0;0;0;5;0;0;0;0
"30/09/2019";"11:57:00";"52";"com vítima";"139";"BR-116/SC";"Norte";"Colisão Frontal";1;0;1;0;0;0;0;0;0;0;1;0;0;1;0
"01/10/2019";"10:54:00";"112";"sem vítima";"205.95";"BR-116/PR";"Sul";"Choque - Defensa, barreira ou "submarino"";1;0;0;0;0;0;0;0;0;0;1;0;0;0;0
"02/10/2019";"03:11:00";"74";"com vítima";"86";"BR-116/SC";"Norte";"Colisão Transversal";1;0;1;0;0;0;0;0;0;0;1;0;0;1;0
"02/10/2019";"07:41:00";"97";"com vítima";"129.5";"BR-116/PR";"Norte";"Atropelamento de Animal";1;0;0;0;0;0;0;0;0;0;0;1;0;0;0
"03/10/2019";"07:06:00";"20";"sem vítima";"177.991";"BR-116/PR";"Norte";"Saida de Pista";0;0;0;0;0;0;0;0;0;1;1;0;0;0;0
"03/10/2019";"07:42:00";"22";"sem vítima";"126";"BR-116/PR";"Sul";"Colisão Traseira";2;0;0;0;0;0;0;0;0;0;2;0;0;0;0
"03/10/2019";"03:14:00";"73";"com vítima";"124.5";"BR-116/PR";"Sul";"Queda de Moto";0;0;0;1;0;0;0;0;0;0;0;1;0;0;0
"03/10/2019";"03:24:00";"74";"sem vítima";"124.04";"BR-116/PR";"Norte";"Choque - Defensa, barreira ou "submarino"";0;0;1;0;0;0;0;0;0;0;1;0;0;0;0
"04/10/2019";"07:06:00";"29";"sem vítima";"120";"BR-116/PR";"Sul";"Colisão Traseira";2;0;0;0;0;0;0;0;0;0;2;0;0;0;0
"04/10/2019";"07:13:00";"31";"sem vítima";"122";"BR-116/PR";"Norte";"Colisão Lateral";1;0;1;0;0;0;0;0;0;0;2;0;0;0;0
"04/10/2019";"07:26:00";"32";"sem vítima";"12.3";"BR-116/SC";"Sul";"Colisão Transversal";2;0;0;0;0;0;0;0;0;0;2;0;0;0;0
"04/10/2019";"10:02:00";"50";"com vítima";"223.3";"BR-116/SC";"Sul";"Colisão Transversal";1;0;1;0;0;0;0;0;0;0;1;1;0;0;0
"04/10/2019";"05:49:00";"100";"com vítima";"125";"BR-116/PR";"Norte";"Engavetamento";3;0;0;0;0;1;0;0;0;0;4;1;0;0;0
"04/10/2019";"07:17:00";"107";"com vítima";"117";"BR-116/PR";"Sul";"Queda de Moto";0;0;0;1;0;0;0;0;0;0;0;1;0;0;0
"05/10/2019";"12:11:00";"50";"sem vítima";"125.8";"BR-116/PR";"Sul";"Colisão Lateral";1;0;1;0;0;0;0;0;0;0;2;0;0;0;0
"05/10/2019";"01:22:00";"54";"sem vítima";"119";"BR-116/PR";"Sul";"Colisão Traseira";2;0;0;0;0;0;0;0;0;0;2;0;0;0;0
"05/10/2019";"03:21:00";"68";"com vítima";"209.1";"BR-116/PR";"Norte";"Colisão Lateral";1;1;0;0;0;0;0;0;0;0;1;1;0;0;0
"05/10/2019";"04:09:00";"72";"com vítima";"131.7";"BR-116/PR";"Norte";"Colisão Frontal";2;0;0;0;0;0;0;0;0;0;1;2;0;0;0
"05/10/2019";"05:07:00";"78";"sem vítima";"209";"BR-116/SC";"Sul";"Saida de Pista";1;0;0;0;0;0;0;0;0;0;2;0;0;0;0
"06/10/2019";"08:46:00";"16";"com vítima";"71.6";"BR-116/SC";"Sul";"Colisão Lateral";1;0;1;0;0;0;0;0;0;0;2;1;0;0;0
"06/10/2019";"05:56:00";"57";"com vítima";"131";"BR-116/PR";"Norte";"Colisão Traseira";2;0;0;0;0;0;0;0;0;0;1;1;0;0;0
"07/10/2019";"05:56:00";"15";"sem vítima";"210";"BR-116/PR";"Norte";"Colisão Transversal";2;0;0;0;0;0;0;0;0;0;2;0;0;0;0
"07/10/2019";"05:49:00";"100";"com vítima";"117.3";"BR-116/PR";"Sul";"Colisão Lateral";1;0;0;1;0;0;0;0;0;0;1;1;0;0;0
"07/10/2019";"06:58:00";"109";"com vítima";"163.09";"BR-116/PR";"Sul";"Choque - Outros";1;0;1;0;0;0;0;0;0;0;1;1;0;0;0
"07/10/2019";"07:39:00";"117";"sem vítima";"118";"BR-116/PR";"Sul";"Colisão Lateral";1;0;1;0;0;0;0;0;0;0;2;0;0;0;0
"08/10/2019";"05:53:00";"91";"sem vítima";"5.6";"BR-116/SC";"Norte";"Choque - Elemento de Drenagem";1;0;0;0;0;1;0;0;0;0;2;0;0;0;0
"09/10/2019";"03:36:00";"87";"sem vítima";"0.2";"BR-116/SC";"Norte";"Colisão Traseira";2;0;0;0;0;0;0;0;0;0;2;0;0;0;0
"09/10/2019";"05:01:00";"94";"com vítima";"2";"BR-116/SC";"Norte";"Colisão Traseira";1;0;0;1;0;0;0;0;0;0;1;1;0;0;0
"09/10/2019";"06:05:00";"106";"com vítima";"128";"BR-116/PR";"Norte";"Colisão Traseira";2;0;0;0;0;0;0;0;0;0;1;1;0;0;0
"09/10/2019";"08:39:00";"121";"sem vítima";"119";"BR-116/PR";"Sul";"Engavetamento";2;0;1;0;0;0;0;0;0;0;3;0;0;0;0
"09/10/2019";"09:27:00";"123";"sem vítima";"144.5";"BR-116/PR";"Norte";"Colisão Traseira";1;0;1;0;0;0;0;0;0;0;2;0;0;0;0
"10/10/2019";"12:00:00";"1";"com vítima";"143.1";"BR-116/SC";"Sul";"Colisão Transversal";2;0;0;0;0;0;0;0;0;0;0;3;0;0;0
"10/10/2019";"06:30:00";"19";"sem vítima";"267.1";"BR-116/SC";"Sul";"Colisão Transversal";1;0;1;0;0;0;0;0;0;0;2;0;0;0;0
"10/10/2019";"03:21:00";"64";"sem vítima";"204";"BR-116/PR";"Norte";"Colisão Lateral";1;0;1;0;0;0;0;0;0;0;2;0;0;0;0
"10/10/2019";"08:17:00";"94";"sem vítima";"152";"BR-116/SC";"Sul";"Colisão Traseira";0;0;1;0;0;0;0;0;0;0;1;0;0;0;0
"10/10/2019";"08:59:00";"96";"sem vítima";"275";"BR-116/SC";"Norte";"Colisão Transversal";1;0;1;0;0;0;0;0;0;0;2;0;0;0;0
"11/10/2019";"07:47:00";"29";"sem vítima";"209.3";"BR-116/PR";"Sul";"Colisão Traseira";1;0;1;0;0;0;0;0;0;0;2;0;0;0;0
"11/10/2019";"07:58:00";"30";"sem vítima";"115";"BR-116/PR";"Norte";"Colisão Lateral";1;0;1;0;0;0;0;0;0;0;2;0;0;0;0
"11/10/2019";"12:43:00";"67";"com vítima";"10.5";"BR-116/SC";"Sul";"Colisão Traseira";1;0;0;0;0;1;0;0;0;0;2;1;0;0;0
"11/10/2019";"01:30:00";"70";"sem vítima";"5.6";"BR-116/SC";"Sul";"Colisão Frontal";1;0;0;1;0;0;0;0;0;0;2;0;0;0;0
"11/10/2019";"06:03:00";"103";"sem vítima";"116.2";"BR-116/PR";"Norte";"Engavetamento";3;0;0;0;0;0;0;0;0;0;3;0;0;0;0
"11/10/2019";"07:30:00";"114";"com vítima";"73.8";"BR-116/SC";"Sul";"Queda de Moto";0;0;0;1;0;0;0;0;0;0;0;1;0;0;0
"11/10/2019";"07:40:00";"116";"sem vítima";"132.8";"BR-116/SC";"Sul";"Atropelamento de Animal";1;0;0;0;0;0;0;0;0;0;1;0;0;0;0
"11/10/2019";"09:13:00";"121";"sem vítima";"121.9";"BR-116/PR";"Sul";"Engavetamento";4;0;0;0;0;1;0;0;0;0;5;0;0;0;0
"12/10/2019";"01:27:00";"12";"com vítima";"59.42";"BR-116/SC";"Sul";"Colisão Frontal";1;0;0;0;1;0;0;0;0;0;43;1;0;0;1
"12/10/2019";"01:36:00";"13";"com vítima";"135.4";"BR-116/PR";"Norte";"Capotamento";1;0;0;0;0;0;0;0;0;0;1;0;0;2;0
"12/10/2019";"04:02:00";"20";"sem vítima";"211";"BR-116/SC";"Sul";"Capotamento";1;0;0;0;0;0;0;0;0;0;1;0;0;0;0
"12/10/2019";"05:58:00";"22";"com vítima";"228";"BR-116/SC";"Sul";"Capotamento";1;0;0;0;0;0;0;0;0;0;0;1;0;0;0
"12/10/2019";"08:29:00";"33";"com vítima";"148.6";"BR-116/SC";"Sul";"Saida de Pista";1;0;0;0;0;0;0;0;0;0;0;1;0;0;0
"12/10/2019";"04:26:00";"78";"com vítima";"209";"BR-116/PR";"Sul";"Colisão Transversal";2;0;0;0;0;0;0;0;0;0;4;2;0;0;0
"12/10/2019";"09:05:00";"100";"sem vítima";"152";"BR-116/PR";"Norte";"Choque - Outros";1;0;0;0;0;0;0;0;0;0;1;0;0;0;0
"13/10/2019";"02:45:00";"71";"sem vítima";"272";"BR-116/SC";"Sul";"Colisão Transversal";2;0;0;0;0;0;0;0;0;0;2;0;0;0;0
"13/10/2019";"05:58:00";"100";"sem vítima";"274.5";"BR-116/SC";"Norte";"Colisão Lateral";1;0;0;0;0;1;0;0;0;0;2;0;0;0;0
"14/10/2019";"02:06:00";"6";"sem vítima";"126";"BR-116/PR";"Sul";"Colisão Traseira";2;0;0;0;0;0;0;0;0;0;6;0;0;0;0
"14/10/2019";"05:48:00";"10";"sem vítima";"117.2";"BR-116/PR";"Sul";"Colisão Traseira";1;0;0;0;0;1;0;0;0;0;2;0;0;0;0
"14/10/2019";"09:40:00";"33";"sem vítima";"106";"BR-116/SC";"Sul";"Queda de Moto";0;0;0;1;0;0;0;0;0;0;1;0;0;0;0
"14/10/2019";"04:22:00";"88";"sem vítima";"258.7";"BR-116/SC";"Sul";"Choque - Defensa, barreira ou "submarino"";0;0;1;0;0;0;0;0;0;0;1;0;0;0;0
"14/10/2019";"05:59:00";"96";"sem vítima";"72";"BR-116/SC";"Sul";"Choque - Defensa, barreira ou "submarino"";0;0;0;0;0;0;0;0;0;1;1;0;0;0;0
"16/10/2019";"12:14:00";"7";"com vítima";"121.7";"BR-116/PR";"Sul";"Colisão Traseira";0;0;0;1;0;1;0;0;0;0;1;1;0;1;0
"16/10/2019";"01:59:00";"12";"sem vítima";"161";"BR-116/SC";"Norte";"Choque - Elemento de Drenagem";0;0;1;0;0;0;0;0;0;0;1;0;0;0;0
"17/10/2019";"06:46:00";"12";"sem vítima";"125.6";"BR-116/SC";"Norte";"Choque - Defensa, barreira ou "submarino"";1;0;0;0;0;0;0;0;0;0;1;0;0;0;0
"17/10/2019";"11:19:00";"37";"sem vítima";"121";"BR-116/PR";"Norte";"Colisão Traseira";1;0;0;1;0;0;0;0;0;0;2;0;0;0;0
"17/10/2019";"07:23:00";"86";"com vítima";"69.9";"BR-116/SC";"Norte";"Atropelamento - Ambulante";0;0;1;0;0;0;0;0;0;0;3;0;0;0;1
"18/10/2019";"01:23:00";"71";"sem vítima";"214";"BR-116/SC";"Sul";"Choque - Defensa, barreira ou "submarino"";1;0;0;0;0;0;0;0;0;0;1;0;0;0;0
"18/10/2019";"06:47:00";"114";"sem vítima";"152";"BR-116/PR";"Sul";"Colisão Transversal";1;0;0;1;0;0;0;0;0;0;2;0;0;0;0
"19/10/2019";"04:00:00";"12";"sem vítima";"142.5";"BR-116/SC";"Sul";"Colisão Lateral";0;0;1;0;0;1;0;0;0;0;3;0;0;0;0
"19/10/2019";"06:35:00";"18";"sem vítima";"227.5";"BR-116/SC";"Norte";"Queda de Moto";0;0;0;1;0;0;0;0;0;0;1;0;0;0;0
"19/10/2019";"06:28:00";"84";"com vítima";"251.5";"BR-116/SC";"Sul";"Colisão Transversal";1;0;1;0;0;0;0;0;0;0;1;2;0;0;0
"19/10/2019";"10:29:00";"98";"sem vítima";"137";"BR-116/PR";"Sul";"Colisão Lateral";1;0;1;0;0;0;0;0;0;0;2;0;0;0;0
"19/10/2019";"11:53:00";"103";"sem vítima";"122";"BR-116/PR";"Sul";"Choque - Poste";1;0;0;0;0;0;0;0;0;0;1;0;0;0;0
"20/10/2019";"01:21:00";"9";"sem vítima";"131";"BR-116/PR";"Sul";"Colisão Traseira";0;0;1;0;0;1;0;0;0;0;2;0;0;0;0
"20/10/2019";"10:13:00";"95";"sem vítima";"55";"BR-116/SC";"Sul";"Saida de Pista";1;0;0;0;0;0;0;0;0;0;2;0;0;0;0
"21/10/2019";"03:57:00";"10";"sem vítima";"305";"BR-116/SC";"Sul";"Choque - Defensa, barreira ou "submarino"";0;0;1;0;0;0;0;0;0;0;1;0;0;0;0
"21/10/2019";"05:35:00";"12";"com vítima";"157.5";"BR-116/PR";"Sul";"Colisão Frontal";3;0;0;0;0;0;0;0;0;0;0;4;0;0;0
"21/10/2019";"05:43:00";"13";"sem vítima";"119";"BR-116/PR";"Norte";"Capotamento";1;0;0;0;0;0;0;0;0;0;1;0;0;0;0
"21/10/2019";"06:00:00";"16";"com vítima";"122.001";"BR-116/PR";"Sul";"Colisão Traseira";1;0;1;0;0;0;0;0;0;0;1;1;0;0;0
"21/10/2019";"07:47:00";"19";"com vítima";"2.201";"BR-116/SC";"Sul";"Colisão Traseira";1;1;0;0;0;0;0;0;0;0;1;1;0;0;0
"21/10/2019";"07:56:00";"20";"sem vítima";"115";"BR-116/PR";"Sul";"Choque - Defensa, barreira ou "submarino"";1;0;0;0;0;0;0;0;0;0;1;0;0;0;0
"21/10/2019";"09:53:00";"26";"sem vítima";"121";"BR-116/PR";"Norte";"Choque - Defensa, barreira ou "submarino"";0;0;1;0;0;0;0;0;0;0;1;0;0;0;0
"21/10/2019";"10:47:00";"31";"com vítima";"187.4";"BR-116/SC";"Sul";"Colisão Frontal";1;0;1;0;0;0;0;0;0;0;1;1;0;1;0
"21/10/2019";"11:19:00";"35";"sem vítima";"208.9";"BR-116/SC";"Norte";"Tombamento";0;0;1;0;0;0;0;0;0;0;1;0;0;0;0
"22/10/2019";"06:57:00";"19";"com vítima";"198";"BR-116/PR";"Norte";"Colisão Transversal";2;0;0;0;0;0;0;0;0;0;1;1;0;0;0
"22/10/2019";"09:57:00";"118";"com vítima";"154.808";"BR-116/PR";"Norte";"Colisão Frontal";1;0;0;1;0;0;0;0;0;0;0;2;0;0;1
"22/10/2019";"10:23:00";"121";"sem vítima";"125";"BR-116/PR";"Norte";"Engavetamento";2;0;1;0;0;0;0;0;0;0;3;0;0;0;0
"24/10/2019";"10:43:00";"54";"sem vítima";"54.001";"BR-116/SC";"Norte";"Choque - Defensa, barreira ou "submarino"";1;0;0;0;0;0;0;0;0;0;3;0;0;0;0
"24/10/2019";"05:37:00";"114";"com vítima";"12.3";"BR-116/SC";"Sul";"Colisão Transversal";0;0;1;1;0;0;0;0;0;0;1;0;0;1;0
"24/10/2019";"09:26:00";"135";"com vítima";"126.7";"BR-116/PR";"Norte";"Colisão Transversal";1;0;1;0;0;0;0;0;0;0;3;2;0;0;0
"24/10/2019";"10:24:00";"139";"sem vítima";"126.7";"BR-116/PR";"Sul";"Colisão Traseira";2;0;0;0;0;0;0;0;0;0;2;0;0;0;0
"25/10/2019";"07:18:00";"31";"com vítima";"124";"BR-116/PR";"Norte";"Colisão Traseira";1;0;0;1;0;0;0;0;0;0;1;1;0;0;0
"25/10/2019";"07:20:00";"32";"com vítima";"116";"BR-116/PR";"Norte";"Colisão Traseira";1;0;0;1;0;0;0;0;0;0;2;1;0;0;0
"25/10/2019";"09:44:00";"45";"sem vítima";"275.7";"BR-116/SC";"Norte";"Colisão Transversal";0;0;1;0;0;0;0;0;0;1;2;0;0;0;0
"25/10/2019";"05:25:00";"102";"com vítima";"128";"BR-116/PR";"Norte";"Colisão Traseira";2;0;0;0;0;0;0;0;0;0;1;1;0;0;0
"25/10/2019";"05:51:00";"109";"sem vítima";"121.5";"BR-116/PR";"Sul";"Colisão Traseira";1;0;0;0;0;1;0;0;0;0;2;0;0;0;0
"25/10/2019";"07:22:00";"117";"sem vítima";"130";"BR-116/PR";"Sul";"Choque - Elemento de Drenagem";1;0;0;0;0;0;0;0;0;0;1;0;0;0;0
"26/10/2019";"02:58:00";"12";"com vítima";"108.6";"BR-116/SC";"Sul";"Colisão Frontal";1;0;1;0;0;0;0;0;0;0;1;0;0;3;0
"26/10/2019";"06:44:00";"23";"sem vítima";"139";"BR-116/SC";"Sul";"Colisão Lateral";1;0;1;0;0;0;0;0;0;0;2;0;0;0;0
"26/10/2019";"04:07:00";"78";"com vítima";"37.3";"BR-116/SC";"Norte";"Colisão Traseira";0;0;1;1;0;0;0;0;0;0;1;0;0;1;0
"28/10/2019";"12:04:00";"2";"sem vítima";"131.8";"BR-116/PR";"Sul";"Choque - Elemento de Drenagem";1;0;0;0;0;0;0;0;0;0;1;0;0;0;0
"28/10/2019";"07:28:00";"29";"com vítima";"115.1";"BR-116/PR";"Norte";"Queda de Moto";0;0;0;1;0;0;0;0;0;0;0;1;0;0;0
"28/10/2019";"08:47:00";"38";"sem vítima";"245";"BR-116/SC";"Sul";"Colisão Traseira";2;0;0;0;0;0;0;0;0;0;4;0;0;0;0
"29/10/2019";"06:54:00";"15";"com vítima";"117.8";"BR-116/PR";"Norte";"Queda de Moto";0;0;0;1;0;0;0;0;0;0;0;1;0;0;0