data;horario;n_da_ocorrencia;tipo_de_ocorrencia;km;trecho;sentido;tipo_de_acidente;automovel;bicicleta;caminhao;moto;onibus;outros;tracao_animal;transporte_de_cargas_especiais;trator_maquinas;utilitarios;ilesos;levemente_feridos;moderadamente_feridos;gravemente_feridos;mortos
"13/12/2019";"03:30:00";"63";"com vítima";"103.4";"BR-116/SC";"Norte";"Colisão Frontal";1;0;1;0;0;0;0;0;0;1;2;0;0;0;2
"13/12/2019";"07:56:00";"96";"sem vítima";"197";"BR-116/SC";"Sul";"Choque - Defensa, barreira ou "submarino"";1;0;1;0;0;0;0;0;0;0;2;0;0;0;0
"14/12/2019";"03:41:00";"16";"sem vítima";"194";"BR-116/SC";"Norte";"Choque - Defensa, barreira ou "submarino"";0;0;1;0;0;0;0;0;0;0;1;0;0;0;0
"14/12/2019";"01:36:00";"62";"sem vítima";"157";"BR-116/SC";"Norte";"Choque - Suporte de Sinalização";1;0;0;0;0;0;0;0;0;0;2;0;0;0;0
"14/12/2019";"07:03:00";"84";"sem vítima";"152";"BR-116/PR";"Sul";"Choque - Outros";1;0;0;0;0;0;0;0;0;0;1;0;0;0;0
"15/12/2019";"09:33:00";"24";"com vítima";"73.4";"BR-116/SC";"Sul";"Colisão Traseira";2;0;0;0;0;0;0;0;0;0;2;2;0;0;0
"16/12/2019";"01:41:00";"55";"com vítima";"33.2";"BR-116/SC";"Sul";"Choque - Defensa, barreira ou "submarino"";1;0;0;0;0;0;0;0;0;0;4;1;0;0;0
"16/12/2019";"02:28:00";"62";"com vítima";"186.9";"BR-116/SC";"Sul";"Tombamento";0;0;1;0;0;0;0;0;0;0;2;2;0;0;0
"17/12/2019";"02:00:00";"58";"sem vítima";"205";"BR-116/PR";"Sul";"Choque - Defensa, barreira ou "submarino"";1;0;0;0;0;0;0;0;0;0;2;0;0;0;0
"17/12/2019";"03:08:00";"64";"sem vítima";"125.65";"BR-116/PR";"Sul";"Choque - Veiculo parado na pista";1;0;2;0;0;0;0;0;0;0;3;0;0;0;0
"17/12/2019";"03:29:00";"68";"sem vítima";"78.3";"BR-116/SC";"Sul";"Choque - Objeto sobre a pista";1;0;0;0;0;0;0;0;0;0;1;0;0;0;0
"17/12/2019";"06:28:00";"95";"com vítima";"9.6";"BR-116/SC";"Norte";"Choque - Arvore";1;0;0;0;0;0;0;0;0;0;0;1;0;0;0
"18/12/2019";"04:36:00";"8";"com vítima";"125";"BR-116/PR";"Norte";"Colisão Traseira";0;0;2;0;0;0;0;0;0;0;1;1;0;0;0
"18/12/2019";"07:45:00";"17";"com vítima";"115.4";"BR-116/PR";"Norte";"Colisão Traseira";2;0;0;1;0;0;0;0;0;0;3;1;0;0;0
"18/12/2019";"11:48:00";"43";"com vítima";"21.9";"BR-116/SC";"Sul";"Colisão Traseira";2;0;0;0;0;0;0;0;0;0;3;1;0;0;0
"18/12/2019";"08:46:00";"101";"com vítima";"251";"BR-116/SC";"Sul";"Colisão Transversal";1;0;1;0;0;0;0;0;0;0;4;3;0;0;0
"18/12/2019";"10:51:00";"110";"sem vítima";"177.3";"BR-116/PR";"Norte";"Tombamento";0;0;1;0;0;0;0;0;0;0;1;0;0;0;0
"18/12/2019";"11:46:00";"114";"sem vítima";"121.3";"BR-116/SC";"Norte";"Tombamento";0;0;1;0;0;0;0;0;0;0;1;0;0;0;0
"19/12/2019";"10:16:00";"50";"sem vítima";"9";"BR-116/SC";"Norte";"Colisão Traseira";0;0;0;0;0;0;0;0;0;2;2;0;0;0;0
"19/12/2019";"11:00:00";"61";"sem vítima";"162";"BR-116/PR";"Sul";"Choque - Arvore";0;0;1;0;0;0;0;0;0;0;1;0;0;0;0
"19/12/2019";"02:50:00";"82";"sem vítima";"255.6";"BR-116/SC";"Norte";"Colisão Traseira";1;0;1;0;0;0;0;0;0;0;2;0;0;0;0
"20/12/2019";"06:48:00";"31";"com vítima";"115.6";"BR-116/PR";"Norte";"Outros";0;0;1;0;0;0;0;0;0;0;0;0;0;1;0
"20/12/2019";"09:38:00";"61";"com vítima";"119.1";"BR-116/PR";"Sul";"Colisão Traseira";1;0;0;1;0;0;0;0;0;0;1;1;0;0;0
"21/12/2019";"12:29:00";"5";"sem vítima";"106.3";"BR-116/SC";"Norte";"Choque - Defensa, barreira ou "submarino"";1;0;0;0;0;0;0;0;0;0;2;0;0;0;0
"21/12/2019";"05:18:00";"21";"sem vítima";"244.8";"BR-116/SC";"Norte";"Engavetamento";1;0;0;0;0;2;0;0;0;0;3;0;0;0;0
"21/12/2019";"05:21:00";"22";"sem vítima";"62.9";"BR-116/SC";"Norte";"Colisão Traseira";2;0;0;0;0;0;0;0;0;0;2;0;0;0;0
"21/12/2019";"05:16:00";"91";"com vítima";"223.3";"BR-116/SC";"Norte";"Colisão Transversal";1;0;0;1;0;0;0;0;0;1;3;3;0;0;0
"21/12/2019";"06:01:00";"96";"com vítima";"129";"BR-116/PR";"Sul";"Choque - Veiculo parado na pista";1;0;0;1;0;0;0;0;0;0;1;0;0;1;0
"22/12/2019";"01:50:00";"10";"com vítima";"124.3";"BR-116/SC";"Sul";"Colisão Frontal";0;0;1;0;0;0;0;0;0;1;2;0;0;0;1
"22/12/2019";"01:51:00";"25";"sem vítima";"124.3";"BR-116/SC";"Norte";"Colisão Traseira";1;0;1;0;0;0;0;0;0;0;4;0;0;0;0
"22/12/2019";"09:12:00";"31";"com vítima";"267.65";"BR-116/SC";"Norte";"Colisão Transversal";1;0;0;0;0;0;0;0;0;1;6;4;0;0;0
"22/12/2019";"10:01:00";"36";"sem vítima";"128.9";"BR-116/SC";"Sul";"Choque - Arvore";1;0;0;0;0;0;0;0;0;0;1;0;0;0;0
"22/12/2019";"07:31:00";"93";"com vítima";"59.85";"BR-116/SC";"Sul";"Colisão Frontal";1;0;0;0;0;0;0;0;0;1;0;4;0;0;0
"22/12/2019";"09:39:00";"104";"sem vítima";"116";"BR-116/PR";"Sul";"Choque - Defensa, barreira ou "submarino"";1;0;0;0;0;0;0;0;0;0;4;0;0;0;0
"23/12/2019";"11:35:00";"59";"com vítima";"212.95";"BR-116/SC";"Norte";"Colisão Transversal";1;0;0;0;0;0;0;0;0;1;1;1;0;0;0
"23/12/2019";"02:21:00";"76";"com vítima";"4.5";"BR-116/SC";"Norte";"Colisão Transversal";1;0;0;0;0;1;0;0;0;0;1;1;0;0;0
"23/12/2019";"03:46:00";"82";"sem vítima";"233";"BR-116/SC";"Norte";"Colisão Traseira";2;0;0;0;0;0;0;0;0;0;2;0;0;0;0
"23/12/2019";"04:22:00";"86";"sem vítima";"93.1";"BR-116/SC";"Sul";"Colisão Lateral";2;0;0;0;0;0;0;0;0;0;2;0;0;0;0
"23/12/2019";"08:37:00";"103";"com vítima";"117";"BR-116/PR";"Sul";"Choque - Elemento de Drenagem";1;0;0;0;0;0;0;0;0;0;0;1;0;0;0
"24/12/2019";"01:22:00";"42";"sem vítima";"119";"BR-116/PR";"Sul";"Colisão Traseira";0;0;0;1;0;1;0;0;0;0;2;0;0;0;0
"25/12/2019";"12:41:00";"2";"sem vítima";"160";"BR-116/SC";"Norte";"Colisão Lateral";1;0;0;0;0;0;0;0;0;0;1;0;0;0;0
"25/12/2019";"05:44:00";"8";"sem vítima";"295.8";"BR-116/SC";"Norte";"Choque - Defensa, barreira ou "submarino"";1;0;0;0;0;0;0;0;0;0;4;0;0;0;0
"25/12/2019";"09:38:00";"22";"com vítima";"126";"BR-116/PR";"Norte";"Colisão Transversal";2;0;0;0;0;0;0;0;0;0;1;3;0;0;0
"25/12/2019";"10:01:00";"23";"com vítima";"153.9";"BR-116/PR";"Norte";"Colisão Transversal";2;0;0;0;0;0;0;0;0;0;3;1;0;0;0
"25/12/2019";"01:37:00";"31";"sem vítima";"156.1";"BR-116/SC";"Norte";"Choque - Talude";1;0;0;0;0;0;0;0;0;0;3;0;0;0;0
"25/12/2019";"03:38:00";"40";"sem vítima";"129.5";"BR-116/PR";"Sul";"Choque - Elemento de Drenagem";1;0;0;0;0;0;0;0;0;0;1;0;0;0;0
"26/12/2019";"10:36:00";"34";"sem vítima";"304.6";"BR-116/SC";"Norte";"Colisão Traseira";1;0;0;0;0;0;0;0;0;1;6;0;0;0;0
"26/12/2019";"02:41:00";"64";"com vítima";"125";"BR-116/PR";"Sul";"Choque - Objeto sobre a pista";0;0;1;1;0;0;0;0;0;0;1;1;0;0;0
"26/12/2019";"06:23:00";"102";"com vítima";"45";"BR-116/SC";"Sul";"Colisão Traseira";0;0;2;0;0;0;0;0;0;0;3;1;0;0;0
"27/12/2019";"07:04:00";"12";"sem vítima";"247";"BR-116/SC";"Sul";"Colisão Transversal";2;0;0;0;0;0;0;0;0;0;2;0;0;0;0
"27/12/2019";"10:16:00";"29";"com vítima";"32.15";"BR-116/SC";"Norte";"Colisão Traseira";2;0;0;0;0;0;0;0;0;0;2;0;0;1;0
"27/12/2019";"02:34:00";"52";"com vítima";"253.65";"BR-116/SC";"Norte";"Capotamento";1;0;0;0;0;0;0;0;0;0;3;2;0;0;0
"27/12/2019";"07:19:00";"83";"com vítima";"191.9";"BR-116/PR";"Sul";"Colisão Traseira";1;0;0;1;0;0;0;0;0;0;2;1;0;0;0
"27/12/2019";"10:48:00";"90";"sem vítima";"183.28";"BR-116/PR";"Sul";"Choque - Suporte de Sinalização";0;0;0;0;1;0;0;0;0;0;3;0;0;0;0
"28/12/2019";"04:51:00";"6";"sem vítima";"121.865";"BR-116/PR";"Norte";"Colisão Lateral";0;0;0;0;0;1;0;0;0;1;3;0;0;0;0
"28/12/2019";"08:28:00";"17";"sem vítima";"122.7";"BR-116/PR";"Sul";"Colisão Lateral";2;0;0;0;0;0;0;0;0;0;2;0;0;0;0
"28/12/2019";"11:08:00";"28";"sem vítima";"301.9";"BR-116/SC";"Norte";"Colisão Traseira";2;0;0;0;0;0;0;0;0;0;4;0;0;0;0
"28/12/2019";"04:51:00";"42";"com vítima";"118.9";"BR-116/PR";"Sul";"Choque - Elemento de Drenagem";1;0;0;0;0;0;0;0;0;0;0;1;0;0;0
"29/12/2019";"01:47:00";"53";"com vítima";"117.168";"BR-116/PR";"Norte";"Choque - Defensa, barreira ou "submarino"";0;0;1;0;0;0;0;0;0;1;2;0;0;0;1
"29/12/2019";"02:30:00";"55";"sem vítima";"143";"BR-116/SC";"Sul";"Colisão Transversal";1;0;0;0;1;0;0;0;0;0;2;0;0;0;0
"30/12/2019";"05:16:00";"13";"sem vítima";"251.46";"BR-116/SC";"Norte";"Choque - Outros";1;0;0;0;0;0;0;0;0;0;1;0;0;0;0
"30/12/2019";"05:26:00";"74";"com vítima";"95.95";"BR-116/SC";"Sul";"Capotamento";1;0;0;0;0;0;0;0;0;0;0;2;0;3;0
"30/12/2019";"08:48:00";"94";"com vítima";"275";"BR-116/SC";"Sul";"Colisão Traseira";2;0;0;0;0;0;0;0;0;0;2;1;0;0;0
"30/12/2019";"09:52:00";"97";"sem vítima";"23.1";"BR-116/SC";"Sul";"Colisão Transversal";1;0;1;0;0;0;0;0;0;0;4;0;0;0;0
"30/12/2019";"11:20:00";"100";"sem vítima";"49.3";"BR-116/SC";"Sul";"Colisão Traseira";1;0;1;0;0;0;0;0;0;0;2;0;0;0;0
"31/12/2019";"07:47:00";"23";"sem vítima";"48";"BR-116/SC";"Sul";"Capotamento";1;0;0;0;0;0;0;0;0;0;5;0;0;0;0
"31/12/2019";"10:29:00";"73";"sem vítima";"190";"BR-116/SC";"Norte";"Choque - Talude";0;0;0;0;0;0;0;0;0;1;1;0;0;0;0
"01/01/2020";"06:36:00";"15";"sem vítima";"147.8";"BR-116/PR";"Norte";"Saida de Pista";1;0;0;0;0;0;0;0;0;0;1;0;0;0;0
"01/01/2020";"08:07:00";"68";"sem vítima";"152";"BR-116/PR";"Norte";"Colisão Transversal";2;0;0;0;0;0;0;0;0;0;2;0;0;0;0
"02/01/2020";"07:27:00";"21";"sem vítima";"12.3";"BR-116/SC";"Norte";"Colisão Transversal";1;0;1;0;0;0;0;0;0;0;6;0;0;0;0
"03/01/2020";"08:02:00";"19";"com vítima";"106.15";"BR-116/SC";"Sul";"Saida de Pista";0;0;0;1;0;0;0;0;0;0;0;1;0;0;0
"03/01/2020";"11:17:00";"46";"sem vítima";"306.7";"BR-116/SC";"Sul";"Colisão Traseira";2;0;0;0;0;0;0;0;0;0;8;0;0;0;0
"03/01/2020";"11:53:00";"106";"sem vítima";"100.9";"BR-116/SC";"Norte";"Atropelamento de Animal";0;0;1;0;0;0;0;0;0;0;1;0;0;0;0
"04/01/2020";"05:15:00";"8";"sem vítima";"122";"BR-116/PR";"Norte";"Capotamento";1;0;0;0;0;0;0;0;0;0;1;0;0;0;0
"04/01/2020";"07:56:00";"15";"sem vítima";"122.7";"BR-116/PR";"Norte";"Choque - Veiculo parado na pista";3;0;0;0;0;0;0;0;0;0;6;0;0;0;0
"04/01/2020";"04:26:00";"62";"sem vítima";"131.2";"BR-116/PR";"Sul";"Choque - Defensa, barreira ou "submarino"";1;0;0;0;0;0;0;0;0;0;3;0;0;0;0
"05/01/2020";"04:16:00";"57";"com vítima";"168.2";"BR-116/SC";"Sul";"Capotamento";1;0;0;0;0;0;0;0;0;0;1;3;0;0;0
"06/01/2020";"02:45:00";"56";"sem vítima";"151.9";"BR-116/SC";"Norte";"Colisão Lateral";1;0;1;0;0;0;0;0;0;0;2;0;0;0;0
"06/01/2020";"03:59:00";"64";"com vítima";"138.8";"BR-116/SC";"Norte";"Colisão Transversal";1;0;0;1;0;0;0;0;0;0;2;1;0;0;0
"07/01/2020";"08:57:00";"39";"sem vítima";"126";"BR-116/PR";"Norte";"Colisão Traseira";2;0;0;0;0;0;0;0;0;0;2;0;0;0;0
"07/01/2020";"09:38:00";"44";"sem vítima";"126";"BR-116/PR";"Sul";"Colisão Traseira";1;0;1;0;0;0;0;0;0;0;3;0;0;0;0
"07/01/2020";"05:07:00";"80";"com vítima";"126";"BR-116/PR";"Norte";"Choque - Veiculo parado na pista";0;0;1;1;0;0;0;0;0;0;1;1;0;0;0
"08/01/2020";"01:02:00";"5";"sem vítima";"305";"BR-116/SC";"Sul";"Choque - Talude";0;0;1;0;0;0;0;0;0;0;2;0;0;0;0
"08/01/2020";"12:29:00";"51";"sem vítima";"204.034";"BR-116/PR";"Norte";"Colisão Traseira";1;0;1;0;0;0;0;0;0;0;2;0;0;0;0
"08/01/2020";"02:18:00";"62";"com vítima";"309";"BR-116/SC";"Norte";"Tombamento";0;0;1;0;0;0;0;0;0;0;0;1;0;0;0
"08/01/2020";"08:22:00";"77";"sem vítima";"254";"BR-116/SC";"Norte";"Atropelamento de Animal";1;0;0;0;0;0;0;0;0;0;1;0;0;0;0
"09/01/2020";"10:17:00";"33";"sem vítima";"107.9";"BR-116/SC";"Sul";"Colisão Traseira";0;0;3;0;0;0;0;0;0;0;3;0;0;0;0
"09/01/2020";"12:23:00";"53";"com vítima";"152.001";"BR-116/PR";"Sul";"Colisão Traseira";2;0;0;0;0;0;0;0;0;0;1;1;0;0;0
"09/01/2020";"01:20:00";"57";"com vítima";"131.8";"BR-116/PR";"Sul";"Queda de Moto";0;0;0;1;0;0;0;0;0;0;0;2;0;0;0
"09/01/2020";"08:41:00";"96";"sem vítima";"154";"BR-116/PR";"Norte";"Colisão Traseira";2;0;0;0;0;0;0;0;0;0;2;0;0;0;0
"10/01/2020";"02:57:00";"7";"sem vítima";"247";"BR-116/SC";"Sul";"Colisão Traseira";2;0;0;0;0;0;0;0;0;0;4;0;0;0;0
"10/01/2020";"07:18:00";"18";"sem vítima";"184.4";"BR-116/SC";"Norte";"Saida de Pista";1;0;0;0;0;0;0;0;0;0;1;0;0;0;0
"10/01/2020";"07:35:00";"19";"sem vítima";"116.5";"BR-116/PR";"Sul";"Colisão Lateral";1;0;0;1;0;0;0;0;0;0;2;0;0;0;0
"10/01/2020";"06:44:00";"111";"com vítima";"126";"BR-116/PR";"Sul";"Colisão Lateral";0;0;0;1;0;1;0;0;0;0;1;1;0;0;0
"11/01/2020";"03:38:00";"7";"sem vítima";"249.7";"BR-116/SC";"Sul";"Saida de Pista";1;0;0;0;0;0;0;0;0;0;1;0;0;0;0
"11/01/2020";"12:03:00";"48";"com vítima";"144.85";"BR-116/SC";"Sul";"Tombamento";0;0;1;0;0;0;0;0;0;0;0;3;0;0;0
"11/01/2020";"03:22:00";"67";"com vítima";"210";"BR-116/PR";"Sul";"Colisão Frontal";0;0;1;1;0;0;0;0;0;0;2;0;0;1;0
"11/01/2020";"08:52:00";"91";"com vítima";"201.2";"BR-116/PR";"Norte";"Capotamento";1;0;0;0;0;0;0;0;0;0;0;1;0;0;0
"13/01/2020";"09:49:00";"34";"com vítima";"123.7";"BR-116/PR";"Norte";"Colisão Lateral";1;0;0;0;0;1;0;0;0;0;1;1;0;0;0
"14/01/2020";"02:48:00";"83";"com vítima";"146.6";"BR-116/PR";"Norte";"Colisão Lateral";0;0;0;1;0;1;0;0;0;0;1;1;0;0;0
"14/01/2020";"06:26:00";"112";"com vítima";"152.6";"BR-116/PR";"Sul";"Colisão Traseira";0;0;1;1;0;0;0;0;0;0;1;1;0;0;0
"15/01/2020";"05:25:00";"20";"com vítima";"229.3";"BR-116/SC";"Sul";"Choque - Talude";1;0;0;0;0;0;0;0;0;0;0;1;0;0;0
"15/01/2020";"06:28:00";"21";"com vítima";"122.1";"BR-116/PR";"Norte";"Colisão Traseira";1;0;2;0;0;0;0;0;0;0;2;3;0;0;0
"15/01/2020";"10:10:00";"48";"com vítima";"148.9";"BR-116/SC";"Sul";"Saida de Pista";0;0;1;0;0;0;0;0;0;0;1;1;0;0;0
"15/01/2020";"10:35:00";"54";"sem vítima";"116";"BR-116/PR";"Norte";"Colisão Lateral";2;0;0;0;0;0;0;0;0;0;5;0;0;0;0
"15/01/2020";"11:43:00";"65";"com vítima";"116";"BR-116/PR";"Norte";"Colisão Lateral";2;0;0;1;0;0;0;0;0;0;2;1;0;0;0
"15/01/2020";"12:34:00";"72";"sem vítima";"306";"BR-116/SC";"Sul";"Saida de Pista";0;0;1;0;0;0;0;0;0;0;1;0;0;0;0
"15/01/2020";"08:19:00";"120";"sem vítima";"196.4";"BR-116/SC";"Norte";"Saida de Pista";1;0;0;0;0;0;0;0;0;0;1;0;0;0;0
"16/01/2020";"12:15:00";"73";"sem vítima";"77";"BR-116/SC";"Norte";"Choque - Talude";1;0;0;0;0;0;0;0;0;0;1;0;0;0;0
"16/01/2020";"09:08:00";"108";"sem vítima";"115";"BR-116/PR";"Norte";"Atropelamento - Ciclista";1;1;0;0;0;0;0;0;0;0;2;0;0;0;0
"16/01/2020";"09:51:00";"109";"sem vítima";"151";"BR-116/PR";"Sul";"Saida de Pista";1;0;0;0;0;0;0;0;0;0;1;0;0;0;0
"16/01/2020";"10:49:00";"111";"sem vítima";"72";"BR-116/SC";"Norte";"Capotamento";1;0;1;0;0;0;0;0;0;0;2;0;0;0;0
"17/01/2020";"06:58:00";"10";"com vítima";"115.5";"BR-116/PR";"Sul";"Colisão Traseira";2;0;1;0;0;0;0;0;0;0;2;1;0;0;0
"17/01/2020";"01:38:00";"48";"com vítima";"4.5";"BR-116/SC";"Sul";"Colisão Transversal";1;0;0;0;1;0;0;0;0;0;1;1;0;0;0
"17/01/2020";"03:13:00";"58";"com vítima";"20.18";"BR-116/SC";"Sul";"Colisão Frontal";1;0;1;0;0;0;0;0;0;0;1;3;0;2;0
"17/01/2020";"09:48:00";"90";"sem vítima";"121";"BR-116/SC";"Norte";"Choque - Talude";0;0;0;0;0;0;0;0;0;1;1;0;0;0;0
"18/01/2020";"06:35:00";"13";"sem vítima";"126";"BR-116/PR";"Sul";"Colisão Lateral";0;0;1;0;0;1;0;0;0;0;2;0;0;0;0
"18/01/2020";"07:34:00";"17";"com vítima";"120.5";"BR-116/PR";"Sul";"Queda de Moto";0;0;0;1;0;0;0;0;0;0;0;2;0;0;0
"18/01/2020";"07:38:00";"18";"sem vítima";"123.2";"BR-116/PR";"Sul";"Capotamento";1;0;0;0;0;0;0;0;0;0;1;0;0;0;0
"18/01/2020";"02:25:00";"61";"com vítima";"209.8";"BR-116/SC";"Sul";"Engavetamento";3;0;0;0;0;0;0;0;0;0;4;1;0;0;0
"18/01/2020";"03:31:00";"68";"sem vítima";"119.6";"BR-116/PR";"Sul";"Capotamento";1;0;0;0;0;0;0;0;0;0;1;0;0;0;0
"18/01/2020";"05:59:00";"83";"com vítima";"134";"BR-116/PR";"Norte";"Colisão Lateral";1;0;0;1;0;0;0;0;0;0;2;2;0;0;0
"18/01/2020";"06:37:00";"88";"com vítima";"201.95";"BR-116/PR";"Sul";"Queda de Moto";0;0;0;1;0;0;0;0;0;0;0;1;0;0;0
"19/01/2020";"12:22:00";"40";"sem vítima";"24";"BR-116/SC";"Norte";"Colisão Traseira";1;0;0;0;0;1;0;0;0;0;7;0;0;0;0
"19/01/2020";"09:25:00";"88";"com vítima";"121";"BR-116/PR";"Norte";"Atropelamento - Outros";1;0;0;0;0;0;0;0;0;0;1;1;0;0;0
"19/01/2020";"11:34:00";"96";"sem vítima";"90.3";"BR-116/SC";"Norte";"Choque - Arvore";1;0;0;0;0;0;0;0;0;0;1;0;0;0;0
"20/01/2020";"01:06:00";"10";"sem vítima";"131.7";"BR-116/PR";"Norte";"Capotamento";1;0;0;0;0;0;0;0;0;0;1;0;0;0;0
"20/01/2020";"02:07:00";"13";"com vítima";"31.3";"BR-116/SC";"Sul";"Capotamento";1;0;0;0;0;0;0;0;0;0;0;0;0;1;0
"20/01/2020";"05:55:00";"19";"sem vítima";"151";"BR-116/PR";"Norte";"Queda de Moto";0;0;0;1;0;0;0;0;0;0;1;0;0;0;0
"20/01/2020";"04:11:00";"91";"sem vítima";"178.08";"BR-116/PR";"Sul";"Choque - Arvore";1;0;0;0;0;0;0;0;0;0;2;0;0;0;0
"21/01/2020";"12:30:00";"5";"sem vítima";"210.5";"BR-116/PR";"Sul";"Atropelamento de Animal";0;0;0;1;0;0;0;0;0;0;1;0;0;0;0
"21/01/2020";"02:20:00";"84";"sem vítima";"122";"BR-116/PR";"Norte";"Colisão Traseira";1;0;1;0;0;0;0;0;0;0;2;0;0;0;0
"22/01/2020";"01:00:00";"7";"com vítima";"115";"BR-116/PR";"Norte";"Colisão Traseira";2;0;0;0;0;0;0;0;0;0;1;1;0;0;0
"22/01/2020";"07:52:00";"31";"com vítima";"136.5";"BR-116/SC";"Sul";"Colisão Transversal";0;0;1;0;0;0;0;0;0;1;2;3;0;0;0
"22/01/2020";"04:10:00";"83";"com vítima";"126.5";"BR-116/PR";"Sul";"Engavetamento";4;0;0;0;0;0;0;0;0;0;5;1;0;0;0
"22/01/2020";"06:05:00";"94";"sem vítima";"126";"BR-116/PR";"Norte";"Colisão Traseira";1;0;0;0;0;0;0;0;0;1;3;0;0;0;0
"23/01/2020";"01:00:00";"53";"sem vítima";"4.5";"BR-116/SC";"Sul";"Colisão Transversal";1;0;1;0;0;0;0;0;0;0;2;0;0;0;0
"23/01/2020";"02:49:00";"67";"com vítima";"151.35";"BR-116/PR";"Norte";"Colisão Frontal";0;0;1;0;0;0;0;0;0;1;1;0;0;1;0
"24/01/2020";"07:46:00";"88";"sem vítima";"126.3";"BR-116/PR";"Norte";"Colisão Transversal";2;0;0;0;0;0;0;0;0;0;4;0;0;0;0
"24/01/2020";"09:03:00";"97";"sem vítima";"155";"BR-116/PR";"Norte";"Colisão Lateral";2;0;0;0;0;0;0;0;0;0;2;0;0;0;0
"25/01/2020";"04:32:00";"66";"sem vítima";"157.8";"BR-116/SC";"Norte";"Colisão Traseira";1;0;1;0;0;0;0;0;0;0;4;0;0;0;0
"26/01/2020";"07:13:00";"74";"sem vítima";"84";"BR-116/SC";"Norte";"Colisão Lateral";0;0;1;0;0;1;0;0;0;0;2;0;0;0;0
"27/01/2020";"03:39:00";"61";"sem vítima";"181";"BR-116/SC";"Norte";"Colisão Traseira";2;0;0;0;0;0;0;0;0;0;2;0;0;0;0
"27/01/2020";"04:49:00";"66";"com vítima";"146";"BR-116/PR";"Norte";"Colisão Transversal";1;0;0;0;0;0;0;0;0;1;4;1;0;0;0
"28/01/2020";"03:36:00";"83";"sem vítima";"115";"BR-116/PR";"Sul";"Choque - Defensa, barreira ou "submarino"";1;0;0;0;0;0;0;0;0;0;1;0;0;0;0
"28/01/2020";"07:16:00";"109";"com vítima";"119.2";"BR-116/PR";"Sul";"Colisão Lateral";1;0;0;1;0;0;0;0;0;0;1;1;0;0;0
"29/01/2020";"11:04:00";"46";"sem vítima";"245.6";"BR-116/SC";"Norte";"Colisão Transversal";1;0;1;0;0;0;0;0;0;0;5;0;0;0;0
"29/01/2020";"02:19:00";"64";"com vítima";"14.3";"BR-116/SC";"Sul";"Colisão Frontal";2;0;0;0;0;0;0;0;0;0;0;2;0;3;0
"29/01/2020";"08:45:00";"95";"com vítima";"59.8";"BR-116/SC";"Norte";"Colisão Transversal";1;0;1;0;0;0;0;0;0;0;1;0;0;1;0
"30/01/2020";"04:44:00";"94";"sem vítima";"79.8";"BR-116/SC";"Norte";"Saida de Pista";1;0;0;0;0;1;0;0;0;0;2;0;0;0;0
"31/01/2020";"06:43:00";"17";"com vítima";"121.9";"BR-116/PR";"Norte";"Colisão Lateral";1;0;0;1;0;0;0;0;0;0;1;1;0;0;0
"31/01/2020";"06:44:00";"18";"sem vítima";"61";"BR-116/SC";"Norte";"Saida de Pista";1;0;0;0;0;0;0;0;0;0;1;0;0;0;0
"31/01/2020";"08:37:00";"105";"com vítima";"117.8";"BR-116/PR";"Sul";"Atropelamento - Outros";0;0;0;0;0;1;0;0;0;0;1;1;0;0;0
"31/01/2020";"08:52:00";"108";"sem vítima";"209.4";"BR-116/PR";"Sul";"Engavetamento";2;0;1;0;0;0;0;0;0;0;3;0;0;0;0
"01/02/2020";"02:22:00";"10";"sem vítima";"117.55";"BR-116/PR";"Norte";"Choque - Defensa, barreira ou "submarino"";1;0;0;0;0;0;0;0;0;0;1;0;0;0;0
"01/02/2020";"06:37:00";"22";"com vítima";"167";"BR-116/PR";"Sul";"Atropelamento - Outros";0;0;0;0;0;1;0;0;0;0;1;0;0;1;0
"01/02/2020";"08:14:00";"33";"sem vítima";"59";"BR-116/SC";"Norte";"Colisão Lateral";0;0;2;0;0;0;0;0;0;0;2;0;0;0;0
"01/02/2020";"09:53:00";"118";"com vítima";"125.97";"BR-116/PR";"Sul";"Queda de Moto";0;0;0;1;0;0;0;0;0;0;0;1;0;0;0
"02/02/2020";"09:39:00";"30";"sem vítima";"303";"BR-116/SC";"Sul";"Choque - Talude";0;0;0;0;1;0;0;0;0;0;1;0;0;0;0
"02/02/2020";"04:18:00";"62";"sem vítima";"49.4";"BR-116/SC";"Norte";"Choque - Talude";0;0;1;0;0;0;0;0;0;0;1;0;0;0;0
"03/02/2020";"06:11:00";"14";"com vítima";"122.1";"BR-116/PR";"Norte";"Colisão Traseira";1;0;0;1;0;0;0;0;0;0;1;1;0;0;0
"03/02/2020";"06:56:00";"110";"com vítima";"122.08";"BR-116/PR";"Sul";"Colisão Lateral";1;0;0;1;0;0;0;0;0;0;1;1;0;0;0
"04/02/2020";"06:47:00";"14";"sem vítima";"125";"BR-116/PR";"Norte";"Colisão Traseira";1;0;0;1;0;0;0;0;0;0;2;0;0;0;0
"04/02/2020";"08:02:00";"22";"sem vítima";"167";"BR-116/PR";"Sul";"Choque - Poste";2;0;0;0;0;0;0;0;0;0;2;0;0;0;0
"05/02/2020";"07:17:00";"29";"sem vítima";"120.7";"BR-116/PR";"Norte";"Colisão Traseira";1;0;0;1;0;0;0;0;0;0;2;0;0;0;0