data;horario;n_da_ocorrencia;tipo_de_ocorrencia;km;trecho;sentido;tipo_de_acidente;automovel;bicicleta;caminhao;moto;onibus;outros;tracao_animal;transporte_de_cargas_especiais;trator_maquinas;utilitarios;ilesos;levemente_feridos;moderadamente_feridos;gravemente_feridos;mortos
"09/07/2021";"09:11:00";"52";"3 - Aciden";"40.001";"BR-116/SC";"Norte";"Colisão Traseira";3;0;0;0;0;0;0;0;0;0;6;0;0;0;0
"09/07/2021";"03:31:00";"110";"3 - Aciden";"305.001";"BR-116/SC";"Norte";"Engavetamento";3;0;0;0;0;0;0;0;0;0;6;0;0;0;0
"09/07/2021";"06:25:00";"135";"1 - Aciden";"140.335";"BR-116/PR";"Norte";"Atropelamento - Ciclista";0;1;0;0;0;1;0;0;0;0;1;0;0;0;1
"09/07/2021";"07:14:00";"141";"2 - Aciden";"220.6";"BR-116/SC";"Norte";"Colisão Transversal";2;0;0;0;0;0;0;0;0;0;1;1;0;0;0
"09/07/2021";"09:15:00";"149";"3 - Aciden";"140.3";"BR-116/PR";"Norte";"Colisão Lateral";1;0;0;0;0;0;0;0;0;1;4;0;0;0;0
"09/07/2021";"11:12:00";"155";"3 - Aciden";"116.7";"BR-116/PR";"Sul";"Saida de Pista";0;0;0;0;0;1;0;0;0;0;1;0;0;0;0
"10/07/2021";"01:29:00";"5";"3 - Aciden";"132.4";"BR-116/PR";"Norte";"Saida de Pista";1;0;0;0;0;1;0;0;0;0;3;0;0;0;0
"10/07/2021";"04:49:00";"9";"2 - Aciden";"49.8";"BR-116/SC";"Sul";"Colisão Traseira";2;0;0;0;0;0;0;0;0;0;1;1;0;0;0
"10/07/2021";"04:53:00";"11";"2 - Aciden";"126.001";"BR-116/PR";"Norte";"Colisão Transversal";1;0;0;1;0;0;0;0;0;0;1;0;0;1;0
"10/07/2021";"07:34:00";"18";"3 - Aciden";"128.3";"BR-116/SC";"Sul";"Colisão Traseira";2;0;0;0;0;0;0;0;0;0;8;0;0;0;0
"10/07/2021";"10:22:00";"45";"3 - Aciden";"155.001";"BR-116/PR";"Norte";"Colisão Lateral";2;0;0;0;0;0;0;0;0;0;2;0;0;0;0
"10/07/2021";"06:05:00";"75";"2 - Aciden";"11.2";"BR-116/SC";"Sul";"Colisão Traseira";1;0;0;1;0;0;0;0;0;0;1;0;0;1;0
"11/07/2021";"06:24:00";"90";"2 - Aciden";"145.5";"BR-116/PR";"Norte";"Colisão Transversal";2;0;0;0;0;0;0;0;0;0;3;2;0;1;0
"11/07/2021";"06:33:00";"92";"2 - Aciden";"156.715";"BR-116/PR";"Sul";"Colisão Transversal";2;0;0;0;0;0;0;0;0;0;4;1;0;0;0
"11/07/2021";"07:46:00";"104";"3 - Aciden";"30.001";"BR-116/SC";"Sul";"Capotamento";1;0;0;0;0;0;0;0;0;0;1;0;0;0;0
"11/07/2021";"09:15:00";"110";"1 - Aciden";"139.4";"BR-116/PR";"Norte";"Atropelamento - Sem Informação";0;0;0;0;0;0;0;0;0;0;0;0;0;0;1
"11/07/2021";"10:34:00";"113";"2 - Aciden";"115.001";"BR-116/PR";"Sul";"Saida de Pista";1;0;0;0;0;0;0;0;0;0;1;2;0;0;0
"12/07/2021";"10:36:00";"68";"3 - Aciden";"45.001";"BR-116/SC";"Norte";"Colisão Traseira";1;0;0;0;0;1;0;0;0;0;4;0;0;0;0
"12/07/2021";"12:18:00";"79";"2 - Aciden";"184.343";"BR-116/PR";"Norte";"Tombamento";0;0;1;0;0;0;0;0;0;0;0;1;0;0;0
"12/07/2021";"07:03:00";"125";"2 - Aciden";"255.001";"BR-116/SC";"Norte";"Colisão Transversal";1;0;1;0;0;0;0;0;0;0;1;2;1;0;0
"13/07/2021";"07:33:00";"18";"3 - Aciden";"126.001";"BR-116/PR";"Norte";"Colisão Traseira";2;0;0;0;0;0;0;0;0;0;2;0;0;0;0
"13/07/2021";"01:20:00";"83";"2 - Aciden";"13.199";"BR-116/SC";"Sul";"Tombamento";0;0;1;0;0;0;0;0;0;0;0;1;0;0;0
"13/07/2021";"04:05:00";"102";"3 - Aciden";"116.5";"BR-116/PR";"Norte";"Colisão Lateral";1;0;0;1;0;0;0;0;0;0;2;0;0;0;0
"13/07/2021";"04:32:00";"107";"3 - Aciden";"125.949";"BR-116/PR";"Norte";"Engavetamento";2;0;0;0;0;0;0;0;0;2;4;0;0;0;0
"14/07/2021";"10:24:00";"50";"3 - Aciden";"84.9";"BR-116/SC";"Norte";"Engavetamento";1;0;1;0;0;0;0;0;0;1;4;0;0;0;0
"14/07/2021";"02:14:00";"81";"2 - Aciden";"134.1";"BR-116/PR";"Sul";"Colisão Transversal";1;0;1;0;0;0;0;0;0;0;1;1;0;1;0
"14/07/2021";"06:12:00";"112";"2 - Aciden";"121.001";"BR-116/PR";"Sul";"Colisão Traseira";0;0;0;2;0;0;0;0;0;0;1;1;0;0;0
"14/07/2021";"06:33:00";"116";"3 - Aciden";"9.3";"BR-116/SC";"Sul";"Colisão Traseira";0;0;1;0;0;0;0;0;0;1;2;0;0;0;0
"15/07/2021";"07:14:00";"15";"2 - Aciden";"115.5";"BR-116/PR";"Norte";"Queda de Moto";0;0;0;1;0;0;0;0;0;0;0;1;0;0;0
"15/07/2021";"11:27:00";"63";"2 - Aciden";"155.3";"BR-116/SC";"Norte";"Tombamento";0;0;2;0;0;0;0;0;0;0;0;1;0;1;0
"15/07/2021";"07:23:00";"100";"3 - Aciden";"191.1";"BR-116/PR";"Norte";"Saida de Pista";0;0;1;0;0;0;0;0;0;0;1;0;0;0;0
"16/07/2021";"08:55:00";"34";"3 - Aciden";"12.361";"BR-116/SC";"Sul";"Colisão Transversal";1;0;1;0;0;0;0;0;0;0;2;0;0;0;0
"16/07/2021";"05:45:00";"109";"3 - Aciden";"209.7";"BR-116/PR";"Sul";"Colisão Transversal";1;0;1;0;0;0;0;0;0;0;2;0;0;0;0
"16/07/2021";"07:43:00";"129";"2 - Aciden";"131.6";"BR-116/PR";"Sul";"Queda de Moto";0;0;0;1;0;0;0;0;0;0;0;1;0;0;0
"17/07/2021";"01:59:00";"8";"3 - Aciden";"128.102";"BR-116/PR";"Sul";"Colisão Lateral";0;0;0;0;0;1;0;0;0;1;2;0;0;0;0
"17/07/2021";"03:31:00";"68";"3 - Aciden";"183.001";"BR-116/SC";"Norte";"Saida de Pista";1;0;0;0;0;0;0;0;0;0;3;0;0;0;0
"18/07/2021";"01:08:00";"54";"3 - Aciden";"119.357";"BR-116/PR";"Sul";"Colisão Lateral";1;0;0;1;0;0;0;0;0;0;3;0;0;0;0
"18/07/2021";"05:32:00";"73";"3 - Aciden";"69.001";"BR-116/SC";"Norte";"Colisão Traseira";2;0;0;0;0;0;0;0;0;0;3;0;0;0;0
"18/07/2021";"07:28:00";"77";"2 - Aciden";"126.225";"BR-116/PR";"Norte";"Colisão Transversal";0;0;0;1;0;1;0;0;0;0;2;1;0;0;0
"18/07/2021";"07:32:00";"78";"3 - Aciden";"123.86";"BR-116/PR";"Norte";"Colisão Traseira";1;0;0;0;0;0;0;0;0;1;3;0;0;0;0
"18/07/2021";"08:32:00";"81";"3 - Aciden";"126.1";"BR-116/PR";"Sul";"Capotamento";1;0;0;0;0;0;0;0;0;0;1;0;0;0;0
"18/07/2021";"08:59:00";"84";"3 - Aciden";"143.5";"BR-116/PR";"Sul";"Capotamento";1;0;0;0;0;0;0;0;0;0;1;0;0;0;0
"19/07/2021";"07:23:00";"34";"3 - Aciden";"122.38";"BR-116/PR";"Norte";"Tombamento";0;0;1;0;0;0;0;0;0;0;1;0;0;0;0
"19/07/2021";"01:21:00";"79";"3 - Aciden";"122.38";"BR-116/PR";"Sul";"Colisão Traseira";1;0;0;1;0;0;0;0;0;0;2;0;0;0;0
"19/07/2021";"01:28:00";"80";"2 - Aciden";"245.7";"BR-116/SC";"Sul";"Colisão Transversal";1;0;0;1;0;0;0;0;0;0;1;1;0;1;0
"19/07/2021";"09:04:00";"109";"3 - Aciden";"120.001";"BR-116/SC";"Sul";"Colisão Traseira";2;0;0;0;0;0;0;0;0;0;2;0;0;0;0
"19/07/2021";"11:09:00";"118";"2 - Aciden";"125.8";"BR-116/PR";"Sul";"Colisão Transversal";1;0;0;1;0;0;0;0;0;0;1;0;0;1;0
"20/07/2021";"06:02:00";"16";"3 - Aciden";"118.001";"BR-116/PR";"Norte";"Colisão Lateral";1;0;1;0;0;0;0;0;0;0;2;0;0;0;0
"21/07/2021";"06:47:00";"16";"3 - Aciden";"122.892";"BR-116/PR";"Norte";"Colisão Lateral";1;0;1;0;0;0;0;0;0;0;3;0;0;0;0
"21/07/2021";"12:19:00";"88";"3 - Aciden";"197.5";"BR-116/SC";"Sul";"Tombamento";1;0;0;0;0;0;0;0;0;0;1;0;0;0;0
"21/07/2021";"09:24:00";"124";"2 - Aciden";"284.01";"BR-116/SC";"Norte";"Colisão Lateral";1;0;0;0;0;0;0;0;0;1;2;1;0;0;0
"22/07/2021";"07:48:00";"18";"2 - Aciden";"115.4";"BR-116/PR";"Norte";"Colisão Traseira";0;0;0;1;0;1;0;0;0;0;1;1;0;0;0
"22/07/2021";"09:08:00";"38";"3 - Aciden";"117.1";"BR-116/PR";"Norte";"Colisão Lateral";1;0;0;1;0;0;0;0;0;0;2;0;0;0;0
"22/07/2021";"09:39:00";"48";"2 - Aciden";"124.4";"BR-116/PR";"Sul";"Choque - Poste";1;0;0;0;0;0;0;0;0;0;0;2;0;0;0
"22/07/2021";"11:40:00";"61";"2 - Aciden";"251.5";"BR-116/SC";"Sul";"Colisão Transversal";1;0;1;0;0;0;0;0;0;0;1;4;0;0;0
"22/07/2021";"04:07:00";"97";"2 - Aciden";"190.9";"BR-116/SC";"Sul";"Queda de Moto";0;0;0;1;0;0;0;0;0;0;0;1;0;0;0
"22/07/2021";"08:43:00";"129";"3 - Aciden";"129.001";"BR-116/PR";"Norte";"Colisão Lateral";1;0;1;0;0;0;0;0;0;0;2;0;0;0;0
"22/07/2021";"09:37:00";"131";"3 - Aciden";"126.001";"BR-116/PR";"Norte";"Colisão Traseira";1;0;0;0;0;1;0;0;0;0;2;0;0;0;0
"23/07/2021";"02:51:00";"10";"3 - Aciden";"129.001";"BR-116/PR";"Sul";"Choque - Talude";1;0;0;0;0;0;0;0;0;0;1;0;0;0;0
"23/07/2021";"11:49:00";"53";"2 - Aciden";"90.001";"BR-116/SC";"Norte";"Colisão Frontal";1;0;0;0;0;0;0;0;0;1;0;1;1;0;0
"23/07/2021";"10:27:00";"126";"3 - Aciden";"245.001";"BR-116/SC";"Sul";"Colisão Transversal";2;0;0;0;0;0;0;0;0;0;2;0;0;0;0
"24/07/2021";"04:51:00";"13";"3 - Aciden";"283.001";"BR-116/SC";"Norte";"Colisão Lateral";1;0;1;0;0;0;0;0;0;0;2;0;0;0;0
"24/07/2021";"05:39:00";"15";"3 - Aciden";"178.4";"BR-116/PR";"Norte";"Saida de Pista";0;0;1;0;0;0;0;0;0;0;1;0;2;0;0
"24/07/2021";"07:39:00";"24";"3 - Aciden";"125.5";"BR-116/PR";"Sul";"Saida de Pista";1;0;0;0;0;0;0;0;0;0;1;0;0;0;0
"24/07/2021";"03:44:00";"73";"2 - Aciden";"19.001";"BR-116/SC";"Norte";"Saida de Pista";1;0;0;0;0;0;0;0;0;0;0;2;0;0;0
"24/07/2021";"11:10:00";"107";"3 - Aciden";"133.001";"BR-116/SC";"Norte";"Saida de Pista";1;0;0;0;0;0;0;0;0;0;2;0;0;0;0
"25/07/2021";"01:58:00";"9";"3 - Aciden";"125.001";"BR-116/PR";"Norte";"Engavetamento";4;0;0;0;0;0;0;0;0;0;4;0;0;0;0
"25/07/2021";"04:21:00";"16";"3 - Aciden";"124.001";"BR-116/SC";"Sul";"Choque - Defensa, barreira ou "submarino"";1;0;0;0;0;0;0;0;0;0;1;0;0;0;0
"25/07/2021";"12:36:00";"67";"3 - Aciden";"126.001";"BR-116/PR";"Norte";"Colisão Traseira";2;0;0;0;0;0;0;0;0;0;2;0;0;0;0
"25/07/2021";"12:52:00";"70";"2 - Aciden";"145.5";"BR-116/PR";"Sul";"Colisão Transversal";2;0;1;0;0;0;0;0;0;0;3;1;0;0;0
"25/07/2021";"01:06:00";"73";"2 - Aciden";"146.001";"BR-116/PR";"Norte";"Colisão Frontal";1;0;0;1;0;0;0;0;0;0;2;1;0;0;0
"25/07/2021";"01:53:00";"76";"3 - Aciden";"143.001";"BR-116/SC";"Norte";"Colisão Transversal";1;0;0;0;0;1;0;0;0;0;3;0;0;0;0
"25/07/2021";"02:31:00";"78";"3 - Aciden";"118.4";"BR-116/PR";"Sul";"Capotamento";1;0;0;0;0;0;0;0;0;0;1;0;0;0;0
"26/07/2021";"10:59:00";"83";"3 - Aciden";"189.5";"BR-116/PR";"Norte";"Colisão Lateral";0;0;1;0;0;0;0;0;0;1;2;0;0;0;0
"26/07/2021";"12:20:00";"95";"2 - Aciden";"126.001";"BR-116/PR";"Sul";"Colisão Traseira";0;0;1;1;0;0;0;0;0;0;1;1;0;0;0
"26/07/2021";"12:51:00";"97";"2 - Aciden";"118.507";"BR-116/PR";"Norte";"Colisão Traseira";3;0;0;0;0;0;0;0;0;0;0;4;0;0;0
"26/07/2021";"04:42:00";"115";"1 - Aciden";"106.25";"BR-116/SC";"Sul";"Tombamento";0;0;1;0;0;0;0;0;0;0;0;0;0;0;1
"26/07/2021";"10:52:00";"132";"2 - Aciden";"169.3";"BR-116/PR";"Norte";"Capotamento";1;0;0;0;0;0;0;0;0;0;0;1;0;2;0
"27/07/2021";"09:53:00";"47";"3 - Aciden";"122.1";"BR-116/PR";"Sul";"Colisão Traseira";1;0;1;0;0;0;0;0;0;0;2;0;0;0;0
"27/07/2021";"10:58:00";"54";"3 - Aciden";"118.001";"BR-116/SC";"Sul";"Colisão Traseira";1;0;0;0;0;1;0;0;0;0;3;0;0;0;0
"27/07/2021";"11:29:00";"63";"3 - Aciden";"136.7";"BR-116/SC";"Norte";"Choque - Talude";0;0;1;0;0;0;0;0;0;0;1;0;0;0;0
"27/07/2021";"05:24:00";"96";"3 - Aciden";"129.8";"BR-116/SC";"Sul";"Choque - Poste";1;0;0;0;0;0;0;0;0;0;1;0;0;0;0
"27/07/2021";"05:44:00";"98";"2 - Aciden";"126.1";"BR-116/PR";"Sul";"Colisão Traseira";0;0;0;1;0;0;0;0;0;1;1;1;0;0;0
"27/07/2021";"06:31:00";"103";"3 - Aciden";"115.3";"BR-116/PR";"Sul";"Colisão Lateral";1;0;0;0;0;1;0;0;0;0;2;0;0;0;0
"28/07/2021";"02:11:00";"8";"3 - Aciden";"181.95";"BR-116/PR";"Sul";"Colisão Lateral";1;0;0;0;0;1;0;0;0;0;2;0;0;0;0
"28/07/2021";"06:20:00";"20";"1 - Aciden";"61.763";"BR-116/SC";"Sul";"Tombamento";0;0;1;0;0;0;0;0;0;0;0;0;0;0;1
"28/07/2021";"10:53:00";"73";"3 - Aciden";"143.2";"BR-116/PR";"Sul";"Choque - Talude";0;0;0;0;0;0;0;0;0;1;1;0;0;0;0
"28/07/2021";"03:45:00";"115";"2 - Aciden";"116.939";"BR-116/PR";"Sul";"Colisão Traseira";1;0;0;1;0;0;0;0;0;0;2;1;0;0;0
"28/07/2021";"05:15:00";"128";"3 - Aciden";"5.653";"BR-116/SC";"Norte";"Colisão Transversal";2;0;0;0;0;0;0;0;0;0;2;0;0;0;0
"28/07/2021";"05:51:00";"137";"2 - Aciden";"115.25";"BR-116/PR";"Norte";"Colisão Traseira";0;0;1;1;0;0;0;0;0;0;1;1;0;0;0
"28/07/2021";"06:37:00";"145";"3 - Aciden";"116.8";"BR-116/PR";"Sul";"Colisão Lateral";1;0;0;1;0;0;0;0;0;0;2;0;0;0;0
"28/07/2021";"07:33:00";"152";"3 - Aciden";"234.001";"BR-116/SC";"Norte";"Capotamento";1;0;0;0;0;0;0;0;0;0;2;0;0;0;0
"29/07/2021";"04:12:00";"120";"2 - Aciden";"224.001";"BR-116/SC";"Sul";"Colisão Transversal";1;0;1;0;0;0;0;0;0;0;1;2;0;0;0
"30/07/2021";"05:05:00";"115";"2 - Aciden";"233.16";"BR-116/SC";"Sul";"Choque - Defensa, barreira ou "submarino"";0;0;0;0;0;0;0;0;0;1;0;1;0;0;0
"31/07/2021";"12:46:00";"3";"2 - Aciden";"5.063";"BR-116/SC";"Norte";"Colisão Traseira";1;0;0;0;0;1;0;0;0;0;1;1;0;0;0
"31/07/2021";"09:00:00";"29";"3 - Aciden";"129.001";"BR-116/PR";"Sul";"Colisão Traseira";2;0;0;0;0;0;0;0;0;0;5;0;0;0;0
"31/07/2021";"01:14:00";"67";"2 - Aciden";"245.6";"BR-116/SC";"Norte";"Colisão Transversal";2;0;0;0;0;0;0;0;0;0;2;1;0;0;0
"31/07/2021";"08:04:00";"108";"3 - Aciden";"139.1";"BR-116/PR";"Sul";"Saida de Pista";1;0;0;0;0;0;0;0;0;0;1;0;0;0;0
"31/07/2021";"08:38:00";"112";"3 - Aciden";"192.001";"BR-116/SC";"Sul";"Capotamento";1;0;0;0;0;0;0;0;0;0;1;0;0;0;0
"31/07/2021";"09:59:00";"118";"3 - Aciden";"129.001";"BR-116/PR";"Norte";"Queda de Moto";1;0;0;0;0;0;0;0;0;0;1;0;0;0;0
"01/08/2021";"12:37:00";"61";"3 - Aciden";"137.9";"BR-116/PR";"Norte";"Saida de Pista";0;0;1;0;0;0;0;0;0;0;1;0;0;0;0
"01/08/2021";"03:01:00";"75";"3 - Aciden";"115.25";"BR-116/PR";"Sul";"Choque - Defensa, barreira ou "submarino"";1;0;0;0;0;0;0;0;0;0;1;0;0;0;0
"01/08/2021";"06:00:00";"98";"3 - Aciden";"208.9";"BR-116/PR";"Sul";"Colisão Lateral";1;0;1;0;0;0;0;0;0;0;5;0;0;0;0
"01/08/2021";"07:31:00";"109";"3 - Aciden";"115.05";"BR-116/PR";"Sul";"Engavetamento";4;0;0;0;1;1;0;0;0;0;6;0;0;0;0
"01/08/2021";"10:54:00";"120";"3 - Aciden";"209.2";"BR-116/SC";"Sul";"Choque - Talude";1;0;0;0;0;0;0;0;0;0;1;0;0;0;0
"01/08/2021";"11:41:00";"122";"3 - Aciden";"120.3";"BR-116/PR";"Sul";"Colisão Traseira";1;0;0;0;0;1;0;0;0;0;2;0;0;0;0
"02/08/2021";"12:11:00";"2";"3 - Aciden";"118.05";"BR-116/PR";"Sul";"Choque - Defensa, barreira ou "submarino"";1;0;0;0;0;0;0;0;0;0;1;0;0;0;0
"02/08/2021";"01:15:00";"8";"3 - Aciden";"250.5";"BR-116/SC";"Sul";"Atropelamento de Animal";0;0;1;0;0;0;0;0;0;0;1;0;0;0;0
"02/08/2021";"10:09:00";"52";"3 - Aciden";"120.5";"BR-116/PR";"Sul";"Choque - Veiculo parado na pista";1;0;1;0;0;0;0;0;0;0;3;0;0;0;0
"02/08/2021";"12:43:00";"74";"2 - Aciden";"170.5";"BR-116/SC";"Norte";"Atropelamento - Ciclista";1;1;0;0;0;0;0;0;0;0;1;1;0;0;0
"02/08/2021";"03:16:00";"89";"3 - Aciden";"184.3";"BR-116/PR";"Norte";"Saida de Pista";0;0;1;0;0;0;0;0;0;0;1;0;0;0;0
"02/08/2021";"08:29:00";"111";"3 - Aciden";"216.7";"BR-116/SC";"Norte";"Atropelamento de Animal";1;0;0;0;0;0;0;0;0;0;1;0;0;0;0
"03/08/2021";"07:25:00";"19";"2 - Aciden";"118.5";"BR-116/PR";"Norte";"Colisão Lateral";1;0;0;1;0;0;0;0;0;0;1;1;0;0;0
"03/08/2021";"07:42:00";"20";"3 - Aciden";"121.2";"BR-116/PR";"Norte";"Colisão Lateral";1;0;0;1;0;0;0;0;0;0;3;0;0;0;0
"03/08/2021";"06:20:00";"123";"3 - Aciden";"71.001";"BR-116/SC";"Sul";"Colisão Traseira";0;0;2;0;0;0;0;0;0;0;2;0;0;0;0
"03/08/2021";"06:35:00";"125";"3 - Aciden";"139.001";"BR-116/PR";"Norte";"Colisão Transversal";1;0;1;0;0;0;0;0;0;0;2;0;0;0;0
"04/08/2021";"11:52:00";"64";"3 - Aciden";"6.109";"BR-116/SC";"Sul";"Saida de Pista";0;0;0;0;0;0;0;0;0;1;1;0;0;0;0
"04/08/2021";"04:29:00";"101";"3 - Aciden";"199.8";"BR-116/SC";"Sul";"Colisão Lateral";1;0;1;0;0;0;0;0;0;0;2;0;0;0;0
"04/08/2021";"08:55:00";"123";"3 - Aciden";"27.3";"BR-116/SC";"Norte";"Colisão Transversal";1;0;0;1;0;0;0;0;0;0;3;0;0;0;0
"05/08/2021";"06:42:00";"20";"2 - Aciden";"126.4";"BR-116/PR";"Norte";"Colisão Traseira";1;0;0;1;0;0;0;0;0;0;1;1;0;0;0
"05/08/2021";"08:03:00";"32";"2 - Aciden";"125.673";"BR-116/PR";"Sul";"Colisão Lateral";1;0;0;1;0;0;0;0;0;0;1;1;0;0;0
"05/08/2021";"01:12:00";"92";"3 - Aciden";"209.1";"BR-116/PR";"Sul";"Colisão Transversal";2;0;0;0;0;0;0;0;0;0;2;0;0;0;0
"05/08/2021";"06:07:00";"135";"2 - Aciden";"211.01";"BR-116/PR";"Norte";"Colisão Frontal";1;0;1;0;0;0;0;0;0;0;1;1;0;0;0
"05/08/2021";"10:25:00";"145";"3 - Aciden";"188.2";"BR-116/PR";"Norte";"Colisão Transversal";1;0;1;0;0;0;0;0;0;0;2;0;0;0;0
"06/08/2021";"04:05:00";"9";"3 - Aciden";"128.1";"BR-116/PR";"Norte";"Colisão Traseira";1;0;1;0;0;0;0;0;0;0;2;0;0;0;0
"06/08/2021";"06:59:00";"20";"2 - Aciden";"125.132";"BR-116/PR";"Norte";"Colisão Traseira";1;0;0;1;0;0;0;0;0;0;1;1;0;0;0
"06/08/2021";"10:45:00";"77";"2 - Aciden";"116.001";"BR-116/PR";"Norte";"Colisão Traseira";1;0;0;2;0;0;0;0;0;0;3;2;0;0;0
"06/08/2021";"02:00:00";"100";"2 - Aciden";"128.001";"BR-116/PR";"Sul";"Colisão Traseira";1;0;0;1;0;0;0;0;0;0;1;1;0;0;0
"06/08/2021";"07:43:00";"123";"3 - Aciden";"116.001";"BR-116/PR";"Sul";"Colisão Traseira";2;0;0;0;0;0;0;0;0;0;2;0;0;0;0
"06/08/2021";"09:33:00";"134";"3 - Aciden";"156.001";"BR-116/PR";"Norte";"Colisão Lateral";1;0;0;0;0;1;0;0;0;0;2;0;0;0;0
"06/08/2021";"10:56:00";"140";"3 - Aciden";"126.001";"BR-116/PR";"Sul";"Colisão Traseira";2;0;0;0;0;0;0;0;0;0;2;0;0;0;0
"06/08/2021";"11:33:00";"144";"3 - Aciden";"226.001";"BR-116/SC";"Norte";"Atropelamento de Animal";1;0;0;0;0;0;0;0;0;0;1;0;0;0;0
"07/08/2021";"03:43:00";"12";"3 - Aciden";"115.2";"BR-116/PR";"Sul";"Colisão Traseira";2;0;1;0;0;0;0;0;0;0;3;0;0;0;0
"07/08/2021";"06:38:00";"14";"3 - Aciden";"128.45";"BR-116/PR";"Sul";"Colisão Traseira";2;0;0;0;0;0;0;0;0;0;2;0;0;0;0
"07/08/2021";"07:16:00";"17";"2 - Aciden";"122.001";"BR-116/PR";"Sul";"Colisão Traseira";2;0;0;0;0;0;0;0;0;0;1;1;0;0;0
"07/08/2021";"01:46:00";"63";"3 - Aciden";"119.001";"BR-116/PR";"Sul";"Colisão Traseira";2;0;0;0;0;0;0;0;0;0;2;0;0;0;0
"07/08/2021";"05:44:00";"85";"3 - Aciden";"226.1";"BR-116/SC";"Norte";"Colisão Transversal";2;0;0;0;0;0;0;0;0;0;2;0;0;0;0
"07/08/2021";"07:47:00";"89";"2 - Aciden";"64.5";"BR-116/SC";"Sul";"Colisão Frontal";2;0;0;0;0;0;0;0;0;0;1;1;0;0;0
"07/08/2021";"08:00:00";"91";"3 - Aciden";"119.001";"BR-116/PR";"Norte";"Choque - Defensa, barreira ou "submarino"";1;0;0;0;0;0;0;0;0;0;1;0;0;0;0
"07/08/2021";"09:44:00";"99";"1 - Aciden";"170.223";"BR-116/PR";"Sul";"Colisão Frontal";2;0;0;0;0;0;0;0;0;0;0;0;0;1;3
"08/08/2021";"01:42:00";"6";"3 - Aciden";"56.9";"BR-116/SC";"Norte";"Saida de Pista";1;0;0;0;0;0;0;0;0;0;1;0;0;0;0
"08/08/2021";"02:04:00";"7";"3 - Aciden";"239.5";"BR-116/SC";"Norte";"Saida de Pista";1;0;0;0;0;0;0;0;0;0;2;0;0;0;0
"08/08/2021";"03:43:00";"9";"2 - Aciden";"125.2";"BR-116/PR";"Sul";"Colisão Transversal";0;0;0;2;0;0;0;0;0;0;1;1;0;0;0
"08/08/2021";"06:15:00";"17";"3 - Aciden";"237.001";"BR-116/SC";"Norte";"Saida de Pista";1;0;0;0;0;0;0;0;0;0;1;0;0;0;0
"08/08/2021";"05:44:00";"63";"3 - Aciden";"126.001";"BR-116/PR";"Norte";"Colisão Lateral";1;0;1;0;0;0;0;0;0;0;2;0;0;0;0
"08/08/2021";"07:05:00";"76";"3 - Aciden";"152.001";"BR-116/PR";"Sul";"Colisão Transversal";2;0;0;0;0;0;0;0;0;0;2;0;0;0;0
"08/08/2021";"07:30:00";"81";"3 - Aciden";"224.9";"BR-116/SC";"Sul";"Choque - Elemento de Drenagem";1;0;0;0;0;0;0;0;0;0;1;0;0;0;0
"08/08/2021";"09:13:00";"88";"1 - Aciden";"139.903";"BR-116/SC";"Sul";"Colisão Traseira";1;0;1;0;0;0;0;0;0;0;2;0;0;1;1
"09/08/2021";"07:36:00";"18";"3 - Aciden";"142.001";"BR-116/PR";"Norte";"Saida de Pista";2;0;1;0;0;1;0;0;0;0;4;0;0;0;0
"09/08/2021";"07:41:00";"19";"3 - Aciden";"214.1";"BR-116/SC";"Norte";"Choque - Suporte de Sinalização";1;0;0;0;0;0;0;0;0;0;1;0;0;0;0
"09/08/2021";"11:16:00";"70";"3 - Aciden";"19.5";"BR-116/SC";"Sul";"Saida de Pista";0;0;2;0;0;0;0;0;0;0;3;0;0;0;0
"09/08/2021";"04:12:00";"106";"3 - Aciden";"196.2";"BR-116/PR";"Sul";"Saida de Pista";1;0;0;0;0;0;0;0;0;0;2;0;0;0;0
"09/08/2021";"06:55:00";"122";"2 - Aciden";"121.001";"BR-116/PR";"Sul";"Colisão Lateral";1;0;0;1;0;0;0;0;0;0;2;1;0;0;0
"09/08/2021";"07:02:00";"123";"2 - Aciden";"126.001";"BR-116/PR";"Sul";"Colisão Transversal";1;0;0;1;0;0;0;0;0;0;1;1;0;0;0
"09/08/2021";"07:23:00";"125";"3 - Aciden";"135.001";"BR-116/PR";"Sul";"Choque - Defensa, barreira ou "submarino"";1;0;0;0;0;0;0;0;0;0;4;0;0;0;0
"09/08/2021";"07:25:00";"126";"2 - Aciden";"5.5";"BR-116/SC";"Norte";"Colisão Transversal";1;0;0;1;0;0;0;0;0;0;1;0;0;1;0
"10/08/2021";"09:31:00";"65";"3 - Aciden";"126.001";"BR-116/PR";"Norte";"Colisão Traseira";1;0;0;0;0;1;0;0;0;0;2;0;0;0;0
"10/08/2021";"01:42:00";"90";"3 - Aciden";"235.5";"BR-116/SC";"Sul";"Saida de Pista";1;0;0;0;0;0;0;0;0;0;1;0;0;0;0
"10/08/2021";"08:41:00";"137";"3 - Aciden";"42.8";"BR-116/SC";"Norte";"Colisão Traseira";0;0;1;0;0;1;0;0;0;0;2;0;0;0;0
"10/08/2021";"10:11:00";"140";"2 - Aciden";"22.75";"BR-116/SC";"Sul";"Colisão Lateral";0;0;3;0;0;0;0;0;0;0;2;1;0;0;0
"11/08/2021";"12:16:00";"1";"1 - Aciden";"167.08";"BR-116/PR";"Norte";"Colisão Frontal";1;0;1;0;0;0;0;0;0;0;1;0;0;2;1
"12/08/2021";"10:20:00";"71";"2 - Aciden";"115.001";"BR-116/PR";"Sul";"Colisão Lateral";1;0;0;1;0;0;0;0;0;0;1;1;0;0;0
"12/08/2021";"09:03:00";"120";"3 - Aciden";"205.95";"BR-116/PR";"Sul";"Saida de Pista";1;0;0;0;0;0;0;0;0;0;1;0;0;0;0
"13/08/2021";"01:50:00";"12";"2 - Aciden";"310.001";"BR-116/SC";"Norte";"Capotamento";1;0;0;0;0;0;0;0;0;0;0;1;0;0;0
"13/08/2021";"02:08:00";"13";"3 - Aciden";"118.9";"BR-116/PR";"Norte";"Choque - Elemento de Drenagem";1;0;0;0;0;0;0;0;0;0;1;0;0;0;0