data;horario;n_da_ocorrencia;tipo_de_ocorrencia;km;trecho;sentido;tipo_de_acidente;automovel;bicicleta;caminhao;moto;onibus;outros;tracao_animal;transporte_de_cargas_especiais;trator_maquinas;utilitarios;ilesos;levemente_feridos;moderadamente_feridos;gravemente_feridos;mortos
"03/05/2022";"07:20:00";"25";"2 - Aciden";"192.1";"BR-116/SC";"Sul";"Saida de Pista";1;0;0;0;0;0;0;0;0;0;0;1;0;0;0
"03/05/2022";"10:32:00";"61";"2 - Aciden";"244.6";"BR-116/SC";"Sul";"Colisão Frontal";1;0;1;0;0;0;0;0;0;0;1;1;0;0;0
"03/05/2022";"04:50:00";"99";"2 - Aciden";"115.304";"BR-116/SC";"Norte";"Tombamento";0;0;1;0;0;0;0;0;0;0;0;1;0;0;0
"03/05/2022";"07:45:00";"113";"3 - Aciden";"135.8";"BR-116/PR";"Sul";"Choque - Defensa, barreira ou "submarino"";1;0;0;0;0;0;0;0;0;0;1;0;0;0;0
"03/05/2022";"10:16:00";"125";"3 - Aciden";"287.15";"BR-116/SC";"Sul";"Saida de Pista";0;0;1;0;0;0;0;0;0;0;1;0;0;0;0
"04/05/2022";"06:54:00";"25";"2 - Aciden";"124.95";"BR-116/PR";"Norte";"Colisão Traseira";0;0;0;1;0;1;0;0;0;0;1;1;0;0;0
"04/05/2022";"06:56:00";"26";"2 - Aciden";"121.8";"BR-116/PR";"Sul";"Colisão Lateral";0;0;0;1;1;0;0;0;0;0;1;1;0;0;0
"04/05/2022";"08:52:00";"43";"2 - Aciden";"115.4";"BR-116/PR";"Norte";"Colisão Traseira";1;0;0;1;0;0;0;0;0;0;1;1;0;0;0
"04/05/2022";"08:58:00";"47";"3 - Aciden";"173.9";"BR-116/SC";"Sul";"Choque - Defensa, barreira ou "submarino"";1;0;0;0;0;0;0;0;0;0;3;0;0;0;0
"04/05/2022";"12:03:00";"78";"3 - Aciden";"168.5";"BR-116/SC";"Sul";"Tombamento";0;0;1;0;0;0;0;0;0;0;1;0;0;0;0
"04/05/2022";"11:41:00";"152";"3 - Aciden";"153.594";"BR-116/PR";"Sul";"Choque - Suporte de Sinalização";1;0;0;0;0;0;0;0;0;0;1;0;0;0;0
"04/05/2022";"11:43:00";"153";"3 - Aciden";"198.898";"BR-116/PR";"Norte";"Tombamento";0;0;1;0;0;0;0;0;0;0;1;0;0;0;0
"05/05/2022";"07:15:00";"41";"2 - Aciden";"53.263";"BR-116/SC";"Sul";"Choque - Defensa, barreira ou "submarino"";1;0;0;0;0;0;0;0;0;0;1;1;0;0;0
"05/05/2022";"09:35:00";"67";"3 - Aciden";"5.12";"BR-116/SC";"Norte";"Saida de Pista";0;0;1;0;0;0;0;0;0;0;1;0;0;0;0
"05/05/2022";"10:59:00";"80";"2 - Aciden";"43.797";"BR-116/SC";"Norte";"Tombamento";0;0;1;0;0;0;0;0;0;0;0;1;0;0;0
"05/05/2022";"02:12:00";"112";"3 - Aciden";"133.138";"BR-116/SC";"Sul";"Tombamento";0;0;1;0;0;0;0;0;0;0;1;0;0;0;0
"05/05/2022";"04:45:00";"128";"3 - Aciden";"174.093";"BR-116/SC";"Norte";"Saida de Pista";1;0;0;0;0;0;0;0;0;0;1;0;0;0;0
"05/05/2022";"04:57:00";"130";"3 - Aciden";"113.468";"BR-116/SC";"Norte";"Saida de Pista";0;0;1;0;0;0;0;0;0;0;1;0;0;0;0
"05/05/2022";"05:38:00";"137";"3 - Aciden";"116.256";"BR-116/PR";"Norte";"Colisão Lateral";1;0;0;1;0;0;0;0;0;0;2;0;0;0;0
"05/05/2022";"08:10:00";"155";"3 - Aciden";"225.215";"BR-116/SC";"Sul";"Choque - Defensa, barreira ou "submarino"";0;0;1;0;0;0;0;0;0;0;1;0;0;0;0
"06/05/2022";"02:09:00";"31";"3 - Aciden";"165.987";"BR-116/PR";"Norte";"Atropelamento de Animal";0;0;1;0;0;0;0;0;0;0;1;0;0;0;0
"06/05/2022";"02:42:00";"35";"3 - Aciden";"107.704";"BR-116/SC";"Norte";"Capotamento";1;0;0;0;0;0;0;0;0;0;1;0;0;0;0
"06/05/2022";"06:22:00";"118";"2 - Aciden";"126.723";"BR-116/PR";"Norte";"Colisão Traseira";0;0;0;1;0;0;0;0;0;1;1;1;0;0;0
"06/05/2022";"07:08:00";"120";"2 - Aciden";"145.801";"BR-116/PR";"Norte";"Atropelamento - Morador";2;0;0;0;0;0;0;0;0;0;3;1;0;0;0
"06/05/2022";"07:28:00";"123";"2 - Aciden";"126.506";"BR-116/PR";"Norte";"Engavetamento";2;0;0;0;0;1;0;0;0;0;2;1;0;0;0
"06/05/2022";"09:38:00";"129";"1 - Aciden";"225.11";"BR-116/SC";"Norte";"Colisão Frontal";2;0;0;0;0;0;0;0;0;0;0;0;0;4;3
"07/05/2022";"01:21:00";"27";"2 - Aciden";"118.867";"BR-116/PR";"Sul";"Capotamento";2;0;0;0;0;0;0;0;0;0;1;4;0;0;0
"07/05/2022";"02:50:00";"33";"3 - Aciden";"121.5";"BR-116/PR";"Norte";"Choque - Defensa, barreira ou "submarino"";1;0;0;0;0;0;0;0;0;0;1;0;0;0;0
"08/05/2022";"03:11:00";"24";"3 - Aciden";"211.195";"BR-116/SC";"Norte";"Capotamento";1;0;0;0;0;0;0;0;0;0;1;0;0;0;0
"08/05/2022";"05:17:00";"26";"3 - Aciden";"133.1";"BR-116/PR";"Sul";"Saida de Pista";1;0;0;0;0;0;0;0;0;0;2;0;0;0;0
"08/05/2022";"03:51:00";"69";"3 - Aciden";"121.563";"BR-116/PR";"Norte";"Queda de Moto";0;0;0;1;0;0;0;0;0;0;1;0;0;0;0
"08/05/2022";"04:35:00";"74";"3 - Aciden";"150.123";"BR-116/PR";"Norte";"Colisão Traseira";1;0;1;0;0;0;0;0;0;0;2;0;0;0;0
"08/05/2022";"05:04:00";"78";"3 - Aciden";"125.12";"BR-116/PR";"Sul";"Colisão Traseira";1;0;0;1;0;0;0;0;0;0;2;0;0;0;0
"08/05/2022";"06:00:00";"85";"3 - Aciden";"115.1";"BR-116/PR";"Norte";"Engavetamento";3;0;0;0;0;0;0;0;0;0;3;0;0;0;0
"08/05/2022";"07:51:00";"99";"2 - Aciden";"121.15";"BR-116/PR";"Norte";"Colisão Lateral";1;0;0;1;0;0;0;0;0;0;1;1;0;0;0
"09/05/2022";"04:56:00";"27";"3 - Aciden";"125.5";"BR-116/PR";"Sul";"Colisão Traseira";2;0;0;0;0;0;0;0;0;0;2;0;0;0;0
"09/05/2022";"07:12:00";"37";"2 - Aciden";"158.338";"BR-116/PR";"Norte";"Colisão Frontal";2;0;1;0;0;0;0;0;0;0;1;2;0;1;0
"09/05/2022";"04:48:00";"122";"2 - Aciden";"121.1";"BR-116/SC";"Sul";"Colisão Transversal";1;0;1;0;0;0;0;0;0;0;1;1;0;0;0
"09/05/2022";"04:54:00";"123";"3 - Aciden";"123.2";"BR-116/SC";"Sul";"Colisão Frontal";2;0;0;0;0;0;0;0;0;0;2;0;0;0;0
"09/05/2022";"06:22:00";"126";"2 - Aciden";"134.1";"BR-116/PR";"Sul";"Colisão Transversal";1;0;1;0;0;0;0;0;0;0;1;0;0;2;0
"09/05/2022";"07:59:00";"130";"2 - Aciden";"126.1";"BR-116/PR";"Norte";"Choque - Defensa, barreira ou "submarino"";1;0;0;0;0;0;0;0;0;0;0;1;0;0;0
"10/05/2022";"05:41:00";"23";"3 - Aciden";"149.2";"BR-116/SC";"Sul";"Saida de Pista";1;0;0;0;0;0;0;0;0;0;1;0;0;0;0
"10/05/2022";"07:32:00";"30";"2 - Aciden";"120.8";"BR-116/PR";"Norte";"Colisão Traseira";1;0;0;1;0;0;0;0;0;0;2;1;0;0;0
"10/05/2022";"06:12:00";"129";"3 - Aciden";"208.1";"BR-116/PR";"Sul";"Queda de Moto";0;0;0;1;0;0;0;0;0;0;1;0;0;0;0
"10/05/2022";"07:23:00";"132";"3 - Aciden";"208.288";"BR-116/PR";"Norte";"Colisão Transversal";2;0;0;0;0;0;0;0;0;0;2;0;0;0;0
"11/05/2022";"02:13:00";"14";"3 - Aciden";"184.5";"BR-116/PR";"Sul";"Saida de Pista";0;0;1;0;0;0;0;0;0;0;1;0;0;0;0
"11/05/2022";"07:46:00";"32";"2 - Aciden";"65.125";"BR-116/SC";"Sul";"Colisão Frontal";1;0;1;0;0;0;0;0;0;0;1;1;0;0;0
"11/05/2022";"07:49:00";"135";"3 - Aciden";"89.01";"BR-116/SC";"Sul";"Saida de Pista";1;0;0;0;0;0;0;0;0;0;1;0;0;0;0
"11/05/2022";"08:06:00";"136";"2 - Aciden";"140.696";"BR-116/PR";"Sul";"Colisão Transversal";2;0;0;0;0;0;0;0;0;0;1;2;0;0;0
"11/05/2022";"11:01:00";"146";"3 - Aciden";"35.4";"BR-116/SC";"Norte";"Saida de Pista";0;0;1;0;0;0;0;0;0;0;1;0;0;0;0
"11/05/2022";"11:29:00";"151";"3 - Aciden";"237.448";"BR-116/SC";"Sul";"Choque - Talude";0;0;1;0;0;0;0;0;0;0;1;0;0;0;0
"12/05/2022";"08:11:00";"35";"2 - Aciden";"116.12";"BR-116/PR";"Norte";"Colisão Lateral";1;0;0;1;0;0;0;0;0;0;1;1;0;0;0
"12/05/2022";"01:50:00";"93";"2 - Aciden";"300.3";"BR-116/SC";"Norte";"Colisão Frontal";1;0;1;0;0;0;0;0;0;0;1;0;0;1;0
"12/05/2022";"02:46:00";"103";"2 - Aciden";"30.8";"BR-116/SC";"Sul";"Colisão Lateral";1;0;1;0;0;0;0;0;0;0;1;1;0;0;0
"12/05/2022";"08:00:00";"139";"2 - Aciden";"59.849";"BR-116/SC";"Norte";"Colisão Transversal";0;0;0;1;0;1;0;0;0;0;1;1;0;0;0
"12/05/2022";"09:51:00";"146";"2 - Aciden";"120.387";"BR-116/PR";"Sul";"Colisão Traseira";1;0;0;1;0;0;0;0;0;0;1;1;0;0;0
"13/05/2022";"07:39:00";"41";"3 - Aciden";"204.01";"BR-116/PR";"Sul";"Colisão Traseira";1;0;1;0;0;0;0;0;0;0;3;0;0;0;0
"13/05/2022";"07:45:00";"44";"2 - Aciden";"122.236";"BR-116/PR";"Sul";"Colisão Traseira";0;0;1;1;0;0;0;0;0;0;1;1;0;0;0
"13/05/2022";"05:22:00";"133";"2 - Aciden";"195.736";"BR-116/PR";"Norte";"Colisão Lateral";1;0;0;1;0;0;0;0;0;0;1;2;0;0;0
"14/05/2022";"05:20:00";"22";"3 - Aciden";"308.1";"BR-116/SC";"Norte";"Choque - Talude";1;0;0;0;0;0;0;0;0;0;1;0;0;0;0
"14/05/2022";"05:50:00";"24";"2 - Aciden";"144.1";"BR-116/SC";"Sul";"Choque - Talude";1;0;0;0;0;0;0;0;0;0;0;0;0;1;0
"14/05/2022";"07:05:00";"29";"3 - Aciden";"107.7";"BR-116/SC";"Norte";"Tombamento";0;0;1;0;0;0;0;0;0;0;1;0;0;0;0
"14/05/2022";"01:00:00";"82";"2 - Aciden";"56.3";"BR-116/SC";"Sul";"Capotamento";1;0;0;0;0;0;0;0;0;0;0;1;0;0;0
"14/05/2022";"07:25:00";"126";"1 - Aciden";"244.231";"BR-116/SC";"Norte";"Choque - Defensa, barreira ou "submarino"";1;0;0;1;0;0;0;0;0;0;0;0;0;1;1
"14/05/2022";"11:01:00";"139";"2 - Aciden";"180.1";"BR-116/SC";"Sul";"Colisão Transversal";1;0;0;1;0;0;0;0;0;0;1;1;0;0;0
"14/05/2022";"11:08:00";"141";"2 - Aciden";"131.812";"BR-116/PR";"Sul";"Colisão Frontal";2;0;0;0;0;0;0;0;0;0;2;2;0;0;0
"15/05/2022";"08:57:00";"28";"2 - Aciden";"23.45";"BR-116/SC";"Norte";"Colisão Traseira";1;0;0;1;0;1;0;0;0;0;2;1;0;0;0
"15/05/2022";"04:22:00";"55";"3 - Aciden";"170.178";"BR-116/SC";"Norte";"Choque - Defensa, barreira ou "submarino"";1;0;0;0;0;0;0;0;0;0;1;0;0;0;0
"15/05/2022";"08:10:00";"79";"3 - Aciden";"219.776";"BR-116/SC";"Sul";"Choque - Defensa, barreira ou "submarino"";1;0;0;0;0;0;0;0;0;0;1;0;0;0;0
"15/05/2022";"11:52:00";"92";"2 - Aciden";"121.1";"BR-116/PR";"Norte";"Choque - Defensa, barreira ou "submarino"";1;0;0;0;0;0;0;0;0;0;1;1;0;0;0
"16/05/2022";"09:11:00";"43";"2 - Aciden";"54.012";"BR-116/SC";"Norte";"Colisão Traseira";0;0;1;1;0;0;0;0;0;0;1;1;0;0;0
"16/05/2022";"09:18:00";"45";"3 - Aciden";"135.12";"BR-116/SC";"Sul";"Choque - Defensa, barreira ou "submarino"";1;0;0;0;0;0;0;0;0;0;1;0;0;0;0
"16/05/2022";"01:20:00";"92";"2 - Aciden";"55.097";"BR-116/SC";"Sul";"Colisão Frontal";1;0;1;0;0;0;0;0;0;0;1;1;0;0;0
"16/05/2022";"03:54:00";"110";"3 - Aciden";"151.6";"BR-116/PR";"Norte";"Colisão Lateral";1;0;1;0;0;0;0;0;0;0;2;0;0;0;0
"16/05/2022";"04:30:00";"117";"3 - Aciden";"122.5";"BR-116/PR";"Norte";"Capotamento";1;0;0;0;0;0;0;0;0;0;1;0;0;0;0
"16/05/2022";"04:41:00";"121";"2 - Aciden";"170.7";"BR-116/PR";"Sul";"Colisão Transversal";3;0;0;0;0;0;0;0;0;0;4;1;0;1;0
"16/05/2022";"07:06:00";"131";"3 - Aciden";"122.1";"BR-116/PR";"Sul";"Colisão Lateral";1;0;0;1;0;0;0;0;0;0;2;0;0;0;0
"17/05/2022";"01:41:00";"11";"3 - Aciden";"107.7";"BR-116/SC";"Norte";"Tombamento";0;0;0;0;0;0;0;0;0;1;1;0;0;0;0
"17/05/2022";"12:54:00";"84";"2 - Aciden";"118.2";"BR-116/PR";"Norte";"Colisão Lateral";1;0;0;1;0;0;0;0;0;0;1;1;0;0;0
"18/05/2022";"11:36:00";"66";"3 - Aciden";"130.746";"BR-116/PR";"Norte";"Colisão Traseira";1;0;1;0;0;0;0;0;0;0;2;0;0;0;0
"18/05/2022";"02:50:00";"90";"3 - Aciden";"178.8";"BR-116/SC";"Norte";"Choque - Poste";1;0;0;0;0;0;0;0;0;0;1;0;0;0;0
"19/05/2022";"11:08:00";"77";"3 - Aciden";"120.5";"BR-116/PR";"Norte";"Engavetamento";1;0;1;0;0;2;0;0;0;0;4;0;0;0;0
"19/05/2022";"03:04:00";"120";"3 - Aciden";"17.95";"BR-116/SC";"Norte";"Colisão Traseira";1;0;0;0;0;0;0;0;0;1;2;0;0;0;0
"19/05/2022";"05:00:00";"141";"3 - Aciden";"201.575";"BR-116/SC";"Norte";"Colisão Traseira";0;0;2;0;0;0;0;0;0;0;2;0;0;0;0
"19/05/2022";"05:58:00";"146";"2 - Aciden";"126.1";"BR-116/PR";"Sul";"Colisão Lateral";2;0;0;1;0;0;0;0;0;0;2;1;0;0;0
"19/05/2022";"06:21:00";"149";"3 - Aciden";"126.174";"BR-116/PR";"Norte";"Colisão Traseira";1;0;0;0;0;0;0;0;0;1;2;0;0;0;0
"19/05/2022";"07:04:00";"154";"3 - Aciden";"121.1";"BR-116/PR";"Sul";"Engavetamento";4;0;0;0;0;2;0;0;0;0;6;0;0;0;0
"19/05/2022";"09:00:00";"163";"2 - Aciden";"210.501";"BR-116/SC";"Norte";"Saida de Pista";1;0;0;0;0;0;0;0;0;0;0;1;0;0;0
"20/05/2022";"06:29:00";"26";"3 - Aciden";"131.2";"BR-116/PR";"Sul";"Choque - Objeto sobre a pista";0;0;0;1;0;0;0;0;0;0;1;0;0;0;0
"20/05/2022";"07:44:00";"44";"2 - Aciden";"127.12";"BR-116/PR";"Norte";"Queda de Moto";0;0;0;1;0;0;0;0;0;0;0;1;0;0;0
"20/05/2022";"06:26:00";"139";"2 - Aciden";"122.153";"BR-116/PR";"Sul";"Colisão Transversal";1;0;0;1;0;0;0;0;0;0;1;1;0;0;0
"20/05/2022";"06:47:00";"142";"3 - Aciden";"4.5";"BR-116/SC";"Sul";"Colisão Lateral";2;0;0;0;0;0;0;0;0;0;2;0;0;0;0
"20/05/2022";"06:51:00";"143";"2 - Aciden";"209.1";"BR-116/PR";"Norte";"Colisão Transversal";1;0;0;1;0;0;0;0;0;0;1;1;0;0;0
"20/05/2022";"07:36:00";"150";"3 - Aciden";"153.1";"BR-116/PR";"Norte";"Choque - Defensa, barreira ou "submarino"";1;0;0;0;0;0;0;0;0;0;1;0;0;0;0
"20/05/2022";"08:12:00";"154";"2 - Aciden";"138.8";"BR-116/SC";"Norte";"Colisão Transversal";1;0;0;0;1;0;0;0;0;0;5;1;0;0;0
"20/05/2022";"08:17:00";"156";"3 - Aciden";"226.163";"BR-116/SC";"Sul";"Saida de Pista";1;0;0;0;0;0;0;0;0;0;1;0;0;0;0
"21/05/2022";"01:25:00";"13";"1 - Aciden";"34.153";"BR-116/SC";"Sul";"Choque - Poste";0;0;0;0;0;0;0;0;0;1;0;0;0;1;1
"21/05/2022";"01:22:00";"80";"2 - Aciden";"145.016";"BR-116/SC";"Sul";"Colisão Transversal";1;0;0;1;0;0;0;0;0;0;1;1;0;0;0
"21/05/2022";"05:07:00";"104";"3 - Aciden";"116.5";"BR-116/PR";"Sul";"Colisão Traseira";2;0;0;0;0;0;0;0;0;0;2;0;0;0;0
"22/05/2022";"04:25:00";"16";"3 - Aciden";"212.758";"BR-116/SC";"Sul";"Saida de Pista";1;0;0;0;0;0;0;0;0;0;2;0;0;0;0
"22/05/2022";"08:12:00";"24";"3 - Aciden";"77.5";"BR-116/SC";"Norte";"Colisão Lateral";1;0;1;0;0;0;0;0;0;0;2;0;0;0;0
"22/05/2022";"12:02:00";"47";"2 - Aciden";"142.541";"BR-116/SC";"Sul";"Colisão Lateral";1;0;0;0;1;0;0;0;0;0;2;2;0;0;0
"22/05/2022";"03:05:00";"60";"2 - Aciden";"151.781";"BR-116/PR";"Sul";"Colisão Traseira";1;0;0;1;0;0;0;0;0;0;2;1;0;0;0
"23/05/2022";"05:46:00";"16";"3 - Aciden";"117.047";"BR-116/PR";"Norte";"Engavetamento";2;0;0;0;0;1;0;0;0;0;3;0;0;0;0
"23/05/2022";"10:47:00";"82";"3 - Aciden";"40.4";"BR-116/SC";"Sul";"Saida de Pista";0;0;1;0;0;0;0;0;0;0;1;0;0;0;0
"23/05/2022";"11:17:00";"90";"3 - Aciden";"149.9";"BR-116/PR";"Sul";"Colisão Traseira";1;0;1;0;0;0;0;0;0;0;2;0;0;0;0
"23/05/2022";"11:17:00";"88";"2 - Aciden";"149.9";"BR-116/PR";"Sul";"Colisão Traseira";1;0;1;0;0;0;0;0;0;0;2;2;0;0;0
"23/05/2022";"05:58:00";"126";"3 - Aciden";"65.15";"BR-116/SC";"Norte";"Choque - Defensa, barreira ou "submarino"";1;0;0;0;0;0;0;0;0;0;1;0;0;0;0
"23/05/2022";"06:17:00";"127";"2 - Aciden";"134.586";"BR-116/PR";"Sul";"Atropelamento - Ciclista";1;1;0;0;0;0;0;0;0;0;1;1;0;0;0
"23/05/2022";"10:25:00";"141";"2 - Aciden";"211.197";"BR-116/SC";"Sul";"Tombamento";0;0;1;0;0;0;0;0;0;0;0;1;0;0;0
"24/05/2022";"06:21:00";"122";"3 - Aciden";"116.1";"BR-116/PR";"Norte";"Engavetamento";2;0;0;0;0;1;0;0;0;0;3;0;0;0;0
"25/05/2022";"11:22:00";"62";"3 - Aciden";"156.8";"BR-116/SC";"Norte";"Choque - Defensa, barreira ou "submarino"";0;0;1;0;0;0;0;0;0;0;1;0;0;0;0
"25/05/2022";"12:01:00";"65";"3 - Aciden";"179.236";"BR-116/SC";"Sul";"Engavetamento";3;0;0;0;0;0;0;0;0;0;6;0;0;0;0
"25/05/2022";"01:46:00";"89";"3 - Aciden";"193.12";"BR-116/SC";"Norte";"Colisão Traseira";0;0;2;0;0;0;0;0;0;0;2;0;0;0;0
"25/05/2022";"01:53:00";"90";"2 - Aciden";"152.15";"BR-116/PR";"Sul";"Colisão Frontal";1;0;1;0;0;0;0;0;0;0;1;0;0;1;0
"26/05/2022";"09:31:00";"58";"2 - Aciden";"120.114";"BR-116/PR";"Norte";"Queda de Moto";0;0;0;1;0;0;0;0;0;0;0;1;0;0;0
"26/05/2022";"10:18:00";"63";"2 - Aciden";"139.752";"BR-116/PR";"Norte";"Choque - Defensa, barreira ou "submarino"";0;0;0;0;0;0;0;0;0;1;0;1;0;0;0
"26/05/2022";"10:42:00";"147";"3 - Aciden";"129.1";"BR-116/PR";"Sul";"Colisão Lateral";0;0;0;2;0;0;0;0;0;0;2;0;0;0;0
"27/05/2022";"08:13:00";"41";"3 - Aciden";"233.16";"BR-116/SC";"Sul";"Colisão Traseira";2;0;0;0;0;0;0;0;0;0;2;0;0;0;0
"27/05/2022";"08:26:00";"42";"2 - Aciden";"116.044";"BR-116/PR";"Norte";"Colisão Lateral";0;0;0;1;0;1;0;0;0;0;2;1;0;0;0
"27/05/2022";"10:57:00";"70";"3 - Aciden";"119.44";"BR-116/PR";"Sul";"Choque - Elemento de Drenagem";1;0;0;0;0;0;0;0;0;0;1;0;0;0;0
"27/05/2022";"02:54:00";"105";"2 - Aciden";"6.5";"BR-116/SC";"Norte";"Colisão Traseira";1;0;0;1;0;0;0;0;0;0;1;1;0;0;0
"28/05/2022";"11:30:00";"75";"2 - Aciden";"207.4";"BR-116/SC";"Sul";"Colisão Transversal";1;0;0;1;0;0;0;0;0;0;1;1;0;0;0
"29/05/2022";"05:14:00";"60";"2 - Aciden";"149.8";"BR-116/PR";"Norte";"Colisão Transversal";2;0;0;0;0;0;0;0;0;0;1;2;0;0;0
"29/05/2022";"05:21:00";"61";"3 - Aciden";"150.5";"BR-116/PR";"Norte";"Engavetamento";2;0;1;0;0;0;0;0;0;0;3;0;0;0;0
"29/05/2022";"05:23:00";"63";"2 - Aciden";"284";"BR-116/SC";"Sul";"Colisão Transversal";1;0;1;0;0;0;0;0;0;0;1;1;0;0;0
"29/05/2022";"07:00:00";"71";"3 - Aciden";"25.024";"BR-116/SC";"Sul";"Choque - Defensa, barreira ou "submarino"";1;0;0;0;0;0;0;0;0;0;1;0;0;0;0
"29/05/2022";"07:41:00";"76";"3 - Aciden";"132.221";"BR-116/PR";"Norte";"Saida de Pista";1;0;0;0;0;0;0;0;0;0;2;0;0;0;0
"29/05/2022";"08:54:00";"78";"3 - Aciden";"139.085";"BR-116/PR";"Norte";"Saida de Pista";1;0;0;0;0;0;0;0;0;0;1;0;0;0;0
"30/05/2022";"08:07:00";"52";"3 - Aciden";"119.526";"BR-116/PR";"Sul";"Choque - Defensa, barreira ou "submarino"";1;0;0;0;0;0;0;0;0;0;1;0;0;0;0
"30/05/2022";"10:54:00";"74";"1 - Aciden";"143.065";"BR-116/SC";"Norte";"Colisão Frontal";1;0;1;0;0;0;0;0;0;0;3;2;0;0;1
"30/05/2022";"12:16:00";"78";"2 - Aciden";"115.529";"BR-116/PR";"Norte";"Queda de Moto";0;0;0;1;0;0;0;0;0;0;0;1;0;0;0
"30/05/2022";"01:15:00";"84";"2 - Aciden";"180.1";"BR-116/SC";"Sul";"Colisão Transversal";1;0;0;1;0;0;0;0;0;0;1;1;0;0;0
"30/05/2022";"03:12:00";"93";"3 - Aciden";"205.53";"BR-116/PR";"Sul";"Choque - Defensa, barreira ou "submarino"";0;0;1;0;0;0;0;0;0;0;1;0;0;0;0
"30/05/2022";"06:01:00";"110";"3 - Aciden";"152.4";"BR-116/SC";"Sul";"Colisão Lateral";1;0;0;0;0;0;0;0;0;1;3;0;0;0;0
"31/05/2022";"01:42:00";"11";"2 - Aciden";"126.268";"BR-116/PR";"Norte";"Engavetamento";1;0;2;0;0;0;0;0;0;0;2;1;0;0;0
"31/05/2022";"12:48:00";"80";"2 - Aciden";"64.9";"BR-116/SC";"Sul";"Atropelamento - Usuário";0;0;0;0;1;0;0;0;0;0;11;0;0;1;0
"31/05/2022";"03:48:00";"94";"3 - Aciden";"247.7";"BR-116/SC";"Sul";"Colisão Transversal";0;0;2;0;0;0;0;0;0;0;2;0;0;0;0
"31/05/2022";"06:02:00";"115";"3 - Aciden";"115.2";"BR-116/PR";"Norte";"Colisão Lateral";2;0;0;0;0;0;0;0;0;0;2;0;0;0;0
"31/05/2022";"06:50:00";"120";"2 - Aciden";"122.312";"BR-116/PR";"Sul";"Colisão Lateral";1;0;0;1;0;0;0;0;0;0;1;1;0;0;0
"01/06/2022";"01:11:00";"8";"3 - Aciden";"245.411";"BR-116/SC";"Sul";"Choque - Defensa, barreira ou "submarino"";1;0;0;0;0;0;0;0;0;0;1;0;0;0;0
"01/06/2022";"09:40:00";"32";"3 - Aciden";"126.01";"BR-116/PR";"Norte";"Choque - Defensa, barreira ou "submarino"";1;0;0;0;0;1;0;0;0;0;2;0;0;0;0
"01/06/2022";"11:34:00";"50";"3 - Aciden";"247.027";"BR-116/SC";"Sul";"Colisão Traseira";0;0;1;0;0;1;0;0;0;0;2;0;0;0;0
"01/06/2022";"01:22:00";"63";"2 - Aciden";"126.2";"BR-116/PR";"Norte";"Colisão Traseira";2;0;0;0;0;0;0;0;0;0;2;1;0;0;0
"01/06/2022";"10:38:00";"106";"3 - Aciden";"204.099";"BR-116/PR";"Sul";"Colisão Lateral";1;0;1;0;0;0;0;0;0;0;2;0;0;0;0
"02/06/2022";"12:01:00";"2";"3 - Aciden";"203.5";"BR-116/SC";"Sul";"Choque - Defensa, barreira ou "submarino"";1;0;0;0;0;0;0;0;0;0;1;0;0;0;0
"02/06/2022";"06:06:00";"19";"3 - Aciden";"39.3";"BR-116/SC";"Sul";"Colisão Frontal";0;0;2;0;0;0;0;0;0;0;2;0;0;0;0
"02/06/2022";"08:57:00";"35";"3 - Aciden";"117.8";"BR-116/PR";"Norte";"Colisão Traseira";0;0;2;0;0;0;0;0;0;0;2;0;0;0;0
"02/06/2022";"09:43:00";"39";"3 - Aciden";"115.3";"BR-116/PR";"Norte";"Colisão Lateral";1;0;1;0;0;0;0;0;0;0;2;0;0;0;0
"02/06/2022";"09:59:00";"44";"2 - Aciden";"115.12";"BR-116/PR";"Norte";"Colisão Traseira";1;0;0;1;0;0;0;0;0;0;1;1;0;0;0
"02/06/2022";"07:29:00";"108";"3 - Aciden";"210.5";"BR-116/PR";"Sul";"Colisão Traseira";1;0;1;0;0;0;0;0;0;0;2;0;0;0;0
"03/06/2022";"02:16:00";"13";"3 - Aciden";"160.58";"BR-116/PR";"Sul";"Saida de Pista";0;0;1;0;0;0;0;0;0;0;1;0;0;0;0
"03/06/2022";"04:53:00";"18";"3 - Aciden";"17.887";"BR-116/SC";"Norte";"Choque - Defensa, barreira ou "submarino"";1;0;0;0;0;0;0;0;0;0;1;0;0;0;0
"03/06/2022";"01:56:00";"103";"2 - Aciden";"14.461";"BR-116/SC";"Norte";"Saida de Pista";1;0;0;0;0;0;0;0;0;0;0;2;0;0;0
"03/06/2022";"03:38:00";"121";"3 - Aciden";"10.598";"BR-116/SC";"Sul";"Colisão Transversal";1;0;1;0;0;0;0;0;0;1;3;0;0;0;0
"04/06/2022";"06:36:00";"31";"3 - Aciden";"142.378";"BR-116/SC";"Norte";"Saida de Pista";1;0;0;0;0;0;0;0;0;0;1;0;0;0;0
"04/06/2022";"08:33:00";"49";"3 - Aciden";"167.05";"BR-116/SC";"Sul";"Colisão Lateral";2;0;0;0;0;0;0;0;0;0;2;0;0;0;0
"04/06/2022";"04:55:00";"100";"2 - Aciden";"120.389";"BR-116/PR";"Sul";"Queda de Moto";0;0;0;1;0;0;0;0;0;0;1;1;0;0;0
"05/06/2022";"07:25:00";"31";"3 - Aciden";"115.2";"BR-116/PR";"Norte";"Colisão Traseira";2;0;0;0;0;0;0;0;0;0;2;0;0;0;0
"05/06/2022";"10:40:00";"55";"3 - Aciden";"41.15";"BR-116/SC";"Norte";"Colisão Traseira";1;0;0;0;0;0;0;0;0;1;2;0;0;0;0
"05/06/2022";"02:42:00";"73";"2 - Aciden";"118.5";"BR-116/PR";"Norte";"Colisão Lateral";1;0;0;1;0;0;0;0;0;0;1;1;0;0;0