data;horario;n_da_ocorrencia;tipo_de_ocorrencia;km;trecho;sentido;tipo_de_acidente;automovel;bicicleta;caminhao;moto;onibus;outros;tracao_animal;transporte_de_cargas_especiais;trator_maquinas;utilitarios;ilesos;levemente_feridos;moderadamente_feridos;gravemente_feridos;mortos
"05/06/2022";"05:51:00";"94";"2 - Aciden";"131.783";"BR-116/PR";"Norte";"Colisão Transversal";2;0;0;0;0;0;0;0;0;0;2;1;0;0;0
"05/06/2022";"06:37:00";"100";"3 - Aciden";"118.1";"BR-116/SC";"Norte";"Choque - Poste";1;0;0;0;0;0;0;0;0;0;1;0;0;0;0
"05/06/2022";"06:37:00";"101";"2 - Aciden";"72.4";"BR-116/SC";"Norte";"Colisão Traseira";2;0;0;0;0;0;0;0;0;0;4;1;0;0;0
"06/06/2022";"12:09:00";"2";"3 - Aciden";"23.6";"BR-116/SC";"Norte";"Capotamento";1;0;0;0;0;0;0;0;0;0;1;0;0;0;0
"06/06/2022";"11:47:00";"72";"3 - Aciden";"207.8";"BR-116/SC";"Sul";"Colisão Lateral";1;0;1;0;0;0;0;0;0;0;2;0;0;0;0
"06/06/2022";"03:49:00";"109";"3 - Aciden";"147.836";"BR-116/PR";"Norte";"Tombamento";0;0;1;0;0;0;0;0;0;0;2;0;0;0;0
"07/06/2022";"06:49:00";"25";"3 - Aciden";"210.1";"BR-116/PR";"Sul";"Colisão Traseira";1;0;0;1;0;0;0;0;0;0;2;0;0;0;0
"07/06/2022";"08:00:00";"45";"2 - Aciden";"5.1";"BR-116/SC";"Sul";"Colisão Transversal";1;0;0;1;0;0;0;0;0;0;1;1;0;0;0
"07/06/2022";"11:22:00";"69";"1 - Aciden";"21.926";"BR-116/SC";"Norte";"Colisão Frontal";1;0;3;0;0;0;0;0;0;0;3;0;0;0;1
"07/06/2022";"05:12:00";"109";"2 - Aciden";"145.1";"BR-116/SC";"Sul";"Tombamento";0;0;3;0;0;0;0;0;0;0;2;1;0;0;0
"08/06/2022";"10:44:00";"77";"3 - Aciden";"96.123";"BR-116/SC";"Sul";"Colisão Traseira";0;0;2;0;0;0;0;0;0;0;2;0;0;0;0
"08/06/2022";"05:24:00";"117";"2 - Aciden";"11.245";"BR-116/SC";"Sul";"Colisão Transversal";1;0;0;1;0;0;0;0;0;0;1;1;0;0;0
"08/06/2022";"06:13:00";"122";"2 - Aciden";"6.537";"BR-116/SC";"Norte";"Colisão Transversal";1;0;0;1;0;0;0;0;0;0;1;1;0;0;0
"09/06/2022";"11:25:00";"159";"2 - Aciden";"117.119";"BR-116/PR";"Sul";"Colisão Transversal";3;0;0;0;0;0;0;0;0;0;5;2;0;1;0
"10/06/2022";"04:54:00";"109";"3 - Aciden";"141.236";"BR-116/SC";"Sul";"Colisão Lateral";2;0;0;0;0;0;0;0;0;0;2;0;0;0;0
"10/06/2022";"07:18:00";"119";"2 - Aciden";"122.236";"BR-116/PR";"Sul";"Colisão Traseira";1;0;0;1;0;0;0;0;0;0;1;1;0;0;0
"11/06/2022";"01:12:00";"17";"2 - Aciden";"144.15";"BR-116/PR";"Sul";"Choque - Arvore";1;0;0;0;0;0;0;0;0;0;0;1;0;0;0
"11/06/2022";"01:45:00";"21";"2 - Aciden";"147.2";"BR-116/PR";"Norte";"Capotamento";1;0;0;0;0;0;0;0;0;0;0;1;0;0;0
"11/06/2022";"10:06:00";"66";"3 - Aciden";"245.1";"BR-116/SC";"Sul";"Colisão Traseira";1;0;1;0;0;0;0;0;0;0;2;0;0;0;0
"11/06/2022";"12:33:00";"80";"3 - Aciden";"125.996";"BR-116/PR";"Sul";"Colisão Traseira";2;0;0;0;0;0;0;0;0;0;2;0;0;0;0
"11/06/2022";"07:56:00";"114";"3 - Aciden";"47.967";"BR-116/SC";"Norte";"Colisão Transversal";2;0;0;0;0;0;0;0;0;0;2;0;0;0;0
"12/06/2022";"02:01:00";"11";"2 - Aciden";"126.125";"BR-116/PR";"Norte";"Colisão Traseira";0;0;0;1;0;1;0;0;0;0;1;1;0;0;0
"12/06/2022";"09:55:00";"63";"2 - Aciden";"53.795";"BR-116/SC";"Norte";"Tombamento";0;0;1;0;0;0;0;0;0;0;0;1;0;0;0
"12/06/2022";"04:16:00";"91";"3 - Aciden";"194.607";"BR-116/SC";"Sul";"Colisão Traseira";1;0;0;0;0;0;0;0;0;1;2;0;0;0;0
"12/06/2022";"05:55:00";"100";"2 - Aciden";"201.321";"BR-116/PR";"Sul";"Colisão Transversal";2;0;0;0;0;0;0;0;0;0;1;4;0;0;0
"13/06/2022";"11:33:00";"104";"3 - Aciden";"152.5";"BR-116/PR";"Sul";"Colisão Transversal";1;0;0;0;0;0;0;0;0;1;2;0;0;0;0
"13/06/2022";"04:13:00";"119";"3 - Aciden";"149.468";"BR-116/PR";"Norte";"Colisão Transversal";2;0;0;0;0;0;0;0;0;0;2;0;0;0;0
"13/06/2022";"05:00:00";"123";"2 - Aciden";"205.146";"BR-116/PR";"Sul";"Colisão Lateral";3;0;1;0;0;0;0;0;0;0;3;1;0;0;0
"13/06/2022";"10:19:00";"129";"1 - Aciden";"162.412";"BR-116/PR";"Sul";"Choque - Arvore";1;0;0;0;0;0;0;0;0;0;0;0;0;0;2
"14/06/2022";"02:33:00";"98";"3 - Aciden";"49.509";"BR-116/SC";"Sul";"Colisão Traseira";1;0;1;0;0;0;0;0;0;0;3;0;0;0;0
"15/06/2022";"07:54:00";"31";"2 - Aciden";"8.9";"BR-116/SC";"Sul";"Colisão Lateral";1;0;0;1;0;0;0;0;0;0;1;1;0;0;0
"15/06/2022";"03:50:00";"113";"3 - Aciden";"184.376";"BR-116/SC";"Norte";"Saida de Pista";1;0;0;0;0;0;0;0;0;0;1;0;0;0;0
"16/06/2022";"10:23:00";"114";"3 - Aciden";"117.19";"BR-116/PR";"Sul";"Choque - Defensa, barreira ou "submarino"";1;0;0;0;0;0;0;0;0;0;1;0;0;0;0
"17/06/2022";"07:51:00";"46";"3 - Aciden";"115.861";"BR-116/PR";"Norte";"Colisão Traseira";1;0;0;1;0;0;0;0;0;0;2;0;0;0;0
"17/06/2022";"12:39:00";"73";"3 - Aciden";"113.1";"BR-116/SC";"Sul";"Saida de Pista";1;0;0;0;0;0;0;0;0;0;2;0;0;0;0
"17/06/2022";"02:55:00";"87";"3 - Aciden";"148.125";"BR-116/SC";"Norte";"Capotamento";1;0;0;0;0;0;0;0;0;0;1;0;0;0;0
"17/06/2022";"09:36:00";"122";"3 - Aciden";"128.236";"BR-116/SC";"Norte";"Saida de Pista";0;0;1;0;0;0;0;0;0;0;1;0;0;0;0
"18/06/2022";"02:31:00";"20";"2 - Aciden";"60.8";"BR-116/SC";"Norte";"Capotamento";1;0;0;0;0;0;0;0;0;0;2;1;0;0;0
"18/06/2022";"06:00:00";"23";"2 - Aciden";"126.2";"BR-116/PR";"Norte";"Colisão Transversal";2;0;0;0;0;0;0;0;0;0;1;1;0;0;0
"18/06/2022";"09:24:00";"42";"2 - Aciden";"69.1";"BR-116/SC";"Norte";"Colisão Transversal";1;0;1;0;0;0;0;0;0;0;2;1;0;0;0
"18/06/2022";"08:47:00";"107";"2 - Aciden";"212.569";"BR-116/SC";"Norte";"Choque - Defensa, barreira ou "submarino"";0;0;1;0;0;0;0;0;0;0;0;1;0;0;0
"18/06/2022";"10:30:00";"119";"2 - Aciden";"129.992";"BR-116/PR";"Norte";"Colisão Lateral";1;0;0;0;0;1;0;0;0;0;2;1;0;0;0
"18/06/2022";"11:29:00";"124";"2 - Aciden";"206.1";"BR-116/PR";"Sul";"Colisão Frontal";1;0;0;1;0;0;0;0;0;0;5;0;0;1;0
"19/06/2022";"04:18:00";"19";"3 - Aciden";"170.3";"BR-116/SC";"Norte";"Saida de Pista";1;0;0;0;0;0;0;0;0;0;2;0;0;0;0
"19/06/2022";"07:57:00";"28";"3 - Aciden";"105.1";"BR-116/SC";"Norte";"Choque - Defensa, barreira ou "submarino"";1;0;0;0;0;0;0;0;0;0;1;0;0;0;0
"19/06/2022";"08:49:00";"34";"3 - Aciden";"179.2";"BR-116/PR";"Norte";"Tombamento";0;0;1;0;0;0;0;0;0;0;1;0;0;0;0
"19/06/2022";"03:59:00";"70";"2 - Aciden";"239.087";"BR-116/SC";"Norte";"Choque - Suporte de Sinalização";0;0;0;1;0;0;0;0;0;0;0;1;0;0;0
"19/06/2022";"04:57:00";"75";"2 - Aciden";"130.8";"BR-116/PR";"Sul";"Queda de Moto";0;0;0;1;0;0;0;0;0;0;1;1;0;0;0
"19/06/2022";"05:08:00";"76";"3 - Aciden";"150.358";"BR-116/PR";"Norte";"Colisão Traseira";0;0;0;0;0;0;0;0;0;2;2;0;0;0;0
"19/06/2022";"10:43:00";"105";"2 - Aciden";"117.236";"BR-116/PR";"Sul";"Choque - Defensa, barreira ou "submarino"";2;0;0;0;0;0;0;0;0;0;1;1;0;0;0
"20/06/2022";"01:24:00";"96";"2 - Aciden";"116.23";"BR-116/PR";"Sul";"Choque - Defensa, barreira ou "submarino"";1;0;0;0;0;0;0;0;0;0;0;1;0;0;0
"20/06/2022";"08:54:00";"149";"3 - Aciden";"208.648";"BR-116/PR";"Sul";"Choque - Talude";0;0;1;0;0;0;0;0;0;0;1;0;0;0;0
"21/06/2022";"05:06:00";"23";"3 - Aciden";"184.236";"BR-116/PR";"Norte";"Atropelamento de Animal";1;0;0;0;0;0;0;0;0;0;1;0;0;0;0
"21/06/2022";"07:33:00";"33";"3 - Aciden";"210.1";"BR-116/PR";"Sul";"Colisão Frontal";2;0;0;0;0;0;0;0;0;0;2;0;0;0;0
"21/06/2022";"04:29:00";"122";"3 - Aciden";"160.738";"BR-116/SC";"Sul";"Choque - Defensa, barreira ou "submarino"";0;0;0;0;0;1;0;0;0;0;1;0;0;0;0
"21/06/2022";"04:43:00";"124";"3 - Aciden";"173.863";"BR-116/SC";"Sul";"Colisão Lateral";1;0;0;0;0;1;0;0;0;0;2;0;0;0;0
"21/06/2022";"05:24:00";"131";"3 - Aciden";"121.967";"BR-116/PR";"Sul";"Engavetamento";3;0;0;0;0;0;0;0;0;0;3;0;0;0;0
"22/06/2022";"06:54:00";"25";"3 - Aciden";"122.85";"BR-116/PR";"Norte";"Colisão Lateral";0;0;1;0;0;0;0;0;0;1;2;0;0;0;0
"22/06/2022";"07:08:00";"29";"2 - Aciden";"116.2";"BR-116/PR";"Norte";"Choque - Defensa, barreira ou "submarino"";0;0;0;1;0;0;0;0;0;0;0;1;0;0;0
"22/06/2022";"09:36:00";"72";"3 - Aciden";"254.4";"BR-116/SC";"Norte";"Colisão Transversal";2;0;0;0;0;0;0;0;0;0;2;0;0;0;0
"22/06/2022";"01:45:00";"93";"3 - Aciden";"161.137";"BR-116/SC";"Sul";"Tombamento";0;0;1;0;0;0;0;0;0;0;1;0;0;0;0
"22/06/2022";"02:53:00";"100";"2 - Aciden";"152.1";"BR-116/PR";"Sul";"Colisão Traseira";1;0;0;1;0;0;0;0;0;0;1;1;0;0;0
"22/06/2022";"04:06:00";"107";"3 - Aciden";"128.1";"BR-116/PR";"Sul";"Colisão Traseira";1;0;0;0;0;1;0;0;0;0;2;0;0;0;0
"23/06/2022";"11:40:00";"70";"3 - Aciden";"147.123";"BR-116/PR";"Sul";"Choque - Defensa, barreira ou "submarino"";1;0;0;0;0;0;0;0;0;0;1;0;0;0;0
"23/06/2022";"11:53:00";"72";"3 - Aciden";"7.123";"BR-116/SC";"Sul";"Colisão Lateral";2;0;0;0;0;0;0;0;0;0;2;0;0;0;0
"23/06/2022";"06:43:00";"137";"3 - Aciden";"279.1";"BR-116/SC";"Sul";"Tombamento";0;0;1;0;0;0;0;0;0;0;1;0;0;0;0
"23/06/2022";"06:50:00";"138";"2 - Aciden";"53.851";"BR-116/SC";"Sul";"Colisão Traseira";1;0;0;1;0;0;0;0;0;0;2;1;0;0;0
"24/06/2022";"01:30:00";"15";"2 - Aciden";"115.05";"BR-116/PR";"Sul";"Colisão Traseira";2;0;0;0;0;0;0;0;0;0;2;1;0;0;0
"24/06/2022";"09:37:00";"52";"3 - Aciden";"105.9";"BR-116/SC";"Sul";"Choque - Talude";0;0;1;0;0;0;0;0;0;0;1;0;0;0;0
"24/06/2022";"09:43:00";"53";"3 - Aciden";"131.64";"BR-116/PR";"Norte";"Queda de Moto";0;0;0;1;0;0;0;0;0;0;1;0;0;0;0
"24/06/2022";"01:12:00";"102";"3 - Aciden";"181.146";"BR-116/SC";"Norte";"Tombamento";0;0;1;0;0;0;0;0;0;0;1;0;0;0;0
"24/06/2022";"04:11:00";"139";"2 - Aciden";"145.656";"BR-116/PR";"Sul";"Colisão Lateral";0;0;0;1;0;1;0;0;0;0;1;1;0;0;0
"24/06/2022";"05:34:00";"146";"3 - Aciden";"234.892";"BR-116/SC";"Sul";"Capotamento";0;0;0;0;0;0;0;0;0;1;2;0;0;0;0
"24/06/2022";"06:27:00";"153";"1 - Aciden";"118.037";"BR-116/PR";"Sul";"Colisão Traseira";1;0;0;1;0;0;0;0;0;0;1;0;0;0;1
"25/06/2022";"03:02:00";"18";"3 - Aciden";"208.9";"BR-116/SC";"Sul";"Capotamento";1;0;0;0;0;0;0;0;0;0;3;0;0;0;0
"25/06/2022";"04:41:00";"94";"3 - Aciden";"141.12";"BR-116/PR";"Norte";"Saida de Pista";1;0;0;0;0;0;0;0;0;0;1;0;0;0;0
"25/06/2022";"07:01:00";"110";"2 - Aciden";"126.286";"BR-116/PR";"Norte";"Engavetamento";3;0;0;0;0;1;0;0;0;0;5;0;0;1;0
"26/06/2022";"03:52:00";"16";"3 - Aciden";"123.6";"BR-116/PR";"Norte";"Queda de Moto";0;0;0;1;0;0;0;0;0;0;1;0;0;0;0
"26/06/2022";"04:45:00";"79";"3 - Aciden";"140.125";"BR-116/PR";"Sul";"Choque - Defensa, barreira ou "submarino"";1;0;0;0;0;0;0;0;0;0;1;0;0;0;0
"26/06/2022";"05:21:00";"84";"3 - Aciden";"209.526";"BR-116/PR";"Sul";"Colisão Traseira";0;0;2;0;0;0;0;0;0;0;2;0;0;0;0
"26/06/2022";"08:00:00";"91";"2 - Aciden";"152.362";"BR-116/PR";"Norte";"Colisão Traseira";0;0;0;0;0;1;0;0;0;1;1;1;0;0;0
"26/06/2022";"09:47:00";"100";"3 - Aciden";"170.236";"BR-116/SC";"Sul";"Saida de Pista";1;0;0;0;0;0;0;0;0;0;1;0;0;0;0
"27/06/2022";"08:14:00";"48";"3 - Aciden";"116.65";"BR-116/PR";"Norte";"Colisão Traseira";1;0;1;0;0;0;0;0;0;0;2;0;0;0;0
"27/06/2022";"07:41:00";"136";"3 - Aciden";"278.5";"BR-116/SC";"Sul";"Choque - Talude";1;0;0;0;0;0;0;0;0;0;1;0;0;0;0
"28/06/2022";"11:22:00";"84";"2 - Aciden";"203.9";"BR-116/SC";"Norte";"Queda de Moto";0;0;0;1;0;0;0;0;0;0;0;1;0;0;0
"28/06/2022";"05:15:00";"122";"3 - Aciden";"285.1";"BR-116/SC";"Sul";"Objeto lançado contra veículo";0;0;1;0;0;0;0;0;0;0;1;0;0;0;0
"29/06/2022";"05:30:00";"124";"3 - Aciden";"0.773";"BR-116/SC";"Sul";"Colisão Traseira";2;0;0;0;0;0;0;0;0;0;2;0;0;0;0
"29/06/2022";"06:12:00";"133";"3 - Aciden";"115.492";"BR-116/PR";"Sul";"Colisão Lateral";1;0;1;0;0;0;0;0;0;0;2;0;0;0;0
"29/06/2022";"07:10:00";"136";"3 - Aciden";"128.407";"BR-116/PR";"Norte";"Colisão Lateral";2;0;0;0;0;0;0;0;0;0;2;0;0;0;0
"30/06/2022";"03:56:00";"18";"3 - Aciden";"111.011";"BR-116/SC";"Norte";"Atropelamento de Animal";0;0;0;0;0;1;0;0;0;0;1;0;0;0;0
"30/06/2022";"10:47:00";"79";"3 - Aciden";"146.1";"BR-116/SC";"Norte";"Choque - Talude";0;0;0;0;0;0;0;0;0;1;1;0;0;0;0
"30/06/2022";"05:29:00";"116";"2 - Aciden";"116.242";"BR-116/PR";"Norte";"Colisão Lateral";2;0;0;2;0;0;0;0;0;0;3;1;0;0;0
"30/06/2022";"11:46:00";"130";"3 - Aciden";"209.27";"BR-116/PR";"Norte";"Choque - Defensa, barreira ou "submarino"";1;0;0;0;0;0;0;0;0;0;2;0;0;0;0
"01/07/2022";"06:00:00";"25";"3 - Aciden";"126.35";"BR-116/PR";"Sul";"Colisão Traseira";1;0;1;0;0;0;0;0;0;0;2;0;0;0;0
"01/07/2022";"12:32:00";"93";"3 - Aciden";"138.5";"BR-116/SC";"Sul";"Colisão Frontal";2;0;0;0;0;0;0;0;0;0;2;0;0;0;0
"02/07/2022";"04:51:00";"14";"2 - Aciden";"121.006";"BR-116/PR";"Sul";"Colisão Traseira";2;0;0;0;0;0;0;0;0;0;3;1;0;0;0
"02/07/2022";"11:00:00";"52";"2 - Aciden";"116.911";"BR-116/PR";"Sul";"Colisão Traseira";1;0;0;0;0;1;0;0;0;0;1;1;0;0;0
"02/07/2022";"01:39:00";"71";"3 - Aciden";"139.4";"BR-116/SC";"Norte";"Colisão Transversal";2;0;0;0;0;0;0;0;0;0;2;0;0;0;0
"02/07/2022";"02:26:00";"75";"3 - Aciden";"125.859";"BR-116/PR";"Sul";"Colisão Lateral";0;0;2;0;0;0;0;0;0;0;2;0;0;0;0
"02/07/2022";"06:30:00";"114";"2 - Aciden";"220.615";"BR-116/SC";"Norte";"Colisão Lateral";1;0;0;1;0;0;0;0;0;0;2;1;0;0;0
"02/07/2022";"08:16:00";"123";"2 - Aciden";"117.443";"BR-116/PR";"Norte";"Atropelamento - Usuário";0;1;0;0;0;1;0;0;0;0;1;0;0;1;0
"03/07/2022";"10:17:00";"42";"3 - Aciden";"66.665";"BR-116/SC";"Sul";"Colisão Transversal";1;0;0;0;0;0;0;0;0;1;6;0;0;0;0
"03/07/2022";"03:40:00";"68";"3 - Aciden";"182.12";"BR-116/PR";"Norte";"Colisão Lateral";2;0;0;0;0;0;0;0;0;0;2;0;0;0;0
"03/07/2022";"09:55:00";"115";"2 - Aciden";"5.006";"BR-116/SC";"Sul";"Queda de Moto";0;0;0;1;0;0;0;0;0;0;0;1;0;0;0
"03/07/2022";"11:53:00";"122";"2 - Aciden";"118.044";"BR-116/PR";"Sul";"Colisão Traseira";1;0;0;1;0;0;0;0;0;0;1;0;0;1;0
"04/07/2022";"08:20:00";"48";"3 - Aciden";"9.433";"BR-116/SC";"Sul";"Colisão Lateral";2;0;0;0;0;0;0;0;0;0;3;0;0;0;0
"04/07/2022";"06:17:00";"99";"3 - Aciden";"141.656";"BR-116/PR";"Sul";"Colisão Transversal";2;0;0;0;0;0;0;0;0;0;3;0;0;0;0
"05/07/2022";"06:21:00";"135";"2 - Aciden";"249.469";"BR-116/SC";"Sul";"Atropelamento de Animal";0;0;0;1;0;0;0;0;0;0;0;1;0;0;0
"05/07/2022";"08:18:00";"147";"3 - Aciden";"119.2";"BR-116/PR";"Sul";"Colisão Lateral";1;0;1;0;0;0;0;0;0;0;2;0;0;0;0
"06/07/2022";"08:47:00";"63";"3 - Aciden";"116.1";"BR-116/PR";"Norte";"Colisão Transversal";2;0;0;0;0;0;0;0;0;0;2;0;0;0;0
"06/07/2022";"06:44:00";"132";"3 - Aciden";"118.804";"BR-116/PR";"Sul";"Engavetamento";3;0;0;0;0;0;0;0;0;0;3;0;0;0;0
"06/07/2022";"06:50:00";"133";"3 - Aciden";"221.204";"BR-116/SC";"Sul";"Colisão Transversal";2;0;0;0;0;0;0;0;0;0;2;0;0;0;0
"07/07/2022";"08:13:00";"42";"2 - Aciden";"246.2";"BR-116/SC";"Norte";"Colisão Transversal";1;0;0;1;0;0;0;0;0;0;1;1;0;0;0
"07/07/2022";"12:11:00";"68";"2 - Aciden";"191.5";"BR-116/PR";"Norte";"Colisão Transversal";1;0;0;0;0;0;0;0;0;1;1;1;0;0;0
"07/07/2022";"09:03:00";"107";"3 - Aciden";"123.144";"BR-116/PR";"Sul";"Capotamento";1;0;0;0;0;0;0;0;0;0;1;0;0;0;0
"08/07/2022";"04:45:00";"110";"2 - Aciden";"125.779";"BR-116/PR";"Sul";"Colisão Traseira";0;0;0;1;0;1;0;0;0;0;1;1;0;0;0
"08/07/2022";"06:52:00";"123";"2 - Aciden";"207.06";"BR-116/PR";"Norte";"Atropelamento - Ciclista";0;1;0;1;0;0;0;0;0;0;1;1;0;0;0
"09/07/2022";"01:59:00";"12";"3 - Aciden";"152.6";"BR-116/PR";"Sul";"Colisão Frontal";2;0;0;0;0;0;0;0;0;0;4;0;0;0;0
"09/07/2022";"10:32:00";"44";"3 - Aciden";"233.9";"BR-116/SC";"Sul";"Saida de Pista";0;0;0;0;0;0;0;0;0;1;1;0;0;0;0
"09/07/2022";"11:08:00";"48";"3 - Aciden";"148.4";"BR-116/PR";"Sul";"Saida de Pista";1;0;0;0;0;0;0;0;0;0;1;0;0;0;0
"09/07/2022";"06:59:00";"93";"2 - Aciden";"126.231";"BR-116/PR";"Sul";"Colisão Transversal";1;0;0;1;0;0;0;0;0;0;1;2;0;0;0
"09/07/2022";"07:16:00";"95";"2 - Aciden";"246.01";"BR-116/SC";"Norte";"Colisão Lateral";0;0;0;1;0;1;0;0;0;0;1;1;0;0;0
"09/07/2022";"08:02:00";"98";"3 - Aciden";"126.285";"BR-116/PR";"Sul";"Colisão Lateral";0;0;1;0;0;1;0;0;0;0;2;0;0;0;0
"10/07/2022";"02:52:00";"15";"3 - Aciden";"116.6";"BR-116/PR";"Sul";"Saida de Pista";1;0;0;0;0;1;0;0;0;0;5;0;0;0;0
"10/07/2022";"05:01:00";"73";"2 - Aciden";"124.485";"BR-116/PR";"Sul";"Queda de Moto";0;0;0;1;0;0;0;0;0;0;0;2;0;0;0
"10/07/2022";"06:45:00";"84";"3 - Aciden";"119.136";"BR-116/PR";"Sul";"Colisão Traseira";2;0;0;0;0;0;0;0;0;0;2;0;0;0;0
"10/07/2022";"10:21:00";"98";"2 - Aciden";"35.933";"BR-116/SC";"Norte";"Colisão Frontal";2;0;0;0;0;0;0;0;0;0;0;0;0;2;0
"11/07/2022";"12:24:00";"4";"3 - Aciden";"122.51";"BR-116/PR";"Norte";"Colisão Lateral";1;0;0;0;0;2;0;0;0;0;4;0;0;0;0
"11/07/2022";"08:05:00";"46";"3 - Aciden";"12.406";"BR-116/SC";"Norte";"Colisão Transversal";2;0;0;0;0;0;0;0;0;0;2;0;0;0;0
"11/07/2022";"01:10:00";"84";"2 - Aciden";"150.21";"BR-116/PR";"Norte";"Queda de Moto";0;0;0;1;0;0;0;0;0;0;0;2;0;0;0
"11/07/2022";"04:28:00";"106";"2 - Aciden";"126.008";"BR-116/PR";"Norte";"Colisão Traseira";1;0;0;1;0;0;0;0;0;0;1;1;0;0;0
"11/07/2022";"04:35:00";"108";"2 - Aciden";"119.157";"BR-116/PR";"Sul";"Colisão Traseira";1;0;0;1;0;0;0;0;0;0;1;1;0;0;0
"12/07/2022";"04:58:00";"20";"3 - Aciden";"115.281";"BR-116/PR";"Sul";"Colisão Traseira";1;0;0;0;0;2;0;0;0;0;3;0;0;0;0
"12/07/2022";"07:18:00";"25";"3 - Aciden";"119.098";"BR-116/PR";"Norte";"Colisão Traseira";0;0;2;0;0;0;0;0;0;0;2;0;0;0;0
"12/07/2022";"07:46:00";"41";"3 - Aciden";"125.948";"BR-116/PR";"Norte";"Colisão Traseira";2;0;0;0;0;0;0;0;0;0;2;0;0;0;0
"12/07/2022";"07:59:00";"43";"2 - Aciden";"6.1";"BR-116/SC";"Sul";"Colisão Transversal";0;0;0;1;0;1;0;0;0;0;1;1;0;0;0
"12/07/2022";"09:42:00";"68";"3 - Aciden";"131.642";"BR-116/PR";"Norte";"Colisão Transversal";1;0;0;0;0;1;0;0;0;0;2;0;0;0;0
"12/07/2022";"12:08:00";"91";"2 - Aciden";"141.114";"BR-116/PR";"Norte";"Colisão Frontal";1;0;0;1;0;0;0;0;0;0;1;1;0;0;0
"12/07/2022";"03:09:00";"123";"3 - Aciden";"247.75";"BR-116/SC";"Sul";"Colisão Lateral";1;0;0;0;0;0;0;0;0;1;2;0;0;0;0
"12/07/2022";"03:19:00";"121";"3 - Aciden";"81.453";"BR-116/SC";"Norte";"Colisão Traseira";0;0;1;0;0;0;0;0;0;1;2;0;0;0;0
"12/07/2022";"03:24:00";"124";"3 - Aciden";"245.1";"BR-116/SC";"Norte";"Colisão Traseira";2;0;0;0;0;0;0;0;0;0;2;0;0;0;0
"12/07/2022";"04:03:00";"129";"2 - Aciden";"71.3";"BR-116/SC";"Norte";"Atropelamento de Animal";0;0;0;1;0;0;0;0;0;0;0;1;0;0;0
"13/07/2022";"06:52:00";"16";"2 - Aciden";"118.555";"BR-116/PR";"Norte";"Colisão Traseira";1;0;0;1;0;0;0;0;0;0;2;1;0;0;0
"13/07/2022";"08:48:00";"116";"3 - Aciden";"177.231";"BR-116/SC";"Norte";"Capotamento";1;0;0;0;0;0;0;0;0;0;1;0;0;0;0
"14/07/2022";"08:02:00";"34";"3 - Aciden";"208.399";"BR-116/PR";"Sul";"Queda de Moto";0;0;0;1;0;0;0;0;0;0;1;0;0;0;0
"14/07/2022";"07:19:00";"107";"2 - Aciden";"121.1";"BR-116/PR";"Sul";"Colisão Lateral";1;0;0;1;0;0;0;0;0;0;1;1;0;0;0
"14/07/2022";"11:58:00";"123";"2 - Aciden";"139.1";"BR-116/SC";"Norte";"Colisão Transversal";1;0;1;0;0;0;0;0;0;0;1;1;0;0;0
"15/07/2022";"01:20:00";"87";"3 - Aciden";"148.42";"BR-116/PR";"Sul";"Saida de Pista";1;0;0;0;0;0;0;0;0;0;1;0;0;0;0
"16/07/2022";"06:28:00";"19";"2 - Aciden";"166.845";"BR-116/PR";"Sul";"Colisão Transversal";2;0;0;0;0;0;0;0;0;0;2;1;0;0;0
"16/07/2022";"06:32:00";"20";"3 - Aciden";"119.726";"BR-116/PR";"Norte";"Colisão Transversal";2;0;0;0;0;0;0;0;0;0;2;0;0;0;0
"16/07/2022";"01:38:00";"57";"2 - Aciden";"105.6";"BR-116/SC";"Norte";"Tombamento";0;0;1;0;0;0;0;0;0;0;0;1;0;0;0
"16/07/2022";"04:03:00";"65";"3 - Aciden";"235.655";"BR-116/SC";"Sul";"Capotamento";1;0;0;0;0;0;0;0;0;0;1;0;0;0;0
"16/07/2022";"04:14:00";"67";"3 - Aciden";"115.767";"BR-116/PR";"Sul";"Colisão Traseira";1;0;0;1;0;0;0;0;0;0;2;0;0;0;0
"16/07/2022";"11:57:00";"108";"3 - Aciden";"122.8";"BR-116/SC";"Sul";"Choque - Defensa, barreira ou "submarino"";0;0;0;0;0;0;0;0;0;1;1;0;0;0;0
"17/07/2022";"02:45:00";"12";"3 - Aciden";"4.5";"BR-116/SC";"Sul";"Colisão Transversal";1;0;0;0;0;1;0;0;0;0;2;0;0;0;0
"17/07/2022";"06:18:00";"20";"3 - Aciden";"59.113";"BR-116/SC";"Sul";"Choque - Talude";1;0;0;0;0;0;0;0;0;0;1;0;0;0;0
"17/07/2022";"08:07:00";"31";"3 - Aciden";"126.245";"BR-116/PR";"Norte";"Engavetamento";3;0;0;0;0;0;0;0;0;0;3;0;0;0;0
"17/07/2022";"10:56:00";"52";"2 - Aciden";"204.678";"BR-116/PR";"Norte";"Queda de Moto";0;0;0;1;0;0;0;0;0;0;0;1;0;0;0
"17/07/2022";"04:48:00";"80";"3 - Aciden";"152.1";"BR-116/PR";"Sul";"Colisão Transversal";2;0;0;0;0;0;0;0;0;0;2;0;0;0;0
"17/07/2022";"06:52:00";"89";"2 - Aciden";"128.422";"BR-116/PR";"Norte";"Colisão Transversal";1;0;0;1;0;0;0;0;0;0;1;1;0;0;0
"17/07/2022";"07:15:00";"91";"1 - Aciden";"172.726";"BR-116/PR";"Norte";"Atropelamento - Morador";1;0;0;0;0;0;0;0;0;0;2;0;0;0;1
"18/07/2022";"07:11:00";"14";"2 - Aciden";"7.017";"BR-116/SC";"Norte";"Queda de Moto";0;0;0;1;0;0;0;0;0;0;0;1;0;0;0
"18/07/2022";"02:34:00";"81";"3 - Aciden";"134.577";"BR-116/PR";"Norte";"Colisão Traseira";0;0;1;0;0;2;0;0;0;0;3;0;0;0;0
"18/07/2022";"10:33:00";"114";"1 - Aciden";"115.1";"BR-116/SC";"Norte";"Choque - Defensa, barreira ou "submarino"";0;0;1;0;0;0;0;0;0;0;0;0;0;0;1