data;horario;n_da_ocorrencia;tipo_de_ocorrencia;km;trecho;sentido;tipo_de_acidente;automovel;bicicleta;caminhao;moto;onibus;outros;tracao_animal;transporte_de_cargas_especiais;trator_maquinas;utilitarios;ilesos;levemente_feridos;moderadamente_feridos;gravemente_feridos;mortos
"19/07/2022";"07:56:00";"32";"2 - Aciden";"125.971";"BR-116/PR";"Norte";"Queda de Moto";0;0;0;1;0;0;0;0;0;0;0;1;0;0;0
"19/07/2022";"11:33:00";"57";"2 - Aciden";"168.753";"BR-116/PR";"Norte";"Colisão Lateral";1;0;0;0;0;1;0;0;0;0;1;2;0;0;0
"19/07/2022";"11:58:00";"59";"2 - Aciden";"26.163";"BR-116/SC";"Norte";"Colisão Frontal";2;0;0;0;0;0;0;0;0;0;1;1;0;0;0
"19/07/2022";"07:34:00";"100";"3 - Aciden";"237.742";"BR-116/SC";"Norte";"Saida de Pista";0;0;1;0;0;0;0;0;0;0;1;0;0;0;0
"20/07/2022";"09:18:00";"130";"3 - Aciden";"173.5";"BR-116/SC";"Sul";"Choque - Talude";1;0;0;0;0;0;0;0;0;0;1;0;0;0;0
"21/07/2022";"09:09:00";"41";"2 - Aciden";"140.01";"BR-116/SC";"Norte";"Objeto lançado contra veículo";0;0;1;0;0;0;0;0;0;0;0;1;0;0;0
"22/07/2022";"06:43:00";"121";"2 - Aciden";"140.6";"BR-116/SC";"Sul";"Colisão Transversal";0;0;1;1;0;0;0;0;0;0;1;0;0;1;0
"22/07/2022";"09:06:00";"136";"2 - Aciden";"145.931";"BR-116/PR";"Norte";"Choque - Outros";0;0;0;1;0;0;0;0;0;0;0;1;0;0;0
"23/07/2022";"12:52:00";"3";"2 - Aciden";"125.866";"BR-116/PR";"Norte";"Colisão Traseira";0;0;0;1;0;1;0;0;0;0;1;0;0;1;0
"23/07/2022";"01:33:00";"5";"3 - Aciden";"118.88";"BR-116/SC";"Sul";"Saida de Pista";1;0;0;0;0;0;0;0;0;0;3;0;0;0;0
"23/07/2022";"10:26:00";"41";"2 - Aciden";"116.979";"BR-116/PR";"Norte";"Colisão Lateral";2;0;0;0;0;0;0;0;0;0;1;1;0;0;0
"23/07/2022";"01:48:00";"62";"3 - Aciden";"125.834";"BR-116/PR";"Sul";"Colisão Traseira";2;0;0;0;0;0;0;0;0;0;2;0;0;0;0
"23/07/2022";"10:16:00";"109";"2 - Aciden";"127.577";"BR-116/PR";"Sul";"Atropelamento - Usuário";1;0;0;0;0;0;0;0;0;0;3;1;0;0;0
"24/07/2022";"04:40:00";"16";"3 - Aciden";"224.696";"BR-116/SC";"Norte";"Capotamento";1;0;0;0;0;0;0;0;0;0;1;0;0;0;0
"24/07/2022";"05:03:00";"18";"3 - Aciden";"238.324";"BR-116/SC";"Norte";"Choque - Talude";1;0;0;0;0;0;0;0;0;0;1;0;0;0;0
"24/07/2022";"06:33:00";"94";"2 - Aciden";"227.01";"BR-116/SC";"Norte";"Atropelamento - Ciclista";0;1;0;0;0;0;0;0;0;1;1;0;0;1;0
"24/07/2022";"09:54:00";"113";"3 - Aciden";"131.782";"BR-116/PR";"Sul";"Colisão Traseira";2;0;0;0;0;0;0;0;0;0;2;0;0;0;0
"24/07/2022";"11:39:00";"117";"2 - Aciden";"117.033";"BR-116/PR";"Norte";"Choque - Defensa, barreira ou "submarino"";1;0;0;0;0;0;0;0;0;0;1;3;0;0;0
"25/07/2022";"12:26:00";"4";"3 - Aciden";"184.885";"BR-116/PR";"Sul";"Capotamento";0;0;0;0;0;0;0;0;0;1;1;0;0;0;0
"25/07/2022";"03:50:00";"108";"3 - Aciden";"197.01";"BR-116/SC";"Sul";"Tombamento";0;0;1;0;0;0;0;0;0;0;1;0;0;0;0
"25/07/2022";"07:12:00";"119";"2 - Aciden";"222.01";"BR-116/SC";"Sul";"Colisão Frontal";1;0;0;0;1;0;0;0;0;0;1;1;0;1;0
"25/07/2022";"08:47:00";"121";"1 - Aciden";"193.124";"BR-116/SC";"Norte";"Choque - Defensa, barreira ou "submarino"";0;0;1;0;0;0;0;0;0;0;0;0;0;0;1
"26/07/2022";"07:57:00";"34";"3 - Aciden";"152.053";"BR-116/SC";"Norte";"Colisão Traseira";0;0;2;0;0;0;0;0;0;0;2;0;0;0;0
"26/07/2022";"04:05:00";"100";"3 - Aciden";"126.01";"BR-116/PR";"Norte";"Colisão Traseira";2;0;0;0;0;0;0;0;0;0;2;0;0;0;0
"26/07/2022";"08:55:00";"122";"3 - Aciden";"72.115";"BR-116/SC";"Sul";"Colisão Transversal";2;0;0;0;0;0;0;0;0;0;2;0;0;0;0
"26/07/2022";"09:30:00";"127";"3 - Aciden";"186.01";"BR-116/SC";"Norte";"Colisão Lateral";1;0;1;0;0;0;0;0;0;0;2;0;0;0;0
"26/07/2022";"09:53:00";"128";"3 - Aciden";"169.2";"BR-116/PR";"Sul";"Choque - Suporte de Sinalização";0;0;1;0;0;0;0;0;0;0;1;0;0;0;0
"26/07/2022";"10:01:00";"130";"2 - Aciden";"115.887";"BR-116/PR";"Sul";"Colisão Lateral";0;0;0;1;0;1;0;0;0;0;1;1;0;0;0
"27/07/2022";"08:03:00";"45";"3 - Aciden";"115.879";"BR-116/PR";"Norte";"Colisão Lateral";0;0;1;1;0;0;0;0;0;0;2;0;0;0;0
"27/07/2022";"02:45:00";"97";"3 - Aciden";"242.348";"BR-116/SC";"Sul";"Colisão Traseira";2;0;0;0;0;0;0;0;0;0;7;0;0;0;0
"27/07/2022";"06:22:00";"115";"2 - Aciden";"166.116";"BR-116/PR";"Norte";"Atropelamento - Ciclista";0;1;1;0;0;0;0;0;0;0;1;0;0;1;0
"27/07/2022";"08:56:00";"127";"3 - Aciden";"125.688";"BR-116/PR";"Norte";"Colisão Lateral";1;0;1;0;0;0;0;0;0;0;2;0;0;0;0
"28/07/2022";"07:34:00";"24";"2 - Aciden";"116.163";"BR-116/PR";"Sul";"Colisão Frontal";0;0;0;2;0;0;0;0;0;0;2;1;0;0;0
"28/07/2022";"12:13:00";"87";"3 - Aciden";"122.786";"BR-116/PR";"Norte";"Choque - Poste";1;0;0;0;0;0;0;0;0;0;1;0;0;0;0
"29/07/2022";"06:38:00";"11";"3 - Aciden";"138.7";"BR-116/PR";"Sul";"Saida de Pista";1;0;0;0;0;0;0;0;0;0;1;0;0;0;0
"29/07/2022";"08:12:00";"44";"2 - Aciden";"118.948";"BR-116/PR";"Norte";"Colisão Traseira";0;0;1;1;0;0;0;0;0;0;2;1;0;0;0
"29/07/2022";"12:23:00";"85";"2 - Aciden";"245.101";"BR-116/SC";"Norte";"Queda de Moto";0;0;0;1;0;0;0;0;0;0;0;1;0;0;0
"29/07/2022";"12:39:00";"88";"3 - Aciden";"310.115";"BR-116/SC";"Sul";"Tombamento";0;0;1;0;0;0;0;0;0;0;1;0;0;0;0
"30/07/2022";"06:39:00";"107";"2 - Aciden";"126.128";"BR-116/PR";"Norte";"Colisão Lateral";2;0;0;0;0;0;0;0;0;0;2;1;0;0;0
"30/07/2022";"08:51:00";"115";"3 - Aciden";"115.954";"BR-116/PR";"Sul";"Colisão Lateral";1;0;0;0;0;0;0;0;0;1;2;0;0;0;0
"30/07/2022";"09:43:00";"121";"2 - Aciden";"130.9";"BR-116/PR";"Norte";"Choque - Defensa, barreira ou "submarino"";1;0;0;0;0;0;0;0;0;0;3;2;0;0;0
"31/07/2022";"04:05:00";"60";"3 - Aciden";"260.01";"BR-116/SC";"Norte";"Colisão Traseira";2;0;0;0;0;0;0;0;0;0;2;0;0;0;0
"31/07/2022";"05:50:00";"71";"2 - Aciden";"128.01";"BR-116/PR";"Sul";"Colisão Lateral";2;0;0;0;0;0;0;0;0;0;1;1;0;0;0
"31/07/2022";"06:19:00";"73";"3 - Aciden";"103.01";"BR-116/SC";"Sul";"Colisão Lateral";1;0;1;0;0;0;0;0;0;0;2;0;0;0;0
"31/07/2022";"06:33:00";"74";"3 - Aciden";"96.1";"BR-116/SC";"Norte";"Colisão Traseira";2;0;0;0;0;0;0;0;0;0;2;0;0;0;0
"01/08/2022";"07:38:00";"27";"2 - Aciden";"125.712";"BR-116/PR";"Sul";"Colisão Lateral";1;0;0;1;0;0;0;0;0;0;1;1;0;0;0
"01/08/2022";"07:45:00";"31";"2 - Aciden";"121.617";"BR-116/PR";"Norte";"Colisão Traseira";1;0;0;1;0;0;0;0;0;0;1;1;0;0;0
"01/08/2022";"12:57:00";"80";"3 - Aciden";"150.145";"BR-116/PR";"Norte";"Choque - Veiculo parado no acostamento";1;0;1;0;0;0;0;0;0;0;2;0;0;0;0
"02/08/2022";"08:45:00";"48";"3 - Aciden";"123.8";"BR-116/SC";"Norte";"Colisão Lateral";0;0;1;0;0;1;0;0;0;0;2;0;0;0;0
"02/08/2022";"01:27:00";"80";"3 - Aciden";"126.228";"BR-116/PR";"Norte";"Colisão Transversal";1;0;1;0;0;0;0;0;0;0;2;0;0;0;0
"02/08/2022";"02:31:00";"88";"2 - Aciden";"124.678";"BR-116/PR";"Sul";"Colisão Traseira";2;0;0;0;0;0;0;0;0;0;2;0;0;1;0
"02/08/2022";"06:42:00";"108";"3 - Aciden";"120.5";"BR-116/PR";"Sul";"Colisão Transversal";3;0;0;0;0;0;0;0;0;0;3;0;0;0;0
"03/08/2022";"07:28:00";"26";"3 - Aciden";"124.048";"BR-116/PR";"Norte";"Colisão Lateral";1;0;1;0;0;0;0;0;0;0;2;0;0;0;0
"03/08/2022";"08:21:00";"40";"2 - Aciden";"121.546";"BR-116/PR";"Norte";"Colisão Lateral";0;0;0;1;0;1;0;0;0;0;1;1;0;1;0
"03/08/2022";"03:11:00";"82";"2 - Aciden";"29.65";"BR-116/SC";"Sul";"Engavetamento";3;0;0;0;0;0;0;0;0;0;3;1;0;0;0
"03/08/2022";"05:22:00";"97";"2 - Aciden";"210.5";"BR-116/PR";"Sul";"Colisão Transversal";0;0;0;1;0;1;0;0;0;0;1;1;0;0;0
"03/08/2022";"06:05:00";"99";"2 - Aciden";"247.88";"BR-116/SC";"Sul";"Colisão Frontal";1;0;1;0;0;0;0;0;0;0;1;0;0;1;0
"04/08/2022";"12:13:00";"3";"2 - Aciden";"146.645";"BR-116/PR";"Norte";"Queda de Moto";0;0;0;1;0;0;0;0;0;0;0;1;0;0;0
"04/08/2022";"02:21:00";"8";"3 - Aciden";"159.9";"BR-116/SC";"Sul";"Tombamento";0;0;1;0;0;0;0;0;0;0;1;0;0;0;0
"04/08/2022";"05:19:00";"124";"2 - Aciden";"180.476";"BR-116/SC";"Norte";"Colisão Lateral";0;0;0;1;0;1;0;0;0;0;1;0;0;1;0
"04/08/2022";"08:20:00";"142";"3 - Aciden";"153.389";"BR-116/PR";"Sul";"Colisão Traseira";2;0;0;0;0;0;0;0;0;0;2;0;0;0;0
"05/08/2022";"05:50:00";"21";"1 - Aciden";"116.11";"BR-116/PR";"Norte";"Atropelamento - Sem Informação";0;0;0;0;0;1;0;0;0;0;1;0;0;0;1
"05/08/2022";"09:04:00";"65";"3 - Aciden";"233.1";"BR-116/SC";"Sul";"Colisão Lateral";1;0;0;0;0;0;0;0;0;1;2;0;0;0;0
"05/08/2022";"12:16:00";"83";"3 - Aciden";"242.746";"BR-116/SC";"Sul";"Choque - Defensa, barreira ou "submarino"";1;0;0;0;0;0;0;0;0;0;1;0;0;0;0
"05/08/2022";"06:39:00";"126";"3 - Aciden";"115.417";"BR-116/PR";"Norte";"Engavetamento";3;0;0;0;0;0;0;0;0;0;3;0;0;0;0
"05/08/2022";"06:53:00";"130";"1 - Aciden";"89.9";"BR-116/SC";"Sul";"Colisão Frontal";1;0;1;0;0;0;0;0;0;0;1;0;0;0;1
"05/08/2022";"07:08:00";"133";"3 - Aciden";"115.417";"BR-116/PR";"Sul";"Colisão Lateral";1;0;0;1;0;0;0;0;0;0;2;0;0;0;0
"05/08/2022";"07:38:00";"135";"2 - Aciden";"208.411";"BR-116/PR";"Norte";"Colisão Transversal";1;0;0;1;0;0;0;0;0;0;0;2;0;0;0
"05/08/2022";"11:49:00";"150";"2 - Aciden";"188.85";"BR-116/SC";"Sul";"Queda de Moto";0;0;0;1;0;0;0;0;0;0;1;1;0;0;0
"06/08/2022";"02:55:00";"9";"3 - Aciden";"57.8";"BR-116/SC";"Norte";"Capotamento";1;0;0;0;0;0;0;0;0;0;1;0;0;0;0
"06/08/2022";"12:25:00";"57";"3 - Aciden";"180.01";"BR-116/SC";"Sul";"Engavetamento";3;0;0;0;0;0;0;0;0;0;3;0;0;0;0
"06/08/2022";"06:44:00";"92";"3 - Aciden";"145.591";"BR-116/PR";"Sul";"Choque - Elemento de Drenagem";1;0;0;0;0;0;0;0;0;0;1;0;0;0;0
"06/08/2022";"08:20:00";"100";"2 - Aciden";"233.01";"BR-116/SC";"Sul";"Colisão Lateral";1;0;0;0;0;1;0;0;0;0;2;0;0;1;0
"07/08/2022";"03:26:00";"7";"3 - Aciden";"115.271";"BR-116/PR";"Norte";"Choque - Defensa, barreira ou "submarino"";1;0;0;0;0;0;0;0;0;0;1;0;0;0;0
"07/08/2022";"06:45:00";"14";"3 - Aciden";"160.6";"BR-116/PR";"Sul";"Saida de Pista";1;0;0;0;0;0;0;0;0;0;1;0;0;0;0
"07/08/2022";"07:33:00";"15";"2 - Aciden";"116.8";"BR-116/PR";"Sul";"Choque - Defensa, barreira ou "submarino"";1;0;0;0;0;0;0;0;0;0;1;1;0;0;0
"07/08/2022";"01:51:00";"40";"2 - Aciden";"59.8";"BR-116/SC";"Sul";"Colisão Transversal";2;0;0;0;0;0;0;0;0;0;1;2;0;0;0
"07/08/2022";"03:21:00";"48";"3 - Aciden";"134.01";"BR-116/SC";"Norte";"Choque - Defensa, barreira ou "submarino"";1;0;0;0;0;0;0;0;0;0;2;0;0;0;0
"07/08/2022";"04:48:00";"52";"2 - Aciden";"188.58";"BR-116/SC";"Sul";"Colisão Lateral";1;0;0;1;0;0;0;0;0;0;1;0;0;1;0
"07/08/2022";"07:51:00";"68";"2 - Aciden";"224.82";"BR-116/SC";"Sul";"Capotamento";1;0;0;0;0;0;0;0;0;0;1;0;0;2;0
"07/08/2022";"09:41:00";"75";"3 - Aciden";"119.587";"BR-116/PR";"Norte";"Colisão Traseira";2;0;0;0;0;0;0;0;0;0;2;0;0;0;0
"08/08/2022";"01:30:00";"8";"2 - Aciden";"121.832";"BR-116/PR";"Sul";"Capotamento";1;0;0;0;0;0;0;0;0;0;0;1;0;0;0
"08/08/2022";"05:16:00";"11";"3 - Aciden";"208.4";"BR-116/SC";"Sul";"Choque - Suporte de Sinalização";1;0;0;0;0;0;0;0;0;0;2;0;0;0;0
"08/08/2022";"05:58:00";"12";"3 - Aciden";"218.664";"BR-116/SC";"Sul";"Saida de Pista";1;0;0;0;0;0;0;0;0;0;1;0;0;0;0
"08/08/2022";"06:02:00";"13";"3 - Aciden";"120.562";"BR-116/PR";"Norte";"Engavetamento";4;0;0;0;0;0;0;0;0;0;4;0;0;0;0
"08/08/2022";"07:34:00";"20";"3 - Aciden";"199.6";"BR-116/SC";"Norte";"Tombamento";0;0;1;0;0;0;0;0;0;0;1;0;0;0;0
"08/08/2022";"05:39:00";"100";"3 - Aciden";"132.01";"BR-116/PR";"Norte";"Colisão Traseira";1;0;1;0;0;0;0;0;0;0;2;0;0;0;0
"08/08/2022";"06:15:00";"102";"3 - Aciden";"136.035";"BR-116/PR";"Norte";"Colisão Frontal";1;0;0;0;0;0;0;0;0;1;4;0;0;0;0
"08/08/2022";"08:34:00";"113";"3 - Aciden";"245.7";"BR-116/SC";"Norte";"Colisão Transversal";1;0;1;0;0;0;0;0;0;0;3;0;0;0;0
"09/08/2022";"09:33:00";"53";"2 - Aciden";"236.445";"BR-116/SC";"Sul";"Capotamento";1;0;0;0;0;0;0;0;0;0;0;1;0;0;0
"09/08/2022";"07:05:00";"87";"3 - Aciden";"199.57";"BR-116/PR";"Sul";"Choque - Talude";1;0;0;0;0;0;0;0;0;0;1;0;0;0;0
"09/08/2022";"09:55:00";"95";"2 - Aciden";"140.391";"BR-116/SC";"Sul";"Choque - Suporte de Sinalização";1;0;0;0;0;0;0;0;0;0;0;1;0;0;0
"10/08/2022";"04:19:00";"14";"3 - Aciden";"146.012";"BR-116/PR";"Sul";"Choque - Suporte de Sinalização";0;0;0;0;0;0;0;0;0;1;3;0;0;0;0
"10/08/2022";"09:30:00";"57";"2 - Aciden";"6.974";"BR-116/SC";"Norte";"Colisão Transversal";1;0;0;0;0;0;0;0;0;1;1;2;0;0;0
"10/08/2022";"10:15:00";"62";"2 - Aciden";"27.323";"BR-116/SC";"Norte";"Capotamento";1;0;0;0;0;0;0;0;0;0;1;1;0;0;0
"10/08/2022";"11:07:00";"65";"3 - Aciden";"132.1";"BR-116/PR";"Norte";"Saida de Pista";1;0;0;0;0;0;0;0;0;0;1;0;0;0;0
"10/08/2022";"01:29:00";"76";"3 - Aciden";"21.64";"BR-116/SC";"Norte";"Colisão Traseira";2;0;0;0;0;0;0;0;0;0;2;0;0;0;0
"12/08/2022";"06:56:00";"130";"2 - Aciden";"186.211";"BR-116/SC";"Sul";"Tombamento";0;0;1;0;0;0;0;0;0;0;0;0;0;1;0
"13/08/2022";"01:29:00";"74";"3 - Aciden";"183.431";"BR-116/PR";"Norte";"Tombamento";0;0;1;0;0;0;0;0;0;0;1;0;0;0;0
"13/08/2022";"02:06:00";"75";"3 - Aciden";"190.16";"BR-116/SC";"Sul";"Colisão Lateral";2;0;0;0;0;0;0;0;0;0;2;0;0;0;0
"13/08/2022";"03:22:00";"86";"3 - Aciden";"131.787";"BR-116/PR";"Sul";"Colisão Lateral";1;0;0;0;0;1;0;0;0;0;2;0;0;0;0
"13/08/2022";"10:30:00";"122";"3 - Aciden";"125.952";"BR-116/PR";"Norte";"Engavetamento";1;0;2;0;0;0;0;0;0;0;3;0;0;0;0
"14/08/2022";"10:21:00";"38";"3 - Aciden";"126.01";"BR-116/PR";"Sul";"Colisão Traseira";2;0;0;0;0;0;0;0;0;0;2;0;0;0;0
"14/08/2022";"07:16:00";"81";"3 - Aciden";"115.248";"BR-116/PR";"Norte";"Engavetamento";1;0;0;0;0;2;0;0;0;0;3;0;0;0;0
"14/08/2022";"07:26:00";"83";"2 - Aciden";"129.98";"BR-116/PR";"Norte";"Queda de Moto";0;0;0;1;0;0;0;0;0;0;0;1;0;0;0
"14/08/2022";"07:38:00";"85";"2 - Aciden";"21.594";"BR-116/SC";"Sul";"Capotamento";1;0;0;0;0;0;0;0;0;0;0;0;0;1;0
"15/08/2022";"06:13:00";"22";"3 - Aciden";"152.439";"BR-116/PR";"Sul";"Colisão Transversal";2;0;0;0;0;0;0;0;0;0;2;0;0;0;0
"15/08/2022";"08:12:00";"43";"3 - Aciden";"32.521";"BR-116/SC";"Sul";"Colisão Lateral";1;0;1;0;0;0;0;0;0;0;2;0;0;0;0
"15/08/2022";"12:29:00";"68";"3 - Aciden";"126.35";"BR-116/PR";"Norte";"Saida de Pista";1;0;0;0;0;0;0;0;0;0;1;0;0;0;0
"15/08/2022";"12:37:00";"70";"3 - Aciden";"115.211";"BR-116/PR";"Norte";"Colisão Lateral";0;0;0;1;0;1;0;0;0;0;2;0;0;0;0
"15/08/2022";"07:35:00";"111";"3 - Aciden";"172.2";"BR-116/PR";"Sul";"Colisão Traseira";2;0;0;0;0;0;0;0;0;0;2;0;0;0;0
"16/08/2022";"05:23:00";"23";"2 - Aciden";"253.925";"BR-116/SC";"Sul";"Colisão Lateral";0;0;0;1;0;1;0;0;0;0;1;1;0;0;0
"16/08/2022";"01:06:00";"77";"2 - Aciden";"120.312";"BR-116/PR";"Sul";"Choque - Defensa, barreira ou "submarino"";1;0;1;0;0;1;0;0;0;0;2;1;0;0;0
"16/08/2022";"06:00:00";"112";"2 - Aciden";"115.5";"BR-116/PR";"Sul";"Colisão Lateral";1;0;0;1;0;0;0;0;0;0;2;1;0;0;0
"16/08/2022";"06:12:00";"116";"2 - Aciden";"129.8";"BR-116/PR";"Sul";"Colisão Lateral";1;0;0;0;0;0;0;0;0;1;1;1;0;0;0
"16/08/2022";"06:33:00";"118";"3 - Aciden";"124.1";"BR-116/PR";"Sul";"Choque - Elemento de Drenagem";1;0;0;0;0;0;0;0;0;0;1;0;0;0;0
"17/08/2022";"12:49:00";"74";"3 - Aciden";"119.1";"BR-116/PR";"Sul";"Colisão Traseira";1;0;0;0;0;0;0;0;0;1;2;0;0;0;0
"17/08/2022";"03:46:00";"98";"2 - Aciden";"12.005";"BR-116/SC";"Norte";"Colisão Lateral";0;0;1;1;0;0;0;0;0;0;1;1;0;0;0
"17/08/2022";"04:12:00";"104";"3 - Aciden";"130.59";"BR-116/PR";"Norte";"Choque - Defensa, barreira ou "submarino"";1;0;0;0;0;0;0;0;0;0;1;0;0;0;0
"17/08/2022";"09:56:00";"138";"2 - Aciden";"104.7";"BR-116/SC";"Norte";"Choque - Talude";0;0;0;0;0;0;0;0;0;1;0;1;0;0;0
"18/08/2022";"01:40:00";"14";"2 - Aciden";"125.891";"BR-116/PR";"Sul";"Queda de Moto";0;0;0;1;0;0;0;0;0;0;0;1;0;0;0
"18/08/2022";"05:54:00";"17";"2 - Aciden";"126.003";"BR-116/PR";"Norte";"Colisão Traseira";0;0;0;1;0;1;0;0;0;0;1;1;0;0;0
"18/08/2022";"09:33:00";"52";"2 - Aciden";"239.121";"BR-116/SC";"Sul";"Tombamento";0;0;1;0;0;0;0;0;0;0;0;1;0;0;0
"18/08/2022";"01:38:00";"76";"2 - Aciden";"52.186";"BR-116/SC";"Norte";"Capotamento";2;0;0;0;0;0;0;0;0;0;1;2;0;0;0
"18/08/2022";"04:55:00";"85";"3 - Aciden";"81.6";"BR-116/SC";"Sul";"Colisão Traseira";1;0;1;0;0;0;0;0;0;0;3;0;0;0;0
"18/08/2022";"08:19:00";"102";"3 - Aciden";"161.224";"BR-116/PR";"Sul";"Colisão Traseira";2;0;0;0;0;0;0;0;0;0;2;0;0;0;0
"19/08/2022";"05:14:00";"18";"3 - Aciden";"240.867";"BR-116/SC";"Sul";"Saida de Pista";1;0;0;0;0;0;0;0;0;0;1;0;0;0;0
"19/08/2022";"02:29:00";"119";"3 - Aciden";"100.5";"BR-116/SC";"Sul";"Colisão Transversal";1;0;1;0;0;0;0;0;0;0;2;0;0;0;0
"19/08/2022";"07:11:00";"143";"3 - Aciden";"133.615";"BR-116/PR";"Sul";"Colisão Traseira";2;0;0;0;0;0;0;0;0;0;2;0;0;0;0
"19/08/2022";"08:32:00";"149";"3 - Aciden";"124.868";"BR-116/PR";"Sul";"Colisão Lateral";1;0;0;1;0;0;0;0;0;0;2;0;0;0;0
"19/08/2022";"08:59:00";"150";"3 - Aciden";"128.1";"BR-116/PR";"Sul";"Colisão Traseira";1;0;0;0;0;1;0;0;0;0;2;0;0;0;0
"19/08/2022";"09:48:00";"154";"3 - Aciden";"125.9";"BR-116/PR";"Norte";"Colisão Traseira";3;0;0;0;0;0;0;0;0;0;3;0;0;0;0
"20/08/2022";"06:57:00";"10";"3 - Aciden";"140.01";"BR-116/PR";"Sul";"Saida de Pista";1;0;0;0;0;0;0;0;0;0;1;0;0;0;0
"20/08/2022";"10:55:00";"56";"3 - Aciden";"123.383";"BR-116/PR";"Norte";"Choque - Defensa, barreira ou "submarino"";1;0;0;0;0;0;0;0;0;0;1;0;0;0;0
"20/08/2022";"10:33:00";"114";"3 - Aciden";"133.8";"BR-116/PR";"Norte";"Saida de Pista";0;0;1;0;0;0;0;0;0;0;1;0;0;0;0
"21/08/2022";"12:00:00";"1";"3 - Aciden";"204.78";"BR-116/PR";"Norte";"Colisão Frontal";1;0;1;0;0;0;0;0;0;0;2;0;0;0;0
"21/08/2022";"05:09:00";"19";"3 - Aciden";"115.125";"BR-116/PR";"Norte";"Choque - Elemento de Drenagem";1;0;0;0;0;0;0;0;0;0;2;0;0;0;0
"21/08/2022";"06:12:00";"22";"2 - Aciden";"23.4";"BR-116/SC";"Sul";"Colisão Frontal";1;0;1;0;0;0;0;0;0;0;1;1;0;0;0
"21/08/2022";"11:31:00";"46";"3 - Aciden";"130.187";"BR-116/PR";"Norte";"Choque - Defensa, barreira ou "submarino"";2;0;0;0;0;0;0;0;0;0;2;0;0;0;0
"22/08/2022";"12:01:00";"1";"3 - Aciden";"157.4";"BR-116/PR";"Norte";"Saida de Pista";1;0;0;0;0;0;0;0;0;0;1;0;0;0;0
"22/08/2022";"12:25:00";"3";"3 - Aciden";"128.15";"BR-116/PR";"Sul";"Colisão Lateral";2;0;0;0;0;0;0;0;0;0;2;0;0;0;0
"22/08/2022";"09:14:00";"117";"3 - Aciden";"150.346";"BR-116/PR";"Sul";"Saida de Pista";1;0;0;0;0;0;0;0;0;0;1;0;0;0;0
"23/08/2022";"08:36:00";"53";"3 - Aciden";"210.2";"BR-116/PR";"Sul";"Colisão Traseira";0;0;2;0;0;0;0;0;0;0;2;0;0;0;0
"23/08/2022";"02:39:00";"81";"3 - Aciden";"117.5";"BR-116/PR";"Norte";"Colisão Lateral";1;0;0;0;0;1;0;0;0;0;2;0;0;0;0
"23/08/2022";"03:42:00";"91";"2 - Aciden";"124.885";"BR-116/PR";"Norte";"Colisão Traseira";1;0;0;1;0;1;0;0;0;0;2;1;0;0;0
"23/08/2022";"05:03:00";"95";"3 - Aciden";"152.311";"BR-116/SC";"Sul";"Colisão Lateral";1;0;1;0;0;0;0;0;0;0;2;0;0;0;0
"23/08/2022";"07:26:00";"111";"3 - Aciden";"203.764";"BR-116/SC";"Sul";"Choque - Suporte de Sinalização";1;0;0;0;0;0;0;0;0;0;2;0;0;0;0
"24/08/2022";"03:23:00";"103";"2 - Aciden";"151.1";"BR-116/PR";"Norte";"Queda de Moto";0;0;0;1;0;0;0;0;0;0;0;1;0;0;0
"24/08/2022";"06:44:00";"120";"2 - Aciden";"116.652";"BR-116/PR";"Norte";"Colisão Traseira";1;0;0;1;0;0;0;0;0;0;1;1;0;0;0
"25/08/2022";"07:52:00";"58";"2 - Aciden";"116.01";"BR-116/PR";"Norte";"Colisão Lateral";1;0;0;1;0;0;0;0;0;0;1;1;0;0;0
"25/08/2022";"11:31:00";"134";"3 - Aciden";"262.9";"BR-116/SC";"Norte";"Choque - Talude";1;0;0;0;0;0;0;0;0;0;1;0;0;0;0
"26/08/2022";"08:40:00";"40";"3 - Aciden";"126.326";"BR-116/PR";"Norte";"Colisão Lateral";2;0;0;0;0;0;0;0;0;0;2;0;0;0;0
"26/08/2022";"10:55:00";"77";"2 - Aciden";"251.549";"BR-116/SC";"Norte";"Capotamento";2;0;0;0;0;0;0;0;0;0;1;1;0;0;0
"26/08/2022";"07:53:00";"125";"3 - Aciden";"114.5";"BR-116/SC";"Norte";"Saida de Pista";1;0;0;0;0;0;0;0;0;0;1;0;0;0;0
"27/08/2022";"02:04:00";"9";"3 - Aciden";"81.6";"BR-116/SC";"Norte";"Choque - Cancela de Pedagio";0;0;1;0;0;0;0;0;0;0;1;0;0;0;0
"27/08/2022";"04:49:00";"17";"3 - Aciden";"107.5";"BR-116/SC";"Sul";"Tombamento";0;0;1;0;0;0;0;0;0;0;1;0;0;0;0
"27/08/2022";"05:18:00";"20";"3 - Aciden";"128.275";"BR-116/PR";"Sul";"Colisão Traseira";1;0;0;1;0;0;0;0;0;0;2;0;0;0;0
"27/08/2022";"07:50:00";"35";"3 - Aciden";"197.535";"BR-116/PR";"Norte";"Colisão Traseira";2;0;0;0;0;0;0;0;0;0;2;0;0;0;0
"27/08/2022";"10:33:00";"67";"1 - Aciden";"94.9";"BR-116/SC";"Sul";"Colisão Frontal";1;0;1;0;0;0;0;0;0;0;1;0;0;0;1
"27/08/2022";"04:54:00";"116";"2 - Aciden";"221.67";"BR-116/SC";"Norte";"Colisão Lateral";2;0;0;0;0;0;0;0;0;0;1;1;0;0;0
"28/08/2022";"01:21:00";"54";"2 - Aciden";"19.42";"BR-116/SC";"Sul";"Colisão Lateral";2;0;0;0;0;0;0;0;0;0;0;3;0;1;0
"29/08/2022";"07:39:00";"28";"2 - Aciden";"8.15";"BR-116/SC";"Sul";"Colisão Transversal";2;0;0;0;0;0;0;0;0;0;1;1;0;0;0