data;horario;n_da_ocorrencia;tipo_de_ocorrencia;km;trecho;sentido;tipo_de_acidente;automovel;bicicleta;caminhao;moto;onibus;outros;tracao_animal;transporte_de_cargas_especiais;trator_maquinas;utilitarios;ilesos;levemente_feridos;moderadamente_feridos;gravemente_feridos;mortos
"10/10/2022";"11:20:00";"63";"3 - Aciden";"208.8";"BR-116/SC";"Sul";"Choque - Elemento de Drenagem";0;0;1;0;0;0;0;0;0;0;2;0;0;0;0
"10/10/2022";"11:59:00";"67";"3 - Aciden";"192.1";"BR-116/PR";"Norte";"Engavetamento";2;0;0;0;0;0;0;0;0;1;3;0;0;0;0
"10/10/2022";"01:16:00";"71";"3 - Aciden";"138.1";"BR-116/PR";"Sul";"Tombamento";0;0;1;0;0;0;0;0;0;0;1;0;0;0;0
"10/10/2022";"02:18:00";"72";"3 - Aciden";"115.5";"BR-116/PR";"Sul";"Capotamento";1;0;0;0;0;0;0;0;0;0;1;0;0;0;0
"10/10/2022";"02:56:00";"77";"2 - Aciden";"65.42";"BR-116/SC";"Sul";"Choque - Defensa, barreira ou "submarino"";0;0;1;0;0;0;0;0;0;0;0;1;0;0;0
"11/10/2022";"12:20:00";"83";"2 - Aciden";"207.515";"BR-116/PR";"Sul";"Engavetamento";1;0;0;1;0;0;0;0;0;0;1;0;0;2;0
"11/10/2022";"04:25:00";"110";"3 - Aciden";"126.012";"BR-116/PR";"Norte";"Engavetamento";2;0;1;0;0;0;0;0;0;0;3;0;0;0;0
"12/10/2022";"08:14:00";"44";"2 - Aciden";"211.101";"BR-116/SC";"Sul";"Tombamento";0;0;1;0;0;0;0;0;0;0;0;0;0;3;0
"12/10/2022";"07:58:00";"109";"3 - Aciden";"66.675";"BR-116/SC";"Sul";"Tombamento";0;0;1;0;0;0;0;0;0;0;1;0;0;0;0
"12/10/2022";"09:47:00";"116";"3 - Aciden";"126.25";"BR-116/PR";"Norte";"Colisão Traseira";1;0;0;0;0;1;0;0;0;0;3;0;0;0;0
"13/10/2022";"02:19:00";"29";"3 - Aciden";"145.5";"BR-116/PR";"Sul";"Tombamento";0;0;1;0;0;0;0;0;0;0;1;0;0;0;0
"13/10/2022";"07:34:00";"43";"2 - Aciden";"116.334";"BR-116/PR";"Norte";"Colisão Lateral";1;0;0;1;0;0;0;0;0;0;1;1;0;0;0
"13/10/2022";"02:46:00";"115";"2 - Aciden";"271.65";"BR-116/SC";"Norte";"Atropelamento - Morador";0;0;0;0;0;0;0;0;0;0;0;0;0;1;0
"13/10/2022";"03:26:00";"118";"3 - Aciden";"7.022";"BR-116/SC";"Norte";"Colisão Transversal";1;0;1;0;0;0;0;0;0;0;2;0;0;0;0
"14/10/2022";"07:27:00";"38";"3 - Aciden";"155.737";"BR-116/PR";"Sul";"Tombamento";0;0;1;0;0;0;0;0;0;0;2;0;0;0;0
"14/10/2022";"07:37:00";"39";"2 - Aciden";"91.075";"BR-116/SC";"Norte";"Capotamento";0;0;0;0;0;0;0;0;0;1;0;0;0;1;0
"14/10/2022";"10:33:00";"59";"3 - Aciden";"151.82";"BR-116/PR";"Norte";"Colisão Traseira";2;0;0;0;0;0;0;0;0;0;3;0;0;0;0
"14/10/2022";"04:10:00";"111";"2 - Aciden";"126.5";"BR-116/PR";"Sul";"Colisão Lateral";0;0;0;2;0;0;0;0;0;0;1;1;0;0;0
"15/10/2022";"04:15:00";"37";"3 - Aciden";"181.085";"BR-116/PR";"Sul";"Tombamento";0;0;1;0;0;0;0;0;0;0;1;0;0;0;0
"15/10/2022";"05:25:00";"101";"3 - Aciden";"183.9";"BR-116/SC";"Norte";"Colisão Traseira";0;0;2;0;0;0;0;0;0;0;2;0;0;0;0
"15/10/2022";"05:39:00";"103";"3 - Aciden";"107.15";"BR-116/SC";"Sul";"Colisão Lateral";0;0;2;0;0;0;0;0;0;0;2;0;0;0;0
"15/10/2022";"07:55:00";"111";"2 - Aciden";"72.976";"BR-116/SC";"Norte";"Colisão Frontal";2;0;0;0;0;0;0;0;0;0;0;1;0;1;0
"16/10/2022";"01:54:00";"10";"2 - Aciden";"122.7";"BR-116/PR";"Norte";"Colisão Traseira";2;0;0;0;0;0;0;0;0;0;1;1;0;0;0
"16/10/2022";"05:23:00";"35";"2 - Aciden";"144.01";"BR-116/SC";"Sul";"Colisão Frontal";2;0;0;0;0;0;0;0;0;0;1;1;0;0;0
"16/10/2022";"08:36:00";"45";"3 - Aciden";"11.1";"BR-116/SC";"Sul";"Saida de Pista";0;0;1;0;0;0;0;0;0;0;1;0;0;0;0
"16/10/2022";"10:05:00";"101";"3 - Aciden";"126.164";"BR-116/PR";"Norte";"Colisão Traseira";1;0;1;0;0;0;0;0;0;0;4;0;0;0;0
"17/10/2022";"08:11:00";"53";"3 - Aciden";"245.1";"BR-116/SC";"Sul";"Colisão Transversal";2;0;0;0;0;0;0;0;0;0;3;0;0;0;0
"17/10/2022";"12:10:00";"98";"2 - Aciden";"251.15";"BR-116/SC";"Sul";"Colisão Traseira";0;0;0;1;0;0;0;0;0;1;1;1;0;0;0
"18/10/2022";"01:38:00";"94";"2 - Aciden";"107.6";"BR-116/SC";"Norte";"Choque - Talude";0;0;0;0;0;0;0;0;0;1;0;1;0;0;0
"20/10/2022";"04:55:00";"136";"3 - Aciden";"107.4";"BR-116/SC";"Norte";"Tombamento";0;0;1;0;0;0;0;0;0;0;1;0;0;0;0
"21/10/2022";"08:48:00";"61";"3 - Aciden";"230.1";"BR-116/SC";"Sul";"Saida de Pista";1;0;0;0;0;0;0;0;0;0;1;0;0;0;0
"21/10/2022";"02:15:00";"112";"3 - Aciden";"174.5";"BR-116/SC";"Sul";"Colisão Lateral";1;0;0;0;0;1;0;0;0;0;2;0;0;0;0
"21/10/2022";"02:39:00";"111";"3 - Aciden";"11.5";"BR-116/SC";"Norte";"Engavetamento";3;0;1;0;0;0;0;0;0;0;4;0;0;0;0
"21/10/2022";"05:34:00";"124";"2 - Aciden";"233.16";"BR-116/SC";"Sul";"Colisão Frontal";2;0;1;0;0;0;0;0;0;0;2;0;0;1;0
"21/10/2022";"05:47:00";"127";"3 - Aciden";"117.5";"BR-116/PR";"Sul";"Colisão Lateral";1;0;1;0;0;0;0;0;0;0;2;0;0;0;0
"21/10/2022";"11:53:00";"148";"3 - Aciden";"210.7";"BR-116/SC";"Norte";"Choque - Arvore";1;0;0;0;0;0;0;0;0;0;1;0;0;0;0
"22/10/2022";"03:51:00";"22";"3 - Aciden";"248.04";"BR-116/SC";"Norte";"Capotamento";1;0;0;0;0;0;0;0;0;0;1;0;0;0;0
"22/10/2022";"09:14:00";"67";"1 - Aciden";"52.948";"BR-116/SC";"Sul";"Colisão Transversal";2;0;0;0;0;0;0;0;0;0;0;0;0;1;1
"22/10/2022";"11:08:00";"81";"3 - Aciden";"5.921";"BR-116/SC";"Norte";"Choque - Elemento de Drenagem";0;0;1;0;0;0;0;0;0;0;1;0;0;0;0
"23/10/2022";"07:10:00";"31";"3 - Aciden";"152.099";"BR-116/PR";"Norte";"Colisão Transversal";1;0;1;0;0;0;0;0;0;0;2;0;0;0;0
"23/10/2022";"07:19:00";"33";"2 - Aciden";"126.1";"BR-116/PR";"Sul";"Colisão Traseira";1;0;0;1;0;0;0;0;0;0;1;1;0;0;0
"23/10/2022";"11:28:00";"68";"2 - Aciden";"122.1";"BR-116/PR";"Norte";"Colisão Traseira";1;0;0;1;0;0;0;0;0;0;2;1;0;0;0
"23/10/2022";"12:23:00";"71";"3 - Aciden";"123.1";"BR-116/PR";"Norte";"Engavetamento";2;0;0;0;0;1;0;0;0;0;8;0;0;0;0
"23/10/2022";"08:46:00";"116";"3 - Aciden";"257.8";"BR-116/SC";"Norte";"Colisão Traseira";0;0;1;0;0;1;0;0;0;0;2;0;0;0;0
"24/10/2022";"09:17:00";"73";"2 - Aciden";"210.8";"BR-116/PR";"Sul";"Colisão Transversal";2;0;0;0;0;0;0;0;0;0;2;1;0;0;0
"24/10/2022";"10:18:00";"79";"3 - Aciden";"125.1";"BR-116/SC";"Sul";"Colisão Lateral";1;0;0;0;0;0;0;0;0;0;1;0;0;0;0
"24/10/2022";"12:29:00";"95";"2 - Aciden";"117.1";"BR-116/PR";"Sul";"Queda de Moto";0;0;0;1;0;0;0;0;0;0;0;2;0;0;0
"24/10/2022";"01:12:00";"103";"3 - Aciden";"81.6";"BR-116/SC";"Sul";"Colisão Lateral";1;0;1;0;0;0;0;0;0;0;2;0;0;0;0
"24/10/2022";"08:25:00";"150";"3 - Aciden";"93.7";"BR-116/SC";"Norte";"Choque - Defensa, barreira ou "submarino"";0;0;1;0;0;0;0;0;0;0;1;0;0;0;0
"25/10/2022";"08:04:00";"58";"3 - Aciden";"119.1";"BR-116/SC";"Sul";"Colisão Traseira";1;0;1;0;0;0;0;0;0;0;2;0;0;0;0
"25/10/2022";"01:19:00";"103";"2 - Aciden";"116.1";"BR-116/PR";"Sul";"Colisão Traseira";1;0;0;1;0;0;0;0;0;0;1;1;0;0;0
"25/10/2022";"01:26:00";"104";"3 - Aciden";"142.1";"BR-116/PR";"Sul";"Colisão Traseira";1;0;0;0;0;0;0;0;0;1;2;0;0;0;0
"25/10/2022";"01:35:00";"106";"3 - Aciden";"9.8";"BR-116/SC";"Sul";"Colisão Frontal";0;0;1;0;0;0;0;0;0;1;2;0;0;0;0
"25/10/2022";"05:59:00";"136";"3 - Aciden";"219.5";"BR-116/SC";"Sul";"Colisão Traseira";2;0;0;0;0;0;0;0;0;0;2;0;0;0;0
"25/10/2022";"11:01:00";"152";"3 - Aciden";"122.615";"BR-116/PR";"Norte";"Colisão Traseira";2;0;0;0;0;0;0;0;0;0;4;0;0;0;0
"26/10/2022";"08:15:00";"38";"2 - Aciden";"2.1";"BR-116/SC";"Sul";"Colisão Traseira";1;0;0;0;0;1;0;0;0;0;1;2;0;0;0
"26/10/2022";"08:24:00";"40";"2 - Aciden";"60.1";"BR-116/SC";"Norte";"Colisão Lateral";0;0;1;1;0;0;0;0;0;0;47;1;0;0;0
"27/10/2022";"11:37:00";"101";"3 - Aciden";"5.7";"BR-116/SC";"Sul";"Colisão Transversal";2;0;0;0;0;0;0;0;0;0;2;0;0;0;0
"27/10/2022";"02:28:00";"122";"2 - Aciden";"143.5";"BR-116/PR";"Norte";"Colisão Frontal";1;0;1;0;0;0;0;0;0;0;1;0;0;1;0
"27/10/2022";"02:57:00";"128";"3 - Aciden";"56.5";"BR-116/SC";"Norte";"Colisão Traseira";1;0;1;0;0;0;0;0;0;0;2;0;0;0;0
"27/10/2022";"09:10:00";"145";"2 - Aciden";"125.5";"BR-116/PR";"Sul";"Colisão Traseira";1;0;0;1;0;0;0;0;0;0;2;1;0;0;0
"27/10/2022";"11:47:00";"154";"3 - Aciden";"213.14";"BR-116/SC";"Sul";"Colisão Lateral";1;0;1;0;0;0;0;0;0;0;3;0;0;0;0
"28/10/2022";"08:08:00";"46";"3 - Aciden";"248.1";"BR-116/SC";"Sul";"Colisão Traseira";2;0;0;0;0;0;0;0;0;0;2;0;0;0;0
"28/10/2022";"02:22:00";"103";"3 - Aciden";"183.5";"BR-116/SC";"Sul";"Colisão Traseira";1;0;0;0;0;1;0;0;0;0;2;0;0;0;0
"28/10/2022";"05:32:00";"120";"3 - Aciden";"116.5";"BR-116/PR";"Norte";"Colisão Traseira";1;0;0;1;0;0;0;0;0;0;2;0;0;0;0
"28/10/2022";"10:34:00";"144";"2 - Aciden";"125.5";"BR-116/PR";"Sul";"Colisão Lateral";0;0;0;1;0;1;0;0;0;0;1;1;0;0;0
"29/10/2022";"07:45:00";"32";"3 - Aciden";"141.416";"BR-116/SC";"Norte";"Colisão Lateral";1;0;1;0;0;0;0;0;0;0;2;0;0;0;0
"29/10/2022";"08:13:00";"93";"3 - Aciden";"138.5";"BR-116/SC";"Norte";"Colisão Lateral";1;0;1;0;0;0;0;0;0;0;2;0;0;0;0
"29/10/2022";"09:23:00";"94";"3 - Aciden";"57.35";"BR-116/SC";"Sul";"Saida de Pista";1;0;0;0;0;0;0;0;0;0;1;0;0;0;0
"30/10/2022";"01:22:00";"15";"3 - Aciden";"131.1";"BR-116/PR";"Sul";"Choque - Defensa, barreira ou "submarino"";1;0;0;0;0;0;0;0;0;0;1;0;0;0;0
"30/10/2022";"08:49:00";"31";"3 - Aciden";"190.97";"BR-116/PR";"Sul";"Colisão Traseira";2;0;0;0;0;0;0;0;0;0;2;0;0;0;0
"30/10/2022";"12:48:00";"53";"3 - Aciden";"195.738";"BR-116/SC";"Sul";"Colisão Lateral";1;0;1;0;0;0;0;0;0;0;2;0;0;0;0
"30/10/2022";"11:56:00";"99";"3 - Aciden";"141.1";"BR-116/SC";"Sul";"Colisão Lateral";0;0;0;0;1;1;0;0;0;0;2;0;0;0;0
"31/10/2022";"01:08:00";"8";"2 - Aciden";"125.895";"BR-116/PR";"Sul";"Colisão Transversal";2;0;0;0;0;0;0;0;0;0;0;1;0;1;0
"31/10/2022";"06:51:00";"36";"3 - Aciden";"122.1";"BR-116/PR";"Norte";"Queda de Moto";0;0;0;1;0;0;0;0;0;0;1;0;0;0;0
"31/10/2022";"07:37:00";"45";"3 - Aciden";"117.1";"BR-116/PR";"Norte";"Engavetamento";3;0;0;0;0;0;0;0;0;0;3;0;0;0;0
"31/10/2022";"06:50:00";"132";"2 - Aciden";"159.798";"BR-116/PR";"Sul";"Colisão Traseira";1;0;0;1;0;0;0;0;0;0;1;0;0;1;0
"01/11/2022";"07:08:00";"100";"3 - Aciden";"119.225";"BR-116/PR";"Norte";"Colisão Lateral";2;0;0;1;0;0;0;0;0;0;3;0;0;0;0
"01/11/2022";"09:25:00";"107";"2 - Aciden";"3.544";"BR-116/SC";"Sul";"Colisão Frontal";0;0;1;1;0;0;0;0;0;0;0;0;0;2;0
"03/11/2022";"10:03:00";"55";"3 - Aciden";"180.601";"BR-116/PR";"Sul";"Tombamento";0;0;1;0;0;0;0;0;0;0;1;0;0;0;0
"03/11/2022";"01:30:00";"94";"2 - Aciden";"236.1";"BR-116/SC";"Sul";"Capotamento";1;0;0;0;0;0;0;0;0;0;1;1;0;0;0
"03/11/2022";"04:24:00";"113";"3 - Aciden";"193.5";"BR-116/PR";"Sul";"Colisão Lateral";2;0;1;0;0;0;0;0;0;0;3;0;0;0;0
"03/11/2022";"05:38:00";"122";"2 - Aciden";"121.5";"BR-116/PR";"Sul";"Colisão Traseira";0;0;0;1;0;1;0;0;0;0;1;2;0;0;0
"03/11/2022";"05:44:00";"125";"3 - Aciden";"33.8";"BR-116/SC";"Norte";"Saida de Pista";1;0;0;0;0;1;0;0;0;0;2;0;0;0;0
"03/11/2022";"10:33:00";"145";"2 - Aciden";"175.38";"BR-116/PR";"Norte";"Colisão Frontal";1;0;1;0;0;0;0;0;0;0;1;1;0;0;0
"03/11/2022";"11:40:00";"151";"2 - Aciden";"107.625";"BR-116/SC";"Norte";"Tombamento";0;0;1;0;0;0;0;0;0;0;0;0;0;1;0
"04/11/2022";"10:39:00";"89";"3 - Aciden";"174.5";"BR-116/SC";"Sul";"Engavetamento";0;0;2;0;0;1;0;0;0;0;3;0;0;0;0
"04/11/2022";"03:27:00";"111";"2 - Aciden";"52.3";"BR-116/SC";"Norte";"Colisão Transversal";1;0;0;1;0;0;0;0;0;0;1;0;0;1;0
"04/11/2022";"03:38:00";"112";"3 - Aciden";"115.9";"BR-116/PR";"Norte";"Colisão Traseira";1;0;0;1;0;0;0;0;0;0;2;0;0;0;0
"04/11/2022";"08:57:00";"136";"1 - Aciden";"141.2";"BR-116/PR";"Norte";"Atropelamento - Morador";1;0;0;0;0;0;0;0;0;0;1;0;0;0;1
"05/11/2022";"03:55:00";"19";"3 - Aciden";"116.8";"BR-116/PR";"Sul";"Choque - Suporte de Sinalização";1;0;0;0;0;0;0;0;0;0;1;0;0;0;0
"05/11/2022";"02:19:00";"106";"3 - Aciden";"122.7";"BR-116/PR";"Norte";"Colisão Traseira";1;0;1;0;0;0;0;0;0;0;2;0;0;0;0
"05/11/2022";"02:55:00";"110";"2 - Aciden";"144.1";"BR-116/PR";"Sul";"Colisão Lateral";4;0;0;0;0;0;0;0;0;0;8;1;0;0;0
"05/11/2022";"09:26:00";"135";"3 - Aciden";"134.4";"BR-116/PR";"Sul";"Choque - Outros";1;0;0;0;0;0;0;0;0;0;1;0;0;0;0
"06/11/2022";"01:12:00";"19";"3 - Aciden";"165.5";"BR-116/PR";"Sul";"Choque - Elemento de Drenagem";1;0;0;0;0;0;0;0;0;0;1;0;0;0;0
"06/11/2022";"04:27:00";"28";"3 - Aciden";"141.8";"BR-116/SC";"Sul";"Colisão Lateral";2;0;0;0;0;0;0;0;0;0;2;0;0;0;0
"06/11/2022";"01:17:00";"73";"3 - Aciden";"200.42";"BR-116/PR";"Sul";"Colisão Lateral";1;0;1;0;0;0;0;0;0;0;2;0;0;0;0
"06/11/2022";"07:50:00";"107";"3 - Aciden";"115.05";"BR-116/SC";"Sul";"Engavetamento";3;0;0;0;0;0;0;0;0;0;3;0;0;0;0
"06/11/2022";"08:06:00";"110";"3 - Aciden";"246.199";"BR-116/SC";"Sul";"Colisão Lateral";2;0;0;0;0;0;0;0;0;0;2;0;0;0;0
"07/11/2022";"07:25:00";"27";"2 - Aciden";"123.5";"BR-116/PR";"Norte";"Colisão Lateral";1;0;0;1;0;0;0;0;0;0;1;1;0;0;0
"07/11/2022";"09:30:00";"67";"3 - Aciden";"115.319";"BR-116/PR";"Norte";"Colisão Lateral";1;0;1;0;0;0;0;0;0;0;2;0;0;0;0
"07/11/2022";"02:50:00";"90";"2 - Aciden";"117.5";"BR-116/PR";"Norte";"Colisão Traseira";1;0;0;1;0;0;0;0;0;0;1;0;0;1;0
"07/11/2022";"07:10:00";"112";"3 - Aciden";"137.1";"BR-116/SC";"Sul";"Saida de Pista";1;0;0;0;0;0;0;0;0;0;1;0;0;0;0
"08/11/2022";"02:31:00";"14";"3 - Aciden";"273.6";"BR-116/SC";"Sul";"Colisão Lateral";0;0;2;0;0;0;0;0;0;0;2;0;0;0;0
"08/11/2022";"07:12:00";"26";"3 - Aciden";"81.6";"BR-116/SC";"Sul";"Colisão Traseira";0;0;2;0;0;0;0;0;0;0;2;0;0;0;0
"08/11/2022";"08:45:00";"66";"3 - Aciden";"122.9";"BR-116/SC";"Norte";"Colisão Lateral";0;0;0;1;1;0;0;0;0;0;2;0;0;0;0
"08/11/2022";"10:11:00";"87";"3 - Aciden";"142.1";"BR-116/PR";"Norte";"Colisão Traseira";0;0;0;1;0;1;0;0;0;0;2;0;0;0;0
"08/11/2022";"08:04:00";"134";"3 - Aciden";"125.962";"BR-116/PR";"Sul";"Colisão Lateral";0;0;0;1;0;1;0;0;0;0;2;0;0;0;0
"08/11/2022";"08:08:00";"135";"2 - Aciden";"246.86";"BR-116/SC";"Norte";"Colisão Transversal";2;0;0;0;0;0;0;0;0;0;2;1;0;0;0
"08/11/2022";"10:28:00";"148";"3 - Aciden";"144.7";"BR-116/PR";"Norte";"Colisão Traseira";1;0;1;0;0;0;0;0;0;0;3;0;0;0;0
"09/11/2022";"02:46:00";"22";"3 - Aciden";"224.335";"BR-116/SC";"Sul";"Atropelamento de Animal";0;0;1;0;0;0;0;0;0;0;1;0;0;0;0
"09/11/2022";"08:42:00";"157";"3 - Aciden";"190.3";"BR-116/SC";"Sul";"Colisão Lateral";1;0;1;0;0;0;0;0;0;0;2;0;0;0;0
"10/11/2022";"05:35:00";"17";"2 - Aciden";"123.01";"BR-116/PR";"Norte";"Choque - Defensa, barreira ou "submarino"";1;0;0;0;0;0;0;0;0;0;0;1;0;0;0
"10/11/2022";"09:38:00";"82";"3 - Aciden";"109.1";"BR-116/SC";"Norte";"Colisão Traseira";0;0;2;0;0;0;0;0;0;0;2;0;0;0;0
"10/11/2022";"12:10:00";"98";"3 - Aciden";"144.1";"BR-116/PR";"Norte";"Colisão Traseira";1;0;0;0;0;0;0;0;0;1;2;0;0;0;0
"10/11/2022";"01:06:00";"106";"3 - Aciden";"126.1";"BR-116/PR";"Sul";"Engavetamento";5;0;0;0;0;0;0;0;0;0;5;0;0;0;0
"10/11/2022";"01:15:00";"107";"3 - Aciden";"209.01";"BR-116/PR";"Sul";"Colisão Traseira";1;0;0;1;0;0;0;0;0;0;2;0;0;0;0
"10/11/2022";"03:24:00";"115";"2 - Aciden";"308.7";"BR-116/SC";"Norte";"Tombamento";0;0;1;0;0;0;0;0;0;0;0;1;0;0;0
"11/11/2022";"04:21:00";"111";"3 - Aciden";"197.9";"BR-116/PR";"Sul";"Choque - Defensa, barreira ou "submarino"";1;0;0;0;0;0;0;0;0;0;1;0;0;0;0
"11/11/2022";"07:05:00";"127";"3 - Aciden";"266.05";"BR-116/SC";"Norte";"Colisão Traseira";1;0;1;0;0;0;0;0;0;0;2;0;0;0;0
"11/11/2022";"10:32:00";"135";"3 - Aciden";"141.09";"BR-116/PR";"Norte";"Choque - Poste";1;0;0;0;0;0;0;0;0;0;1;0;0;0;0
"12/11/2022";"04:13:00";"20";"3 - Aciden";"141.485";"BR-116/PR";"Norte";"Choque - Elemento de Drenagem";1;0;0;0;0;0;0;0;0;0;2;0;0;0;0
"12/11/2022";"09:26:00";"64";"2 - Aciden";"152.1";"BR-116/PR";"Norte";"Colisão Transversal";1;0;0;0;0;0;0;0;0;1;2;1;0;0;0
"12/11/2022";"09:29:00";"65";"2 - Aciden";"152.1";"BR-116/PR";"Norte";"Colisão Transversal";1;0;0;1;0;0;0;0;0;0;1;1;0;0;0
"12/11/2022";"10:32:00";"74";"3 - Aciden";"203.9";"BR-116/PR";"Sul";"Colisão Traseira";2;0;0;0;0;0;0;0;0;0;2;0;0;0;0
"12/11/2022";"12:27:00";"82";"2 - Aciden";"242.5";"BR-116/SC";"Norte";"Colisão Traseira";1;0;1;0;0;0;0;0;0;0;1;1;0;0;0
"12/11/2022";"03:47:00";"102";"3 - Aciden";"268.2";"BR-116/SC";"Sul";"Colisão Lateral";2;0;0;0;0;0;0;0;0;0;6;0;0;0;0
"12/11/2022";"11:04:00";"124";"3 - Aciden";"180.1";"BR-116/SC";"Norte";"Colisão Lateral";2;0;0;0;0;0;0;0;0;0;2;0;0;0;0
"12/11/2022";"11:59:00";"129";"2 - Aciden";"121.1";"BR-116/PR";"Sul";"Queda de Moto";0;0;0;1;0;0;0;0;0;0;1;1;0;0;0
"13/11/2022";"12:33:00";"2";"3 - Aciden";"74.5";"BR-116/SC";"Norte";"Choque - Elemento de Drenagem";1;0;0;0;0;0;0;0;0;0;1;0;0;0;0
"13/11/2022";"01:32:00";"5";"3 - Aciden";"125.401";"BR-116/PR";"Sul";"Choque - Elemento de Drenagem";1;0;0;0;0;0;0;0;0;0;1;0;0;0;0
"13/11/2022";"02:45:00";"9";"3 - Aciden";"141.6";"BR-116/PR";"Norte";"Choque - Elemento de Drenagem";1;0;0;0;0;0;0;0;0;0;1;0;0;0;0
"13/11/2022";"07:29:00";"81";"2 - Aciden";"217.1";"BR-116/SC";"Sul";"Colisão Frontal";1;0;0;1;0;0;0;0;0;0;2;0;0;1;0
"14/11/2022";"01:24:00";"13";"3 - Aciden";"278.15";"BR-116/SC";"Norte";"Choque - Defensa, barreira ou "submarino"";1;0;0;0;0;0;0;0;0;0;3;0;0;0;0
"14/11/2022";"11:47:00";"57";"3 - Aciden";"125.2";"BR-116/PR";"Sul";"Colisão Traseira";0;0;2;0;0;0;0;0;0;0;2;0;0;0;0
"14/11/2022";"12:01:00";"59";"3 - Aciden";"245.294";"BR-116/SC";"Norte";"Colisão Lateral";2;0;0;0;0;0;0;0;0;0;2;0;0;0;0
"15/11/2022";"07:20:00";"38";"3 - Aciden";"134.4";"BR-116/PR";"Norte";"Colisão Traseira";0;0;0;1;0;1;0;0;0;0;2;0;0;0;0
"15/11/2022";"09:38:00";"59";"2 - Aciden";"62.236";"BR-116/SC";"Sul";"Colisão Traseira";0;0;1;1;0;0;0;0;0;0;2;1;0;0;0
"15/11/2022";"04:31:00";"88";"3 - Aciden";"245.6";"BR-116/SC";"Sul";"Colisão Transversal";1;0;1;0;0;0;0;0;0;0;4;0;0;0;0
"15/11/2022";"06:30:00";"94";"3 - Aciden";"247.9";"BR-116/SC";"Norte";"Colisão Lateral";2;0;0;0;0;0;0;0;0;0;4;0;0;0;0
"16/11/2022";"07:01:00";"27";"3 - Aciden";"152.5";"BR-116/PR";"Sul";"Colisão Transversal";1;0;0;0;0;0;0;0;0;1;2;0;0;0;0
"16/11/2022";"07:34:00";"46";"2 - Aciden";"108.1";"BR-116/SC";"Norte";"Capotamento";1;0;0;0;0;0;0;0;0;0;0;1;0;0;0
"16/11/2022";"03:47:00";"108";"2 - Aciden";"105.1";"BR-116/SC";"Sul";"Queda de Moto";0;0;0;1;0;0;0;0;0;0;0;1;0;0;0
"16/11/2022";"07:47:00";"127";"2 - Aciden";"134.4";"BR-116/PR";"Norte";"Colisão Traseira";0;0;1;1;0;0;0;0;0;0;1;1;0;0;0
"17/11/2022";"10:49:00";"86";"3 - Aciden";"8.9";"BR-116/SC";"Sul";"Choque - Elemento de Drenagem";0;0;1;0;0;0;0;0;0;0;1;0;0;0;0
"17/11/2022";"10:52:00";"87";"3 - Aciden";"124.1";"BR-116/PR";"Norte";"Colisão Traseira";0;0;2;0;0;0;0;0;0;0;2;0;0;0;0
"17/11/2022";"12:31:00";"96";"2 - Aciden";"60.1";"BR-116/SC";"Sul";"Colisão Transversal";1;0;0;0;0;1;0;0;0;0;4;1;0;0;0
"17/11/2022";"06:18:00";"125";"3 - Aciden";"233.16";"BR-116/SC";"Norte";"Colisão Traseira";0;0;2;0;0;0;0;0;0;0;2;0;0;0;0
"18/11/2022";"06:20:00";"23";"2 - Aciden";"123.01";"BR-116/PR";"Norte";"Colisão Lateral";1;0;0;1;0;0;0;0;0;0;5;1;0;0;0
"18/11/2022";"07:46:00";"33";"2 - Aciden";"123.1";"BR-116/PR";"Norte";"Colisão Traseira";1;0;0;1;0;0;0;0;0;0;1;1;0;0;0
"18/11/2022";"12:17:00";"93";"2 - Aciden";"223.1";"BR-116/SC";"Norte";"Colisão Transversal";2;0;0;0;0;0;0;0;0;0;1;3;0;0;0
"18/11/2022";"03:25:00";"107";"3 - Aciden";"126.5";"BR-116/PR";"Sul";"Colisão Traseira";2;0;0;0;0;0;0;0;0;0;5;0;0;0;0
"18/11/2022";"06:37:00";"136";"3 - Aciden";"122.69";"BR-116/PR";"Norte";"Saida de Pista";0;0;1;0;0;0;0;0;0;0;1;0;0;0;0
"18/11/2022";"08:57:00";"150";"2 - Aciden";"125.5";"BR-116/PR";"Sul";"Colisão Lateral";2;0;0;1;0;0;0;0;0;0;2;1;0;0;0
"18/11/2022";"11:30:00";"160";"2 - Aciden";"131.648";"BR-116/PR";"Sul";"Colisão Traseira";2;0;0;0;0;0;0;0;0;0;1;2;0;0;0
"19/11/2022";"05:10:00";"21";"2 - Aciden";"263.6";"BR-116/SC";"Sul";"Capotamento";1;0;0;0;0;0;0;0;0;0;0;2;0;0;0
"19/11/2022";"07:21:00";"31";"3 - Aciden";"126.2";"BR-116/PR";"Norte";"Engavetamento";3;0;0;0;0;0;0;0;0;0;3;0;0;0;0
"19/11/2022";"08:35:00";"53";"2 - Aciden";"146.1";"BR-116/PR";"Norte";"Colisão Traseira";1;0;0;2;0;0;0;0;0;0;1;2;0;0;0
"19/11/2022";"08:59:00";"59";"3 - Aciden";"126.35";"BR-116/PR";"Norte";"Colisão Lateral";2;0;0;0;0;0;0;0;0;0;2;0;0;0;0
"19/11/2022";"12:59:00";"83";"2 - Aciden";"116.7";"BR-116/PR";"Norte";"Colisão Lateral";1;0;0;1;0;0;0;0;0;0;1;1;0;0;0
"19/11/2022";"06:32:00";"114";"2 - Aciden";"106.8";"BR-116/SC";"Norte";"Tombamento";0;0;1;0;0;0;0;0;0;0;1;1;0;0;0
"21/11/2022";"10:05:00";"130";"3 - Aciden";"147.225";"BR-116/PR";"Sul";"Choque - Talude";1;0;0;0;0;0;0;0;0;0;1;0;0;0;0
"22/11/2022";"09:30:00";"59";"2 - Aciden";"116.52";"BR-116/PR";"Norte";"Colisão Lateral";1;0;0;1;0;0;0;0;0;0;1;1;0;0;0
"22/11/2022";"11:40:00";"96";"3 - Aciden";"126.736";"BR-116/PR";"Norte";"Engavetamento";3;0;0;0;0;0;0;0;0;0;3;0;0;0;0
"22/11/2022";"03:17:00";"115";"2 - Aciden";"115.5";"BR-116/PR";"Sul";"Queda de Moto";0;0;0;1;0;0;0;0;0;0;0;1;0;0;0