data;horario;n_da_ocorrencia;tipo_de_ocorrencia;km;trecho;sentido;tipo_de_acidente;automovel;bicicleta;caminhao;moto;onibus;outros;tracao_animal;transporte_de_cargas_especiais;trator_maquinas;utilitarios;ilesos;levemente_feridos;moderadamente_feridos;gravemente_feridos;mortos
"22/11/2022";"03:20:00";"116";"3 - Aciden";"96.4";"BR-116/SC";"Sul";"Choque - Defensa, barreira ou "submarino"";0;0;1;0;0;0;0;0;0;0;1;0;0;0;0
"22/11/2022";"03:48:00";"119";"3 - Aciden";"117.2";"BR-116/PR";"Sul";"Colisão Traseira";2;0;0;0;0;0;0;0;0;0;2;0;0;0;0
"23/11/2022";"04:34:00";"16";"1 - Aciden";"125.85";"BR-116/PR";"Norte";"Colisão Traseira";0;0;1;1;0;0;0;0;0;0;1;0;0;1;1
"23/11/2022";"07:20:00";"41";"2 - Aciden";"5.694";"BR-116/SC";"Sul";"Colisão Traseira";1;0;0;1;0;0;0;0;0;0;1;1;0;0;0
"23/11/2022";"11:11:00";"77";"2 - Aciden";"126.26";"BR-116/PR";"Sul";"Colisão Traseira";0;0;1;1;0;0;0;0;0;0;1;1;0;0;0
"23/11/2022";"04:48:00";"110";"3 - Aciden";"115.1";"BR-116/PR";"Norte";"Colisão Traseira";1;0;1;0;0;0;0;0;0;0;2;0;0;0;0
"23/11/2022";"05:27:00";"114";"3 - Aciden";"126.35";"BR-116/PR";"Sul";"Colisão Traseira";2;0;0;0;0;0;0;0;0;0;2;0;0;0;0
"23/11/2022";"06:47:00";"120";"2 - Aciden";"116.5";"BR-116/PR";"Sul";"Queda de Moto";0;0;0;1;0;0;0;0;0;0;0;0;0;1;0
"23/11/2022";"07:32:00";"121";"3 - Aciden";"120.5";"BR-116/PR";"Sul";"Engavetamento";4;0;0;0;0;0;0;0;0;0;4;0;0;0;0
"24/11/2022";"01:07:00";"6";"1 - Aciden";"116.319";"BR-116/PR";"Sul";"Choque - Defensa, barreira ou "submarino"";0;0;0;1;0;0;0;0;0;0;0;0;0;0;1
"24/11/2022";"04:43:00";"14";"3 - Aciden";"134.1";"BR-116/PR";"Norte";"Colisão Lateral";0;0;2;0;0;0;0;0;0;0;2;0;0;0;0
"24/11/2022";"09:40:00";"76";"2 - Aciden";"302.1";"BR-116/SC";"Norte";"Colisão Frontal";1;0;0;1;0;0;0;0;0;0;2;0;0;1;0
"25/11/2022";"12:22:00";"7";"2 - Aciden";"144.802";"BR-116/PR";"Sul";"Colisão Lateral";1;0;1;0;0;0;0;0;0;0;1;1;0;0;0
"25/11/2022";"11:26:00";"83";"3 - Aciden";"109.1";"BR-116/SC";"Norte";"Colisão Lateral";1;0;1;0;0;0;0;0;0;0;6;0;0;0;0
"25/11/2022";"04:07:00";"111";"3 - Aciden";"115.01";"BR-116/PR";"Norte";"Queda de Moto";0;0;0;1;0;0;0;0;0;0;1;0;0;0;0
"25/11/2022";"05:07:00";"121";"3 - Aciden";"115.999";"BR-116/PR";"Norte";"Colisão Lateral";1;0;1;0;0;0;0;0;0;0;2;0;0;0;0
"25/11/2022";"05:17:00";"125";"3 - Aciden";"124";"BR-116/PR";"Sul";"Colisão Traseira";1;0;0;1;0;0;0;0;0;0;2;0;0;0;0
"25/11/2022";"05:23:00";"126";"3 - Aciden";"59.9";"BR-116/SC";"Sul";"Colisão Lateral";1;0;0;0;0;0;0;0;0;1;2;0;0;0;0
"25/11/2022";"05:28:00";"128";"2 - Aciden";"115.1";"BR-116/PR";"Norte";"Colisão Traseira";0;0;0;1;0;0;0;0;0;1;1;1;0;0;0
"25/11/2022";"06:28:00";"136";"2 - Aciden";"139.997";"BR-116/SC";"Sul";"Colisão Transversal";2;0;0;0;0;0;0;0;0;0;1;1;0;0;0
"26/11/2022";"05:55:00";"17";"2 - Aciden";"127.5";"BR-116/PR";"Norte";"Choque - Defensa, barreira ou "submarino"";1;0;0;0;0;0;0;0;0;0;0;1;0;0;0
"26/11/2022";"07:46:00";"34";"2 - Aciden";"115.2";"BR-116/PR";"Norte";"Colisão Traseira";1;0;1;0;0;0;0;0;0;0;6;3;0;0;0
"26/11/2022";"08:37:00";"42";"3 - Aciden";"184.1";"BR-116/SC";"Norte";"Colisão Traseira";0;0;2;0;0;1;0;0;0;0;3;0;0;0;0
"26/11/2022";"08:41:00";"43";"2 - Aciden";"117.1";"BR-116/PR";"Norte";"Colisão Lateral";1;0;0;1;0;0;0;0;0;0;1;2;0;0;0
"26/11/2022";"09:23:00";"48";"3 - Aciden";"119.1";"BR-116/PR";"Sul";"Choque - Elemento de Drenagem";1;0;0;0;0;0;0;0;0;0;2;0;0;0;0
"26/11/2022";"12:47:00";"62";"2 - Aciden";"116.7";"BR-116/PR";"Norte";"Queda de Moto";0;0;0;1;0;0;0;0;0;0;1;1;0;0;0
"26/11/2022";"03:13:00";"69";"3 - Aciden";"131.3";"BR-116/PR";"Sul";"Engavetamento";2;0;0;0;0;0;0;0;0;1;3;0;0;0;0
"26/11/2022";"03:21:00";"70";"3 - Aciden";"116.1";"BR-116/PR";"Norte";"Choque - Defensa, barreira ou "submarino"";1;0;0;0;0;0;0;0;0;0;1;0;0;0;0
"26/11/2022";"03:33:00";"72";"3 - Aciden";"127.5";"BR-116/PR";"Norte";"Colisão Traseira";1;0;0;1;0;0;0;0;0;0;2;0;0;0;0
"26/11/2022";"04:45:00";"79";"3 - Aciden";"138.501";"BR-116/PR";"Sul";"Choque - Defensa, barreira ou "submarino"";1;0;0;0;0;0;0;0;0;0;1;0;0;0;0
"26/11/2022";"06:42:00";"84";"3 - Aciden";"193.5";"BR-116/SC";"Sul";"Colisão Lateral";1;0;1;0;0;0;0;0;0;0;2;0;0;0;0
"26/11/2022";"08:28:00";"90";"3 - Aciden";"153.5";"BR-116/PR";"Norte";"Choque - Suporte de Sinalização";1;0;0;0;0;0;0;0;0;0;1;0;0;0;0
"27/11/2022";"12:39:00";"6";"3 - Aciden";"125.8";"BR-116/PR";"Norte";"Engavetamento";3;0;0;0;0;0;0;0;0;0;3;0;0;0;0
"27/11/2022";"12:46:00";"7";"3 - Aciden";"164.828";"BR-116/PR";"Sul";"Capotamento";1;0;0;0;0;0;0;0;0;0;1;0;0;0;0
"27/11/2022";"12:50:00";"8";"3 - Aciden";"14.848";"BR-116/SC";"Sul";"Capotamento";1;0;0;0;0;0;0;0;0;0;1;0;0;0;0
"27/11/2022";"01:35:00";"9";"2 - Aciden";"101.4";"BR-116/SC";"Sul";"Capotamento";1;0;0;0;0;0;0;0;0;0;0;1;0;0;0
"27/11/2022";"03:59:00";"14";"3 - Aciden";"149.3";"BR-116/SC";"Sul";"Choque - Arvore";1;0;0;0;0;0;0;0;0;0;2;0;0;0;0
"27/11/2022";"09:54:00";"31";"3 - Aciden";"206.1";"BR-116/PR";"Sul";"Saida de Pista";1;0;0;0;0;0;0;0;0;0;4;0;0;0;0
"27/11/2022";"10:16:00";"32";"2 - Aciden";"10.5";"BR-116/SC";"Norte";"Colisão Transversal";2;0;0;0;0;0;0;0;0;0;2;3;0;0;0
"27/11/2022";"08:50:00";"91";"1 - Aciden";"74.5";"BR-116/SC";"Norte";"Atropelamento - Andarilho";0;0;1;0;0;0;0;0;0;0;1;0;0;0;1
"28/11/2022";"09:58:00";"57";"3 - Aciden";"116.7";"BR-116/PR";"Norte";"Colisão Traseira";1;0;0;0;0;1;0;0;0;0;3;0;0;0;0
"28/11/2022";"10:05:00";"58";"3 - Aciden";"116.7";"BR-116/PR";"Sul";"Colisão Traseira";2;0;0;0;0;0;0;0;0;0;4;0;0;0;0
"28/11/2022";"01:45:00";"74";"2 - Aciden";"304.1";"BR-116/SC";"Sul";"Capotamento";1;0;0;0;0;0;0;0;0;0;1;0;0;1;0
"28/11/2022";"02:01:00";"77";"3 - Aciden";"118.1";"BR-116/PR";"Sul";"Capotamento";1;0;0;0;0;0;0;0;0;0;1;0;0;0;0
"28/11/2022";"03:56:00";"84";"3 - Aciden";"137.3";"BR-116/PR";"Sul";"Capotamento";1;0;0;0;0;0;0;0;0;0;1;0;0;0;0
"28/11/2022";"08:27:00";"113";"3 - Aciden";"117.1";"BR-116/PR";"Norte";"Choque - Defensa, barreira ou "submarino"";1;0;0;0;0;0;0;0;0;0;1;0;0;0;0
"29/11/2022";"12:31:00";"5";"3 - Aciden";"116.8";"BR-116/PR";"Norte";"Choque - Defensa, barreira ou "submarino"";0;0;0;0;0;0;0;0;0;1;2;0;0;0;0
"29/11/2022";"06:29:00";"21";"2 - Aciden";"305.2";"BR-116/SC";"Norte";"Tombamento";0;0;1;0;0;0;0;0;0;0;5;1;0;0;0
"29/11/2022";"07:40:00";"28";"3 - Aciden";"123.1";"BR-116/PR";"Norte";"Colisão Lateral";1;0;0;0;0;1;0;0;0;0;2;0;0;0;0
"29/11/2022";"09:45:00";"63";"3 - Aciden";"121.1";"BR-116/PR";"Sul";"Engavetamento";0;0;0;0;0;1;0;0;0;2;3;0;0;0;0
"29/11/2022";"01:50:00";"80";"2 - Aciden";"141.5";"BR-116/PR";"Norte";"Capotamento";2;0;0;0;0;0;0;0;0;0;0;2;0;0;0
"29/11/2022";"04:07:00";"86";"3 - Aciden";"166.1";"BR-116/SC";"Sul";"Colisão Traseira";0;0;1;0;0;0;0;0;0;1;2;0;0;0;0
"29/11/2022";"10:19:00";"115";"3 - Aciden";"81.6";"BR-116/SC";"Sul";"Colisão Lateral";1;0;2;0;0;0;0;0;0;0;3;0;0;0;0
"29/11/2022";"10:29:00";"117";"3 - Aciden";"120.945";"BR-116/PR";"Norte";"Choque - Defensa, barreira ou "submarino"";0;0;1;0;0;0;0;0;0;0;1;0;0;0;0
"30/11/2022";"05:43:00";"15";"2 - Aciden";"152.5";"BR-116/PR";"Norte";"Queda de Moto";0;0;0;1;0;0;0;0;0;0;0;1;0;0;0
"30/11/2022";"08:53:00";"60";"2 - Aciden";"87.15";"BR-116/SC";"Norte";"Colisão Traseira";0;0;2;0;0;0;0;0;0;0;1;0;0;1;0
"30/11/2022";"05:17:00";"128";"3 - Aciden";"188.5";"BR-116/PR";"Sul";"Colisão Traseira";0;0;2;0;0;0;0;0;0;0;2;0;0;0;0
"30/11/2022";"10:38:00";"168";"3 - Aciden";"262.1";"BR-116/SC";"Sul";"Colisão Lateral";0;0;2;0;0;0;0;0;0;0;2;0;0;0;0
"30/11/2022";"10:42:00";"169";"3 - Aciden";"126.12";"BR-116/PR";"Norte";"Colisão Traseira";2;0;0;0;0;0;0;0;0;0;2;0;0;0;0
"01/12/2022";"05:32:00";"27";"3 - Aciden";"227.05";"BR-116/SC";"Sul";"Saida de Pista";0;0;1;0;0;0;0;0;0;0;1;0;0;0;0
"01/12/2022";"05:50:00";"30";"3 - Aciden";"118.85";"BR-116/PR";"Sul";"Choque - Elemento de Drenagem";1;0;0;0;0;0;0;0;0;0;1;0;0;0;0
"01/12/2022";"12:53:00";"119";"2 - Aciden";"94.4";"BR-116/SC";"Norte";"Queda de Moto";0;0;0;1;0;0;0;0;0;0;0;2;0;0;0
"01/12/2022";"02:32:00";"128";"2 - Aciden";"149.5";"BR-116/SC";"Norte";"Queda de Moto";0;0;0;1;0;0;0;0;0;0;0;1;0;0;0
"01/12/2022";"11:33:00";"202";"3 - Aciden";"110.9";"BR-116/SC";"Sul";"Colisão Traseira";1;0;0;0;0;1;0;0;0;0;2;0;0;0;0
"02/12/2022";"12:00:00";"1";"3 - Aciden";"129.3";"BR-116/PR";"Norte";"Colisão Traseira";1;0;1;1;0;0;0;0;0;0;3;0;0;0;0
"02/12/2022";"03:21:00";"14";"3 - Aciden";"194.525";"BR-116/PR";"Sul";"Tombamento";0;0;1;0;0;0;0;0;0;0;1;0;0;0;0
"02/12/2022";"07:07:00";"34";"1 - Aciden";"158.8";"BR-116/PR";"Norte";"Colisão Traseira";0;0;1;1;0;0;0;0;0;0;6;0;0;0;1
"02/12/2022";"11:59:00";"92";"3 - Aciden";"159.625";"BR-116/PR";"Sul";"Colisão Traseira";0;0;1;0;0;1;0;0;0;0;8;0;0;0;0
"02/12/2022";"03:53:00";"128";"3 - Aciden";"93.2";"BR-116/SC";"Sul";"Colisão Traseira";1;0;1;0;0;0;0;0;0;0;5;0;0;0;0
"02/12/2022";"04:50:00";"133";"3 - Aciden";"116.598";"BR-116/PR";"Sul";"Colisão Traseira";1;0;1;0;0;0;0;0;0;1;3;0;0;0;0
"02/12/2022";"06:01:00";"140";"3 - Aciden";"226.9";"BR-116/SC";"Norte";"Colisão Transversal";2;0;0;0;0;0;0;0;0;0;2;0;0;0;0
"02/12/2022";"11:01:00";"165";"2 - Aciden";"246.141";"BR-116/SC";"Sul";"Colisão Lateral";1;0;0;1;0;0;0;0;0;0;1;1;0;0;0
"03/12/2022";"12:44:00";"10";"2 - Aciden";"218.5";"BR-116/SC";"Sul";"Colisão Frontal";1;0;0;0;0;1;0;0;0;0;1;1;0;0;0
"03/12/2022";"11:47:00";"74";"1 - Aciden";"68.5";"BR-116/SC";"Sul";"Colisão Frontal";1;0;1;0;0;0;0;0;0;0;1;0;0;0;3
"03/12/2022";"03:41:00";"96";"3 - Aciden";"152.678";"BR-116/PR";"Sul";"Colisão Transversal";1;0;1;0;0;0;0;0;0;0;3;0;0;0;0
"03/12/2022";"03:48:00";"97";"3 - Aciden";"177.472";"BR-116/PR";"Norte";"Choque - Elemento de Drenagem";1;0;0;0;0;0;0;0;0;0;1;0;0;0;0
"03/12/2022";"05:55:00";"118";"3 - Aciden";"177.8";"BR-116/PR";"Sul";"Saida de Pista";1;0;0;0;0;0;0;0;0;0;1;0;0;0;0
"04/12/2022";"08:36:00";"43";"3 - Aciden";"124.13";"BR-116/PR";"Sul";"Colisão Lateral";1;0;1;0;0;0;0;0;0;0;2;0;0;0;0
"04/12/2022";"09:06:00";"47";"3 - Aciden";"12.122";"BR-116/SC";"Sul";"Colisão Transversal";1;0;1;0;0;0;0;0;0;0;2;0;0;0;0
"04/12/2022";"12:06:00";"63";"2 - Aciden";"136.5";"BR-116/PR";"Sul";"Queda de Moto";0;0;0;1;0;0;0;0;0;0;0;1;0;1;0
"04/12/2022";"08:31:00";"126";"3 - Aciden";"139.1";"BR-116/SC";"Sul";"Colisão Transversal";2;0;0;0;0;0;0;0;0;0;5;0;0;0;0
"05/12/2022";"02:43:00";"15";"3 - Aciden";"8.005";"BR-116/SC";"Sul";"Saida de Pista";0;0;1;0;0;0;0;0;0;0;1;0;0;0;0
"05/12/2022";"01:08:00";"100";"3 - Aciden";"168.6";"BR-116/SC";"Sul";"Capotamento";0;0;1;0;0;0;0;0;0;0;1;0;0;0;0
"05/12/2022";"03:06:00";"114";"3 - Aciden";"220.5";"BR-116/SC";"Norte";"Colisão Transversal";2;0;0;0;0;0;0;0;0;0;2;0;0;0;0
"05/12/2022";"04:52:00";"125";"2 - Aciden";"123.5";"BR-116/PR";"Sul";"Colisão Lateral";0;0;1;1;0;0;0;0;0;1;2;0;0;1;0
"05/12/2022";"09:10:00";"150";"3 - Aciden";"172.5";"BR-116/SC";"Sul";"Colisão Traseira";1;0;1;0;0;0;0;0;0;0;4;0;0;0;0
"05/12/2022";"09:36:00";"151";"3 - Aciden";"128.5";"BR-116/PR";"Sul";"Choque - Suporte de Sinalização";1;0;0;0;0;0;0;0;0;0;1;0;0;0;0
"06/12/2022";"06:39:00";"30";"2 - Aciden";"172.1";"BR-116/PR";"Sul";"Colisão Traseira";0;0;3;0;0;0;0;0;0;0;3;1;0;0;0
"06/12/2022";"08:11:00";"57";"3 - Aciden";"12.1";"BR-116/SC";"Sul";"Colisão Transversal";2;0;0;0;0;0;0;0;0;0;4;0;0;0;0
"06/12/2022";"08:15:00";"58";"2 - Aciden";"120.1";"BR-116/PR";"Norte";"Queda de Moto";0;0;0;1;0;0;0;0;0;0;0;1;0;0;0
"06/12/2022";"11:23:00";"98";"3 - Aciden";"84.1";"BR-116/SC";"Sul";"Colisão Lateral";1;0;1;0;0;0;0;0;0;0;2;0;0;0;0
"06/12/2022";"11:34:00";"100";"3 - Aciden";"174.1";"BR-116/SC";"Sul";"Colisão Traseira";1;0;1;0;0;0;0;0;0;0;8;0;0;0;0
"06/12/2022";"01:10:00";"119";"3 - Aciden";"49.1";"BR-116/SC";"Sul";"Colisão Traseira";0;0;1;0;1;0;0;0;0;0;7;0;0;0;0
"06/12/2022";"01:33:00";"122";"3 - Aciden";"2.01";"BR-116/SC";"Sul";"Choque - Veiculo parado no acostamento";1;0;0;0;0;1;0;0;0;0;8;0;0;0;0
"06/12/2022";"03:57:00";"148";"3 - Aciden";"132.1";"BR-116/SC";"Sul";"Colisão Traseira";1;0;1;0;0;0;0;0;0;0;2;0;0;0;0
"06/12/2022";"08:19:00";"182";"3 - Aciden";"168.1";"BR-116/SC";"Sul";"Colisão Lateral";1;0;1;0;0;0;0;0;0;0;2;0;0;0;0
"07/12/2022";"04:03:00";"25";"3 - Aciden";"177.4";"BR-116/PR";"Norte";"Colisão Lateral";0;0;2;0;0;0;0;0;0;0;2;0;0;0;0
"07/12/2022";"06:33:00";"38";"2 - Aciden";"37.7";"BR-116/SC";"Norte";"Colisão Traseira";0;0;2;0;0;0;0;0;0;0;5;1;0;0;0
"07/12/2022";"07:14:00";"50";"2 - Aciden";"141.3";"BR-116/SC";"Norte";"Colisão Transversal";1;0;0;0;0;1;0;0;0;0;1;1;0;0;0
"07/12/2022";"07:22:00";"52";"3 - Aciden";"153.1";"BR-116/PR";"Norte";"Choque - Defensa, barreira ou "submarino"";0;0;1;0;0;0;0;0;0;0;3;0;0;0;0
"07/12/2022";"09:27:00";"83";"3 - Aciden";"155.1";"BR-116/SC";"Norte";"Colisão Traseira";0;0;2;0;0;0;0;0;0;0;2;0;0;0;0
"07/12/2022";"11:31:00";"114";"3 - Aciden";"3.1";"BR-116/SC";"Norte";"Engavetamento";0;0;3;0;0;0;0;0;0;0;13;0;0;0;0
"07/12/2022";"01:14:00";"137";"3 - Aciden";"80.6";"BR-116/SC";"Sul";"Colisão Traseira";0;0;1;0;0;1;0;0;0;0;4;0;0;0;0
"07/12/2022";"01:34:00";"144";"3 - Aciden";"115.1";"BR-116/PR";"Norte";"Colisão Lateral";1;0;1;0;0;0;0;0;0;0;2;0;0;0;0
"07/12/2022";"10:59:00";"239";"3 - Aciden";"229.001";"BR-116/SC";"Sul";"Colisão Lateral";1;0;1;0;0;0;0;0;0;0;2;0;0;0;0
"08/12/2022";"08:38:00";"81";"2 - Aciden";"124.524";"BR-116/PR";"Norte";"Colisão Lateral";1;0;0;1;0;0;0;0;0;0;1;1;0;0;0
"08/12/2022";"04:51:00";"163";"3 - Aciden";"132.1";"BR-116/PR";"Sul";"Choque - Poste";1;0;0;0;0;0;0;0;0;0;1;0;0;0;0
"08/12/2022";"08:23:00";"188";"2 - Aciden";"220.1";"BR-116/SC";"Sul";"Colisão Lateral";2;0;0;0;0;0;0;0;0;0;1;1;0;0;0
"09/12/2022";"11:16:00";"76";"2 - Aciden";"179.5";"BR-116/SC";"Sul";"Colisão Lateral";1;0;1;0;0;0;0;0;0;0;1;0;0;1;0
"09/12/2022";"03:11:00";"103";"3 - Aciden";"219.5";"BR-116/SC";"Sul";"Colisão Lateral";2;0;0;0;0;0;0;0;0;0;2;0;0;0;0
"09/12/2022";"03:32:00";"104";"2 - Aciden";"115.1";"BR-116/PR";"Norte";"Colisão Traseira";0;0;1;0;1;0;0;0;0;0;2;1;0;0;0
"09/12/2022";"07:50:00";"142";"3 - Aciden";"142.1";"BR-116/PR";"Sul";"Capotamento";2;0;0;0;0;0;0;0;0;0;2;0;0;0;0
"10/12/2022";"01:44:00";"10";"2 - Aciden";"126.45";"BR-116/PR";"Norte";"Queda de Moto";0;0;0;1;0;1;0;0;0;0;1;1;0;0;0
"10/12/2022";"06:35:00";"22";"3 - Aciden";"35.1";"BR-116/SC";"Norte";"Colisão Frontal";0;0;1;0;0;1;0;0;0;0;2;0;0;0;0
"10/12/2022";"05:21:00";"103";"3 - Aciden";"119.237";"BR-116/PR";"Norte";"Colisão Traseira";2;0;0;0;0;0;0;0;0;0;3;0;0;0;0
"10/12/2022";"06:24:00";"107";"2 - Aciden";"5.5";"BR-116/SC";"Sul";"Colisão Transversal";1;0;1;0;0;0;0;0;0;0;1;1;0;0;0
"10/12/2022";"06:27:00";"108";"2 - Aciden";"119.789";"BR-116/PR";"Norte";"Colisão Traseira";2;0;0;0;0;0;0;0;0;0;1;1;0;0;0
"10/12/2022";"10:32:00";"125";"3 - Aciden";"122.566";"BR-116/PR";"Norte";"Colisão Lateral";2;0;0;0;0;0;0;0;0;0;2;0;0;0;0
"11/12/2022";"06:33:00";"14";"3 - Aciden";"65.1";"BR-116/SC";"Sul";"Colisão Lateral";0;0;1;0;0;0;0;0;0;1;7;0;0;0;0
"11/12/2022";"07:28:00";"18";"2 - Aciden";"144.5";"BR-116/PR";"Norte";"Choque - Arvore";1;0;0;0;0;0;0;0;0;0;1;1;0;0;0
"11/12/2022";"09:11:00";"29";"2 - Aciden";"63.1";"BR-116/SC";"Norte";"Colisão Transversal";2;0;0;0;0;0;0;0;0;0;1;2;0;0;0
"11/12/2022";"02:26:00";"55";"3 - Aciden";"164.5";"BR-116/PR";"Sul";"Colisão Traseira";2;0;0;0;0;0;0;0;0;0;2;0;0;0;0
"11/12/2022";"04:00:00";"65";"3 - Aciden";"121.5";"BR-116/PR";"Sul";"Engavetamento";3;0;0;0;0;0;0;0;0;0;3;0;0;0;0
"11/12/2022";"09:54:00";"99";"3 - Aciden";"174.1";"BR-116/PR";"Sul";"Colisão Lateral";2;0;0;0;0;0;0;0;0;0;3;0;0;0;0
"12/12/2022";"02:12:00";"92";"2 - Aciden";"141.1";"BR-116/PR";"Norte";"Colisão Lateral";1;0;0;1;0;0;0;0;0;0;1;1;0;0;0
"12/12/2022";"03:50:00";"102";"3 - Aciden";"98.5";"BR-116/SC";"Norte";"Saida de Pista";1;0;0;0;0;0;0;0;0;0;1;0;0;0;0
"13/12/2022";"12:50:00";"71";"2 - Aciden";"125.8";"BR-116/PR";"Sul";"Colisão Traseira";2;0;0;0;0;0;0;0;0;0;1;3;0;0;0
"13/12/2022";"03:38:00";"86";"3 - Aciden";"121.5";"BR-116/PR";"Sul";"Colisão Traseira";1;0;0;0;0;1;0;0;0;0;2;0;0;0;0
"13/12/2022";"09:06:00";"118";"3 - Aciden";"110.9";"BR-116/SC";"Norte";"Colisão Traseira";0;0;3;0;0;0;0;0;0;0;6;0;0;0;0
"14/12/2022";"09:20:00";"59";"3 - Aciden";"153.1";"BR-116/PR";"Norte";"Colisão Traseira";2;0;0;0;0;0;0;0;0;0;2;0;0;0;0
"14/12/2022";"10:34:00";"66";"3 - Aciden";"58.1";"BR-116/SC";"Norte";"Colisão Transversal";1;0;0;0;0;0;0;0;0;1;2;0;0;0;0
"14/12/2022";"11:00:00";"70";"3 - Aciden";"151.1";"BR-116/PR";"Norte";"Colisão Traseira";1;0;1;0;0;0;0;0;0;0;2;0;0;0;0
"14/12/2022";"02:55:00";"90";"2 - Aciden";"183.1";"BR-116/SC";"Norte";"Capotamento";1;0;0;0;0;0;0;0;0;0;0;1;0;0;0
"14/12/2022";"09:36:00";"127";"3 - Aciden";"117.1";"BR-116/PR";"Sul";"Choque - Talude";1;0;0;0;0;0;0;0;0;0;1;0;0;0;0
"15/12/2022";"06:23:00";"131";"2 - Aciden";"118.1";"BR-116/PR";"Sul";"Colisão Traseira";1;0;0;1;0;0;0;0;0;0;1;1;0;0;0
"15/12/2022";"11:48:00";"160";"2 - Aciden";"187.015";"BR-116/SC";"Sul";"Colisão Traseira";1;0;1;0;0;0;0;0;0;0;1;1;0;0;0
"16/12/2022";"08:28:00";"65";"2 - Aciden";"124.36";"BR-116/PR";"Norte";"Colisão Traseira";1;0;0;1;0;0;0;0;0;0;1;1;0;0;0
"16/12/2022";"05:19:00";"130";"2 - Aciden";"119.1";"BR-116/PR";"Sul";"Colisão Lateral";0;0;0;1;0;1;0;0;0;0;1;1;0;0;0
"16/12/2022";"06:33:00";"137";"3 - Aciden";"214.1";"BR-116/SC";"Sul";"Choque - Defensa, barreira ou "submarino"";1;0;0;0;0;0;0;0;0;0;3;0;0;0;0
"16/12/2022";"09:39:00";"148";"2 - Aciden";"121.1";"BR-116/PR";"Norte";"Queda de Moto";0;0;0;1;0;0;0;0;0;0;0;1;0;0;0
"17/12/2022";"01:01:00";"10";"3 - Aciden";"117.03";"BR-116/PR";"Sul";"Saida de Pista";1;0;0;0;0;0;0;0;0;0;2;0;0;0;0
"17/12/2022";"06:40:00";"27";"3 - Aciden";"216.306";"BR-116/SC";"Norte";"Saida de Pista";1;0;0;0;0;0;0;0;0;0;1;0;0;0;0
"17/12/2022";"07:24:00";"31";"3 - Aciden";"19.5";"BR-116/SC";"Norte";"Capotamento";1;0;0;0;0;0;0;0;0;0;1;0;0;0;0
"17/12/2022";"07:47:00";"41";"3 - Aciden";"21.05";"BR-116/SC";"Sul";"Saida de Pista";1;0;0;0;0;0;0;0;0;0;1;0;0;0;0
"17/12/2022";"06:40:00";"106";"2 - Aciden";"209.1";"BR-116/PR";"Norte";"Colisão Traseira";1;0;0;1;0;0;0;0;0;0;1;1;0;0;0
"17/12/2022";"07:09:00";"109";"3 - Aciden";"122.1";"BR-116/PR";"Norte";"Engavetamento";5;0;0;0;0;0;0;0;0;0;5;0;0;0;0
"17/12/2022";"11:53:00";"129";"2 - Aciden";"131.45";"BR-116/PR";"Sul";"Colisão Traseira";0;0;0;1;0;1;0;0;0;0;1;1;0;0;0
"18/12/2022";"02:22:00";"14";"3 - Aciden";"73.7";"BR-116/SC";"Norte";"Saida de Pista";1;0;0;0;0;0;0;0;0;0;3;0;0;0;0
"18/12/2022";"05:35:00";"24";"3 - Aciden";"144.15";"BR-116/PR";"Sul";"Choque - Talude";0;0;0;0;0;0;0;0;0;1;2;0;0;0;0
"18/12/2022";"02:15:00";"53";"1 - Aciden";"149.4";"BR-116/SC";"Sul";"Choque - Arvore";1;0;0;0;0;0;0;0;0;0;0;0;0;0;1
"18/12/2022";"03:30:00";"60";"2 - Aciden";"119.1";"BR-116/PR";"Sul";"Colisão Traseira";2;0;0;0;0;0;0;0;0;0;2;1;0;0;0
"18/12/2022";"06:04:00";"82";"2 - Aciden";"115.87";"BR-116/PR";"Norte";"Colisão Traseira";0;0;0;1;0;1;0;0;0;0;1;1;0;0;0
"19/12/2022";"11:14:00";"65";"3 - Aciden";"12.398";"BR-116/SC";"Sul";"Colisão Transversal";0;0;2;0;0;0;0;0;0;0;2;0;0;0;0
"19/12/2022";"01:31:00";"72";"3 - Aciden";"125.9";"BR-116/PR";"Sul";"Colisão Traseira";2;0;0;0;0;0;0;0;0;0;2;0;0;0;0
"20/12/2022";"06:53:00";"20";"2 - Aciden";"125.8";"BR-116/PR";"Sul";"Colisão Traseira";1;0;0;1;0;0;0;0;0;0;1;1;0;0;0
"20/12/2022";"07:24:00";"26";"3 - Aciden";"32.1";"BR-116/SC";"Sul";"Colisão Frontal";1;0;1;0;0;0;0;0;0;0;3;0;0;0;0
"20/12/2022";"07:37:00";"27";"2 - Aciden";"126.2";"BR-116/PR";"Norte";"Colisão Traseira";0;0;0;1;0;1;0;0;0;0;1;1;0;0;0
"20/12/2022";"08:33:00";"35";"3 - Aciden";"125.4";"BR-116/PR";"Norte";"Engavetamento";3;0;0;0;0;1;0;0;0;0;4;0;0;0;0
"20/12/2022";"09:29:00";"58";"3 - Aciden";"279.2";"BR-116/SC";"Norte";"Saida de Pista";0;0;1;0;0;0;0;0;0;0;1;0;0;0;0
"20/12/2022";"03:47:00";"91";"3 - Aciden";"193.1";"BR-116/PR";"Norte";"Saida de Pista";0;0;1;0;0;0;0;0;0;0;2;0;0;0;0
"20/12/2022";"06:44:00";"105";"3 - Aciden";"53.9";"BR-116/SC";"Sul";"Choque - Suporte de Sinalização";1;0;0;0;0;0;0;0;0;0;1;0;0;0;0
"21/12/2022";"03:59:00";"16";"3 - Aciden";"126.35";"BR-116/PR";"Sul";"Colisão Traseira";1;0;1;0;0;0;0;0;0;0;2;0;0;0;0
"21/12/2022";"08:02:00";"38";"3 - Aciden";"141.2";"BR-116/PR";"Sul";"Saida de Pista";1;0;0;0;0;0;0;0;0;0;1;0;0;0;0
"21/12/2022";"10:32:00";"78";"3 - Aciden";"197.1";"BR-116/SC";"Sul";"Colisão Traseira";1;0;1;0;0;0;0;0;0;0;5;0;0;0;0
"21/12/2022";"07:55:00";"156";"2 - Aciden";"12.5";"BR-116/SC";"Sul";"Colisão Transversal";0;0;0;1;0;0;0;0;0;1;1;1;0;0;0