data;horario;n_da_ocorrencia;tipo_de_ocorrencia;km;trecho;sentido;tipo_de_acidente;automovel;bicicleta;caminhao;moto;onibus;outros;tracao_animal;transporte_de_cargas_especiais;trator_maquinas;utilitarios;ilesos;levemente_feridos;moderadamente_feridos;gravemente_feridos;mortos
"09/03/2023";"06:09:00";"139";"2 - Aciden";"78.7";"BR-116/SC";"Norte";"Queda de Moto";0;0;0;1;0;0;0;0;0;0;0;1;0;0;0
"09/03/2023";"06:23:00";"141";"3 - Aciden";"121.589";"BR-116/PR";"Sul";"Saida de Pista";1;0;0;0;0;0;0;0;0;0;1;0;0;0;0
"09/03/2023";"11:28:00";"166";"3 - Aciden";"185.1";"BR-116/PR";"Sul";"Saida de Pista";1;0;0;0;0;0;0;0;0;0;1;0;0;0;0
"10/03/2023";"05:27:00";"138";"3 - Aciden";"5.5";"BR-116/SC";"Norte";"Colisão Transversal";2;0;0;0;0;0;0;0;0;0;2;0;0;0;0
"11/03/2023";"12:39:00";"18";"3 - Aciden";"122.62";"BR-116/PR";"Sul";"Choque - Defensa, barreira ou "submarino"";1;0;0;0;0;0;0;0;0;0;1;0;0;0;0
"11/03/2023";"08:14:00";"41";"3 - Aciden";"117.9";"BR-116/PR";"Sul";"Choque - Defensa, barreira ou "submarino"";1;0;0;0;0;0;0;0;0;0;1;0;0;0;0
"11/03/2023";"04:40:00";"98";"2 - Aciden";"211.6";"BR-116/PR";"Sul";"Queda de Moto";0;0;0;1;0;0;0;0;0;0;0;0;1;0;0
"11/03/2023";"06:26:00";"108";"3 - Aciden";"265.45";"BR-116/SC";"Sul";"Tombamento";0;0;1;0;0;0;0;0;0;0;1;0;0;0;0
"11/03/2023";"09:23:00";"122";"2 - Aciden";"5.663";"BR-116/SC";"Sul";"Colisão Transversal";1;0;0;1;0;0;0;0;0;0;1;0;0;1;0
"12/03/2023";"01:06:00";"19";"3 - Aciden";"210.8";"BR-116/PR";"Sul";"Colisão Transversal";2;0;0;0;0;0;0;0;0;0;2;0;0;0;0
"12/03/2023";"02:13:00";"60";"3 - Aciden";"126.35";"BR-116/PR";"Norte";"Colisão Traseira";2;0;0;0;0;0;0;0;0;0;2;0;0;0;0
"12/03/2023";"03:15:00";"64";"3 - Aciden";"132.3";"BR-116/PR";"Norte";"Choque - Defensa, barreira ou "submarino"";1;0;0;0;0;0;0;0;0;0;1;0;0;0;0
"12/03/2023";"07:49:00";"95";"2 - Aciden";"11.844";"BR-116/SC";"Norte";"Colisão Transversal";0;0;0;0;0;0;0;0;0;2;6;0;1;0;0
"12/03/2023";"08:20:00";"98";"3 - Aciden";"98.5";"BR-116/SC";"Sul";"Saida de Pista";1;0;0;0;0;0;0;0;0;0;2;0;0;0;0
"13/03/2023";"02:48:00";"28";"1 - Aciden";"252.545";"BR-116/SC";"Sul";"Colisão Frontal";1;0;1;0;0;0;0;0;0;0;1;0;0;0;1
"13/03/2023";"07:56:00";"54";"2 - Aciden";"125.01";"BR-116/PR";"Sul";"Engavetamento";1;0;0;2;0;0;0;0;0;0;1;2;0;0;0
"13/03/2023";"11:44:00";"86";"3 - Aciden";"208.01";"BR-116/PR";"Sul";"Colisão Lateral";0;0;2;0;0;0;0;0;0;0;2;0;0;0;0
"13/03/2023";"01:16:00";"99";"3 - Aciden";"0.01";"BR-116/SC";"Sul";"Colisão Traseira";2;0;0;0;0;0;0;0;0;0;2;0;0;0;0
"13/03/2023";"06:53:00";"136";"3 - Aciden";"131.5";"BR-116/PR";"Sul";"Colisão Lateral";1;0;1;0;0;0;0;0;0;0;2;0;0;0;0
"13/03/2023";"11:19:00";"154";"2 - Aciden";"285.5";"BR-116/SC";"Norte";"Colisão Traseira";0;0;2;0;0;0;0;0;0;0;1;1;0;0;0
"14/03/2023";"08:08:00";"44";"2 - Aciden";"115.872";"BR-116/PR";"Norte";"Colisão Lateral";1;0;0;1;0;0;0;0;0;0;1;1;0;0;0
"14/03/2023";"10:46:00";"76";"3 - Aciden";"124.7";"BR-116/SC";"Sul";"Colisão Traseira";1;0;1;0;0;0;0;0;0;0;2;0;0;0;0
"14/03/2023";"01:34:00";"125";"2 - Aciden";"120.51";"BR-116/PR";"Sul";"Queda de Moto";0;0;0;1;0;0;0;0;0;0;0;1;0;0;0
"14/03/2023";"06:25:00";"152";"3 - Aciden";"60.1";"BR-116/SC";"Sul";"Colisão Transversal";2;0;0;0;0;0;0;0;0;0;2;0;0;0;0
"15/03/2023";"02:36:00";"112";"2 - Aciden";"123.2";"BR-116/PR";"Norte";"Colisão Traseira";0;0;0;2;0;0;0;0;0;0;0;2;0;0;0
"15/03/2023";"04:30:00";"128";"3 - Aciden";"146.016";"BR-116/SC";"Sul";"Tombamento";0;0;1;0;0;0;0;0;0;0;1;0;0;0;0
"15/03/2023";"06:10:00";"135";"3 - Aciden";"137.5";"BR-116/SC";"Norte";"Colisão Transversal";1;0;1;0;0;0;0;0;0;0;2;0;0;0;0
"16/03/2023";"09:35:00";"75";"3 - Aciden";"84.2";"BR-116/SC";"Sul";"Colisão Traseira";2;0;0;0;0;0;0;0;0;0;6;0;0;0;0
"16/03/2023";"12:55:00";"95";"2 - Aciden";"126.1";"BR-116/PR";"Sul";"Colisão Lateral";1;0;1;0;0;0;0;0;0;0;2;2;0;0;0
"16/03/2023";"03:57:00";"123";"3 - Aciden";"221.662";"BR-116/SC";"Norte";"Colisão Lateral";1;0;0;0;0;1;0;0;0;0;2;0;0;0;0
"17/03/2023";"01:30:00";"103";"2 - Aciden";"117.408";"BR-116/PR";"Norte";"Queda de Moto";0;0;0;1;0;0;0;0;0;0;0;1;1;0;0
"17/03/2023";"03:45:00";"124";"3 - Aciden";"115.2";"BR-116/PR";"Norte";"Engavetamento";3;0;0;0;0;0;0;0;0;0;3;0;0;0;0
"17/03/2023";"06:40:00";"144";"2 - Aciden";"49.363";"BR-116/SC";"Norte";"Capotamento";1;0;0;0;0;0;0;0;0;0;0;0;1;0;0
"18/03/2023";"12:00:00";"1";"2 - Aciden";"246.05";"BR-116/SC";"Norte";"Queda de Moto";0;0;0;1;0;0;0;0;0;0;1;0;0;1;0
"18/03/2023";"09:58:00";"58";"2 - Aciden";"203.2";"BR-116/SC";"Norte";"Tombamento";0;0;1;0;0;0;0;0;0;0;0;0;1;0;0
"18/03/2023";"11:17:00";"62";"3 - Aciden";"126.33";"BR-116/PR";"Sul";"Colisão Traseira";2;0;0;0;0;0;0;0;0;0;2;0;0;0;0
"18/03/2023";"02:05:00";"78";"3 - Aciden";"86.01";"BR-116/SC";"Norte";"Colisão Traseira";0;0;2;0;0;0;0;0;0;0;2;0;0;0;0
"18/03/2023";"06:13:00";"108";"2 - Aciden";"154.6";"BR-116/SC";"Norte";"Tombamento";0;0;1;0;0;0;0;0;0;0;0;1;0;0;0
"18/03/2023";"10:26:00";"129";"3 - Aciden";"141.9";"BR-116/SC";"Sul";"Colisão Transversal";1;0;1;0;0;0;0;0;0;0;2;0;0;0;0
"19/03/2023";"03:52:00";"25";"3 - Aciden";"118.85";"BR-116/PR";"Norte";"Choque - Elemento de Drenagem";1;0;0;0;0;0;0;0;0;0;1;0;0;0;0
"19/03/2023";"07:07:00";"96";"3 - Aciden";"123.5";"BR-116/PR";"Sul";"Colisão Lateral";1;0;0;1;0;0;0;0;0;0;2;0;0;0;0
"20/03/2023";"07:58:00";"55";"2 - Aciden";"115.01";"BR-116/PR";"Norte";"Colisão Lateral";2;0;0;1;0;0;0;0;0;0;2;1;0;0;0
"20/03/2023";"09:28:00";"70";"3 - Aciden";"179.4";"BR-116/SC";"Norte";"Choque - Outros";1;0;0;0;0;0;0;0;0;0;1;0;0;0;0
"20/03/2023";"04:52:00";"100";"3 - Aciden";"42.1";"BR-116/SC";"Sul";"Saida de Pista";0;0;1;0;0;0;0;0;0;0;1;0;0;0;0
"21/03/2023";"08:07:00";"59";"3 - Aciden";"123.1";"BR-116/PR";"Norte";"Queda de Moto";0;0;0;2;0;0;0;0;0;0;2;0;0;0;0
"21/03/2023";"01:09:00";"103";"3 - Aciden";"192.01";"BR-116/PR";"Sul";"Engavetamento";1;0;0;0;0;2;0;0;0;0;3;0;0;0;0
"21/03/2023";"01:18:00";"105";"2 - Aciden";"142.01";"BR-116/PR";"Norte";"Colisão Traseira";1;0;0;1;0;1;0;0;0;0;2;2;0;0;0
"21/03/2023";"06:45:00";"143";"3 - Aciden";"241.1";"BR-116/SC";"Norte";"Choque - Arvore";1;0;0;0;0;0;0;0;0;0;1;0;0;0;0
"21/03/2023";"06:59:00";"144";"2 - Aciden";"12.05";"BR-116/SC";"Sul";"Colisão Transversal";1;0;1;0;0;0;0;0;0;0;1;1;0;0;0
"21/03/2023";"10:13:00";"162";"2 - Aciden";"119.3";"BR-116/PR";"Norte";"Colisão Transversal";2;0;0;0;0;0;0;0;0;0;3;3;0;0;0
"22/03/2023";"09:03:00";"77";"3 - Aciden";"125.7";"BR-116/PR";"Norte";"Engavetamento";3;0;1;0;0;0;0;0;0;0;4;0;0;0;0
"22/03/2023";"03:01:00";"114";"2 - Aciden";"143.5";"BR-116/PR";"Norte";"Engavetamento";4;0;1;0;0;0;0;0;0;0;4;1;0;0;0
"22/03/2023";"05:18:00";"126";"3 - Aciden";"278.3";"BR-116/SC";"Sul";"Colisão Frontal";1;0;1;0;0;0;0;0;0;0;2;0;0;0;0
"22/03/2023";"06:30:00";"141";"3 - Aciden";"143.1";"BR-116/PR";"Sul";"Saida de Pista";1;0;0;0;0;0;0;0;0;0;1;0;0;0;0
"22/03/2023";"07:18:00";"146";"3 - Aciden";"184.2";"BR-116/SC";"Sul";"Choque - Defensa, barreira ou "submarino"";1;0;0;0;0;0;0;0;0;0;1;0;0;0;0
"23/03/2023";"06:21:00";"25";"2 - Aciden";"144.9";"BR-116/SC";"Norte";"Colisão Transversal";1;0;0;1;0;0;0;0;0;0;1;0;1;0;0
"23/03/2023";"10:31:00";"74";"3 - Aciden";"59.803";"BR-116/SC";"Norte";"Colisão Transversal";1;0;1;0;0;0;0;0;0;0;2;0;0;0;0
"23/03/2023";"01:32:00";"96";"3 - Aciden";"180.3";"BR-116/PR";"Norte";"Tombamento";0;0;1;0;0;0;0;0;0;0;1;0;0;0;0
"23/03/2023";"11:21:00";"136";"3 - Aciden";"131.1";"BR-116/PR";"Norte";"Saida de Pista";1;0;0;0;0;1;0;0;0;0;2;0;0;0;0
"24/03/2023";"05:54:00";"25";"3 - Aciden";"126.1";"BR-116/PR";"Norte";"Colisão Transversal";0;0;0;1;0;1;0;0;0;0;2;0;0;0;0
"24/03/2023";"07:48:00";"46";"2 - Aciden";"169.01";"BR-116/PR";"Norte";"Queda de Moto";0;0;0;1;0;0;0;0;0;0;1;1;0;0;0
"24/03/2023";"03:56:00";"110";"2 - Aciden";"86.5";"BR-116/SC";"Sul";"Colisão Lateral";1;0;1;0;0;0;0;0;0;0;1;0;1;0;0
"24/03/2023";"06:49:00";"126";"3 - Aciden";"119.5";"BR-116/PR";"Sul";"Colisão Lateral";1;0;1;0;0;0;0;0;0;0;3;0;0;0;0
"24/03/2023";"08:10:00";"134";"3 - Aciden";"126.5";"BR-116/PR";"Sul";"Colisão Traseira";2;0;0;0;0;0;0;0;0;0;2;0;0;0;0
"24/03/2023";"10:14:00";"147";"2 - Aciden";"220.1";"BR-116/SC";"Norte";"Colisão Transversal";1;0;0;1;0;0;0;0;0;0;1;1;0;0;0
"25/03/2023";"01:36:00";"89";"2 - Aciden";"133.6";"BR-116/SC";"Sul";"Choque - Talude";1;0;0;0;0;0;0;0;0;0;0;1;0;0;0
"25/03/2023";"07:13:00";"119";"2 - Aciden";"252.351";"BR-116/SC";"Sul";"Colisão Frontal";2;0;0;0;0;0;0;0;0;0;1;2;0;0;0
"26/03/2023";"08:16:00";"38";"3 - Aciden";"203.65";"BR-116/PR";"Sul";"Colisão Lateral";1;0;1;0;0;0;0;0;0;0;2;0;0;0;0
"26/03/2023";"09:09:00";"40";"3 - Aciden";"204.01";"BR-116/SC";"Sul";"Saida de Pista";1;0;0;0;0;0;0;0;0;0;1;0;0;0;0
"26/03/2023";"05:59:00";"83";"3 - Aciden";"152.6";"BR-116/PR";"Norte";"Colisão Transversal";2;0;0;0;0;0;0;0;0;0;2;0;0;0;0
"26/03/2023";"08:12:00";"87";"2 - Aciden";"188.01";"BR-116/SC";"Sul";"Queda de Moto";0;0;0;1;0;0;0;0;0;0;0;1;0;0;0
"26/03/2023";"09:22:00";"91";"3 - Aciden";"126.35";"BR-116/PR";"Norte";"Colisão Lateral";1;0;0;0;0;1;0;0;0;0;2;0;0;0;0
"26/03/2023";"10:26:00";"97";"2 - Aciden";"247.8";"BR-116/SC";"Sul";"Colisão Transversal";1;0;0;1;0;0;0;0;0;0;1;1;0;0;0
"27/03/2023";"06:47:00";"27";"3 - Aciden";"115.01";"BR-116/PR";"Sul";"Saida de Pista";1;0;0;0;0;1;0;0;0;0;2;0;0;0;0
"27/03/2023";"06:56:00";"28";"3 - Aciden";"125.6";"BR-116/SC";"Sul";"Tombamento";0;0;1;0;0;0;0;0;0;0;1;0;0;0;0
"27/03/2023";"09:25:00";"77";"3 - Aciden";"123.01";"BR-116/PR";"Sul";"Choque - Defensa, barreira ou "submarino"";1;0;0;0;0;0;0;0;0;0;1;0;0;0;0
"27/03/2023";"10:24:00";"83";"3 - Aciden";"126.35";"BR-116/PR";"Norte";"Colisão Traseira";2;0;0;0;0;0;0;0;0;0;2;0;0;0;0
"27/03/2023";"10:25:00";"84";"3 - Aciden";"5.5";"BR-116/SC";"Norte";"Colisão Traseira";2;0;0;0;0;0;0;0;0;0;2;0;0;0;0
"27/03/2023";"05:19:00";"125";"3 - Aciden";"284.1";"BR-116/SC";"Sul";"Tombamento";0;0;1;0;0;0;0;0;0;0;1;0;0;0;0
"27/03/2023";"09:32:00";"143";"3 - Aciden";"36.5";"BR-116/SC";"Sul";"Choque - Elemento de Drenagem";1;0;0;0;0;0;0;0;0;0;1;0;0;0;0
"28/03/2023";"07:33:00";"26";"3 - Aciden";"221.1";"BR-116/SC";"Norte";"Colisão Lateral";1;0;1;0;0;0;0;0;0;0;3;0;0;0;0
"29/03/2023";"02:33:00";"105";"3 - Aciden";"12.1";"BR-116/SC";"Sul";"Colisão Lateral";0;0;2;0;0;0;0;0;0;0;2;0;0;0;0
"29/03/2023";"02:51:00";"109";"3 - Aciden";"122.2";"BR-116/PR";"Sul";"Colisão Lateral";1;0;1;0;0;0;0;0;0;0;5;0;0;0;0
"29/03/2023";"06:10:00";"129";"2 - Aciden";"118.1";"BR-116/PR";"Sul";"Colisão Lateral";1;0;0;1;0;0;0;0;0;0;1;1;0;0;0
"29/03/2023";"08:14:00";"136";"2 - Aciden";"124.1";"BR-116/SC";"Sul";"Colisão Frontal";0;0;2;0;0;0;0;0;0;0;1;1;0;2;0
"29/03/2023";"09:09:00";"139";"3 - Aciden";"240.9";"BR-116/SC";"Sul";"Choque - Elemento de Drenagem";0;0;1;0;0;0;0;0;0;0;1;0;0;0;0
"30/03/2023";"11:00:00";"72";"3 - Aciden";"250.95";"BR-116/SC";"Sul";"Saida de Pista";0;0;1;0;0;0;0;0;0;0;1;0;0;0;0
"31/03/2023";"03:38:00";"24";"2 - Aciden";"125.745";"BR-116/PR";"Norte";"Colisão Traseira";1;0;1;0;0;0;0;0;0;0;1;0;0;1;0
"31/03/2023";"07:30:00";"46";"3 - Aciden";"159.5";"BR-116/SC";"Norte";"Colisão Lateral";0;0;2;0;0;0;0;0;0;0;2;0;0;0;0
"31/03/2023";"08:36:00";"55";"3 - Aciden";"182.9";"BR-116/PR";"Norte";"Colisão Lateral";1;0;0;0;0;1;0;0;0;0;2;0;0;0;0
"31/03/2023";"09:18:00";"60";"3 - Aciden";"4.7";"BR-116/SC";"Norte";"Engavetamento";3;0;0;0;0;0;0;0;0;0;3;0;0;0;0
"31/03/2023";"09:04:00";"157";"2 - Aciden";"126.35";"BR-116/PR";"Norte";"Colisão Transversal";0;0;0;2;0;0;0;0;0;1;2;1;1;0;0
"01/04/2023";"05:07:00";"29";"3 - Aciden";"206.03";"BR-116/PR";"Sul";"Saida de Pista";1;0;0;0;0;0;0;0;0;0;1;0;0;0;0
"01/04/2023";"09:55:00";"75";"3 - Aciden";"120.01";"BR-116/PR";"Norte";"Colisão Traseira";3;0;0;0;0;0;0;0;0;0;3;0;0;0;0
"01/04/2023";"10:45:00";"81";"2 - Aciden";"107.6";"BR-116/SC";"Norte";"Tombamento";0;0;1;0;0;0;0;0;0;0;0;1;0;0;0
"01/04/2023";"01:21:00";"96";"3 - Aciden";"126.2";"BR-116/PR";"Norte";"Colisão Transversal";2;0;0;0;0;0;0;0;0;0;2;0;0;0;0
"02/04/2023";"12:27:00";"64";"2 - Aciden";"125.8";"BR-116/PR";"Sul";"Colisão Traseira";1;0;0;1;0;0;0;0;0;0;1;2;0;0;0
"02/04/2023";"12:44:00";"66";"2 - Aciden";"122.1";"BR-116/PR";"Sul";"Engavetamento";3;0;0;0;0;0;0;0;0;0;7;1;0;0;0
"02/04/2023";"02:30:00";"73";"3 - Aciden";"125.2";"BR-116/SC";"Sul";"Colisão Traseira";2;0;0;0;0;0;0;0;0;0;2;0;0;0;0
"02/04/2023";"04:58:00";"82";"2 - Aciden";"193.086";"BR-116/PR";"Norte";"Queda de Moto";0;0;0;1;0;0;0;0;0;0;0;0;1;0;0
"02/04/2023";"07:02:00";"96";"2 - Aciden";"121.6";"BR-116/PR";"Norte";"Colisão Lateral";1;0;0;1;0;0;0;0;0;0;1;0;1;0;0
"02/04/2023";"07:43:00";"101";"1 - Aciden";"5.6";"BR-116/SC";"Norte";"Colisão Transversal";1;0;1;0;0;0;0;0;0;0;1;0;0;0;1
"02/04/2023";"08:32:00";"102";"2 - Aciden";"140.757";"BR-116/PR";"Sul";"Capotamento";1;0;0;0;0;0;0;0;0;0;0;1;0;0;0
"03/04/2023";"04:13:00";"23";"3 - Aciden";"127.2";"BR-116/SC";"Sul";"Colisão Lateral";1;0;1;0;0;0;0;0;0;0;2;0;0;0;0
"03/04/2023";"07:49:00";"37";"2 - Aciden";"125.01";"BR-116/PR";"Norte";"Colisão Traseira";1;0;0;1;0;0;0;0;0;0;1;1;0;0;0
"03/04/2023";"02:39:00";"116";"3 - Aciden";"251.7";"BR-116/SC";"Sul";"Colisão Traseira";0;0;2;0;0;0;0;0;0;0;2;0;0;0;0
"03/04/2023";"03:09:00";"119";"3 - Aciden";"81.6";"BR-116/SC";"Sul";"Engavetamento";3;0;0;0;0;0;0;0;0;0;5;0;0;0;0
"03/04/2023";"04:30:00";"129";"3 - Aciden";"168.1";"BR-116/SC";"Sul";"Colisão Traseira";1;0;0;1;0;0;0;0;0;0;2;0;0;0;0
"03/04/2023";"05:29:00";"137";"2 - Aciden";"209.1";"BR-116/PR";"Sul";"Colisão Traseira";1;0;0;1;0;0;0;0;0;0;1;1;0;0;0
"04/04/2023";"05:27:00";"24";"3 - Aciden";"130.3";"BR-116/SC";"Norte";"Colisão Lateral";0;0;2;0;0;0;0;0;0;0;2;0;0;0;0
"04/04/2023";"06:04:00";"25";"3 - Aciden";"122.01";"BR-116/PR";"Norte";"Colisão Transversal";1;0;1;0;0;0;0;0;0;0;2;0;0;0;0
"04/04/2023";"08:32:00";"54";"3 - Aciden";"115.01";"BR-116/PR";"Norte";"Colisão Transversal";0;0;0;2;0;0;0;0;0;0;2;0;0;0;0
"04/04/2023";"02:01:00";"105";"3 - Aciden";"220.01";"BR-116/SC";"Sul";"Colisão Traseira";1;0;1;0;0;0;0;0;0;0;2;0;0;0;0
"04/04/2023";"08:02:00";"147";"3 - Aciden";"121.5";"BR-116/PR";"Norte";"Engavetamento";3;0;0;0;0;0;0;0;0;0;3;0;0;0;0
"04/04/2023";"10:32:00";"156";"3 - Aciden";"117.053";"BR-116/PR";"Norte";"Colisão Traseira";1;0;1;0;0;0;0;0;0;0;2;0;0;0;0
"05/04/2023";"06:35:00";"30";"2 - Aciden";"121.1";"BR-116/PR";"Norte";"Colisão Traseira";1;0;0;1;0;0;0;0;0;0;1;1;0;0;0
"05/04/2023";"10:02:00";"81";"3 - Aciden";"172.1";"BR-116/SC";"Norte";"Colisão Traseira";1;0;0;0;0;1;0;0;0;0;2;0;0;0;0
"05/04/2023";"01:55:00";"102";"3 - Aciden";"125.056";"BR-116/PR";"Sul";"Colisão Lateral";1;0;1;0;0;0;0;0;0;0;2;0;0;0;0
"05/04/2023";"02:09:00";"105";"3 - Aciden";"123.8";"BR-116/PR";"Sul";"Choque - Defensa, barreira ou "submarino"";1;0;0;0;0;0;0;0;0;0;1;0;0;0;0
"05/04/2023";"10:59:00";"148";"3 - Aciden";"142.3";"BR-116/SC";"Norte";"Colisão Transversal";2;0;0;0;0;0;0;0;0;0;2;0;0;0;0
"06/04/2023";"06:45:00";"32";"3 - Aciden";"165.1";"BR-116/SC";"Norte";"Colisão Lateral";0;0;1;0;0;1;0;0;0;0;2;0;0;0;0
"06/04/2023";"08:59:00";"65";"2 - Aciden";"119.2";"BR-116/PR";"Norte";"Colisão Traseira";1;0;1;0;0;0;0;0;0;0;2;1;0;0;0
"06/04/2023";"12:55:00";"86";"3 - Aciden";"159.45";"BR-116/PR";"Norte";"Colisão Transversal";0;0;2;0;0;0;0;0;0;0;2;0;0;0;0
"06/04/2023";"06:08:00";"110";"3 - Aciden";"127.347";"BR-116/SC";"Sul";"Colisão Traseira";1;0;1;0;0;0;0;0;0;0;2;0;0;0;0
"06/04/2023";"06:35:00";"112";"3 - Aciden";"120.1";"BR-116/PR";"Sul";"Colisão Traseira";2;0;0;0;0;0;0;0;0;0;2;0;0;0;0
"06/04/2023";"07:17:00";"116";"3 - Aciden";"122.1";"BR-116/PR";"Sul";"Engavetamento";4;0;0;0;0;0;0;0;0;0;4;0;0;0;0
"06/04/2023";"11:27:00";"130";"3 - Aciden";"52.7";"BR-116/SC";"Norte";"Colisão Lateral";2;0;0;0;0;0;0;0;0;0;2;0;0;0;0
"07/04/2023";"05:49:00";"20";"3 - Aciden";"125.957";"BR-116/PR";"Norte";"Colisão Traseira";2;0;0;0;0;0;0;0;0;0;2;0;0;0;0
"07/04/2023";"07:49:00";"29";"3 - Aciden";"197.3";"BR-116/PR";"Sul";"Choque - Defensa, barreira ou "submarino"";1;0;0;0;0;0;0;0;0;0;1;0;0;0;0
"07/04/2023";"03:27:00";"55";"3 - Aciden";"126.1";"BR-116/PR";"Sul";"Engavetamento";3;0;0;0;0;0;0;0;0;0;3;0;0;0;0
"07/04/2023";"04:36:00";"65";"3 - Aciden";"120.5";"BR-116/PR";"Norte";"Engavetamento";5;0;0;0;0;0;0;0;0;0;5;0;0;0;0
"07/04/2023";"11:53:00";"84";"3 - Aciden";"124.123";"BR-116/PR";"Sul";"Choque - Defensa, barreira ou "submarino"";1;0;0;0;0;0;0;0;0;0;2;0;0;0;0
"08/04/2023";"12:41:00";"15";"3 - Aciden";"125.2";"BR-116/PR";"Sul";"Saida de Pista";1;0;0;0;0;0;0;0;0;0;1;0;0;0;0
"08/04/2023";"01:52:00";"21";"3 - Aciden";"131.05";"BR-116/PR";"Sul";"Saida de Pista";1;0;0;0;0;0;0;0;0;0;1;0;0;0;0
"08/04/2023";"03:10:00";"23";"3 - Aciden";"111.1";"BR-116/SC";"Sul";"Saida de Pista";1;0;0;0;0;0;0;0;0;0;1;0;0;0;0
"08/04/2023";"08:19:00";"75";"3 - Aciden";"126.1";"BR-116/PR";"Norte";"Colisão Transversal";1;0;0;0;0;1;0;0;0;0;2;0;0;0;0
"08/04/2023";"09:27:00";"78";"3 - Aciden";"88.1";"BR-116/SC";"Norte";"Saida de Pista";1;0;0;0;0;0;0;0;0;0;1;0;0;0;0
"09/04/2023";"12:26:00";"17";"2 - Aciden";"120.1";"BR-116/PR";"Norte";"Queda de Moto";0;0;0;1;0;0;0;0;0;0;1;0;1;0;0
"09/04/2023";"03:59:00";"23";"3 - Aciden";"120.833";"BR-116/PR";"Norte";"Colisão Traseira";2;0;0;0;0;0;0;0;0;0;2;0;0;0;0
"09/04/2023";"03:18:00";"51";"2 - Aciden";"126.2";"BR-116/PR";"Norte";"Choque - Outros";1;0;0;1;0;0;0;0;0;0;1;0;1;0;0
"10/04/2023";"11:54:00";"55";"3 - Aciden";"224.805";"BR-116/SC";"Norte";"Tombamento";0;0;1;0;0;0;0;0;0;0;1;0;0;0;0
"10/04/2023";"12:07:00";"57";"2 - Aciden";"152.01";"BR-116/PR";"Sul";"Colisão Transversal";0;0;1;0;1;0;0;0;0;0;5;0;1;0;0
"10/04/2023";"02:21:00";"70";"2 - Aciden";"115.2";"BR-116/PR";"Sul";"Queda de Moto";0;0;0;1;0;0;0;0;0;0;1;0;1;0;0
"10/04/2023";"05:13:00";"95";"2 - Aciden";"121.179";"BR-116/PR";"Norte";"Colisão Lateral";0;0;0;1;0;1;0;0;0;0;2;0;1;0;0
"10/04/2023";"05:55:00";"102";"2 - Aciden";"210.8";"BR-116/PR";"Sul";"Colisão Transversal";1;0;0;1;0;0;0;0;0;0;1;1;0;0;0
"10/04/2023";"06:37:00";"107";"2 - Aciden";"126.547";"BR-116/PR";"Norte";"Engavetamento";2;0;0;0;0;0;0;0;0;1;2;1;0;0;0
"11/04/2023";"06:41:00";"15";"2 - Aciden";"118.2";"BR-116/PR";"Norte";"Colisão Traseira";0;0;1;1;0;0;0;0;0;0;1;1;0;0;0
"11/04/2023";"06:49:00";"16";"2 - Aciden";"8.5";"BR-116/SC";"Norte";"Queda de Moto";0;0;0;1;0;0;0;0;0;0;0;1;0;0;0
"11/04/2023";"02:43:00";"83";"3 - Aciden";"2.5";"BR-116/SC";"Sul";"Objeto lançado contra veículo";2;0;0;0;0;0;0;0;0;0;5;0;0;0;0
"12/04/2023";"07:34:00";"46";"2 - Aciden";"141.6";"BR-116/PR";"Norte";"Colisão Traseira";2;0;0;0;0;0;0;0;0;0;1;1;0;0;0
"12/04/2023";"07:47:00";"55";"3 - Aciden";"241.1";"BR-116/SC";"Sul";"Colisão Lateral";0;0;0;0;1;1;0;0;0;0;2;0;0;0;0
"12/04/2023";"07:53:00";"56";"3 - Aciden";"184.6";"BR-116/SC";"Sul";"Tombamento";0;0;1;0;0;0;0;0;0;0;1;0;0;0;0
"12/04/2023";"02:59:00";"108";"2 - Aciden";"124.8";"BR-116/PR";"Sul";"Queda de Moto";0;0;0;2;0;0;0;0;0;0;1;1;0;0;0
"12/04/2023";"11:09:00";"147";"3 - Aciden";"115.2";"BR-116/PR";"Sul";"Colisão Traseira";1;0;0;0;0;0;0;0;0;1;2;0;0;0;0
"13/04/2023";"08:20:00";"50";"3 - Aciden";"140.1";"BR-116/SC";"Norte";"Colisão Traseira";0;0;2;0;0;0;0;0;0;0;2;0;0;0;0
"13/04/2023";"06:33:00";"121";"2 - Aciden";"119.6";"BR-116/PR";"Sul";"Colisão Traseira";1;0;0;1;0;0;0;0;0;0;1;1;0;0;0
"13/04/2023";"06:48:00";"122";"2 - Aciden";"23.4";"BR-116/SC";"Sul";"Objeto lançado contra veículo";1;0;1;0;0;0;0;0;0;0;4;1;0;0;0
"14/04/2023";"12:27:00";"66";"3 - Aciden";"132.1";"BR-116/PR";"Sul";"Colisão Lateral";1;0;1;0;0;0;0;0;0;0;2;0;0;0;0
"14/04/2023";"04:17:00";"79";"2 - Aciden";"5.1";"BR-116/SC";"Sul";"Queda de Moto";0;0;0;1;0;0;0;0;0;0;0;1;0;0;0
"14/04/2023";"07:20:00";"95";"3 - Aciden";"191.1";"BR-116/PR";"Norte";"Saida de Pista";0;0;1;0;0;0;0;0;0;0;1;0;0;0;0
"14/04/2023";"11:57:00";"107";"2 - Aciden";"4.1";"BR-116/SC";"Sul";"Queda de Moto";0;0;0;1;0;0;0;0;0;0;0;0;1;0;0
"15/04/2023";"01:50:00";"8";"3 - Aciden";"126.4";"BR-116/PR";"Norte";"Colisão Traseira";2;0;0;0;0;0;0;0;0;0;2;0;0;0;0
"15/04/2023";"07:26:00";"21";"3 - Aciden";"148.1";"BR-116/PR";"Norte";"Saida de Pista";1;0;1;0;0;0;0;0;0;0;2;0;0;0;0
"15/04/2023";"05:17:00";"85";"2 - Aciden";"183.124";"BR-116/SC";"Norte";"Queda de Moto";0;0;0;1;0;0;0;0;0;0;1;1;0;0;0
"15/04/2023";"07:04:00";"87";"2 - Aciden";"167.85";"BR-116/PR";"Norte";"Choque - Outros";0;1;0;0;0;0;0;0;0;0;0;0;2;0;0