data;horario;n_da_ocorrencia;tipo_de_ocorrencia;km;trecho;sentido;tipo_de_acidente;automovel;bicicleta;caminhao;moto;onibus;outros;tracao_animal;transporte_de_cargas_especiais;trator_maquinas;utilitarios;ilesos;levemente_feridos;moderadamente_feridos;gravemente_feridos;mortos
"22/05/2023";"08:24:00";"129";"2 - Aciden";"220.1";"BR-116/SC";"Sul";"Colisão Transversal";1;0;0;1;0;0;0;0;0;0;1;1;0;0;0
"22/05/2023";"09:42:00";"132";"3 - Aciden";"125.994";"BR-116/PR";"Norte";"Engavetamento";3;0;0;0;0;0;0;0;0;0;3;0;0;0;0
"23/05/2023";"06:21:00";"8";"3 - Aciden";"120.01";"BR-116/PR";"Norte";"Colisão Traseira";2;0;0;0;0;0;0;0;0;0;2;0;0;0;0
"23/05/2023";"07:31:00";"24";"2 - Aciden";"116.01";"BR-116/PR";"Norte";"Engavetamento";1;0;1;2;0;0;0;0;0;0;2;0;1;1;0
"23/05/2023";"08:39:00";"48";"3 - Aciden";"123.01";"BR-116/PR";"Norte";"Engavetamento";1;0;0;0;0;2;0;0;0;0;3;0;0;0;0
"23/05/2023";"09:00:00";"50";"3 - Aciden";"125.01";"BR-116/PR";"Norte";"Colisão Lateral";1;0;1;0;0;0;0;0;0;0;2;0;0;0;0
"23/05/2023";"06:46:00";"101";"3 - Aciden";"184.1";"BR-116/SC";"Norte";"Colisão Lateral";1;0;1;0;0;0;0;0;0;0;2;0;0;0;0
"23/05/2023";"10:41:00";"112";"3 - Aciden";"173.1";"BR-116/SC";"Sul";"Colisão Lateral";1;0;1;0;0;0;0;0;0;0;2;0;0;0;0
"23/05/2023";"10:58:00";"113";"3 - Aciden";"13.05";"BR-116/SC";"Sul";"Atropelamento de Animal";0;0;2;0;0;0;0;0;0;0;2;0;0;0;0
"23/05/2023";"11:38:00";"116";"3 - Aciden";"126.1";"BR-116/PR";"Norte";"Colisão Transversal";1;0;0;1;0;0;0;0;0;0;2;0;0;0;0
"24/05/2023";"06:09:00";"119";"2 - Aciden";"211.5";"BR-116/PR";"Sul";"Colisão Transversal";1;0;0;1;0;0;0;0;0;0;1;1;0;0;0
"25/05/2023";"07:32:00";"25";"3 - Aciden";"217.286";"BR-116/SC";"Norte";"Choque - Defensa, barreira ou "submarino"";1;0;0;0;0;0;0;0;0;0;1;0;0;0;0
"25/05/2023";"12:26:00";"90";"2 - Aciden";"127.5";"BR-116/PR";"Norte";"Colisão Lateral";0;0;1;1;0;0;0;0;0;0;1;0;1;0;0
"25/05/2023";"12:27:00";"91";"3 - Aciden";"245.45";"BR-116/SC";"Norte";"Colisão Transversal";2;0;0;0;0;0;0;0;0;0;2;0;0;0;0
"25/05/2023";"01:04:00";"93";"3 - Aciden";"107.7";"BR-116/SC";"Sul";"Queda de Moto";0;0;0;1;0;0;0;0;0;0;1;0;0;0;0
"25/05/2023";"02:45:00";"107";"3 - Aciden";"305.34";"BR-116/SC";"Norte";"Tombamento";0;0;1;0;0;0;0;0;0;0;1;0;0;0;0
"26/05/2023";"01:01:00";"8";"2 - Aciden";"118.8";"BR-116/PR";"Sul";"Colisão Lateral";0;0;0;3;0;0;0;0;0;0;1;2;0;0;0
"26/05/2023";"01:54:00";"11";"3 - Aciden";"145.02";"BR-116/PR";"Sul";"Colisão Lateral";1;0;1;0;0;0;0;0;0;0;2;0;0;0;0
"26/05/2023";"07:58:00";"50";"3 - Aciden";"122.25";"BR-116/PR";"Norte";"Colisão Traseira";1;0;0;0;0;1;0;0;0;0;2;0;0;0;0
"26/05/2023";"08:43:00";"128";"2 - Aciden";"122.075";"BR-116/PR";"Norte";"Capotamento";1;0;1;0;0;0;0;0;0;0;1;1;0;0;0
"27/05/2023";"08:05:00";"36";"3 - Aciden";"142.7";"BR-116/SC";"Norte";"Choque - Defensa, barreira ou "submarino"";1;0;0;0;0;0;0;0;0;0;4;0;0;0;0
"27/05/2023";"01:59:00";"65";"3 - Aciden";"126.188";"BR-116/PR";"Sul";"Colisão Lateral";1;0;1;0;0;0;0;0;0;0;2;0;0;0;0
"27/05/2023";"04:58:00";"85";"2 - Aciden";"120.3";"BR-116/PR";"Sul";"Queda de Moto";0;0;0;1;0;0;0;0;0;0;0;1;0;0;0
"27/05/2023";"05:06:00";"88";"2 - Aciden";"210.7";"BR-116/SC";"Norte";"Capotamento";1;0;0;0;0;0;0;0;0;0;0;3;0;0;0
"27/05/2023";"05:50:00";"93";"1 - Aciden";"61.8";"BR-116/SC";"Norte";"Colisão Frontal";0;0;1;1;0;0;0;0;0;0;0;1;0;0;1
"27/05/2023";"06:10:00";"98";"3 - Aciden";"3.8";"BR-116/SC";"Norte";"Colisão Traseira";2;0;0;0;0;0;0;0;0;0;2;0;0;0;0
"27/05/2023";"06:55:00";"97";"2 - Aciden";"58.1";"BR-116/SC";"Sul";"Colisão Frontal";1;0;0;0;0;1;0;0;0;0;1;1;0;0;0
"27/05/2023";"09:32:00";"105";"3 - Aciden";"115.03";"BR-116/SC";"Norte";"Choque - Defensa, barreira ou "submarino"";1;0;0;0;0;0;0;0;0;0;1;0;0;0;0
"27/05/2023";"10:53:00";"110";"3 - Aciden";"129.039";"BR-116/PR";"Norte";"Colisão Traseira";2;0;0;0;0;0;0;0;0;0;2;0;0;0;0
"28/05/2023";"01:15:00";"46";"3 - Aciden";"197.383";"BR-116/PR";"Norte";"Colisão Transversal";1;0;1;0;0;0;0;0;0;0;2;0;0;0;0
"28/05/2023";"01:57:00";"51";"3 - Aciden";"152.428";"BR-116/PR";"Sul";"Colisão Traseira";1;0;0;1;0;0;0;0;0;0;2;0;0;0;0
"28/05/2023";"06:13:00";"68";"2 - Aciden";"48.01";"BR-116/SC";"Sul";"Colisão Traseira";1;0;1;0;0;0;0;0;0;0;1;0;0;1;0
"28/05/2023";"06:13:00";"69";"3 - Aciden";"10.401";"BR-116/SC";"Sul";"Colisão Frontal";2;0;0;0;0;0;0;0;0;0;4;0;0;0;0
"28/05/2023";"11:07:00";"79";"2 - Aciden";"206.1";"BR-116/PR";"Sul";"Choque - Talude";0;0;0;0;0;0;0;0;0;1;0;2;0;0;0
"29/05/2023";"07:08:00";"17";"3 - Aciden";"10.01";"BR-116/SC";"Sul";"Colisão Traseira";1;0;1;0;0;0;0;0;0;0;2;0;0;0;0
"29/05/2023";"12:22:00";"81";"2 - Aciden";"12.01";"BR-116/SC";"Sul";"Colisão Lateral";1;0;0;0;0;0;0;0;0;1;1;1;0;1;0
"29/05/2023";"06:40:00";"120";"1 - Aciden";"129.5";"BR-116/PR";"Sul";"Atropelamento - Morador";0;0;0;0;0;0;0;0;0;1;1;0;0;0;1
"30/05/2023";"09:23:00";"64";"2 - Aciden";"245.7";"BR-116/SC";"Sul";"Colisão Transversal";1;0;1;0;0;0;0;0;0;0;2;1;0;0;0
"30/05/2023";"06:20:00";"108";"3 - Aciden";"209.8";"BR-116/SC";"Sul";"Colisão Traseira";2;0;0;0;0;0;0;0;0;0;3;0;0;0;0
"31/05/2023";"06:32:00";"16";"2 - Aciden";"12.3";"BR-116/SC";"Sul";"Colisão Transversal";1;0;1;0;0;0;0;0;0;0;1;0;1;1;0
"31/05/2023";"11:54:00";"91";"3 - Aciden";"153.2";"BR-116/PR";"Sul";"Colisão Lateral";1;0;0;0;0;1;0;0;0;0;2;0;0;0;0
"31/05/2023";"06:47:00";"139";"3 - Aciden";"120.88";"BR-116/PR";"Sul";"Colisão Traseira";2;0;0;0;0;0;0;0;0;0;2;0;0;0;0
"01/06/2023";"06:19:00";"13";"2 - Aciden";"124.01";"BR-116/PR";"Norte";"Colisão Lateral";1;0;0;1;0;0;0;0;0;0;1;1;0;0;0
"01/06/2023";"06:31:00";"15";"2 - Aciden";"115.4";"BR-116/PR";"Norte";"Colisão Lateral";1;0;0;1;0;0;0;0;0;0;1;1;0;0;0
"01/06/2023";"05:30:00";"117";"3 - Aciden";"242.22";"BR-116/SC";"Sul";"Colisão Frontal";0;0;3;0;0;0;0;0;0;0;3;0;0;0;0
"01/06/2023";"07:16:00";"121";"3 - Aciden";"141.2";"BR-116/PR";"Sul";"Colisão Traseira";1;0;0;1;0;0;0;0;0;0;4;0;0;0;0
"01/06/2023";"08:40:00";"127";"3 - Aciden";"107.8";"BR-116/SC";"Sul";"Capotamento";0;0;0;0;0;0;0;0;0;1;1;0;0;0;0
"02/06/2023";"11:02:00";"84";"3 - Aciden";"118.036";"BR-116/PR";"Sul";"Colisão Lateral";1;0;1;0;0;0;0;0;0;0;2;0;0;0;0
"02/06/2023";"12:33:00";"92";"3 - Aciden";"161.5";"BR-116/PR";"Norte";"Colisão Lateral";1;0;1;0;0;0;0;0;0;0;2;0;0;0;0
"02/06/2023";"06:25:00";"121";"3 - Aciden";"122.4";"BR-116/PR";"Sul";"Colisão Traseira";1;0;0;1;0;0;0;0;0;0;2;0;0;0;0
"02/06/2023";"06:38:00";"123";"3 - Aciden";"231.7";"BR-116/SC";"Sul";"Atropelamento de Animal";1;0;0;0;0;0;0;0;0;0;1;0;0;0;0
"02/06/2023";"07:53:00";"132";"2 - Aciden";"122.5";"BR-116/PR";"Sul";"Colisão Traseira";1;0;0;1;0;0;0;0;0;0;1;1;0;0;0
"02/06/2023";"08:25:00";"137";"2 - Aciden";"142.1";"BR-116/PR";"Sul";"Colisão Lateral";1;0;0;1;0;0;0;0;0;0;1;0;1;0;0
"02/06/2023";"11:48:00";"150";"3 - Aciden";"59.05";"BR-116/SC";"Norte";"Colisão Traseira";1;0;0;0;0;0;0;0;0;0;1;0;0;0;0
"03/06/2023";"12:08:00";"6";"3 - Aciden";"59.1";"BR-116/SC";"Sul";"Saida de Pista";1;0;0;0;0;0;0;0;0;0;2;0;0;0;0
"03/06/2023";"01:39:00";"7";"3 - Aciden";"66.191";"BR-116/SC";"Norte";"Choque - Talude";1;0;0;0;0;0;0;0;0;0;1;0;0;0;0
"03/06/2023";"12:03:00";"69";"2 - Aciden";"21.58";"BR-116/SC";"Sul";"Choque - Suporte de Sinalização";1;0;0;0;0;0;0;0;0;0;0;0;2;0;0
"03/06/2023";"07:50:00";"118";"3 - Aciden";"234.7";"BR-116/SC";"Sul";"Choque - Elemento de Drenagem";1;0;0;0;0;0;0;0;0;0;1;0;0;0;0
"04/06/2023";"12:22:00";"8";"3 - Aciden";"132.03";"BR-116/PR";"Norte";"Saida de Pista";1;0;0;0;0;0;0;0;0;0;1;0;0;0;0
"04/06/2023";"02:27:00";"13";"3 - Aciden";"118.954";"BR-116/PR";"Sul";"Queda de Moto";0;0;0;1;0;0;0;0;0;0;1;0;0;0;0
"04/06/2023";"05:41:00";"21";"3 - Aciden";"123.2";"BR-116/PR";"Norte";"Colisão Traseira";1;0;1;0;0;0;0;0;0;0;2;0;0;0;0
"04/06/2023";"06:16:00";"23";"3 - Aciden";"233.01";"BR-116/SC";"Sul";"Colisão Traseira";2;0;0;0;0;0;0;0;0;0;4;0;0;0;0
"04/06/2023";"08:21:00";"37";"3 - Aciden";"126.01";"BR-116/PR";"Sul";"Engavetamento";3;0;0;0;0;0;0;0;0;0;9;0;0;0;0
"04/06/2023";"09:11:00";"38";"3 - Aciden";"125.7";"BR-116/PR";"Sul";"Colisão Traseira";2;0;0;0;0;0;0;0;0;0;2;0;0;0;0
"04/06/2023";"07:13:00";"81";"2 - Aciden";"250.92";"BR-116/SC";"Norte";"Colisão Lateral";0;0;1;0;0;0;0;0;0;1;2;0;1;0;0
"05/06/2023";"06:19:00";"14";"2 - Aciden";"138.01";"BR-116/SC";"Norte";"Choque - Defensa, barreira ou "submarino"";1;0;0;0;0;0;0;0;0;0;0;0;1;0;0
"05/06/2023";"08:12:00";"37";"2 - Aciden";"248.5";"BR-116/SC";"Norte";"Colisão Lateral";0;0;1;1;0;0;0;0;0;0;1;0;1;0;0
"05/06/2023";"08:31:00";"40";"3 - Aciden";"123.7";"BR-116/PR";"Norte";"Engavetamento";1;0;0;0;0;2;0;0;0;0;3;0;0;0;0
"05/06/2023";"08:15:00";"133";"2 - Aciden";"244.271";"BR-116/SC";"Norte";"Choque - Talude";1;0;0;0;0;0;0;0;0;0;0;0;1;0;0
"06/06/2023";"06:48:00";"14";"3 - Aciden";"117.01";"BR-116/PR";"Norte";"Colisão Lateral";1;0;0;1;0;0;0;0;0;0;2;0;0;0;0
"06/06/2023";"08:04:00";"36";"2 - Aciden";"124.5";"BR-116/PR";"Sul";"Colisão Traseira";1;0;0;1;0;0;0;0;0;0;1;1;0;0;0
"06/06/2023";"04:25:00";"114";"3 - Aciden";"13.087";"BR-116/SC";"Sul";"Saida de Pista";0;0;1;0;0;0;0;0;0;0;1;0;0;0;0
"06/06/2023";"05:13:00";"123";"3 - Aciden";"231.1";"BR-116/SC";"Sul";"Colisão Traseira";0;0;2;0;0;0;0;0;0;0;2;0;0;0;0
"07/06/2023";"05:04:00";"18";"3 - Aciden";"107.4";"BR-116/SC";"Norte";"Choque - Defensa, barreira ou "submarino"";1;0;0;0;0;0;0;0;0;0;1;0;0;0;0
"07/06/2023";"03:58:00";"104";"3 - Aciden";"126.35";"BR-116/PR";"Sul";"Engavetamento";3;0;0;0;0;0;0;0;0;0;3;0;0;0;0
"07/06/2023";"04:50:00";"110";"3 - Aciden";"209.1";"BR-116/SC";"Norte";"Colisão Traseira";1;0;1;0;0;0;0;0;0;0;2;0;0;0;0
"07/06/2023";"05:14:00";"115";"2 - Aciden";"228.3";"BR-116/SC";"Norte";"Capotamento";1;0;0;0;0;0;0;0;0;0;1;0;0;2;0
"07/06/2023";"06:48:00";"121";"3 - Aciden";"54.9";"BR-116/SC";"Sul";"Saida de Pista";1;0;0;0;0;0;0;0;0;0;1;0;0;0;0
"07/06/2023";"06:57:00";"122";"2 - Aciden";"116.3";"BR-116/PR";"Sul";"Colisão Lateral";1;0;0;1;1;0;0;0;0;0;2;1;0;0;0
"08/06/2023";"10:24:00";"36";"3 - Aciden";"104.4";"BR-116/SC";"Sul";"Colisão Traseira";0;0;2;0;0;1;0;0;0;0;3;0;0;0;0
"08/06/2023";"03:57:00";"66";"2 - Aciden";"134.1";"BR-116/PR";"Norte";"Engavetamento";2;0;1;0;0;0;0;0;0;0;2;1;0;0;0
"09/06/2023";"08:36:00";"45";"2 - Aciden";"118.5";"BR-116/PR";"Norte";"Queda de Moto";0;0;0;1;0;0;0;0;0;0;0;1;0;1;0
"09/06/2023";"05:43:00";"78";"3 - Aciden";"217.042";"BR-116/SC";"Sul";"Colisão Traseira";2;0;0;0;0;0;0;0;0;0;2;0;0;0;0
"09/06/2023";"08:14:00";"94";"3 - Aciden";"206.1";"BR-116/PR";"Sul";"Capotamento";1;0;0;0;0;0;0;0;0;0;1;0;0;0;0
"10/06/2023";"01:02:00";"48";"2 - Aciden";"114.9";"BR-116/SC";"Norte";"Queda de Moto";0;0;0;1;0;0;0;0;0;0;0;1;0;0;0
"10/06/2023";"06:30:00";"82";"2 - Aciden";"210.8";"BR-116/PR";"Norte";"Colisão Transversal";1;0;0;1;0;0;0;0;0;0;1;1;0;0;0
"10/06/2023";"06:53:00";"85";"2 - Aciden";"268.6";"BR-116/SC";"Norte";"Colisão Traseira";1;0;0;1;0;0;0;0;0;0;1;0;0;1;0
"10/06/2023";"07:12:00";"88";"3 - Aciden";"123.1";"BR-116/PR";"Sul";"Colisão Lateral";1;0;0;1;0;0;0;0;0;0;2;0;0;0;0
"10/06/2023";"09:20:00";"96";"3 - Aciden";"218.042";"BR-116/SC";"Sul";"Choque - Defensa, barreira ou "submarino"";0;0;0;0;0;0;0;0;0;1;1;0;0;0;0
"10/06/2023";"11:40:00";"100";"3 - Aciden";"152.5";"BR-116/PR";"Sul";"Colisão Transversal";1;0;1;0;0;0;0;0;0;0;2;0;0;0;0
"11/06/2023";"12:52:00";"40";"2 - Aciden";"144.6";"BR-116/SC";"Norte";"Choque - Elemento de Drenagem";1;0;0;0;0;0;0;0;0;0;1;1;0;0;0
"11/06/2023";"04:19:00";"60";"2 - Aciden";"122.1";"BR-116/PR";"Sul";"Colisão Traseira";1;0;0;1;0;0;0;0;0;0;1;1;1;0;0
"11/06/2023";"05:34:00";"71";"3 - Aciden";"115.087";"BR-116/PR";"Norte";"Colisão Traseira";2;0;0;0;0;0;0;0;0;0;2;0;0;0;0
"11/06/2023";"08:21:00";"85";"2 - Aciden";"115.15";"BR-116/PR";"Sul";"Outros";1;0;0;1;0;0;0;0;0;0;1;1;0;0;0
"12/06/2023";"01:12:00";"10";"3 - Aciden";"125.01";"BR-116/PR";"Norte";"Choque - Defensa, barreira ou "submarino"";2;0;0;0;0;0;0;0;0;0;2;0;0;0;0
"12/06/2023";"03:34:00";"12";"2 - Aciden";"144.05";"BR-116/PR";"Norte";"Atropelamento - Andarilho";0;0;1;0;0;0;0;0;0;0;1;0;1;0;0
"12/06/2023";"04:52:00";"15";"3 - Aciden";"197.9";"BR-116/PR";"Sul";"Saida de Pista";1;0;0;0;0;0;0;0;0;0;1;0;0;0;0
"12/06/2023";"09:48:00";"59";"3 - Aciden";"133.01";"BR-116/PR";"Sul";"Queda de Moto";0;0;0;1;0;0;0;0;0;0;1;0;0;0;0
"12/06/2023";"09:52:00";"61";"3 - Aciden";"111.01";"BR-116/SC";"Norte";"Capotamento";1;0;0;0;0;0;0;0;0;0;1;0;0;0;0
"12/06/2023";"10:12:00";"63";"3 - Aciden";"246.01";"BR-116/SC";"Norte";"Colisão Traseira";1;0;0;0;0;1;0;0;0;0;2;0;0;0;0
"12/06/2023";"10:15:00";"64";"3 - Aciden";"77.01";"BR-116/SC";"Sul";"Colisão Traseira";1;0;0;0;0;1;0;0;0;0;2;0;0;0;0
"13/06/2023";"03:28:00";"9";"3 - Aciden";"126.2";"BR-116/PR";"Sul";"Colisão Traseira";1;0;0;0;1;0;0;0;0;0;2;0;0;0;0
"13/06/2023";"08:33:00";"45";"2 - Aciden";"116.3";"BR-116/PR";"Norte";"Colisão Traseira";1;0;0;1;0;0;0;0;0;0;1;1;0;0;0
"13/06/2023";"02:15:00";"68";"2 - Aciden";"183.75";"BR-116/PR";"Sul";"Engavetamento";0;0;3;0;0;0;0;0;0;0;2;1;0;0;0
"14/06/2023";"05:28:00";"9";"2 - Aciden";"125.5";"BR-116/PR";"Sul";"Colisão Traseira";2;0;1;0;0;0;0;0;0;0;2;1;0;0;0
"14/06/2023";"07:49:00";"14";"2 - Aciden";"116.01";"BR-116/PR";"Norte";"Colisão Traseira";0;0;1;1;0;1;0;0;0;0;2;1;0;0;0
"14/06/2023";"06:24:00";"113";"3 - Aciden";"206.1";"BR-116/SC";"Sul";"Colisão Lateral";1;0;0;0;0;1;0;0;0;0;3;0;0;0;0
"14/06/2023";"06:57:00";"115";"3 - Aciden";"153.1";"BR-116/PR";"Sul";"Queda de Moto";0;0;0;1;0;0;0;0;0;0;2;0;0;0;0
"14/06/2023";"08:24:00";"125";"3 - Aciden";"205.554";"BR-116/SC";"Sul";"Saida de Pista";0;0;1;0;0;0;0;0;0;0;1;0;0;0;0
"15/06/2023";"01:10:00";"8";"3 - Aciden";"83.1";"BR-116/SC";"Sul";"Colisão Lateral";1;0;0;0;0;1;0;0;0;0;2;0;0;0;0
"15/06/2023";"06:51:00";"19";"3 - Aciden";"115.01";"BR-116/PR";"Norte";"Colisão Traseira";1;0;1;0;0;0;0;0;0;0;2;0;0;0;0
"15/06/2023";"07:04:00";"20";"3 - Aciden";"121.01";"BR-116/PR";"Sul";"Saida de Pista";1;0;0;0;0;0;0;0;0;0;1;0;0;0;0
"15/06/2023";"07:35:00";"25";"1 - Aciden";"31.1";"BR-116/SC";"Sul";"Colisão Frontal";1;0;1;0;0;0;0;0;0;0;1;0;0;1;2
"15/06/2023";"07:49:00";"26";"3 - Aciden";"118.01";"BR-116/PR";"Sul";"Colisão Lateral";1;0;0;0;0;1;0;0;0;0;2;0;0;0;0
"15/06/2023";"11:15:00";"54";"2 - Aciden";"7.106";"BR-116/SC";"Sul";"Saida de Pista";1;0;0;0;0;0;0;0;0;0;0;1;0;0;0
"15/06/2023";"01:40:00";"80";"2 - Aciden";"188.1";"BR-116/PR";"Norte";"Colisão Transversal";1;0;1;0;0;0;0;0;0;0;1;1;0;0;0
"15/06/2023";"04:48:00";"105";"3 - Aciden";"231.8";"BR-116/SC";"Sul";"Colisão Traseira";2;0;0;0;0;0;0;0;0;0;2;0;0;0;0
"15/06/2023";"10:14:00";"128";"3 - Aciden";"219.576";"BR-116/SC";"Sul";"Choque - Elemento de Drenagem";1;0;0;0;0;0;0;0;0;0;1;0;0;0;0
"16/06/2023";"03:24:00";"109";"2 - Aciden";"8.1";"BR-116/SC";"Norte";"Colisão Transversal";2;0;0;0;0;0;0;0;0;0;1;1;0;0;0
"16/06/2023";"06:51:00";"123";"3 - Aciden";"60.1";"BR-116/SC";"Sul";"Colisão Traseira";1;0;0;0;0;0;0;0;0;1;4;0;0;0;0
"17/06/2023";"06:17:00";"22";"3 - Aciden";"122.01";"BR-116/PR";"Sul";"Colisão Traseira";1;0;1;0;0;0;0;0;0;0;2;0;0;0;0
"17/06/2023";"08:52:00";"59";"3 - Aciden";"183.01";"BR-116/SC";"Sul";"Saida de Pista";1;0;0;0;0;0;0;0;0;0;1;0;0;0;0
"17/06/2023";"05:08:00";"108";"3 - Aciden";"125.1";"BR-116/PR";"Norte";"Choque - Defensa, barreira ou "submarino"";1;0;0;0;0;1;0;0;0;0;2;0;0;0;0
"18/06/2023";"12:14:00";"10";"3 - Aciden";"123.155";"BR-116/PR";"Sul";"Colisão Traseira";2;0;0;0;0;0;0;0;0;0;2;0;0;0;0
"18/06/2023";"01:22:00";"11";"3 - Aciden";"125.685";"BR-116/PR";"Sul";"Choque - Defensa, barreira ou "submarino"";1;0;0;0;0;0;0;0;0;0;1;0;0;0;0
"18/06/2023";"05:16:00";"14";"2 - Aciden";"179.834";"BR-116/PR";"Norte";"Tombamento";1;0;1;0;0;0;0;0;0;0;0;2;1;0;0
"18/06/2023";"10:12:00";"46";"3 - Aciden";"126.097";"BR-116/PR";"Sul";"Colisão Traseira";1;0;1;0;0;0;0;0;0;0;4;0;0;0;0
"18/06/2023";"11:05:00";"51";"3 - Aciden";"141.694";"BR-116/PR";"Sul";"Colisão Transversal";1;0;0;1;0;0;0;0;0;0;3;0;0;0;0
"18/06/2023";"08:37:00";"91";"2 - Aciden";"251.4";"BR-116/SC";"Norte";"Colisão Frontal";2;0;0;1;0;0;0;0;0;0;2;0;2;0;0
"18/06/2023";"11:23:00";"95";"1 - Aciden";"129.218";"BR-116/PR";"Sul";"Atropelamento - Morador";0;0;0;0;0;1;0;0;0;0;1;0;0;0;1
"19/06/2023";"08:30:00";"59";"3 - Aciden";"162.3";"BR-116/SC";"Sul";"Tombamento";0;0;1;0;0;0;0;0;0;0;1;0;0;0;0
"19/06/2023";"06:18:00";"129";"3 - Aciden";"7.1";"BR-116/SC";"Sul";"Colisão Traseira";2;0;0;0;0;0;0;0;0;0;2;0;0;0;0
"19/06/2023";"07:20:00";"132";"3 - Aciden";"209.01";"BR-116/PR";"Norte";"Colisão Transversal";1;0;0;0;0;1;0;0;0;0;2;0;0;0;0
"19/06/2023";"07:54:00";"137";"2 - Aciden";"125.1";"BR-116/PR";"Sul";"Colisão Lateral";1;0;0;1;0;0;0;0;0;0;1;1;0;0;0
"21/06/2023";"07:51:00";"50";"2 - Aciden";"223.1";"BR-116/SC";"Norte";"Colisão Lateral";1;0;0;0;1;0;0;0;0;0;1;1;0;1;0
"21/06/2023";"11:35:00";"77";"3 - Aciden";"5.65";"BR-116/SC";"Norte";"Colisão Traseira";1;0;0;0;1;0;0;0;0;0;2;0;0;0;0
"21/06/2023";"03:08:00";"95";"2 - Aciden";"8.775";"BR-116/SC";"Sul";"Colisão Traseira";0;0;1;1;0;0;0;0;0;0;2;0;1;0;0
"22/06/2023";"06:17:00";"17";"3 - Aciden";"120.01";"BR-116/PR";"Norte";"Engavetamento";4;0;0;0;0;0;0;0;0;1;5;0;0;0;0
"22/06/2023";"06:41:00";"18";"3 - Aciden";"121.01";"BR-116/PR";"Norte";"Colisão Traseira";1;0;0;0;0;1;0;0;0;0;2;0;0;0;0
"22/06/2023";"07:24:00";"20";"3 - Aciden";"175.01";"BR-116/SC";"Sul";"Saida de Pista";0;0;1;0;0;0;0;0;0;0;1;0;0;0;0
"22/06/2023";"08:12:00";"110";"3 - Aciden";"210.5";"BR-116/SC";"Norte";"Atropelamento de Animal";0;0;0;0;0;0;0;0;0;1;1;0;0;0;0
"22/06/2023";"10:22:00";"115";"2 - Aciden";"246.85";"BR-116/SC";"Sul";"Colisão Transversal";1;0;0;1;0;0;0;0;0;0;1;0;1;0;0
"23/06/2023";"12:20:00";"8";"3 - Aciden";"130.011";"BR-116/SC";"Norte";"Tombamento";1;0;0;0;0;0;0;0;0;0;1;0;0;0;0
"23/06/2023";"05:11:00";"18";"3 - Aciden";"120.064";"BR-116/PR";"Sul";"Colisão Traseira";0;0;2;0;0;0;0;0;0;0;2;0;0;0;0
"23/06/2023";"09:29:00";"58";"3 - Aciden";"11.2";"BR-116/SC";"Norte";"Colisão Traseira";0;0;0;0;0;0;0;0;0;2;7;0;0;0;0
"23/06/2023";"09:46:00";"60";"3 - Aciden";"209.01";"BR-116/PR";"Norte";"Colisão Lateral";2;0;0;0;0;0;0;0;0;0;2;0;0;0;0
"23/06/2023";"01:35:00";"75";"3 - Aciden";"1.1";"BR-116/SC";"Sul";"Capotamento";1;0;0;0;0;0;0;0;0;0;1;0;0;0;0
"23/06/2023";"02:17:00";"78";"2 - Aciden";"68.1";"BR-116/SC";"Sul";"Colisão Traseira";1;0;1;0;0;0;0;0;0;0;2;1;0;0;0
"23/06/2023";"05:10:00";"97";"2 - Aciden";"202.3";"BR-116/SC";"Sul";"Choque - Defensa, barreira ou "submarino"";1;0;0;0;0;0;0;0;0;0;0;1;0;0;0
"23/06/2023";"06:42:00";"102";"3 - Aciden";"118.01";"BR-116/PR";"Sul";"Colisão Lateral";1;0;0;1;0;0;0;0;0;0;2;0;0;0;0
"23/06/2023";"06:44:00";"104";"2 - Aciden";"213.01";"BR-116/SC";"Norte";"Colisão Traseira";1;0;1;0;0;0;0;0;0;0;1;0;1;0;0
"24/06/2023";"02:13:00";"11";"3 - Aciden";"185.564";"BR-116/PR";"Sul";"Tombamento";0;0;1;0;0;0;0;0;0;0;1;0;0;0;0
"24/06/2023";"02:33:00";"12";"3 - Aciden";"126.056";"BR-116/PR";"Sul";"Choque - Defensa, barreira ou "submarino"";1;0;0;0;0;0;0;0;0;0;1;0;0;0;0
"24/06/2023";"04:59:00";"15";"3 - Aciden";"293.1";"BR-116/SC";"Sul";"Tombamento";0;0;1;0;0;0;0;0;0;0;1;0;0;0;0
"25/06/2023";"05:40:00";"23";"2 - Aciden";"115.296";"BR-116/PR";"Norte";"Choque - Defensa, barreira ou "submarino"";1;0;0;0;0;0;0;0;0;0;0;0;1;1;0
"25/06/2023";"12:35:00";"44";"2 - Aciden";"133.61";"BR-116/PR";"Sul";"Colisão Lateral";1;0;1;0;0;0;0;0;0;0;1;1;1;2;0
"25/06/2023";"06:46:00";"82";"2 - Aciden";"61.1";"BR-116/SC";"Norte";"Atropelamento - Sem Informação";0;0;0;0;0;1;0;0;0;0;1;1;0;0;0
"25/06/2023";"07:25:00";"87";"3 - Aciden";"60.1";"BR-116/SC";"Sul";"Colisão Traseira";1;0;1;0;0;0;0;0;0;0;3;0;0;0;0
"26/06/2023";"07:39:00";"28";"2 - Aciden";"11.1";"BR-116/SC";"Norte";"Colisão Lateral";1;0;0;0;0;1;0;0;0;0;1;2;0;0;0
"26/06/2023";"10:47:00";"64";"3 - Aciden";"2.001";"BR-116/SC";"Sul";"Colisão Lateral";0;0;2;0;0;0;0;0;0;0;2;0;0;0;0
"26/06/2023";"10:59:00";"66";"2 - Aciden";"5.012";"BR-116/SC";"Sul";"Colisão Transversal";2;0;0;0;0;0;0;0;0;0;2;1;0;0;0
"26/06/2023";"07:34:00";"123";"2 - Aciden";"72.1";"BR-116/SC";"Sul";"Colisão Lateral";1;0;1;0;0;0;0;0;0;0;1;0;0;1;0
"26/06/2023";"09:00:00";"128";"1 - Aciden";"247.2";"BR-116/SC";"Norte";"Atropelamento - Andarilho";0;0;0;0;0;1;0;0;0;0;1;0;0;0;1
"27/06/2023";"08:20:00";"41";"2 - Aciden";"115.43";"BR-116/PR";"Sul";"Colisão Traseira";1;0;0;1;0;0;0;0;0;0;1;1;0;0;0