data;horario;n_da_ocorrencia;tipo_de_ocorrencia;km;trecho;sentido;tipo_de_acidente;automovel;bicicleta;caminhao;moto;onibus;outros;tracao_animal;transporte_de_cargas_especiais;trator_maquinas;utilitarios;ilesos;levemente_feridos;moderadamente_feridos;gravemente_feridos;mortos
"31/10/2023";"06:29:00";"40";"3 - Aciden";"141.1";"BR-116/SC";"Sul";"Colisão Transversal";2;0;0;0;0;0;0;0;0;0;4;0;0;0;0
"31/10/2023";"07:33:00";"54";"3 - Aciden";"115.4";"BR-116/PR";"Norte";"Colisão Traseira";1;0;0;0;0;0;0;0;0;0;1;0;0;0;0
"31/10/2023";"10:38:00";"112";"3 - Aciden";"244.1";"BR-116/SC";"Sul";"Saida de Pista";0;0;0;0;0;1;0;0;0;0;1;0;0;0;0
"31/10/2023";"11:25:00";"114";"3 - Aciden";"115.6";"BR-116/PR";"Norte";"Saida de Pista";0;0;1;0;0;0;0;0;0;0;1;0;0;0;0
"31/10/2023";"12:04:00";"121";"3 - Aciden";"208.9";"BR-116/SC";"Sul";"Colisão Traseira";2;0;0;0;0;0;0;0;0;0;3;0;0;0;0
"01/11/2023";"04:02:00";"125";"2 - Aciden";"189.2";"BR-116/PR";"Norte";"Colisão Transversal";2;0;0;0;0;0;0;0;0;0;2;0;1;0;0
"01/11/2023";"07:05:00";"144";"2 - Aciden";"152.2";"BR-116/PR";"Sul";"Colisão Transversal";2;0;0;0;0;0;0;0;0;0;2;0;1;0;0
"01/11/2023";"07:37:00";"147";"3 - Aciden";"115.1";"BR-116/PR";"Sul";"Colisão Traseira";1;0;0;1;0;0;0;0;0;0;2;0;0;0;0
"02/11/2023";"01:40:00";"26";"3 - Aciden";"192.1";"BR-116/SC";"Sul";"Atropelamento de Animal";1;0;0;0;0;0;0;0;0;0;1;0;0;0;0
"02/11/2023";"09:54:00";"53";"2 - Aciden";"122.048";"BR-116/PR";"Norte";"Queda de Moto";0;0;0;1;0;0;0;0;0;0;1;1;0;0;0
"03/11/2023";"09:27:00";"51";"3 - Aciden";"199.3";"BR-116/PR";"Norte";"Saida de Pista";0;0;0;0;0;0;0;0;0;1;1;0;0;0;0
"03/11/2023";"05:28:00";"82";"2 - Aciden";"135.617";"BR-116/PR";"Norte";"Choque - Outros";1;0;0;0;0;0;0;0;0;0;0;1;0;0;0
"03/11/2023";"05:41:00";"83";"2 - Aciden";"72.764";"BR-116/SC";"Sul";"Colisão Transversal";2;0;0;0;0;0;0;0;0;0;2;1;1;0;0
"03/11/2023";"09:35:00";"103";"3 - Aciden";"117.2";"BR-116/PR";"Norte";"Colisão Lateral";1;0;1;0;0;0;0;0;0;0;2;0;0;0;0
"04/11/2023";"12:29:00";"69";"3 - Aciden";"199.7";"BR-116/PR";"Sul";"Choque - Defensa, barreira ou "submarino"";1;0;0;0;0;0;0;0;0;0;1;0;0;0;0
"04/11/2023";"04:08:00";"90";"3 - Aciden";"66.3";"BR-116/SC";"Sul";"Saida de Pista";1;0;0;0;0;0;0;0;0;0;1;0;0;0;0
"04/11/2023";"05:19:00";"101";"3 - Aciden";"130.1";"BR-116/PR";"Sul";"Colisão Traseira";1;0;1;0;0;0;0;0;0;0;2;0;0;0;0
"05/11/2023";"06:16:00";"44";"2 - Aciden";"119.1";"BR-116/PR";"Sul";"Capotamento";1;0;0;0;0;0;0;0;0;0;1;1;0;0;0
"05/11/2023";"02:07:00";"76";"2 - Aciden";"119.1";"BR-116/PR";"Sul";"Colisão Traseira";1;0;1;0;0;0;0;0;0;0;1;0;1;0;0
"05/11/2023";"05:32:00";"113";"3 - Aciden";"154.1";"BR-116/PR";"Norte";"Colisão Traseira";2;0;0;0;0;0;0;0;0;0;2;0;0;0;0
"05/11/2023";"05:46:00";"115";"2 - Aciden";"150.8";"BR-116/PR";"Norte";"Colisão Transversal";0;0;0;1;0;0;0;0;0;1;1;1;0;0;0
"05/11/2023";"07:35:00";"129";"3 - Aciden";"126.2";"BR-116/PR";"Norte";"Colisão Traseira";1;0;0;0;0;0;0;0;0;0;1;0;0;0;0
"05/11/2023";"10:00:00";"143";"3 - Aciden";"157.5";"BR-116/PR";"Norte";"Choque - Arvore";1;0;0;0;0;0;0;0;0;0;1;0;0;0;0
"06/11/2023";"07:07:00";"50";"2 - Aciden";"124.1";"BR-116/PR";"Norte";"Colisão Traseira";1;0;0;1;0;0;0;0;0;0;1;0;1;0;0
"06/11/2023";"11:56:00";"112";"2 - Aciden";"143.1";"BR-116/PR";"Norte";"Colisão Traseira";1;0;0;1;0;0;0;0;0;0;1;1;0;0;0
"07/11/2023";"07:23:00";"33";"3 - Aciden";"120.1";"BR-116/PR";"Norte";"Colisão Traseira";2;0;0;0;0;0;0;0;0;0;2;0;0;0;0
"07/11/2023";"08:43:00";"74";"3 - Aciden";"134.1";"BR-116/PR";"Sul";"Colisão Lateral";1;0;1;0;0;0;0;0;0;0;2;0;0;0;0
"07/11/2023";"05:12:00";"142";"2 - Aciden";"253.1";"BR-116/SC";"Sul";"Colisão Traseira";1;0;0;0;0;1;0;0;0;0;1;1;0;0;0
"07/11/2023";"05:57:00";"145";"2 - Aciden";"151.1";"BR-116/PR";"Norte";"Colisão Lateral";1;0;0;1;0;0;0;0;0;0;1;1;0;0;0
"08/11/2023";"10:13:00";"70";"2 - Aciden";"120.1";"BR-116/PR";"Norte";"Queda de Moto";0;0;0;1;0;0;0;0;0;0;0;1;0;0;0
"08/11/2023";"12:14:00";"90";"3 - Aciden";"210.1";"BR-116/PR";"Sul";"Colisão Traseira";1;0;1;0;0;0;0;0;0;0;2;0;0;0;0
"08/11/2023";"01:02:00";"97";"3 - Aciden";"201.1";"BR-116/SC";"Norte";"Saida de Pista";0;0;1;0;0;0;0;0;0;0;1;0;0;0;0
"08/11/2023";"07:35:00";"136";"3 - Aciden";"116.1";"BR-116/PR";"Sul";"Colisão Traseira";1;0;0;0;1;0;0;0;0;0;2;0;0;0;0
"08/11/2023";"09:20:00";"143";"3 - Aciden";"250.1";"BR-116/SC";"Sul";"Colisão Frontal";1;0;0;1;0;0;0;0;0;0;2;0;0;0;0
"09/11/2023";"12:36:00";"8";"2 - Aciden";"117.1";"BR-116/SC";"Norte";"Tombamento";0;0;1;0;0;0;0;0;0;0;0;1;0;0;0
"09/11/2023";"07:32:00";"33";"2 - Aciden";"4.5";"BR-116/SC";"Sul";"Colisão Transversal";2;0;0;0;0;0;0;0;0;0;3;2;0;0;0
"09/11/2023";"03:47:00";"102";"2 - Aciden";"210.098";"BR-116/SC";"Norte";"Saida de Pista";0;0;1;0;0;0;0;0;0;0;0;2;0;0;0
"09/11/2023";"10:19:00";"126";"2 - Aciden";"209.1";"BR-116/PR";"Norte";"Colisão Transversal";2;0;0;0;0;0;0;0;0;0;2;1;0;0;0
"10/11/2023";"01:46:00";"96";"2 - Aciden";"150.098";"BR-116/PR";"Sul";"Atropelamento - Andarilho";0;0;0;0;0;1;0;0;0;0;1;0;1;0;0
"10/11/2023";"07:36:00";"126";"2 - Aciden";"205.1";"BR-116/PR";"Sul";"Colisão Frontal";2;0;0;1;0;0;0;0;0;0;2;0;0;2;0
"11/11/2023";"01:09:00";"9";"3 - Aciden";"47.1";"BR-116/SC";"Sul";"Colisão Lateral";1;0;0;0;0;1;0;0;0;0;3;0;0;0;0
"11/11/2023";"02:57:00";"12";"1 - Aciden";"67.1";"BR-116/SC";"Sul";"Colisão Frontal";2;0;0;0;0;0;0;0;0;0;0;0;0;2;1
"11/11/2023";"04:33:00";"16";"1 - Aciden";"188.052";"BR-116/SC";"Norte";"Colisão Frontal";1;0;1;0;0;0;0;0;0;0;1;0;0;1;1
"11/11/2023";"07:11:00";"23";"3 - Aciden";"248.1";"BR-116/SC";"Sul";"Saida de Pista";1;0;0;0;0;0;0;0;0;0;1;0;0;0;0
"11/11/2023";"09:39:00";"47";"2 - Aciden";"128.1";"BR-116/PR";"Sul";"Atropelamento - Andarilho";0;0;1;0;0;0;0;0;0;0;1;0;0;1;0
"11/11/2023";"07:13:00";"125";"2 - Aciden";"166.84";"BR-116/PR";"Sul";"Colisão Transversal";1;0;0;1;0;0;0;0;0;0;1;0;0;1;0
"11/11/2023";"09:11:00";"131";"3 - Aciden";"117.2";"BR-116/SC";"Norte";"Choque - Defensa, barreira ou "submarino"";1;0;0;0;0;0;0;0;0;0;1;0;0;0;0
"11/11/2023";"09:22:00";"132";"3 - Aciden";"209.05";"BR-116/SC";"Norte";"Saida de Pista";0;0;0;0;0;0;0;0;0;1;1;0;0;0;0
"11/11/2023";"09:51:00";"134";"2 - Aciden";"121.01";"BR-116/PR";"Norte";"Capotamento";1;0;0;0;0;0;0;0;0;0;1;1;0;0;0
"12/11/2023";"03:07:00";"23";"2 - Aciden";"141.1";"BR-116/PR";"Sul";"Atropelamento - Usuário";1;0;0;0;0;0;0;0;0;0;1;0;0;1;0
"12/11/2023";"06:08:00";"28";"2 - Aciden";"121.1";"BR-116/PR";"Sul";"Choque - Poste";1;0;0;0;0;0;0;0;0;0;0;0;3;1;0
"12/11/2023";"01:28:00";"66";"3 - Aciden";"127.641";"BR-116/PR";"Norte";"Colisão Traseira";1;0;0;0;0;1;0;0;0;0;4;0;0;0;0
"12/11/2023";"07:54:00";"116";"2 - Aciden";"146.1";"BR-116/PR";"Norte";"Saida de Pista";1;0;0;0;0;0;0;0;0;0;1;1;0;0;0
"13/11/2023";"02:25:00";"12";"3 - Aciden";"55.9";"BR-116/SC";"Norte";"Capotamento";1;0;0;0;0;0;0;0;0;0;1;0;0;0;0
"13/11/2023";"07:43:00";"27";"3 - Aciden";"125.8";"BR-116/PR";"Norte";"Colisão Lateral";1;0;0;1;0;0;0;0;0;0;2;0;0;0;0
"13/11/2023";"07:53:00";"29";"3 - Aciden";"209.2";"BR-116/PR";"Norte";"Colisão Lateral";0;0;2;0;0;0;0;0;0;0;2;0;0;0;0
"13/11/2023";"04:25:00";"117";"3 - Aciden";"209.1";"BR-116/PR";"Sul";"Colisão Lateral";1;0;0;0;0;1;0;0;0;0;2;0;0;0;0
"14/11/2023";"06:31:00";"25";"2 - Aciden";"124.1";"BR-116/PR";"Norte";"Colisão Traseira";1;0;0;1;0;0;0;0;0;0;1;1;0;0;0
"14/11/2023";"12:26:00";"73";"3 - Aciden";"205.8";"BR-116/PR";"Sul";"Saida de Pista";0;0;1;0;0;0;0;0;0;0;1;0;0;0;0
"14/11/2023";"05:11:00";"92";"3 - Aciden";"284.6";"BR-116/SC";"Sul";"Saida de Pista";1;0;0;0;0;0;0;0;0;0;1;0;0;0;0
"14/11/2023";"05:24:00";"95";"2 - Aciden";"209.1";"BR-116/PR";"Sul";"Atropelamento - Ciclista";0;1;0;1;0;0;0;0;0;0;1;1;0;0;0
"15/11/2023";"07:29:00";"29";"2 - Aciden";"122.7";"BR-116/SC";"Sul";"Saida de Pista";1;0;0;0;0;0;0;0;0;0;1;0;1;0;0
"16/11/2023";"09:27:00";"68";"3 - Aciden";"183.1";"BR-116/PR";"Sul";"Atropelamento de Animal";1;0;0;0;0;0;0;0;0;0;1;0;0;0;0
"16/11/2023";"12:36:00";"89";"2 - Aciden";"126.1";"BR-116/PR";"Norte";"Colisão Traseira";0;0;1;1;0;0;0;0;0;0;1;0;1;0;0
"16/11/2023";"02:52:00";"98";"3 - Aciden";"208.3";"BR-116/SC";"Sul";"Saida de Pista";0;0;1;0;0;0;0;0;0;0;1;0;0;0;0
"17/11/2023";"08:47:00";"34";"2 - Aciden";"209.1";"BR-116/PR";"Norte";"Colisão Transversal";2;0;0;0;0;0;0;0;0;0;3;1;0;0;0
"17/11/2023";"11:06:00";"52";"2 - Aciden";"217.5";"BR-116/SC";"Sul";"Colisão Transversal";1;0;1;0;0;0;0;0;0;0;1;1;0;1;0
"17/11/2023";"04:09:00";"111";"3 - Aciden";"126.1";"BR-116/PR";"Norte";"Colisão Transversal";2;0;0;0;0;0;0;0;0;0;2;0;0;0;0
"17/11/2023";"05:50:00";"122";"3 - Aciden";"308.1";"BR-116/SC";"Norte";"Choque - Talude";1;0;0;0;0;0;0;0;0;0;1;0;0;0;0
"17/11/2023";"08:07:00";"135";"3 - Aciden";"136.098";"BR-116/PR";"Sul";"Saida de Pista";1;0;0;0;0;0;0;0;0;0;1;0;0;0;0
"18/11/2023";"09:38:00";"60";"2 - Aciden";"209.5";"BR-116/PR";"Sul";"Atropelamento - Ciclista";1;1;0;0;0;0;0;0;0;0;1;0;1;0;0
"18/11/2023";"12:22:00";"79";"3 - Aciden";"174.05";"BR-116/SC";"Sul";"Colisão Traseira";0;0;2;0;0;0;0;0;0;0;2;0;0;0;0
"18/11/2023";"01:53:00";"98";"3 - Aciden";"5.002";"BR-116/SC";"Norte";"Colisão Lateral";1;0;1;0;0;0;0;0;0;0;2;0;0;0;0
"18/11/2023";"04:31:00";"122";"3 - Aciden";"130.1";"BR-116/PR";"Sul";"Colisão Lateral";1;0;1;0;0;0;0;0;0;0;2;0;0;0;0
"18/11/2023";"04:50:00";"124";"2 - Aciden";"210.1";"BR-116/SC";"Sul";"Saida de Pista";0;0;0;1;0;0;0;0;0;0;0;1;0;0;0
"19/11/2023";"05:27:00";"40";"3 - Aciden";"132.1";"BR-116/PR";"Norte";"Saida de Pista";1;0;0;0;0;0;0;0;0;0;1;0;0;0;0
"19/11/2023";"12:15:00";"63";"3 - Aciden";"126.125";"BR-116/PR";"Sul";"Colisão Traseira";1;0;1;0;0;0;0;0;0;0;5;0;0;0;0
"20/11/2023";"07:40:00";"144";"3 - Aciden";"134.2";"BR-116/PR";"Sul";"Choque - Elemento de Drenagem";1;0;0;0;0;0;0;0;0;0;1;0;0;0;0
"21/11/2023";"12:50:00";"30";"2 - Aciden";"100.9";"BR-116/SC";"Norte";"Tombamento";0;0;1;0;0;0;0;0;0;0;0;0;1;0;0
"21/11/2023";"10:48:00";"88";"3 - Aciden";"173.9";"BR-116/SC";"Sul";"Colisão Traseira";1;0;0;0;0;1;0;0;0;0;2;0;0;0;0
"21/11/2023";"11:00:00";"89";"2 - Aciden";"128.6";"BR-116/SC";"Sul";"Colisão Traseira";2;0;0;0;0;0;0;0;0;0;2;1;0;0;0
"22/11/2023";"05:37:00";"36";"3 - Aciden";"227.1";"BR-116/SC";"Sul";"Choque - Elemento de Drenagem";0;0;1;0;0;0;0;0;0;0;3;0;0;0;0
"22/11/2023";"07:36:00";"47";"2 - Aciden";"124.1";"BR-116/PR";"Norte";"Colisão Traseira";1;0;0;1;0;0;0;0;0;0;1;1;0;0;0
"22/11/2023";"09:50:00";"89";"3 - Aciden";"132.1";"BR-116/PR";"Sul";"Queda de Moto";0;0;0;1;0;0;0;0;0;0;1;0;0;0;0
"22/11/2023";"10:40:00";"100";"3 - Aciden";"3.1";"BR-116/SC";"Sul";"Colisão Traseira";0;0;2;0;0;0;0;0;0;0;2;0;0;0;0
"22/11/2023";"11:23:00";"101";"3 - Aciden";"4.1";"BR-116/SC";"Sul";"Colisão Lateral";1;0;1;0;0;0;0;0;0;0;2;0;0;0;0
"22/11/2023";"03:30:00";"112";"2 - Aciden";"123.1";"BR-116/PR";"Sul";"Saida de Pista";0;0;0;1;0;0;0;0;0;0;0;1;1;0;0
"22/11/2023";"04:09:00";"116";"2 - Aciden";"135.1";"BR-116/PR";"Norte";"Saida de Pista";0;0;1;0;0;0;0;0;0;0;0;1;0;0;0
"22/11/2023";"05:50:00";"126";"3 - Aciden";"117.1";"BR-116/PR";"Norte";"Choque - Defensa, barreira ou "submarino"";0;0;1;0;0;0;0;0;0;0;1;0;0;0;0
"23/11/2023";"03:20:00";"113";"3 - Aciden";"117.12";"BR-116/PR";"Norte";"Colisão Lateral";1;0;1;0;0;0;0;0;0;0;2;0;0;0;0
"23/11/2023";"03:58:00";"118";"3 - Aciden";"115.2";"BR-116/PR";"Norte";"Colisão Lateral";1;0;1;0;0;0;0;0;0;0;2;0;0;0;0
"23/11/2023";"09:09:00";"131";"3 - Aciden";"122.077";"BR-116/PR";"Sul";"Choque - Defensa, barreira ou "submarino"";1;0;0;0;0;0;0;0;0;0;1;0;0;0;0
"24/11/2023";"03:23:00";"94";"3 - Aciden";"95.5";"BR-116/SC";"Norte";"Colisão Traseira";2;0;0;0;0;0;0;0;0;0;2;0;0;0;0
"24/11/2023";"07:31:00";"120";"2 - Aciden";"115.2";"BR-116/PR";"Norte";"Colisão Lateral";1;0;0;1;0;0;0;0;0;0;1;1;0;0;0
"24/11/2023";"08:58:00";"126";"3 - Aciden";"161.1";"BR-116/PR";"Sul";"Saida de Pista";1;0;0;0;0;0;0;0;0;0;1;0;0;0;0
"25/11/2023";"07:50:00";"31";"3 - Aciden";"54.3";"BR-116/SC";"Sul";"Colisão Traseira";0;0;1;0;0;0;0;0;0;1;6;0;0;0;0
"25/11/2023";"07:50:00";"30";"3 - Aciden";"54.3";"BR-116/SC";"Sul";"Atropelamento de Animal";0;0;0;0;0;0;0;0;0;1;5;0;0;0;0
"25/11/2023";"04:32:00";"99";"2 - Aciden";"152.5";"BR-116/PR";"Sul";"Colisão Lateral";1;0;0;0;0;1;0;0;0;0;2;1;0;0;0
"25/11/2023";"07:10:00";"108";"3 - Aciden";"237.1";"BR-116/SC";"Sul";"Saida de Pista";1;0;0;0;0;0;0;0;0;0;1;0;0;0;0
"25/11/2023";"09:34:00";"117";"2 - Aciden";"210.7";"BR-116/SC";"Norte";"Saida de Pista";1;0;0;0;0;0;0;0;0;0;1;1;0;0;0
"26/11/2023";"06:09:00";"30";"3 - Aciden";"196.2";"BR-116/PR";"Norte";"Colisão Lateral";1;0;1;0;0;0;0;0;0;0;2;0;0;0;0
"26/11/2023";"10:40:00";"43";"3 - Aciden";"106.35";"BR-116/SC";"Norte";"Choque - Talude";1;0;0;0;0;0;0;0;0;0;1;0;0;0;0
"26/11/2023";"05:49:00";"70";"2 - Aciden";"170.1";"BR-116/SC";"Norte";"Queda de Moto";0;0;0;1;0;0;0;0;0;0;0;1;0;0;0
"26/11/2023";"07:32:00";"84";"1 - Aciden";"50.3";"BR-116/SC";"Sul";"Colisão Frontal";1;0;1;0;0;0;0;0;0;0;1;0;0;1;1
"27/11/2023";"12:00:00";"75";"3 - Aciden";"197.7";"BR-116/PR";"Norte";"Saida de Pista";1;0;0;0;0;0;0;0;0;0;1;0;0;0;0
"27/11/2023";"02:15:00";"84";"3 - Aciden";"150.9";"BR-116/PR";"Norte";"Choque - Objeto sobre a pista";1;0;0;0;0;0;0;0;0;0;1;0;0;0;0
"27/11/2023";"05:52:00";"104";"3 - Aciden";"178.486";"BR-116/PR";"Norte";"Saida de Pista";0;0;1;0;0;0;0;0;0;0;1;0;0;0;0
"28/11/2023";"09:09:00";"56";"3 - Aciden";"126.1";"BR-116/PR";"Norte";"Colisão Lateral";2;0;0;0;0;0;0;0;0;0;3;0;0;0;0
"28/11/2023";"08:24:00";"108";"3 - Aciden";"107.8";"BR-116/SC";"Norte";"Choque - Talude";0;0;1;0;0;0;0;0;0;0;1;0;0;0;0
"29/11/2023";"12:43:00";"105";"3 - Aciden";"119.1";"BR-116/PR";"Sul";"Choque - Objeto sobre a pista";1;0;0;0;0;0;0;0;0;0;1;0;0;0;0
"29/11/2023";"12:43:00";"102";"2 - Aciden";"119.1";"BR-116/PR";"Norte";"Choque - Objeto sobre a pista";0;0;0;1;0;0;0;0;0;0;0;1;0;0;0
"29/11/2023";"03:19:00";"119";"3 - Aciden";"105.1";"BR-116/SC";"Sul";"Saida de Pista";0;0;1;0;0;0;0;0;0;0;1;0;0;0;0
"29/11/2023";"03:56:00";"121";"2 - Aciden";"126.1";"BR-116/PR";"Sul";"Colisão Traseira";1;0;0;1;0;0;0;0;0;0;1;1;0;0;0
"29/11/2023";"10:34:00";"148";"2 - Aciden";"105.7";"BR-116/SC";"Norte";"Tombamento";0;0;1;0;0;0;0;0;0;0;0;2;0;0;0
"30/11/2023";"05:42:00";"21";"3 - Aciden";"198.8";"BR-116/SC";"Sul";"Saida de Pista";0;0;1;0;0;0;0;0;0;0;1;0;0;0;0
"30/11/2023";"02:47:00";"90";"3 - Aciden";"244.586";"BR-116/SC";"Sul";"Choque - Defensa, barreira ou "submarino"";1;0;0;0;0;1;0;0;0;0;2;0;0;0;0
"30/11/2023";"04:17:00";"105";"3 - Aciden";"134.6";"BR-116/PR";"Norte";"Colisão Lateral";2;0;0;0;0;0;0;0;0;0;4;0;0;0;0
"30/11/2023";"11:11:00";"131";"2 - Aciden";"219.35";"BR-116/SC";"Sul";"Capotamento";0;0;0;0;0;0;0;0;0;1;1;0;1;0;0
"01/12/2023";"07:15:00";"28";"2 - Aciden";"117.1";"BR-116/PR";"Norte";"Colisão Lateral";1;0;0;1;0;0;0;0;0;0;1;2;0;0;0
"01/12/2023";"09:18:00";"131";"3 - Aciden";"26.1";"BR-116/SC";"Norte";"Saida de Pista";1;0;0;0;0;0;0;0;0;0;1;0;0;0;0
"02/12/2023";"09:18:00";"48";"3 - Aciden";"0.9";"BR-116/SC";"Sul";"Choque - Outros";1;0;0;0;0;0;0;0;0;0;1;0;0;0;0
"02/12/2023";"10:45:00";"115";"3 - Aciden";"122.1";"BR-116/PR";"Sul";"Colisão Traseira";2;0;0;0;0;0;0;0;0;0;2;0;0;0;0
"03/12/2023";"10:42:00";"49";"3 - Aciden";"66.12";"BR-116/SC";"Norte";"Colisão Lateral";2;0;0;0;0;0;0;0;0;0;3;0;0;0;0
"03/12/2023";"12:03:00";"57";"3 - Aciden";"134.4";"BR-116/PR";"Sul";"Colisão Lateral";2;0;0;0;0;0;0;0;0;0;2;0;0;0;0
"03/12/2023";"07:15:00";"101";"2 - Aciden";"115.1";"BR-116/PR";"Norte";"Colisão Transversal";1;0;0;1;0;0;0;0;0;0;1;2;0;0;0
"04/12/2023";"09:25:00";"51";"2 - Aciden";"59.5";"BR-116/SC";"Sul";"Tombamento";0;0;2;0;0;0;0;0;0;0;1;1;0;0;0
"04/12/2023";"05:21:00";"105";"2 - Aciden";"122.1";"BR-116/PR";"Norte";"Colisão Lateral";1;0;0;1;0;0;0;0;0;0;1;0;1;0;0
"04/12/2023";"07:06:00";"114";"3 - Aciden";"114.1";"BR-116/SC";"Norte";"Colisão Lateral";1;0;0;1;0;1;0;0;0;0;3;0;0;0;0
"04/12/2023";"07:56:00";"117";"2 - Aciden";"204.85";"BR-116/PR";"Sul";"Atropelamento - Ciclista";0;1;0;1;0;0;0;0;0;0;0;2;0;0;0
"05/12/2023";"02:40:00";"12";"2 - Aciden";"146.001";"BR-116/PR";"Sul";"Atropelamento - Morador";0;0;0;1;0;0;0;0;0;0;1;0;1;1;0
"05/12/2023";"08:19:00";"31";"3 - Aciden";"116.1";"BR-116/PR";"Norte";"Colisão Traseira";1;0;0;0;1;0;0;0;0;0;2;0;0;0;0
"05/12/2023";"09:07:00";"106";"3 - Aciden";"217.635";"BR-116/SC";"Sul";"Colisão Transversal";1;0;1;0;0;0;0;0;0;0;2;0;0;0;0
"06/12/2023";"02:56:00";"12";"3 - Aciden";"177.5";"BR-116/PR";"Sul";"Tombamento";0;0;1;0;0;0;0;0;0;0;1;0;0;0;0
"06/12/2023";"04:31:00";"19";"3 - Aciden";"200.1";"BR-116/PR";"Norte";"Tombamento";0;0;1;0;0;0;0;0;0;0;1;0;0;0;0
"06/12/2023";"11:34:00";"77";"2 - Aciden";"232.1";"BR-116/SC";"Sul";"Colisão Traseira";2;0;0;0;0;0;0;0;0;0;2;0;1;0;0
"06/12/2023";"06:27:00";"99";"3 - Aciden";"116.885";"BR-116/PR";"Sul";"Choque - Defensa, barreira ou "submarino"";1;0;0;0;0;0;0;0;0;0;1;0;0;0;0
"06/12/2023";"07:38:00";"105";"3 - Aciden";"122.443";"BR-116/PR";"Norte";"Colisão Frontal";1;0;1;0;0;0;0;0;0;0;2;0;0;0;0
"06/12/2023";"11:40:00";"117";"3 - Aciden";"122.073";"BR-116/PR";"Sul";"Choque - Defensa, barreira ou "submarino"";0;0;0;0;0;0;0;0;0;1;1;0;0;0;0
"07/12/2023";"02:17:00";"8";"3 - Aciden";"242.05";"BR-116/SC";"Norte";"Choque - Defensa, barreira ou "submarino"";1;0;0;0;0;0;0;0;0;0;1;0;0;0;0
"07/12/2023";"06:10:00";"103";"2 - Aciden";"208.9";"BR-116/PR";"Sul";"Colisão Traseira";1;0;0;1;0;0;0;0;0;0;1;1;0;0;0
"07/12/2023";"09:54:00";"116";"2 - Aciden";"211";"BR-116/PR";"Sul";"Colisão Transversal";1;0;0;1;0;0;0;0;0;0;1;2;0;0;0
"08/12/2023";"12:04:00";"9";"3 - Aciden";"126.157";"BR-116/PR";"Sul";"Colisão Traseira";2;0;0;0;0;0;0;0;0;0;2;0;0;0;0
"08/12/2023";"07:03:00";"120";"3 - Aciden";"131.1";"BR-116/PR";"Sul";"Colisão Lateral";1;0;1;0;0;0;0;0;0;0;2;0;0;0;0
"09/12/2023";"01:18:00";"12";"3 - Aciden";"126.213";"BR-116/PR";"Norte";"Colisão Transversal";1;0;1;0;0;0;0;0;0;0;5;0;0;0;0
"09/12/2023";"02:37:00";"14";"3 - Aciden";"226.9";"BR-116/SC";"Norte";"Capotamento";1;0;0;0;0;0;0;0;0;0;3;0;0;0;0
"09/12/2023";"03:37:00";"16";"3 - Aciden";"233.711";"BR-116/SC";"Sul";"Capotamento";1;0;0;0;0;0;0;0;0;0;1;0;0;0;0
"09/12/2023";"09:59:00";"48";"2 - Aciden";"115.2";"BR-116/PR";"Norte";"Engavetamento";3;0;0;0;0;0;0;0;0;0;3;1;0;0;0
"10/12/2023";"05:29:00";"18";"2 - Aciden";"142.351";"BR-116/SC";"Norte";"Colisão Frontal";1;0;1;0;0;0;0;0;0;0;1;2;0;0;0
"10/12/2023";"05:39:00";"19";"3 - Aciden";"107.7";"BR-116/SC";"Sul";"Saida de Pista";1;0;0;0;0;0;0;0;0;0;1;0;0;0;0
"10/12/2023";"12:29:00";"61";"2 - Aciden";"131.1";"BR-116/PR";"Sul";"Choque - Defensa, barreira ou "submarino"";1;0;0;0;0;0;0;0;0;0;0;0;1;0;0
"10/12/2023";"05:48:00";"80";"3 - Aciden";"177.1";"BR-116/PR";"Sul";"Saida de Pista";1;0;0;0;0;0;0;0;0;0;2;0;0;0;0
"10/12/2023";"05:54:00";"81";"3 - Aciden";"117.1";"BR-116/PR";"Sul";"Colisão Traseira";2;0;0;0;0;0;0;0;0;0;2;0;0;0;0
"11/12/2023";"06:03:00";"110";"2 - Aciden";"248.1";"BR-116/SC";"Norte";"Colisão Lateral";1;0;0;1;0;0;0;0;0;0;1;0;0;1;0
"12/12/2023";"11:58:00";"123";"3 - Aciden";"134.15";"BR-116/PR";"Sul";"Choque - Objeto sobre a pista";1;0;1;0;0;0;0;0;0;0;2;0;0;0;0
"13/12/2023";"08:03:00";"32";"1 - Aciden";"121.039";"BR-116/PR";"Norte";"Colisão Traseira";0;0;0;1;0;0;0;0;0;1;1;0;0;0;1
"14/12/2023";"12:32:00";"2";"2 - Aciden";"131.1";"BR-116/SC";"Sul";"Colisão Traseira";1;0;1;0;0;0;0;0;0;0;1;1;0;0;0
"14/12/2023";"09:16:00";"65";"2 - Aciden";"115.1";"BR-116/PR";"Norte";"Colisão Lateral";1;0;0;1;0;0;0;0;0;0;1;2;0;0;0
"14/12/2023";"02:05:00";"95";"2 - Aciden";"264.95";"BR-116/SC";"Norte";"Tombamento";0;0;1;0;0;0;0;0;0;0;0;0;1;0;0
"14/12/2023";"10:15:00";"143";"3 - Aciden";"72.1";"BR-116/SC";"Norte";"Colisão Frontal";2;0;0;0;0;0;0;0;0;0;2;0;0;0;0
"15/12/2023";"09:06:00";"58";"2 - Aciden";"115.1";"BR-116/PR";"Norte";"Colisão Lateral";1;0;0;1;0;0;0;0;0;0;1;1;0;0;0
"15/12/2023";"10:47:00";"70";"3 - Aciden";"164.5";"BR-116/PR";"Sul";"Colisão Transversal";2;0;0;0;0;0;0;0;0;0;2;0;0;0;0
"15/12/2023";"11:07:00";"72";"2 - Aciden";"306.1";"BR-116/SC";"Sul";"Choque - Talude";0;0;2;0;0;0;0;0;0;0;1;0;0;1;0
"15/12/2023";"11:39:00";"78";"3 - Aciden";"54.418";"BR-116/SC";"Sul";"Engavetamento";1;0;2;0;0;0;0;0;0;0;4;0;0;0;0
"15/12/2023";"03:13:00";"92";"3 - Aciden";"1.2";"BR-116/SC";"Norte";"Colisão Traseira";1;0;0;1;0;0;0;0;0;0;2;0;0;0;0
"15/12/2023";"06:35:00";"116";"3 - Aciden";"180.1";"BR-116/SC";"Norte";"Colisão Traseira";2;0;0;0;0;0;0;0;0;0;2;0;0;0;0