data;horario;n_da_ocorrencia;tipo_de_ocorrencia;km;trecho;sentido;tipo_de_acidente;automovel;bicicleta;caminhao;moto;onibus;outros;tracao_animal;transporte_de_cargas_especiais;trator_maquinas;utilitarios;ilesos;levemente_feridos;moderadamente_feridos;gravemente_feridos;mortos
"15/12/2023";"07:03:00";"119";"3 - Aciden";"8.1";"BR-116/SC";"Sul";"Colisão Traseira";1;0;1;0;0;0;0;0;0;0;2;0;0;0;0
"15/12/2023";"10:02:00";"135";"2 - Aciden";"115.95";"BR-116/PR";"Sul";"Queda de Moto";0;0;0;1;0;0;0;0;0;0;0;1;0;0;0
"16/12/2023";"01:35:00";"69";"2 - Aciden";"211";"BR-116/PR";"Norte";"Colisão Frontal";0;0;1;1;0;0;0;0;0;0;1;1;0;0;0
"16/12/2023";"05:03:00";"92";"3 - Aciden";"235.1";"BR-116/SC";"Sul";"Saida de Pista";1;0;0;0;0;0;0;0;0;0;1;0;0;0;0
"16/12/2023";"06:51:00";"101";"3 - Aciden";"131.1";"BR-116/PR";"Sul";"Saida de Pista";1;0;0;0;0;0;0;0;0;0;2;0;0;0;0
"16/12/2023";"08:27:00";"106";"3 - Aciden";"140.1";"BR-116/PR";"Norte";"Saida de Pista";1;0;0;0;0;0;0;0;0;0;1;0;0;0;0
"16/12/2023";"11:32:00";"117";"3 - Aciden";"192.25";"BR-116/SC";"Norte";"Choque - Elemento de Drenagem";0;0;0;0;0;0;0;0;0;1;1;0;0;0;0
"17/12/2023";"05:58:00";"18";"3 - Aciden";"75.1";"BR-116/SC";"Norte";"Colisão Traseira";1;0;0;0;0;1;0;0;0;0;3;0;0;0;0
"17/12/2023";"06:54:00";"19";"3 - Aciden";"183.1";"BR-116/SC";"Sul";"Choque - Arvore";1;0;0;0;0;0;0;0;0;0;1;0;0;0;0
"17/12/2023";"02:10:00";"48";"3 - Aciden";"119.1";"BR-116/PR";"Norte";"Capotamento";2;0;0;0;0;0;0;0;0;0;2;0;0;0;0
"17/12/2023";"02:23:00";"50";"2 - Aciden";"119.5";"BR-116/PR";"Sul";"Colisão Traseira";1;0;0;1;0;0;0;0;0;0;1;1;0;0;0
"17/12/2023";"05:08:00";"75";"3 - Aciden";"93.1";"BR-116/SC";"Norte";"Saida de Pista";1;0;0;0;0;0;0;0;0;0;2;0;0;0;0
"17/12/2023";"05:36:00";"79";"3 - Aciden";"123.1";"BR-116/PR";"Norte";"Engavetamento";3;0;0;0;0;0;0;0;0;0;3;0;0;0;0
"18/12/2023";"08:26:00";"44";"2 - Aciden";"116.2";"BR-116/PR";"Norte";"Colisão Lateral";1;0;0;1;0;0;0;0;0;0;1;1;0;0;0
"18/12/2023";"02:50:00";"92";"3 - Aciden";"2.1";"BR-116/SC";"Sul";"Choque - Outros";1;0;1;0;0;0;0;0;0;0;4;0;0;0;0
"19/12/2023";"08:02:00";"25";"3 - Aciden";"115.2";"BR-116/PR";"Norte";"Colisão Lateral";1;0;0;1;0;0;0;0;0;0;2;0;0;0;0
"19/12/2023";"11:45:00";"67";"2 - Aciden";"210.7";"BR-116/PR";"Norte";"Colisão Transversal";1;0;1;0;0;0;0;0;0;0;1;1;0;0;0
"19/12/2023";"11:44:00";"133";"2 - Aciden";"143.9";"BR-116/SC";"Sul";"Tombamento";0;0;2;0;0;0;0;0;0;0;4;1;0;0;0
"20/12/2023";"02:02:00";"74";"2 - Aciden";"9.5";"BR-116/SC";"Sul";"Saida de Pista";1;0;0;0;0;0;0;0;0;0;0;1;0;0;0
"20/12/2023";"03:11:00";"84";"3 - Aciden";"247.1";"BR-116/SC";"Sul";"Engavetamento";1;0;1;0;0;0;0;0;0;1;7;0;0;0;0
"20/12/2023";"05:22:00";"100";"3 - Aciden";"261.1";"BR-116/SC";"Norte";"Colisão Traseira";0;0;1;1;0;0;0;0;0;0;2;0;0;0;0
"20/12/2023";"06:43:00";"110";"2 - Aciden";"115.1";"BR-116/PR";"Sul";"Colisão Traseira";1;0;0;1;0;0;0;0;0;0;2;1;0;0;0
"21/12/2023";"12:09:00";"8";"3 - Aciden";"121.4";"BR-116/PR";"Sul";"Colisão Lateral";1;0;1;0;0;0;0;0;0;0;2;0;0;0;0
"21/12/2023";"12:47:00";"12";"3 - Aciden";"121.1";"BR-116/PR";"Sul";"Colisão Traseira";2;0;0;0;0;0;0;0;0;0;2;0;0;0;0
"21/12/2023";"02:36:00";"94";"3 - Aciden";"179.861";"BR-116/SC";"Norte";"Colisão Transversal";1;0;0;1;0;0;0;0;0;0;2;0;0;0;0
"22/12/2023";"07:19:00";"31";"2 - Aciden";"119.1";"BR-116/PR";"Norte";"Colisão Lateral";1;0;0;1;1;0;0;0;0;0;2;2;0;0;0
"22/12/2023";"10:26:00";"63";"3 - Aciden";"118.7";"BR-116/SC";"Sul";"Colisão Traseira";1;0;1;0;0;0;0;0;0;0;2;0;0;0;0
"22/12/2023";"05:17:00";"103";"1 - Aciden";"126.193";"BR-116/PR";"Norte";"Atropelamento - Ciclista";0;1;1;0;0;0;0;0;0;0;1;0;0;0;1
"22/12/2023";"05:25:00";"104";"2 - Aciden";"210.184";"BR-116/PR";"Norte";"Colisão Transversal";1;0;0;1;0;0;0;0;0;0;1;0;1;0;0
"22/12/2023";"06:31:00";"108";"3 - Aciden";"125.57";"BR-116/PR";"Sul";"Colisão Traseira";2;0;0;0;0;0;0;0;0;0;2;0;0;0;0
"22/12/2023";"07:43:00";"117";"3 - Aciden";"135.1";"BR-116/PR";"Sul";"Queda de Moto";0;0;0;1;0;0;0;0;0;0;1;0;0;0;0
"22/12/2023";"09:40:00";"133";"3 - Aciden";"141.03";"BR-116/SC";"Norte";"Colisão Transversal";1;0;1;0;0;0;0;0;0;0;2;0;0;0;0
"22/12/2023";"10:13:00";"135";"3 - Aciden";"232.4";"BR-116/SC";"Sul";"Saida de Pista";1;0;0;0;0;0;0;0;0;0;2;0;0;0;0
"23/12/2023";"09:36:00";"33";"3 - Aciden";"210.1";"BR-116/SC";"Sul";"Saida de Pista";1;0;0;0;0;0;0;0;0;0;1;0;0;0;0
"23/12/2023";"10:50:00";"37";"3 - Aciden";"184.1";"BR-116/SC";"Sul";"Saida de Pista";1;0;0;0;0;0;0;0;0;0;1;0;0;0;0
"23/12/2023";"03:03:00";"52";"3 - Aciden";"104.1";"BR-116/SC";"Norte";"Capotamento";1;0;0;0;0;0;0;0;0;0;1;0;0;0;0
"24/12/2023";"04:56:00";"8";"3 - Aciden";"148.75";"BR-116/PR";"Sul";"Colisão Traseira";2;0;0;0;0;0;0;0;0;0;2;0;0;0;0
"24/12/2023";"04:36:00";"48";"3 - Aciden";"152.5";"BR-116/PR";"Sul";"Colisão Frontal";2;0;0;0;0;0;0;0;0;0;2;0;0;0;0
"24/12/2023";"07:13:00";"54";"3 - Aciden";"182.5";"BR-116/PR";"Norte";"Saida de Pista";1;0;0;0;0;0;0;0;0;0;4;0;0;0;0
"24/12/2023";"08:26:00";"59";"3 - Aciden";"126.1";"BR-116/PR";"Norte";"Saida de Pista";1;0;0;0;0;0;0;0;0;0;1;0;0;0;0
"25/12/2023";"07:13:00";"15";"2 - Aciden";"116.9";"BR-116/SC";"Sul";"Capotamento";1;0;0;0;0;0;0;0;0;0;0;1;0;0;0
"25/12/2023";"10:24:00";"82";"3 - Aciden";"125.9";"BR-116/PR";"Sul";"Colisão Traseira";2;0;0;0;0;0;0;0;0;0;2;0;0;0;0
"26/12/2023";"12:00:00";"41";"3 - Aciden";"124.1";"BR-116/SC";"Sul";"Colisão Traseira";1;0;0;0;0;0;0;0;0;1;2;0;0;0;0
"26/12/2023";"01:32:00";"49";"3 - Aciden";"211.1";"BR-116/SC";"Norte";"Capotamento";2;0;1;0;0;0;0;0;0;0;4;0;0;0;0
"26/12/2023";"02:18:00";"52";"2 - Aciden";"131.1";"BR-116/PR";"Norte";"Colisão Traseira";1;0;0;1;0;0;0;0;0;0;1;1;0;0;0
"28/12/2023";"09:24:00";"37";"3 - Aciden";"152.5";"BR-116/PR";"Sul";"Colisão Transversal";2;0;0;0;0;0;0;0;0;0;2;0;0;0;0
"28/12/2023";"09:34:00";"113";"3 - Aciden";"193.1";"BR-116/PR";"Sul";"Choque - Defensa, barreira ou "submarino"";0;0;1;0;0;0;0;0;0;0;1;0;0;0;0
"29/12/2023";"01:32:00";"5";"3 - Aciden";"205.8";"BR-116/PR";"Sul";"Saida de Pista";1;0;0;0;0;0;0;0;0;0;2;0;0;0;0
"29/12/2023";"04:57:00";"67";"3 - Aciden";"5.1";"BR-116/SC";"Sul";"Colisão Traseira";2;0;0;0;0;0;0;0;0;0;2;0;0;0;0
"29/12/2023";"05:32:00";"70";"3 - Aciden";"174.9";"BR-116/SC";"Norte";"Queda de Moto";0;0;0;1;0;0;0;0;0;0;1;0;0;0;0
"29/12/2023";"11:02:00";"90";"3 - Aciden";"153.1";"BR-116/PR";"Norte";"Colisão Traseira";2;0;0;0;0;0;0;0;0;0;2;0;0;0;0
"30/12/2023";"03:03:00";"13";"3 - Aciden";"209.1";"BR-116/PR";"Sul";"Capotamento";1;0;0;0;0;0;0;0;0;0;1;0;0;0;0
"31/12/2023";"01:34:00";"11";"3 - Aciden";"122.6";"BR-116/PR";"Sul";"Choque - Poste";1;0;0;0;0;0;0;0;0;0;1;0;0;0;0
"31/12/2023";"03:46:00";"74";"2 - Aciden";"125.1";"BR-116/PR";"Sul";"Colisão Frontal";1;1;0;0;0;0;0;0;0;0;1;1;0;0;0
"01/01/2024";"02:31:00";"13";"2 - Aciden";"66.359";"BR-116/SC";"Sul";"Colisão Lateral";0;0;0;1;0;1;0;0;0;0;1;0;0;1;0
"01/01/2024";"04:53:00";"15";"1 - Aciden";"115.1";"BR-116/SC";"Norte";"Tombamento";0;0;1;0;0;0;0;0;0;0;0;0;0;0;1
"01/01/2024";"05:44:00";"40";"2 - Aciden";"20.1";"BR-116/SC";"Norte";"Queda de Moto";0;0;0;1;0;0;0;0;0;0;0;2;0;0;0
"02/01/2024";"08:03:00";"79";"3 - Aciden";"118.1";"BR-116/PR";"Sul";"Saida de Pista";1;0;0;0;0;0;0;0;0;0;1;0;0;0;0
"02/01/2024";"08:15:00";"82";"3 - Aciden";"115.1";"BR-116/SC";"Norte";"Colisão Traseira";2;0;0;0;0;0;0;0;0;0;2;0;0;0;0
"03/01/2024";"09:20:00";"51";"3 - Aciden";"116.7";"BR-116/PR";"Norte";"Tombamento";0;0;1;0;0;0;0;0;0;0;1;0;0;0;0
"03/01/2024";"12:06:00";"64";"3 - Aciden";"210.01";"BR-116/PR";"Sul";"Colisão Lateral";2;0;0;0;0;0;0;0;0;0;3;0;0;0;0
"03/01/2024";"01:00:00";"70";"3 - Aciden";"239.34";"BR-116/SC";"Sul";"Saida de Pista";0;0;1;0;0;0;0;0;0;0;1;0;0;0;0
"03/01/2024";"03:20:00";"81";"3 - Aciden";"12.2";"BR-116/SC";"Sul";"Colisão Transversal";1;0;1;0;0;0;0;0;0;0;2;0;0;0;0
"04/01/2024";"02:16:00";"12";"3 - Aciden";"100.1";"BR-116/SC";"Norte";"Saida de Pista";1;0;0;0;0;0;0;0;0;0;2;0;0;0;0
"04/01/2024";"09:28:00";"44";"3 - Aciden";"124.121";"BR-116/PR";"Norte";"Colisão Traseira";1;0;0;0;0;1;0;0;0;0;2;0;0;0;0
"04/01/2024";"09:11:00";"94";"3 - Aciden";"168.1";"BR-116/PR";"Sul";"Colisão Lateral";2;0;0;0;0;0;0;0;0;0;2;0;0;0;0
"05/01/2024";"03:05:00";"73";"3 - Aciden";"205.95";"BR-116/PR";"Sul";"Saida de Pista";1;0;0;0;0;0;0;0;0;0;1;0;0;0;0
"06/01/2024";"08:12:00";"32";"2 - Aciden";"119.1";"BR-116/PR";"Sul";"Queda de Moto";0;0;0;1;0;0;0;0;0;0;0;1;0;0;0
"06/01/2024";"08:57:00";"35";"2 - Aciden";"218.6";"BR-116/SC";"Sul";"Colisão Frontal";1;0;1;0;0;0;0;0;0;0;2;0;2;0;0
"06/01/2024";"11:41:00";"48";"2 - Aciden";"152.4";"BR-116/PR";"Sul";"Colisão Transversal";2;0;0;0;0;0;0;0;0;0;3;2;0;0;0
"06/01/2024";"03:39:00";"71";"3 - Aciden";"250.617";"BR-116/SC";"Sul";"Choque - Defensa, barreira ou "submarino"";1;0;0;0;0;1;0;0;0;0;2;0;0;0;0
"08/01/2024";"02:31:00";"87";"3 - Aciden";"254.9";"BR-116/SC";"Norte";"Saida de Pista";1;0;0;0;0;0;0;0;0;0;1;0;0;0;0
"09/01/2024";"02:03:00";"11";"2 - Aciden";"124.874";"BR-116/PR";"Norte";"Capotamento";0;0;0;0;0;0;0;0;0;1;0;1;0;0;0
"09/01/2024";"06:22:00";"19";"3 - Aciden";"205.1";"BR-116/SC";"Norte";"Colisão Transversal";0;0;1;0;0;0;0;0;0;1;2;0;0;0;0
"09/01/2024";"01:58:00";"73";"1 - Aciden";"201.4";"BR-116/PR";"Norte";"Colisão Frontal";1;0;1;0;0;0;0;0;0;0;1;0;0;0;1
"10/01/2024";"12:18:00";"7";"2 - Aciden";"308.75";"BR-116/SC";"Norte";"Tombamento";0;0;1;0;0;0;0;0;0;0;0;1;0;0;0
"10/01/2024";"07:34:00";"37";"2 - Aciden";"116.1";"BR-116/PR";"Norte";"Colisão Lateral";1;0;0;1;0;0;0;0;0;0;1;1;0;0;0
"10/01/2024";"11:20:00";"64";"3 - Aciden";"17.1";"BR-116/SC";"Sul";"Colisão Traseira";1;0;1;0;0;0;0;0;0;0;4;0;0;0;0
"11/01/2024";"11:23:00";"70";"3 - Aciden";"204.6";"BR-116/PR";"Sul";"Colisão Traseira";1;0;1;0;0;0;0;0;0;0;2;0;0;0;0
"11/01/2024";"12:16:00";"73";"3 - Aciden";"178.2";"BR-116/SC";"Sul";"Saida de Pista";1;0;0;0;0;1;0;0;0;0;2;0;0;0;0
"11/01/2024";"07:04:00";"102";"3 - Aciden";"156.1";"BR-116/PR";"Norte";"Colisão Lateral";1;0;1;0;0;0;0;0;0;0;2;0;0;0;0
"11/01/2024";"07:47:00";"105";"3 - Aciden";"156.1";"BR-116/PR";"Norte";"Colisão Traseira";1;0;1;0;0;0;0;0;0;0;2;0;0;0;0
"12/01/2024";"06:51:00";"27";"3 - Aciden";"115.583";"BR-116/PR";"Norte";"Queda de Moto";0;0;0;1;0;0;0;0;0;0;1;0;0;0;0
"12/01/2024";"07:23:00";"31";"2 - Aciden";"144.063";"BR-116/PR";"Sul";"Colisão Lateral";0;0;0;2;0;0;0;0;0;0;1;1;0;0;0
"12/01/2024";"07:33:00";"33";"1 - Aciden";"227.35";"BR-116/SC";"Sul";"Colisão Frontal";0;0;0;0;1;0;0;0;0;1;0;7;1;0;1
"12/01/2024";"08:29:00";"38";"3 - Aciden";"122.305";"BR-116/PR";"Sul";"Colisão Traseira";1;0;1;0;0;0;0;0;0;0;2;0;0;0;0
"12/01/2024";"08:00:00";"113";"3 - Aciden";"122.1";"BR-116/PR";"Sul";"Colisão Traseira";1;0;0;0;0;1;0;0;0;0;2;0;0;0;0
"13/01/2024";"09:35:00";"105";"2 - Aciden";"246.1";"BR-116/SC";"Sul";"Colisão Transversal";1;0;0;1;0;0;0;0;0;0;1;0;1;0;0
"14/01/2024";"05:44:00";"78";"2 - Aciden";"30.099";"BR-116/SC";"Norte";"Choque - Arvore";0;0;0;0;0;0;0;0;0;1;0;0;1;0;0
"14/01/2024";"07:19:00";"83";"3 - Aciden";"116.224";"BR-116/PR";"Norte";"Colisão Transversal";3;0;0;0;0;0;0;0;0;0;3;0;0;0;0
"15/01/2024";"10:49:00";"63";"3 - Aciden";"6.1";"BR-116/SC";"Sul";"Saida de Pista";1;0;0;0;0;0;0;0;0;0;1;0;0;0;0
"15/01/2024";"08:44:00";"111";"2 - Aciden";"159.95";"BR-116/PR";"Sul";"Saida de Pista";1;0;0;0;0;0;0;0;0;0;0;1;0;0;0
"16/01/2024";"08:01:00";"46";"3 - Aciden";"217.5";"BR-116/SC";"Sul";"Colisão Lateral";1;0;1;0;0;0;0;0;0;0;2;0;0;0;0
"16/01/2024";"11:11:00";"76";"3 - Aciden";"124.1";"BR-116/PR";"Sul";"Colisão Traseira";1;0;0;0;0;0;0;0;0;1;2;0;0;0;0
"16/01/2024";"02:08:00";"97";"3 - Aciden";"147.1";"BR-116/PR";"Sul";"Colisão Traseira";0;0;0;0;0;0;0;0;0;2;2;0;0;0;0
"16/01/2024";"05:10:00";"121";"3 - Aciden";"185.1";"BR-116/PR";"Sul";"Colisão Traseira";0;0;1;0;0;0;0;0;0;1;2;0;0;0;0
"17/01/2024";"08:00:00";"36";"2 - Aciden";"115.4";"BR-116/PR";"Norte";"Colisão Traseira";0;0;0;1;0;1;0;0;0;0;2;1;0;0;0
"17/01/2024";"02:37:00";"82";"2 - Aciden";"209.1";"BR-116/PR";"Sul";"Colisão Lateral";1;0;0;1;0;0;0;0;0;0;1;1;0;0;0
"17/01/2024";"05:31:00";"94";"3 - Aciden";"127.5";"BR-116/PR";"Norte";"Colisão Transversal";1;0;1;0;0;0;0;0;0;0;2;0;0;0;0
"17/01/2024";"10:23:00";"117";"2 - Aciden";"208.979";"BR-116/PR";"Norte";"Queda de Moto";0;0;0;1;0;0;0;0;0;0;0;1;0;0;0
"18/01/2024";"12:21:00";"11";"2 - Aciden";"125.874";"BR-116/PR";"Sul";"Colisão Transversal";0;0;0;2;0;0;0;0;0;0;1;1;0;0;0
"18/01/2024";"07:47:00";"25";"2 - Aciden";"116.7";"BR-116/PR";"Norte";"Colisão Lateral";0;0;1;1;0;0;0;0;0;0;1;0;0;1;0
"18/01/2024";"09:06:00";"54";"2 - Aciden";"1.1";"BR-116/SC";"Norte";"Colisão Transversal";1;0;0;1;0;0;0;0;0;0;2;1;0;0;0
"18/01/2024";"09:08:00";"55";"2 - Aciden";"126.1";"BR-116/PR";"Norte";"Colisão Lateral";2;0;0;1;0;0;0;0;0;0;2;1;0;0;0
"18/01/2024";"12:01:00";"66";"2 - Aciden";"252.1";"BR-116/SC";"Norte";"Colisão Traseira";1;0;2;0;0;0;0;0;0;0;2;1;0;0;0
"18/01/2024";"02:55:00";"82";"3 - Aciden";"285.1";"BR-116/SC";"Sul";"Saida de Pista";1;0;0;0;0;0;0;0;0;0;2;0;0;0;0
"18/01/2024";"05:31:00";"91";"1 - Aciden";"234.1";"BR-116/SC";"Sul";"Colisão Transversal";2;0;0;0;0;0;0;0;0;0;0;0;0;5;2
"19/01/2024";"06:25:00";"19";"2 - Aciden";"120.1";"BR-116/PR";"Norte";"Queda de Moto";0;0;0;1;0;0;0;0;0;0;0;1;0;0;0
"19/01/2024";"09:18:00";"67";"2 - Aciden";"305.4";"BR-116/SC";"Sul";"Tombamento";0;0;1;0;0;0;0;0;0;0;0;0;0;1;0
"19/01/2024";"12:21:00";"85";"1 - Aciden";"162.1";"BR-116/PR";"Sul";"Atropelamento - Ciclista";0;1;1;0;0;0;0;0;0;0;1;0;0;0;1
"19/01/2024";"01:37:00";"90";"3 - Aciden";"245.1";"BR-116/SC";"Sul";"Colisão Transversal";2;0;0;0;0;0;0;0;0;0;2;0;0;0;0
"19/01/2024";"03:55:00";"107";"3 - Aciden";"306.5";"BR-116/SC";"Norte";"Choque - Defensa, barreira ou "submarino"";0;0;1;0;0;0;0;0;0;0;1;0;0;0;0
"20/01/2024";"12:02:00";"12";"2 - Aciden";"205.1";"BR-116/PR";"Norte";"Queda de Moto";0;0;0;1;0;0;0;0;0;0;0;0;1;0;0
"20/01/2024";"09:00:00";"46";"3 - Aciden";"245.858";"BR-116/SC";"Sul";"Colisão Lateral";2;0;0;0;0;0;0;0;0;0;2;0;0;0;0
"20/01/2024";"03:53:00";"92";"3 - Aciden";"16.5";"BR-116/SC";"Sul";"Queda de Moto";0;0;0;1;0;0;0;0;0;0;1;0;0;0;0
"21/01/2024";"01:48:00";"15";"3 - Aciden";"115.95";"BR-116/PR";"Sul";"Colisão Traseira";2;0;0;0;0;0;0;0;0;0;2;0;0;0;0
"22/01/2024";"11:17:00";"68";"2 - Aciden";"166.1";"BR-116/PR";"Norte";"Colisão Lateral";1;0;1;0;0;0;0;0;0;0;3;2;0;0;0
"22/01/2024";"04:55:00";"108";"3 - Aciden";"121.988";"BR-116/PR";"Sul";"Colisão Traseira";1;0;1;0;0;0;0;0;0;0;2;0;0;0;0
"22/01/2024";"05:28:00";"110";"2 - Aciden";"121.849";"BR-116/PR";"Sul";"Colisão Traseira";1;0;0;1;0;0;0;0;0;0;1;1;0;0;0
"23/01/2024";"05:36:00";"22";"3 - Aciden";"131.1";"BR-116/PR";"Sul";"Choque - Defensa, barreira ou "submarino"";1;0;0;0;0;1;0;0;0;0;2;0;0;0;0
"23/01/2024";"07:41:00";"31";"2 - Aciden";"15.1";"BR-116/SC";"Sul";"Saida de Pista";1;0;0;0;0;0;0;0;0;1;3;1;0;0;0
"23/01/2024";"12:49:00";"74";"3 - Aciden";"116.9";"BR-116/PR";"Sul";"Colisão Traseira";2;0;0;0;0;1;0;0;0;0;3;0;0;0;0
"23/01/2024";"01:01:00";"76";"3 - Aciden";"126.1";"BR-116/PR";"Sul";"Colisão Lateral";1;0;1;0;0;0;0;0;0;0;2;0;0;0;0
"23/01/2024";"02:46:00";"81";"3 - Aciden";"191.099";"BR-116/SC";"Sul";"Choque - Defensa, barreira ou "submarino"";1;0;0;0;0;0;0;0;0;0;2;0;0;0;0
"23/01/2024";"05:23:00";"94";"2 - Aciden";"59.85";"BR-116/SC";"Sul";"Colisão Transversal";2;0;1;0;0;0;0;0;0;0;2;0;1;0;0
"24/01/2024";"04:09:00";"22";"2 - Aciden";"115.889";"BR-116/PR";"Sul";"Atropelamento - Morador";0;0;0;0;0;0;0;0;0;1;1;0;1;0;0
"24/01/2024";"12:31:00";"81";"3 - Aciden";"12.1";"BR-116/SC";"Norte";"Colisão Transversal";2;0;0;0;0;0;0;0;0;0;3;0;0;0;0
"24/01/2024";"06:49:00";"121";"2 - Aciden";"115.2";"BR-116/PR";"Norte";"Colisão Traseira";0;0;1;1;0;0;0;0;0;0;1;0;1;0;0
"24/01/2024";"07:03:00";"123";"3 - Aciden";"300.1";"BR-116/SC";"Norte";"Colisão Lateral";0;0;2;0;0;0;0;0;0;0;2;0;0;0;0
"25/01/2024";"08:15:00";"36";"3 - Aciden";"107.1";"BR-116/SC";"Norte";"Colisão Lateral";0;0;2;0;0;0;0;0;0;0;2;0;0;0;0
"25/01/2024";"08:39:00";"37";"2 - Aciden";"119.1";"BR-116/PR";"Norte";"Queda de Moto";0;0;0;1;0;0;0;0;0;0;1;1;0;0;0
"25/01/2024";"10:25:00";"53";"3 - Aciden";"134.4";"BR-116/PR";"Norte";"Colisão Traseira";1;0;0;0;0;0;0;0;0;1;2;0;0;0;0
"25/01/2024";"08:46:00";"124";"2 - Aciden";"117.037";"BR-116/PR";"Sul";"Colisão Traseira";1;0;0;1;0;0;0;0;0;0;1;0;1;0;0
"27/01/2024";"01:42:00";"13";"2 - Aciden";"7.5";"BR-116/SC";"Norte";"Capotamento";1;0;0;0;0;0;0;0;0;0;0;1;0;0;0
"27/01/2024";"10:33:00";"51";"3 - Aciden";"144.1";"BR-116/PR";"Sul";"Colisão Lateral";3;0;0;0;0;0;0;0;0;0;3;0;0;0;0
"27/01/2024";"05:15:00";"82";"3 - Aciden";"209.1";"BR-116/SC";"Sul";"Saida de Pista";1;0;0;0;0;0;0;0;0;0;1;0;0;0;0
"27/01/2024";"11:18:00";"104";"3 - Aciden";"126.35";"BR-116/PR";"Norte";"Engavetamento";4;0;0;0;0;0;0;0;0;0;4;0;0;0;0
"28/01/2024";"10:30:00";"41";"3 - Aciden";"102.1";"BR-116/SC";"Sul";"Colisão Traseira";1;0;1;0;0;0;0;0;0;0;2;0;0;0;0
"28/01/2024";"11:30:00";"49";"3 - Aciden";"128.1";"BR-116/PR";"Sul";"Colisão Lateral";1;0;0;1;0;0;0;0;0;0;3;0;0;0;0
"28/01/2024";"10:37:00";"100";"3 - Aciden";"126.1";"BR-116/PR";"Norte";"Colisão Transversal";2;0;0;0;0;0;0;0;0;0;2;0;0;0;0
"29/01/2024";"09:11:00";"41";"3 - Aciden";"93.8";"BR-116/SC";"Sul";"Colisão Traseira";0;0;0;0;0;1;0;0;0;1;2;0;0;0;0
"30/01/2024";"09:26:00";"60";"2 - Aciden";"247.9";"BR-116/SC";"Norte";"Colisão Transversal";1;0;1;0;0;0;0;0;0;0;1;0;1;1;0
"30/01/2024";"12:20:00";"87";"3 - Aciden";"99.01";"BR-116/SC";"Norte";"Colisão Transversal";0;0;2;0;0;0;0;0;0;0;2;0;0;0;0
"31/01/2024";"05:14:00";"118";"2 - Aciden";"125.979";"BR-116/PR";"Sul";"Colisão Lateral";0;0;1;1;1;0;0;0;0;0;2;1;0;0;0
"01/02/2024";"03:16:00";"15";"3 - Aciden";"100.9";"BR-116/SC";"Norte";"Tombamento";0;0;1;0;0;0;0;0;0;0;1;0;0;0;0
"01/02/2024";"07:59:00";"51";"3 - Aciden";"120.1";"BR-116/PR";"Norte";"Colisão Traseira";2;0;0;0;0;0;0;0;0;0;2;0;0;0;0
"01/02/2024";"03:54:00";"104";"2 - Aciden";"139.5";"BR-116/SC";"Sul";"Colisão Lateral";1;0;0;1;0;0;0;0;0;0;1;1;0;0;0
"02/02/2024";"11:33:00";"69";"3 - Aciden";"152.6";"BR-116/PR";"Norte";"Colisão Lateral";0;0;1;1;0;0;0;0;0;0;2;0;0;0;0
"02/02/2024";"03:18:00";"93";"3 - Aciden";"120.1";"BR-116/PR";"Sul";"Colisão Traseira";1;0;1;0;0;0;0;0;0;0;2;0;0;0;0
"02/02/2024";"07:29:00";"122";"3 - Aciden";"137.1";"BR-116/SC";"Sul";"Capotamento";1;0;0;0;0;0;0;0;0;0;1;0;0;0;0
"02/02/2024";"09:27:00";"136";"3 - Aciden";"51.651";"BR-116/SC";"Norte";"Capotamento";0;0;0;0;0;0;0;0;0;1;1;0;0;0;0
"03/02/2024";"12:31:00";"17";"3 - Aciden";"118.477";"BR-116/PR";"Norte";"Choque - Defensa, barreira ou "submarino"";1;0;0;0;0;0;0;0;0;0;1;0;0;0;0
"03/02/2024";"03:25:00";"27";"2 - Aciden";"122.7";"BR-116/SC";"Norte";"Queda de Moto";0;0;0;1;0;0;0;0;0;0;0;1;0;0;0
"03/02/2024";"05:12:00";"94";"3 - Aciden";"119.1";"BR-116/PR";"Sul";"Saida de Pista";1;0;0;0;0;0;0;0;0;0;1;0;0;0;0
"03/02/2024";"07:06:00";"105";"3 - Aciden";"195.1";"BR-116/PR";"Norte";"Colisão Lateral";2;0;0;0;0;0;0;0;0;0;2;0;0;0;0
"03/02/2024";"10:31:00";"119";"3 - Aciden";"131.1";"BR-116/PR";"Norte";"Queda de Moto";0;0;0;1;0;0;0;0;0;0;1;0;0;0;0
"03/02/2024";"10:55:00";"122";"2 - Aciden";"115.5";"BR-116/PR";"Sul";"Queda de Moto";0;0;0;1;0;0;0;0;0;0;0;1;0;0;0
"04/02/2024";"04:14:00";"25";"3 - Aciden";"147.1";"BR-116/PR";"Norte";"Choque - Defensa, barreira ou "submarino"";1;0;0;0;0;0;0;0;0;0;1;0;0;0;0
"04/02/2024";"01:31:00";"60";"2 - Aciden";"145.1";"BR-116/PR";"Norte";"Saida de Pista";1;0;0;0;0;0;0;0;0;0;0;1;0;0;0
"04/02/2024";"05:32:00";"80";"3 - Aciden";"142.1";"BR-116/PR";"Norte";"Colisão Lateral";2;0;0;0;0;0;0;0;0;0;2;0;0;0;0
"04/02/2024";"06:17:00";"83";"3 - Aciden";"123.044";"BR-116/PR";"Norte";"Choque - Defensa, barreira ou "submarino"";1;0;0;0;0;0;0;0;0;0;1;0;0;0;0
"04/02/2024";"07:11:00";"84";"3 - Aciden";"140.042";"BR-116/SC";"Sul";"Choque - Defensa, barreira ou "submarino"";1;0;0;0;0;0;0;0;0;0;1;0;0;0;0
"04/02/2024";"07:53:00";"85";"1 - Aciden";"169.5";"BR-116/SC";"Sul";"Colisão Lateral";1;0;2;0;0;0;0;0;0;0;2;2;0;0;1
"04/02/2024";"08:57:00";"87";"3 - Aciden";"121.1";"BR-116/PR";"Sul";"Saida de Pista";1;0;0;0;0;0;0;0;0;0;1;0;0;0;0
"05/02/2024";"02:38:00";"81";"3 - Aciden";"192.1";"BR-116/SC";"Sul";"Saida de Pista";1;0;0;0;0;0;0;0;0;0;1;0;0;0;0
"05/02/2024";"06:14:00";"104";"2 - Aciden";"246.1";"BR-116/SC";"Norte";"Colisão Transversal";1;0;0;1;0;0;0;0;0;0;1;1;0;0;0