data;horario;n_da_ocorrencia;tipo_de_ocorrencia;km;trecho;sentido;tipo_de_acidente;automovel;bicicleta;caminhao;moto;onibus;outros;tracao_animal;transporte_de_cargas_especiais;trator_maquinas;utilitarios;ilesos;levemente_feridos;moderadamente_feridos;gravemente_feridos;mortos
"05/02/2024";"06:14:00";"105";"3 - Aciden";"207.1";"BR-116/SC";"Sul";"Saida de Pista";1;0;0;0;0;0;0;0;0;0;2;0;0;0;0
"05/02/2024";"06:24:00";"106";"3 - Aciden";"116.1";"BR-116/PR";"Sul";"Engavetamento";0;0;1;2;0;0;0;0;0;0;3;0;0;0;0
"05/02/2024";"08:10:00";"119";"2 - Aciden";"175.2";"BR-116/SC";"Sul";"Saida de Pista";1;0;0;0;0;0;0;0;0;0;0;1;0;0;0
"05/02/2024";"08:16:00";"120";"2 - Aciden";"166.1";"BR-116/SC";"Norte";"Tombamento";0;0;1;0;0;0;0;0;0;0;0;1;0;0;0
"05/02/2024";"10:46:00";"129";"2 - Aciden";"152.1";"BR-116/PR";"Norte";"Colisão Transversal";1;0;0;1;0;0;0;0;0;0;1;0;0;1;0
"06/02/2024";"07:51:00";"29";"2 - Aciden";"115.276";"BR-116/PR";"Norte";"Colisão Traseira";0;0;0;1;0;1;0;0;0;0;1;1;0;0;0
"06/02/2024";"12:17:00";"77";"2 - Aciden";"246.116";"BR-116/SC";"Sul";"Colisão Transversal";1;0;0;1;0;0;0;0;0;0;1;0;2;0;0
"06/02/2024";"04:51:00";"107";"2 - Aciden";"248.1";"BR-116/SC";"Norte";"Colisão Frontal";2;0;0;0;0;0;0;0;0;0;0;0;1;1;0
"06/02/2024";"05:22:00";"114";"3 - Aciden";"165.044";"BR-116/PR";"Norte";"Choque - Defensa, barreira ou "submarino"";1;0;0;0;0;0;0;0;0;0;1;0;0;0;0
"07/02/2024";"07:47:00";"29";"2 - Aciden";"122.01";"BR-116/PR";"Norte";"Colisão Transversal";0;0;0;1;0;1;0;0;0;0;1;1;0;0;0
"07/02/2024";"09:50:00";"57";"3 - Aciden";"121.1";"BR-116/PR";"Norte";"Colisão Traseira";3;0;0;1;0;0;0;0;0;0;4;0;0;0;0
"07/02/2024";"12:10:00";"76";"2 - Aciden";"116.721";"BR-116/PR";"Norte";"Engavetamento";1;0;2;0;0;0;0;0;0;0;3;1;0;0;0
"07/02/2024";"04:18:00";"110";"3 - Aciden";"142.742";"BR-116/PR";"Norte";"Colisão Lateral";1;0;1;0;0;0;0;0;0;0;2;0;0;0;0
"08/02/2024";"08:19:00";"58";"2 - Aciden";"116.2";"BR-116/PR";"Norte";"Colisão Lateral";1;0;0;1;0;0;0;0;0;0;1;0;1;0;0
"08/02/2024";"09:15:00";"65";"2 - Aciden";"117.8";"BR-116/PR";"Sul";"Colisão Traseira";0;0;0;2;0;0;0;0;0;0;1;1;0;0;0
"08/02/2024";"04:53:00";"118";"2 - Aciden";"136.835";"BR-116/PR";"Norte";"Capotamento";1;0;0;0;0;0;0;0;0;0;0;2;2;0;0
"08/02/2024";"05:55:00";"125";"2 - Aciden";"116.26";"BR-116/PR";"Norte";"Colisão Traseira";1;0;0;1;0;0;0;0;0;0;1;0;1;0;0
"08/02/2024";"08:43:00";"141";"3 - Aciden";"4.584";"BR-116/SC";"Norte";"Colisão Lateral";1;0;1;0;0;0;0;0;0;0;2;0;0;0;0
"08/02/2024";"09:20:00";"143";"2 - Aciden";"212.5";"BR-116/SC";"Sul";"Colisão Lateral";1;0;0;1;0;0;0;0;0;0;2;1;0;0;0
"09/02/2024";"09:40:00";"64";"2 - Aciden";"142.01";"BR-116/SC";"Sul";"Colisão Frontal";2;0;0;0;0;0;0;0;0;0;0;3;0;0;0
"09/02/2024";"02:32:00";"87";"2 - Aciden";"4.1";"BR-116/SC";"Sul";"Queda de Moto";0;0;0;1;0;0;0;0;0;2;2;1;0;0;0
"09/02/2024";"08:54:00";"122";"3 - Aciden";"134.4";"BR-116/PR";"Sul";"Colisão Traseira";1;0;0;0;0;0;0;0;0;1;2;0;0;0;0
"09/02/2024";"09:19:00";"124";"3 - Aciden";"118.2";"BR-116/PR";"Sul";"Colisão Lateral";1;0;1;0;0;0;0;0;0;0;2;0;0;0;0
"10/02/2024";"04:59:00";"18";"3 - Aciden";"286.9";"BR-116/SC";"Norte";"Colisão Traseira";2;0;0;0;0;0;0;0;0;0;2;0;0;0;0
"10/02/2024";"07:07:00";"25";"2 - Aciden";"4.5";"BR-116/SC";"Norte";"Colisão Transversal";0;0;1;2;0;0;0;0;0;0;1;2;0;0;0
"10/02/2024";"07:58:00";"33";"3 - Aciden";"134.4";"BR-116/PR";"Sul";"Colisão Traseira";1;0;0;1;0;0;0;0;0;0;2;0;0;0;0
"10/02/2024";"11:06:00";"47";"1 - Aciden";"228.8";"BR-116/SC";"Sul";"Colisão Transversal";1;0;0;0;1;0;0;0;0;0;65;0;0;2;1
"10/02/2024";"12:41:00";"52";"3 - Aciden";"130.1";"BR-116/PR";"Sul";"Colisão Traseira";1;0;1;0;0;0;0;0;0;0;2;0;0;0;0
"10/02/2024";"05:20:00";"80";"2 - Aciden";"118.1";"BR-116/PR";"Sul";"Colisão Lateral";1;0;0;1;0;0;0;0;0;0;1;1;0;0;0
"11/02/2024";"12:18:00";"11";"3 - Aciden";"124.532";"BR-116/PR";"Sul";"Engavetamento";3;0;0;0;0;0;0;0;0;0;4;0;0;0;0
"11/02/2024";"06:20:00";"23";"2 - Aciden";"116.9";"BR-116/PR";"Sul";"Capotamento";1;0;0;0;0;0;0;0;0;0;0;0;0;1;0
"11/02/2024";"02:29:00";"63";"2 - Aciden";"74.1";"BR-116/SC";"Sul";"Choque - Defensa, barreira ou "submarino"";1;0;0;0;0;0;0;0;0;0;2;1;0;0;0
"11/02/2024";"05:22:00";"78";"2 - Aciden";"128.25";"BR-116/PR";"Sul";"Choque - Talude";1;0;0;1;0;0;0;0;0;0;3;0;1;0;0
"11/02/2024";"09:24:00";"102";"3 - Aciden";"84.1";"BR-116/SC";"Norte";"Colisão Lateral";2;0;0;0;0;0;0;0;0;0;3;0;0;0;0
"12/02/2024";"12:45:00";"65";"2 - Aciden";"124.1";"BR-116/PR";"Norte";"Queda de Moto";0;0;0;1;0;0;0;0;0;0;0;1;0;0;0
"12/02/2024";"02:39:00";"72";"3 - Aciden";"283.1";"BR-116/SC";"Sul";"Colisão Traseira";2;0;0;0;0;0;0;0;0;0;6;0;0;0;0
"12/02/2024";"06:23:00";"99";"2 - Aciden";"53.9";"BR-116/SC";"Sul";"Choque - Outros";1;0;0;0;0;0;0;0;0;0;0;1;0;0;0
"13/02/2024";"08:32:00";"85";"2 - Aciden";"116.1";"BR-116/PR";"Norte";"Queda de Moto";0;0;0;1;0;0;0;0;0;0;0;1;0;0;0
"13/02/2024";"09:48:00";"91";"3 - Aciden";"180.01";"BR-116/SC";"Norte";"Colisão Transversal";1;0;1;0;0;0;0;0;0;0;2;0;0;0;0
"14/02/2024";"08:40:00";"45";"3 - Aciden";"73.2";"BR-116/SC";"Sul";"Choque - Defensa, barreira ou "submarino"";1;0;0;0;0;0;0;0;0;0;1;0;0;0;0
"14/02/2024";"03:40:00";"75";"2 - Aciden";"165.1";"BR-116/PR";"Norte";"Saida de Pista";1;0;0;0;0;0;0;0;0;0;0;1;0;0;0
"14/02/2024";"03:53:00";"76";"3 - Aciden";"150.1";"BR-116/PR";"Sul";"Engavetamento";3;0;0;0;0;0;0;0;0;0;3;0;0;0;0
"14/02/2024";"04:26:00";"79";"3 - Aciden";"86.1";"BR-116/SC";"Sul";"Colisão Frontal";1;0;0;0;0;0;0;0;0;1;2;0;0;0;0
"14/02/2024";"06:06:00";"80";"2 - Aciden";"8.1";"BR-116/SC";"Norte";"Saida de Pista";2;0;0;0;0;0;0;0;0;0;2;2;0;0;0
"15/02/2024";"03:14:00";"91";"2 - Aciden";"120.566";"BR-116/PR";"Norte";"Engavetamento";0;0;1;0;1;0;0;0;0;2;4;2;0;0;0
"15/02/2024";"06:07:00";"102";"3 - Aciden";"133.099";"BR-116/SC";"Norte";"Colisão Traseira";1;0;0;0;0;0;0;0;0;1;2;0;0;0;0
"16/02/2024";"02:51:00";"17";"3 - Aciden";"189.05";"BR-116/SC";"Sul";"Tombamento";0;0;1;0;0;0;0;0;0;0;1;0;0;0;0
"16/02/2024";"07:37:00";"36";"2 - Aciden";"57.9";"BR-116/SC";"Sul";"Colisão Transversal";1;0;0;0;0;0;0;0;0;1;4;1;0;0;0
"16/02/2024";"07:13:00";"123";"1 - Aciden";"141.543";"BR-116/PR";"Sul";"Colisão Transversal";0;0;0;1;0;1;0;0;0;0;1;0;0;0;1
"16/02/2024";"07:33:00";"124";"2 - Aciden";"124.691";"BR-116/PR";"Sul";"Colisão Lateral";1;0;0;1;0;0;0;0;0;0;1;1;0;0;0
"17/02/2024";"12:47:00";"16";"1 - Aciden";"117.045";"BR-116/PR";"Sul";"Atropelamento - Sem Informação";1;0;0;0;0;0;0;0;0;0;1;0;0;0;1
"18/02/2024";"10:37:00";"43";"3 - Aciden";"265.8";"BR-116/SC";"Sul";"Colisão Traseira";2;0;0;0;0;0;0;0;0;0;4;0;0;0;0
"18/02/2024";"11:42:00";"49";"2 - Aciden";"152.5";"BR-116/PR";"Sul";"Colisão Transversal";2;0;0;0;0;0;0;0;0;0;0;4;1;0;0
"18/02/2024";"01:04:00";"54";"2 - Aciden";"205.9";"BR-116/PR";"Sul";"Tombamento";0;0;1;0;0;0;0;0;0;0;0;1;0;0;0
"19/02/2024";"05:51:00";"112";"1 - Aciden";"86.1";"BR-116/SC";"Sul";"Colisão Frontal";0;0;2;0;0;0;0;0;0;0;0;0;1;0;2
"19/02/2024";"07:33:00";"123";"3 - Aciden";"119.1";"BR-116/PR";"Sul";"Colisão Traseira";2;0;0;0;0;0;0;0;0;0;2;0;0;0;0
"19/02/2024";"09:34:00";"128";"2 - Aciden";"34.1";"BR-116/SC";"Sul";"Colisão Traseira";1;0;0;1;0;0;0;0;0;0;1;1;0;0;0
"19/02/2024";"11:14:00";"136";"3 - Aciden";"197.3";"BR-116/PR";"Sul";"Choque - Defensa, barreira ou "submarino"";0;0;0;0;0;0;0;0;0;1;1;0;0;0;0
"20/02/2024";"05:54:00";"25";"2 - Aciden";"177.1";"BR-116/SC";"Norte";"Saida de Pista";0;0;1;0;0;0;0;0;0;0;0;1;0;0;0
"20/02/2024";"08:51:00";"63";"2 - Aciden";"5.5";"BR-116/SC";"Norte";"Colisão Transversal";1;0;0;1;0;0;0;0;0;0;2;1;0;0;0
"20/02/2024";"11:15:00";"76";"3 - Aciden";"26.2";"BR-116/SC";"Sul";"Tombamento";0;0;1;0;0;0;0;0;0;0;1;0;0;0;0
"20/02/2024";"12:31:00";"82";"3 - Aciden";"25.8";"BR-116/SC";"Sul";"Colisão Traseira";1;0;1;0;0;0;0;0;0;0;2;0;0;0;0
"20/02/2024";"01:27:00";"87";"2 - Aciden";"245.1";"BR-116/SC";"Sul";"Tombamento";0;0;1;0;0;0;0;0;0;0;0;1;0;0;0
"20/02/2024";"07:38:00";"132";"2 - Aciden";"115.1";"BR-116/PR";"Norte";"Colisão Traseira";1;0;0;1;0;0;0;0;0;0;1;1;0;0;0
"21/02/2024";"12:28:00";"18";"3 - Aciden";"245";"BR-116/SC";"Sul";"Choque - Suporte de Sinalização";1;0;0;0;0;0;0;0;0;0;1;0;0;0;0
"21/02/2024";"04:51:00";"108";"3 - Aciden";"74.1";"BR-116/SC";"Sul";"Colisão Lateral";1;0;1;0;0;0;0;0;0;0;2;0;0;0;0
"22/02/2024";"07:54:00";"50";"3 - Aciden";"69.088";"BR-116/SC";"Norte";"Tombamento";0;0;1;0;0;0;0;0;0;0;1;0;0;0;0
"23/02/2024";"06:45:00";"30";"3 - Aciden";"184.8";"BR-116/SC";"Norte";"Tombamento";0;0;1;0;0;0;0;0;0;0;1;0;0;0;0
"23/02/2024";"07:54:00";"37";"3 - Aciden";"308.7";"BR-116/SC";"Norte";"Tombamento";0;0;1;0;0;0;0;0;0;0;1;0;0;0;0
"24/02/2024";"07:06:00";"29";"3 - Aciden";"153.1";"BR-116/PR";"Sul";"Colisão Transversal";1;0;0;0;0;0;0;0;0;1;2;0;0;0;0
"24/02/2024";"11:34:00";"68";"3 - Aciden";"168.2";"BR-116/PR";"Sul";"Colisão Frontal";1;0;1;0;0;0;0;0;0;0;2;0;0;0;0
"24/02/2024";"07:49:00";"105";"3 - Aciden";"171.854";"BR-116/SC";"Sul";"Colisão Lateral";1;0;1;0;0;0;0;0;0;0;2;0;0;0;0
"24/02/2024";"09:23:00";"116";"3 - Aciden";"124.01";"BR-116/PR";"Sul";"Colisão Traseira";1;0;0;0;0;1;0;0;0;0;2;0;0;0;0
"25/02/2024";"02:21:00";"16";"2 - Aciden";"148.01";"BR-116/PR";"Norte";"Choque - Suporte de Sinalização";1;0;0;0;0;0;0;0;0;0;0;2;0;0;0
"25/02/2024";"03:31:00";"69";"3 - Aciden";"135.1";"BR-116/PR";"Norte";"Saida de Pista";0;0;1;0;0;0;0;0;0;1;3;0;0;0;0
"25/02/2024";"09:27:00";"86";"3 - Aciden";"119.226";"BR-116/PR";"Norte";"Choque - Defensa, barreira ou "submarino"";1;0;0;0;0;0;0;0;0;0;1;0;0;0;0
"26/02/2024";"07:28:00";"32";"3 - Aciden";"119.3";"BR-116/PR";"Norte";"Colisão Traseira";0;0;0;1;0;0;0;0;0;1;2;0;0;0;0
"26/02/2024";"07:42:00";"33";"3 - Aciden";"185.7";"BR-116/PR";"Sul";"Colisão Traseira";1;0;1;0;0;0;0;0;0;0;2;0;0;0;0
"26/02/2024";"12:56:00";"67";"3 - Aciden";"152.1";"BR-116/SC";"Norte";"Choque - Defensa, barreira ou "submarino"";0;0;1;0;0;0;0;0;0;0;1;0;0;0;0
"26/02/2024";"06:34:00";"109";"2 - Aciden";"132.1";"BR-116/PR";"Sul";"Colisão Lateral";1;0;0;1;0;0;0;0;0;0;1;1;0;0;0
"27/02/2024";"05:42:00";"20";"3 - Aciden";"138.1";"BR-116/SC";"Sul";"Colisão Traseira";0;0;3;0;0;0;0;0;0;1;4;0;0;0;0
"27/02/2024";"10:31:00";"60";"3 - Aciden";"253.2";"BR-116/SC";"Norte";"Colisão Traseira";0;0;2;0;0;0;0;0;0;0;2;0;0;0;0
"27/02/2024";"10:54:00";"62";"3 - Aciden";"252.8";"BR-116/SC";"Norte";"Colisão Traseira";0;0;1;0;0;1;0;0;0;0;2;0;0;0;0
"27/02/2024";"01:31:00";"73";"2 - Aciden";"70.1";"BR-116/SC";"Norte";"Colisão Traseira";1;0;1;0;0;0;0;0;0;0;1;2;0;0;0
"27/02/2024";"04:56:00";"91";"3 - Aciden";"227.1";"BR-116/SC";"Norte";"Saida de Pista";1;0;0;0;0;0;0;0;0;0;3;0;0;0;0
"28/02/2024";"12:49:00";"15";"2 - Aciden";"125.418";"BR-116/PR";"Norte";"Choque - Defensa, barreira ou "submarino"";1;0;0;0;0;0;0;0;0;0;1;0;1;0;0
"28/02/2024";"08:58:00";"56";"3 - Aciden";"237.1";"BR-116/SC";"Sul";"Saida de Pista";1;0;0;0;0;1;0;0;0;0;3;0;0;0;0
"28/02/2024";"03:58:00";"92";"3 - Aciden";"191.5";"BR-116/PR";"Norte";"Colisão Traseira";0;0;2;0;0;0;0;0;0;0;2;0;0;0;0
"28/02/2024";"05:08:00";"95";"3 - Aciden";"131.8";"BR-116/PR";"Sul";"Colisão Lateral";1;0;1;0;0;0;0;0;0;0;3;0;0;0;0
"28/02/2024";"10:50:00";"114";"2 - Aciden";"107.8";"BR-116/SC";"Norte";"Tombamento";0;0;1;0;0;0;0;0;0;0;0;1;0;0;0
"29/02/2024";"01:32:00";"85";"3 - Aciden";"245.001";"BR-116/SC";"Sul";"Colisão Transversal";0;0;1;0;0;0;0;0;0;1;5;0;0;0;0
"29/02/2024";"03:53:00";"104";"3 - Aciden";"127.1";"BR-116/PR";"Sul";"Colisão Lateral";1;0;1;0;0;0;0;0;0;0;2;0;0;0;0
"01/03/2024";"10:42:00";"77";"3 - Aciden";"283.099";"BR-116/SC";"Norte";"Colisão Traseira";2;0;0;0;0;0;0;0;0;0;2;0;0;0;0
"01/03/2024";"11:19:00";"81";"3 - Aciden";"115.536";"BR-116/PR";"Norte";"Colisão Lateral";1;0;0;1;0;0;0;0;0;0;2;0;0;0;0
"01/03/2024";"03:24:00";"107";"3 - Aciden";"5.3";"BR-116/SC";"Sul";"Colisão Traseira";1;0;1;0;0;0;0;0;0;0;2;0;0;0;0
"01/03/2024";"05:26:00";"119";"3 - Aciden";"133.1";"BR-116/PR";"Sul";"Saida de Pista";1;0;0;0;0;0;0;0;0;0;1;0;0;0;0
"02/03/2024";"09:38:00";"56";"3 - Aciden";"169.1";"BR-116/SC";"Norte";"Colisão Frontal";1;0;0;0;0;1;0;0;1;0;3;0;0;0;0
"02/03/2024";"12:28:00";"66";"2 - Aciden";"122.806";"BR-116/PR";"Norte";"Choque - Defensa, barreira ou "submarino"";1;0;0;0;0;0;0;0;0;0;0;0;1;0;0
"02/03/2024";"03:27:00";"77";"3 - Aciden";"172.03";"BR-116/SC";"Sul";"Choque - Defensa, barreira ou "submarino"";1;0;0;0;0;0;0;0;0;0;1;0;0;0;0
"03/03/2024";"12:46:00";"14";"3 - Aciden";"154.5";"BR-116/PR";"Sul";"Colisão Frontal";1;0;1;0;0;0;0;0;0;0;2;0;0;0;0
"03/03/2024";"04:25:00";"58";"2 - Aciden";"283.9";"BR-116/SC";"Sul";"Queda de Moto";0;0;0;1;0;0;0;0;0;0;0;1;1;0;0
"03/03/2024";"06:30:00";"72";"3 - Aciden";"140.4";"BR-116/SC";"Sul";"Choque - Defensa, barreira ou "submarino"";1;0;0;0;0;0;0;0;0;0;1;0;0;0;0
"04/03/2024";"07:09:00";"29";"2 - Aciden";"125.1";"BR-116/PR";"Norte";"Colisão Traseira";1;0;0;1;0;0;0;0;0;0;1;1;0;0;0
"04/03/2024";"07:57:00";"40";"2 - Aciden";"121.1";"BR-116/PR";"Sul";"Colisão Lateral";1;0;0;1;0;0;0;0;0;0;1;0;0;1;0
"04/03/2024";"05:00:00";"94";"3 - Aciden";"135.1";"BR-116/SC";"Sul";"Tombamento";0;0;2;0;0;0;0;0;0;0;2;0;0;0;0
"04/03/2024";"06:42:00";"102";"2 - Aciden";"149.9";"BR-116/PR";"Norte";"Colisão Lateral";1;0;0;0;0;0;0;0;0;1;0;2;1;1;0
"05/03/2024";"06:57:00";"23";"2 - Aciden";"177.8";"BR-116/PR";"Norte";"Tombamento";0;0;1;0;0;0;0;0;0;0;0;1;0;0;0
"05/03/2024";"02:49:00";"83";"3 - Aciden";"113.5";"BR-116/SC";"Sul";"Choque - Arvore";1;0;0;0;0;0;0;0;0;0;1;0;0;0;0
"05/03/2024";"06:22:00";"102";"3 - Aciden";"116.1";"BR-116/PR";"Norte";"Colisão Traseira";2;0;0;0;0;0;0;0;0;0;2;0;0;0;0
"05/03/2024";"07:10:00";"108";"2 - Aciden";"123.16";"BR-116/PR";"Sul";"Colisão Traseira";0;0;1;1;0;0;0;0;0;0;2;0;0;1;0
"05/03/2024";"08:48:00";"115";"3 - Aciden";"164.831";"BR-116/PR";"Sul";"Choque - Arvore";1;0;0;0;0;0;0;0;0;0;1;0;0;0;0
"05/03/2024";"08:55:00";"116";"3 - Aciden";"126.1";"BR-116/PR";"Sul";"Engavetamento";2;0;1;0;0;0;0;0;0;0;3;0;0;0;0
"06/03/2024";"04:35:00";"17";"3 - Aciden";"126.3";"BR-116/PR";"Sul";"Choque - Defensa, barreira ou "submarino"";0;0;1;0;0;0;0;0;0;0;1;0;0;0;0
"06/03/2024";"08:52:00";"58";"2 - Aciden";"116.1";"BR-116/PR";"Norte";"Colisão Traseira";1;0;0;1;0;0;0;0;0;0;1;0;1;0;0
"06/03/2024";"12:28:00";"83";"2 - Aciden";"126.1";"BR-116/PR";"Sul";"Colisão Traseira";0;0;0;1;0;1;0;0;0;0;1;1;0;0;0
"06/03/2024";"09:07:00";"128";"3 - Aciden";"172.1";"BR-116/SC";"Sul";"Saida de Pista";1;0;0;0;0;0;0;0;0;0;1;0;0;0;0
"07/03/2024";"06:09:00";"117";"2 - Aciden";"201.7";"BR-116/PR";"Norte";"Colisão Frontal";2;0;0;0;0;0;0;0;0;0;0;0;2;1;0
"07/03/2024";"07:14:00";"121";"2 - Aciden";"115.1";"BR-116/PR";"Norte";"Atropelamento - Ciclista";0;1;0;0;0;1;0;0;0;0;1;1;0;0;0
"07/03/2024";"07:25:00";"123";"3 - Aciden";"115.1";"BR-116/PR";"Norte";"Engavetamento";3;0;0;0;0;0;0;0;0;0;3;0;0;0;0
"08/03/2024";"07:28:00";"15";"3 - Aciden";"23.5";"BR-116/SC";"Norte";"Colisão Transversal";0;0;2;0;0;0;0;0;0;0;2;0;0;0;0
"08/03/2024";"08:29:00";"30";"3 - Aciden";"134.4";"BR-116/PR";"Sul";"Colisão Traseira";2;0;0;0;0;0;0;0;0;0;2;0;0;0;0
"08/03/2024";"02:40:00";"69";"3 - Aciden";"143.58";"BR-116/PR";"Sul";"Colisão Lateral";2;0;0;0;0;0;0;0;0;0;2;0;0;0;0
"08/03/2024";"05:20:00";"91";"2 - Aciden";"53.5";"BR-116/SC";"Sul";"Queda de Moto";0;0;0;1;0;0;0;0;0;0;0;2;0;0;0
"08/03/2024";"06:01:00";"95";"3 - Aciden";"204.1";"BR-116/PR";"Sul";"Choque - Defensa, barreira ou "submarino"";1;0;0;0;0;0;0;0;0;0;1;0;0;0;0
"08/03/2024";"09:26:00";"107";"3 - Aciden";"206.1";"BR-116/SC";"Sul";"Saida de Pista";1;0;0;0;0;0;0;0;0;0;1;0;0;0;0
"08/03/2024";"11:26:00";"109";"3 - Aciden";"75.9";"BR-116/SC";"Norte";"Saida de Pista";1;0;0;0;0;0;0;0;0;0;2;0;0;0;0
"09/03/2024";"01:45:00";"65";"3 - Aciden";"63.8";"BR-116/SC";"Norte";"Saida de Pista";0;0;1;0;0;0;0;0;0;0;1;0;0;0;0
"10/03/2024";"05:35:00";"13";"3 - Aciden";"198.1";"BR-116/SC";"Sul";"Capotamento";1;0;0;0;0;0;0;0;0;0;1;0;0;0;0
"10/03/2024";"09:04:00";"32";"1 - Aciden";"171.77";"BR-116/PR";"Sul";"Saida de Pista";1;0;0;0;0;0;0;0;0;0;0;0;0;0;1
"10/03/2024";"07:03:00";"99";"2 - Aciden";"269.15";"BR-116/SC";"Sul";"Capotamento";1;0;0;0;0;0;0;0;0;0;0;2;1;0;0
"11/03/2024";"05:41:00";"12";"3 - Aciden";"4.5";"BR-116/SC";"Sul";"Colisão Traseira";1;0;1;0;0;0;0;0;0;0;2;0;0;0;0
"11/03/2024";"09:11:00";"49";"3 - Aciden";"201.1";"BR-116/SC";"Sul";"Colisão Traseira";0;0;3;0;0;0;0;0;0;0;3;0;0;0;0
"11/03/2024";"10:30:00";"58";"3 - Aciden";"129.2";"BR-116/PR";"Norte";"Colisão Lateral";2;0;0;0;0;0;0;0;0;0;2;0;0;0;0
"11/03/2024";"04:18:00";"91";"2 - Aciden";"68.219";"BR-116/SC";"Norte";"Colisão Transversal";1;0;0;1;0;0;0;0;0;0;0;1;0;1;0
"11/03/2024";"05:13:00";"97";"2 - Aciden";"115.766";"BR-116/PR";"Norte";"Colisão Lateral";2;0;0;1;0;0;0;0;0;0;2;1;0;0;0
"11/03/2024";"06:53:00";"107";"3 - Aciden";"12.4";"BR-116/SC";"Sul";"Colisão Transversal";1;0;1;0;0;0;0;0;0;0;2;0;0;0;0
"12/03/2024";"06:39:00";"12";"3 - Aciden";"170.1";"BR-116/SC";"Norte";"Tombamento";0;0;1;0;0;0;0;0;0;0;1;0;0;0;0
"12/03/2024";"01:32:00";"74";"2 - Aciden";"143.117";"BR-116/PR";"Norte";"Saida de Pista";0;0;0;0;1;0;0;0;0;0;0;12;6;0;0
"12/03/2024";"07:00:00";"105";"1 - Aciden";"155.023";"BR-116/PR";"Sul";"Colisão Transversal";0;0;1;1;0;0;0;0;0;0;1;0;0;0;1
"13/03/2024";"07:12:00";"22";"2 - Aciden";"122.1";"BR-116/PR";"Norte";"Colisão Lateral";1;0;0;1;0;0;0;0;0;0;1;0;2;0;0
"13/03/2024";"04:09:00";"112";"3 - Aciden";"128.46";"BR-116/PR";"Sul";"Colisão Transversal";1;0;1;0;0;0;0;0;0;0;2;0;0;0;0
"13/03/2024";"04:31:00";"114";"2 - Aciden";"145.897";"BR-116/PR";"Sul";"Colisão Traseira";2;0;1;0;0;0;0;0;0;0;4;1;1;0;0
"13/03/2024";"05:19:00";"123";"3 - Aciden";"211.157";"BR-116/SC";"Sul";"Tombamento";0;0;1;0;0;0;0;0;0;0;1;0;0;0;0
"13/03/2024";"05:31:00";"125";"3 - Aciden";"307.6";"BR-116/SC";"Sul";"Colisão Traseira";0;0;2;0;0;0;0;0;0;0;2;0;0;0;0
"14/03/2024";"11:00:00";"73";"3 - Aciden";"152.01";"BR-116/SC";"Norte";"Colisão Traseira";2;0;0;0;0;0;0;0;0;0;2;0;0;0;0
"14/03/2024";"09:08:00";"130";"2 - Aciden";"169.1";"BR-116/PR";"Sul";"Colisão Transversal";1;0;0;1;0;0;0;0;0;0;1;1;0;0;0
"15/03/2024";"07:30:00";"24";"3 - Aciden";"131.9";"BR-116/PR";"Norte";"Colisão Traseira";1;0;0;1;0;0;0;0;0;0;2;0;0;0;0
"15/03/2024";"02:58:00";"101";"2 - Aciden";"11.9";"BR-116/SC";"Norte";"Colisão Traseira";1;0;1;0;0;0;0;0;0;0;2;1;0;0;0
"15/03/2024";"06:31:00";"130";"3 - Aciden";"125.012";"BR-116/PR";"Sul";"Colisão Traseira";1;0;1;0;0;0;0;0;0;0;2;0;0;0;0
"16/03/2024";"01:36:00";"70";"3 - Aciden";"222.1";"BR-116/SC";"Norte";"Colisão Traseira";2;0;0;0;0;0;0;0;0;0;3;0;0;0;0
"16/03/2024";"02:05:00";"72";"2 - Aciden";"123.1";"BR-116/PR";"Sul";"Colisão Lateral";2;0;0;1;0;0;0;0;0;0;3;1;0;0;0
"16/03/2024";"04:14:00";"86";"3 - Aciden";"119.1";"BR-116/PR";"Sul";"Colisão Transversal";0;0;2;0;0;0;0;0;0;0;2;0;0;0;0
"16/03/2024";"07:10:00";"109";"3 - Aciden";"296.5";"BR-116/SC";"Sul";"Saida de Pista";0;0;0;0;0;0;0;0;0;1;1;0;0;0;0
"16/03/2024";"07:42:00";"111";"3 - Aciden";"233.1";"BR-116/SC";"Sul";"Colisão Traseira";2;0;0;0;0;0;0;0;0;0;2;0;0;0;0
"16/03/2024";"10:36:00";"124";"3 - Aciden";"255.1";"BR-116/SC";"Sul";"Colisão Frontal";1;0;1;0;0;0;0;0;0;0;2;0;0;0;0
"17/03/2024";"12:25:00";"45";"3 - Aciden";"84.8";"BR-116/SC";"Sul";"Colisão Lateral";1;0;1;0;0;0;0;0;0;0;4;0;0;0;0
"17/03/2024";"06:40:00";"72";"3 - Aciden";"186.03";"BR-116/SC";"Norte";"Colisão Traseira";1;0;1;0;0;0;0;0;0;0;2;0;0;0;0
"18/03/2024";"11:49:00";"73";"3 - Aciden";"122.01";"BR-116/PR";"Norte";"Colisão Traseira";2;0;0;0;0;0;0;0;0;0;2;0;0;0;0
"18/03/2024";"01:38:00";"77";"2 - Aciden";"141.724";"BR-116/PR";"Norte";"Tombamento";0;0;1;0;0;0;0;0;0;0;0;1;0;0;0
"18/03/2024";"05:43:00";"92";"2 - Aciden";"210.8";"BR-116/SC";"Norte";"Choque - Defensa, barreira ou "submarino"";0;0;0;1;0;0;0;0;0;0;0;0;1;0;0
"18/03/2024";"08:27:00";"115";"2 - Aciden";"121.312";"BR-116/PR";"Sul";"Colisão Lateral";0;0;0;1;0;1;0;0;0;0;1;1;0;0;0
"18/03/2024";"09:40:00";"120";"2 - Aciden";"211.1";"BR-116/SC";"Norte";"Colisão Transversal";1;0;0;1;0;0;0;0;0;0;1;1;0;0;0
"19/03/2024";"07:03:00";"18";"2 - Aciden";"117.1";"BR-116/PR";"Norte";"Colisão Lateral";0;0;0;1;0;1;0;0;0;0;1;2;0;0;0
"19/03/2024";"07:44:00";"22";"2 - Aciden";"125.1";"BR-116/PR";"Norte";"Colisão Lateral";1;0;0;1;0;0;0;0;0;0;1;2;0;0;0