data;horario;n_da_ocorrencia;tipo_de_ocorrencia;km;trecho;sentido;tipo_de_acidente;automovel;bicicleta;caminhao;moto;onibus;outros;tracao_animal;transporte_de_cargas_especiais;trator_maquinas;utilitarios;ilesos;levemente_feridos;moderadamente_feridos;gravemente_feridos;mortos
"19/03/2024";"02:40:00";"85";"3 - Aciden";"115.93";"BR-116/PR";"Sul";"Choque - Defensa, barreira ou "submarino"";1;0;0;0;0;0;0;0;0;0;1;0;0;0;0
"19/03/2024";"04:13:00";"94";"2 - Aciden";"125.474";"BR-116/PR";"Sul";"Colisão Traseira";1;0;0;1;0;0;0;0;0;0;0;2;1;0;0
"19/03/2024";"08:36:00";"119";"3 - Aciden";"115.98";"BR-116/PR";"Sul";"Choque - Defensa, barreira ou "submarino"";0;0;0;0;0;0;0;0;0;1;1;0;0;0;0
"20/03/2024";"12:56:00";"90";"2 - Aciden";"210.1";"BR-116/PR";"Sul";"Colisão Transversal";1;0;0;1;0;0;0;0;0;0;1;0;1;0;0
"20/03/2024";"09:26:00";"147";"3 - Aciden";"58.357";"BR-116/SC";"Sul";"Saida de Pista";1;0;0;0;0;0;0;0;0;0;1;0;0;0;0
"20/03/2024";"11:05:00";"160";"2 - Aciden";"242.718";"BR-116/SC";"Sul";"Choque - Elemento de Drenagem";0;0;0;0;0;0;0;0;0;1;1;1;0;0;0
"21/03/2024";"05:35:00";"16";"3 - Aciden";"134.4";"BR-116/PR";"Sul";"Colisão Traseira";0;0;0;0;0;0;0;0;0;2;2;0;0;0;0
"21/03/2024";"10:01:00";"73";"2 - Aciden";"115.1";"BR-116/PR";"Sul";"Queda de Moto";0;0;0;1;0;0;0;0;0;0;0;0;1;0;0
"21/03/2024";"10:07:00";"74";"3 - Aciden";"124.1";"BR-116/PR";"Norte";"Colisão Traseira";2;0;0;0;0;0;0;0;0;0;3;0;0;0;0
"21/03/2024";"11:05:00";"79";"3 - Aciden";"115.3";"BR-116/SC";"Sul";"Colisão Traseira";0;0;2;0;0;0;0;0;0;0;2;0;0;0;0
"21/03/2024";"05:52:00";"124";"3 - Aciden";"262.1";"BR-116/SC";"Norte";"Saida de Pista";0;0;0;0;0;0;0;0;0;1;1;0;0;0;0
"22/03/2024";"06:11:00";"12";"2 - Aciden";"120.418";"BR-116/PR";"Norte";"Colisão Lateral";1;0;0;1;0;0;0;0;0;0;2;2;0;0;0
"22/03/2024";"12:16:00";"55";"2 - Aciden";"130.2";"BR-116/SC";"Norte";"Colisão Traseira";0;0;1;1;0;0;0;0;0;0;1;0;2;0;0
"22/03/2024";"06:48:00";"89";"2 - Aciden";"84.1";"BR-116/SC";"Norte";"Colisão Lateral";0;0;1;1;0;0;0;0;0;0;1;0;0;1;0
"22/03/2024";"07:30:00";"93";"3 - Aciden";"115.388";"BR-116/PR";"Norte";"Colisão Traseira";1;0;0;0;0;1;0;0;0;0;2;0;0;0;0
"23/03/2024";"06:25:00";"16";"2 - Aciden";"126.35";"BR-116/PR";"Norte";"Colisão Transversal";0;0;0;2;0;0;0;0;0;0;1;1;0;0;0
"23/03/2024";"10:38:00";"54";"3 - Aciden";"187.3";"BR-116/PR";"Norte";"Saida de Pista";0;0;1;0;0;1;0;0;0;0;2;0;0;0;0
"23/03/2024";"04:38:00";"82";"3 - Aciden";"204.1";"BR-116/SC";"Norte";"Choque - Defensa, barreira ou "submarino"";0;0;1;0;0;0;0;0;0;0;1;0;0;0;0
"24/03/2024";"01:46:00";"10";"3 - Aciden";"221.9";"BR-116/SC";"Norte";"Saida de Pista";1;0;0;0;0;0;0;0;0;0;1;0;0;0;0
"25/03/2024";"08:36:00";"46";"3 - Aciden";"132.674";"BR-116/PR";"Norte";"Choque - Defensa, barreira ou "submarino"";1;0;0;0;0;0;0;0;0;0;2;0;0;0;0
"25/03/2024";"10:37:00";"60";"2 - Aciden";"163.463";"BR-116/PR";"Norte";"Colisão Traseira";0;0;2;0;0;0;0;0;0;0;2;1;0;0;0
"25/03/2024";"02:21:00";"76";"2 - Aciden";"126.2";"BR-116/PR";"Norte";"Colisão Traseira";1;0;0;1;0;0;0;0;0;0;1;1;0;0;0
"25/03/2024";"02:36:00";"78";"3 - Aciden";"126.1";"BR-116/PR";"Norte";"Colisão Lateral";1;0;1;0;0;0;0;0;0;0;2;0;0;0;0
"26/03/2024";"05:56:00";"17";"3 - Aciden";"215.7";"BR-116/SC";"Norte";"Tombamento";0;0;1;0;0;0;0;0;0;0;1;0;0;0;0
"26/03/2024";"08:06:00";"29";"3 - Aciden";"144.3";"BR-116/PR";"Norte";"Engavetamento";1;0;0;1;0;1;0;0;0;0;3;0;0;0;0
"26/03/2024";"08:36:00";"45";"3 - Aciden";"195.1";"BR-116/PR";"Sul";"Colisão Transversal";0;0;0;1;0;0;0;0;0;1;2;0;0;0;0
"26/03/2024";"09:11:00";"55";"3 - Aciden";"195.6";"BR-116/PR";"Sul";"Colisão Transversal";1;0;1;0;0;0;0;0;0;0;2;0;0;0;0
"26/03/2024";"05:22:00";"111";"2 - Aciden";"116.528";"BR-116/PR";"Norte";"Colisão Traseira";1;0;0;1;0;0;0;0;0;0;1;0;1;1;0
"26/03/2024";"05:41:00";"115";"3 - Aciden";"54.533";"BR-116/SC";"Norte";"Colisão Traseira";0;0;2;0;0;0;0;0;0;0;2;0;0;0;0
"26/03/2024";"05:54:00";"118";"3 - Aciden";"131.829";"BR-116/PR";"Sul";"Queda de Moto";0;0;0;1;0;0;0;0;0;0;1;0;0;0;0
"27/03/2024";"10:41:00";"72";"3 - Aciden";"83.1";"BR-116/SC";"Norte";"Colisão Traseira";0;0;2;0;0;1;0;0;0;0;3;0;0;0;0
"27/03/2024";"12:49:00";"82";"2 - Aciden";"120.1";"BR-116/PR";"Sul";"Queda de Moto";0;0;0;1;0;0;0;0;0;0;1;1;0;0;0
"27/03/2024";"01:33:00";"87";"3 - Aciden";"120.107";"BR-116/PR";"Sul";"Colisão Traseira";2;0;0;0;0;0;0;0;0;0;2;0;0;0;0
"27/03/2024";"05:34:00";"115";"3 - Aciden";"133.099";"BR-116/PR";"Norte";"Queda de Moto";0;0;0;1;0;0;0;0;0;0;1;0;0;0;0
"27/03/2024";"07:47:00";"129";"3 - Aciden";"219.328";"BR-116/SC";"Norte";"Colisão Transversal";2;0;0;0;0;0;0;0;0;0;2;0;0;0;0
"27/03/2024";"11:17:00";"144";"3 - Aciden";"125.9";"BR-116/PR";"Norte";"Colisão Traseira";0;0;2;0;0;0;0;0;0;0;2;0;0;0;0
"28/03/2024";"02:46:00";"102";"3 - Aciden";"139.1";"BR-116/SC";"Sul";"Colisão Transversal";1;0;0;1;0;0;0;0;0;0;2;0;0;0;0
"28/03/2024";"05:45:00";"114";"2 - Aciden";"121.1";"BR-116/PR";"Sul";"Queda de Moto";0;0;0;1;0;0;0;0;0;0;0;1;0;0;0
"28/03/2024";"07:35:00";"128";"3 - Aciden";"116.1";"BR-116/PR";"Sul";"Queda de Moto";0;0;0;1;0;0;0;0;0;0;1;0;0;0;0
"28/03/2024";"07:42:00";"129";"2 - Aciden";"117.8";"BR-116/PR";"Sul";"Queda de Moto";0;0;0;1;0;0;0;0;0;0;0;1;0;0;0
"28/03/2024";"07:51:00";"130";"3 - Aciden";"81.6";"BR-116/SC";"Sul";"Queda de Moto";0;0;0;1;0;0;0;0;0;0;1;0;0;0;0
"28/03/2024";"09:48:00";"141";"3 - Aciden";"69.525";"BR-116/SC";"Norte";"Colisão Traseira";1;0;0;0;0;0;0;0;0;1;5;0;0;0;0
"29/03/2024";"08:03:00";"37";"3 - Aciden";"145.1";"BR-116/PR";"Norte";"Colisão Lateral";1;0;0;0;0;1;0;0;0;0;2;0;0;0;0
"29/03/2024";"04:53:00";"72";"2 - Aciden";"206.7";"BR-116/PR";"Sul";"Colisão Transversal";1;0;0;1;0;0;0;0;0;0;1;1;0;0;0
"29/03/2024";"10:17:00";"87";"2 - Aciden";"190.2";"BR-116/SC";"Sul";"Queda de Moto";0;0;0;1;0;0;0;0;0;0;0;1;0;0;0
"29/03/2024";"11:30:00";"88";"3 - Aciden";"211.2";"BR-116/SC";"Norte";"Saida de Pista";1;0;0;0;0;0;0;0;0;0;1;0;0;0;0
"30/03/2024";"04:42:00";"78";"2 - Aciden";"154.3";"BR-116/PR";"Norte";"Colisão Transversal";1;0;1;0;0;0;0;0;0;0;2;2;0;0;0
"30/03/2024";"09:58:00";"96";"2 - Aciden";"219.25";"BR-116/SC";"Sul";"Colisão Transversal";1;0;0;1;0;0;0;0;0;0;1;1;0;0;0
"31/03/2024";"12:22:00";"10";"2 - Aciden";"192.808";"BR-116/PR";"Norte";"Tombamento";0;0;1;0;0;0;0;0;0;0;0;1;0;0;0
"31/03/2024";"06:27:00";"20";"3 - Aciden";"115.4";"BR-116/PR";"Sul";"Saida de Pista";1;0;0;0;0;0;0;0;0;0;1;0;0;0;0
"31/03/2024";"12:09:00";"38";"2 - Aciden";"120.65";"BR-116/PR";"Norte";"Colisão Traseira";0;0;0;1;0;1;0;0;0;0;2;1;0;0;0
"31/03/2024";"04:50:00";"57";"3 - Aciden";"11.2";"BR-116/SC";"Norte";"Colisão Transversal";1;0;0;1;0;0;0;0;0;0;2;0;0;0;0
"01/04/2024";"05:39:55";"36";"Sem vítima";"245,100";"BR-116/PR";"Decrescente";"Colisão traseira";1;0;0;0;0;0;0;0;0;0;2;0;0;0;0
"01/04/2024";"02:05:28";"108";"Sem vítima";"155,150";"BR-116/PR";"Crescente";"Saída de pista";1;0;0;0;0;0;0;0;0;0;2;0;0;0;0
"01/04/2024";"03:17:47";"115";"Sem vítima";"2,100";"BR-116/PR";"Crescente";"Colisão traseira";1;0;0;0;0;0;0;0;0;1;2;0;0;0;0
"02/04/2024";"07:51:04";"57";"Sem vítima";"144,476";"BR-116/PR";"Decrescente";"Tombamento";0;0;2;0;0;0;0;0;0;1;3;0;0;0;0
"02/04/2024";"11:35:25";"76";"Com vítima";"146,900";"BR-116/PR";"Decrescente";"Engavetamento";2;0;1;0;0;0;0;0;0;0;1;0;0;0;0
"03/04/2024";"01:17:49";"106";"Com vítima";"116,017";"BR-116/PR";"Crescente";"Colisão traseira";1;0;0;1;0;0;0;0;0;0;1;0;0;0;0
"03/04/2024";"11:14:56";"12";"Sem vítima";"244,950";"BR-116/PR";"Decrescente";"Choque";1;0;0;0;0;0;0;0;0;0;0;0;0;0;0
"04/04/2024";"03:59:21";"20";"Com vítima";"209,200";"BR-116/PR";"Decrescente";"Colisão lateral no mesmo sentido";1;0;0;1;0;0;0;0;0;0;1;0;0;0;0
"05/04/2024";"04:54:01";"27";"Com vítima";"119,100";"BR-116/PR";"Crescente";"Colisão lateral no mesmo sentido";1;0;0;1;0;0;0;0;0;0;1;0;0;0;0
"05/04/2024";"10:44:55";"86";"Com vítima";"139,900";"BR-116/PR";"Decrescente";"Colisão frontal";1;0;0;1;0;0;0;0;0;0;1;0;0;0;0
"05/04/2024";"01:06:40";"98";"Com vítima";"116,700";"BR-116/PR";"Crescente";"Colisão traseira";0;0;1;1;0;0;0;0;0;0;1;0;0;0;0
"05/04/2024";"01:35:50";"102";"Com vítima";"123,144";"BR-116/PR";"Decrescente";"Colisão lateral no mesmo sentido";1;0;0;1;0;0;0;0;0;0;1;0;0;0;0
"05/04/2024";"11:24:00";"24";"Com vítima";"121,934";"BR-116/PR";"Decrescente";"Colisão lateral no mesmo sentido";1;0;0;1;0;0;0;0;0;0;1;0;0;0;0
"06/04/2024";"09:14:25";"79";"Com vítima";"136,100";"BR-116/PR";"Crescente";"Colisão lateral no mesmo sentido";2;0;0;0;0;0;0;0;0;0;0;0;0;0;0
"07/04/2024";"07:07:42";"43";"Sem vítima";"77,900";"BR-116/PR";"Decrescente";"Saída de pista";1;0;0;0;0;0;0;0;0;0;1;0;0;0;0
"07/04/2024";"12:20:31";"68";"Com vítima";"119,100";"BR-116/PR";"Decrescente";"Colisão traseira";0;0;0;1;0;0;0;0;0;1;1;0;0;0;0
"08/04/2024";"04:45:18";"31";"Sem vítima";"15,150";"BR-116/PR";"Decrescente";"Saída de pista";1;0;0;0;0;0;0;0;0;0;1;0;0;0;0
"08/04/2024";"07:38:40";"56";"Com vítima";"115,350";"BR-116/PR";"Crescente";"Colisão lateral no mesmo sentido";2;0;0;0;0;0;0;0;0;0;3;0;0;0;0
"08/04/2024";"02:55:30";"102";"Sem vítima";"141,717";"BR-116/PR";"Crescente";"Colisão traseira";2;0;0;0;0;0;0;0;0;0;2;0;0;0;0
"08/04/2024";"03:53:04";"109";"Sem vítima";"59,800";"BR-116/PR";"Decrescente";"Colisão transversal";1;0;1;0;0;1;0;0;0;0;3;0;0;0;0
"08/04/2024";"05:22:10";"119";"Com vítima";"119,100";"BR-116/PR";"Decrescente";"Queda de moto";0;0;0;1;0;0;0;0;0;0;0;0;0;0;0
"09/04/2024";"05:36:06";"42";"Sem vítima";"81,600";"BR-116/PR";"Decrescente";"Colisão traseira";0;0;2;0;0;0;0;0;0;0;2;0;0;0;0
"09/04/2024";"09:14:41";"85";"Com vítima";"121,098";"BR-116/PR";"Decrescente";"Colisão lateral no mesmo sentido";1;0;0;1;0;0;0;0;0;0;2;0;0;0;0
"09/04/2024";"10:35:49";"91";"Com vítima";"235,001";"BR-116/PR";"Crescente";"Capotamento";1;0;0;0;0;0;0;0;0;0;2;0;0;0;0
"10/04/2024";"03:21:52";"119";"Com vítima";"124,122";"BR-116/PR";"Decrescente";"Colisão lateral no mesmo sentido";2;0;0;1;0;0;0;0;0;0;5;0;0;0;0
"11/04/2024";"03:38:30";"26";"Com vítima";"121,100";"BR-116/PR";"Crescente";"Colisão lateral no mesmo sentido";0;0;0;2;0;0;0;0;0;0;1;0;0;0;0
"11/04/2024";"05:42:20";"60";"Sem vítima";"123,200";"BR-116/PR";"Crescente";"Engavetamento";3;0;0;0;0;0;0;0;0;0;3;0;0;0;0
"11/04/2024";"10:27:09";"96";"Com vítima";"125,603";"BR-116/PR";"Crescente";"Colisão lateral no mesmo sentido";0;0;1;1;0;0;0;0;0;0;1;0;0;0;0
"12/04/2024";"08:26:17";"85";"Com vítima";"48,127";"BR-116/PR";"Crescente";"Colisão frontal";1;0;1;0;0;0;0;0;0;0;1;0;0;0;2
"12/04/2024";"12:55:10";"113";"Sem vítima";"226,400";"BR-116/PR";"Crescente";"Saída de pista";0;0;1;0;0;0;0;0;0;0;1;0;0;0;0
"12/04/2024";"04:28:56";"134";"Sem vítima";"199,200";"BR-116/PR";"Crescente";"Colisão lateral no mesmo sentido";1;0;1;0;0;0;0;0;0;0;2;0;0;0;0
"12/04/2024";"09:47:21";"10";"Sem vítima";"122,100";"BR-116/PR";"Crescente";"Colisão traseira";1;0;1;0;0;0;0;0;0;0;2;0;0;0;0
"12/04/2024";"11:55:14";"15";"Sem vítima";"122,500";"BR-116/PR";"Decrescente";"Choque";1;0;0;0;0;0;0;0;0;0;1;0;0;0;0
"13/04/2024";"12:44:03";"16";"Sem vítima";"9,100";"BR-116/PR";"Decrescente";"Saída de pista";1;0;0;0;0;0;0;0;0;0;1;0;0;0;0
"13/04/2024";"03:02:45";"20";"Sem vítima";"107,300";"BR-116/PR";"Crescente";"Choque";0;0;1;0;0;0;0;0;0;0;1;0;0;0;0
"14/04/2024";"01:19:21";"15";"Com vítima";"132,400";"BR-116/PR";"Decrescente";"Saída de pista";1;0;0;0;0;0;0;0;0;0;0;0;0;0;0
"14/04/2024";"03:38:34";"17";"Com vítima";"145,600";"BR-116/PR";"Crescente";"Acidentes de outra natureza";1;0;0;0;0;0;0;0;0;0;0;0;0;0;0
"14/04/2024";"12:02:58";"43";"Com vítima";"140,600";"BR-116/PR";"Decrescente";"Choque";1;0;0;0;0;0;0;0;0;0;0;0;0;0;0
"14/04/2024";"04:51:30";"60";"Com vítima";"83,940";"BR-116/PR";"Decrescente";"Atropelamento de pedestre";0;0;0;0;0;0;0;0;0;0;0;0;0;0;1
"15/04/2024";"12:00:45";"16";"Sem vítima";"125,534";"BR-116/PR";"Decrescente";"Saída de pista";1;0;0;0;0;0;0;0;0;0;1;0;0;0;0
"15/04/2024";"04:36:38";"32";"Sem vítima";"198,100";"BR-116/PR";"Decrescente";"Saída de pista";1;0;0;0;0;0;0;0;0;0;1;0;0;0;0
"16/04/2024";"03:52:12";"24";"Com vítima";"115,300";"BR-116/PR";"Crescente";"Colisão traseira";0;0;0;1;0;0;0;0;0;0;0;0;0;0;0
"17/04/2024";"04:09:55";"17";"Sem vítima";"132,018";"BR-116/PR";"Decrescente";"Atropelamento de animal";1;0;0;0;0;0;0;0;0;0;1;0;0;0;0
"17/04/2024";"11:27:35";"88";"Sem vítima";"125,112";"BR-116/PR";"Crescente";"Colisão traseira";0;0;2;0;0;0;0;0;0;0;2;0;0;0;0
"17/04/2024";"04:08:04";"113";"Sem vítima";"116,700";"BR-116/PR";"Crescente";"Colisão traseira";1;0;1;0;0;0;0;0;0;0;2;0;0;0;0
"17/04/2024";"07:39:05";"124";"Sem vítima";"117,035";"BR-116/PR";"Decrescente";"Colisão transversal";2;0;0;0;0;0;0;0;0;0;2;0;0;0;0
"18/04/2024";"12:21:41";"101";"Sem vítima";"106,300";"BR-116/PR";"Crescente";"Tombamento";0;0;2;0;0;0;0;0;0;0;2;0;0;0;0
"18/04/2024";"05:31:15";"118";"Com vítima";"254,146";"BR-116/PR";"Decrescente";"Tombamento";0;0;1;0;0;0;0;0;0;0;0;0;0;0;0
"18/04/2024";"07:40:13";"123";"Sem vítima";"264,500";"BR-116/PR";"Decrescente";"Capotamento";1;0;0;0;0;0;0;0;0;0;1;0;0;0;0
"19/04/2024";"02:40:14";"17";"Sem vítima";"54,900";"BR-116/PR";"Crescente";"Tombamento";0;0;1;0;0;0;0;0;0;0;1;0;0;0;0
"19/04/2024";"12:57:45";"98";"Sem vítima";"166,133";"BR-116/PR";"Decrescente";"Colisão transversal";2;0;0;0;0;0;0;0;0;0;2;0;0;0;0
"19/04/2024";"04:04:47";"116";"Sem vítima";"123,534";"BR-116/PR";"Decrescente";"Colisão lateral no mesmo sentido";3;0;0;1;0;0;0;0;0;0;4;0;0;0;0
"20/04/2024";"08:43:43";"65";"Com vítima";"120,650";"BR-116/PR";"Decrescente";"Queda de moto";1;0;0;1;0;0;0;0;0;0;1;0;0;0;0
"20/04/2024";"06:32:08";"111";"Sem vítima";"12,300";"BR-116/PR";"Decrescente";"Colisão transversal";2;0;0;0;0;0;0;0;0;0;2;0;0;0;0
"20/04/2024";"09:41:06";"10";"Sem vítima";"10,500";"BR-116/PR";"Decrescente";"Choque";1;0;0;0;0;0;0;0;0;0;1;0;0;0;0
"20/04/2024";"11:58:15";"15";"Sem vítima";"115,500";"BR-116/PR";"Decrescente";"Choque";1;0;0;0;0;0;0;0;0;0;1;0;0;0;0
"21/04/2024";"06:17:45";"36";"Sem vítima";"129,100";"BR-116/PR";"Decrescente";"Engavetamento";2;0;1;0;0;0;0;0;0;0;2;0;0;0;0
"21/04/2024";"01:50:08";"63";"Sem vítima";"127,100";"BR-116/PR";"Crescente";"Colisão traseira";2;0;0;0;0;0;0;0;0;0;2;0;0;0;0
"21/04/2024";"03:15:52";"69";"Com vítima";"73,500";"BR-116/PR";"Decrescente";"Colisão lateral no mesmo sentido";2;0;0;1;0;0;0;0;0;0;2;0;0;0;0
"21/04/2024";"11:11:22";"15";"Com vítima";"214,800";"BR-116/PR";"Crescente";"Saída de pista";1;0;0;0;0;0;0;0;0;0;0;0;0;0;0
"22/04/2024";"03:25:04";"30";"Sem vítima";"118,924";"BR-116/PR";"Crescente";"Engavetamento";3;0;0;0;0;0;0;0;0;0;3;0;0;0;0
"22/04/2024";"02:24:27";"112";"Sem vítima";"119,100";"BR-116/PR";"Decrescente";"Colisão traseira";2;0;0;0;0;0;0;0;0;0;2;0;0;0;0
"23/04/2024";"04:22:46";"36";"Com vítima";"115,200";"BR-116/PR";"Crescente";"Colisão lateral no mesmo sentido";1;0;0;1;0;0;0;0;0;0;1;0;0;0;0
"23/04/2024";"08:14:33";"84";"Sem vítima";"71,500";"BR-116/PR";"Crescente";"Colisão traseira";0;0;2;0;0;0;0;0;0;0;2;0;0;0;0
"24/04/2024";"04:45:42";"32";"Com vítima";"168,555";"BR-116/PR";"Crescente";"Colisão lateral no mesmo sentido";2;0;0;0;0;0;0;0;0;0;0;0;0;0;0
"24/04/2024";"05:00:53";"34";"Com vítima";"254,100";"BR-116/PR";"Crescente";"Colisão lateral no mesmo sentido";1;0;1;0;0;0;0;0;0;0;2;0;0;0;0
"24/04/2024";"12:37:02";"97";"Sem vítima";"233,160";"BR-116/PR";"Decrescente";"Engavetamento";2;0;1;0;0;0;0;0;0;0;3;0;0;0;0
"24/04/2024";"04:17:26";"113";"Sem vítima";"128,044";"BR-116/PR";"Crescente";"Capotamento";2;0;0;0;0;0;0;0;0;0;2;0;0;0;0
"25/04/2024";"02:21:58";"15";"Sem vítima";"10,578";"BR-116/PR";"Decrescente";"Choque";1;0;0;0;0;0;0;0;0;0;1;0;0;0;0
"25/04/2024";"04:18:38";"18";"Com vítima";"131,788";"BR-116/PR";"Crescente";"Queda de moto";0;0;0;1;0;0;0;0;0;0;0;0;0;0;0
"25/04/2024";"02:51:38";"98";"Com vítima";"52,215";"BR-116/PR";"Decrescente";"Colisão lateral no mesmo sentido";2;0;0;0;0;0;0;0;0;0;4;0;0;0;0
"25/04/2024";"03:16:46";"101";"Com vítima";"145,314";"BR-116/PR";"Crescente";"Tombamento";0;0;1;0;0;0;0;0;0;0;0;0;0;0;0
"25/04/2024";"06:52:13";"110";"Sem vítima";"163,301";"BR-116/PR";"Crescente";"Choque";0;0;1;0;0;0;0;0;0;0;1;0;0;0;0
"26/04/2024";"04:16:59";"24";"Com vítima";"250,271";"BR-116/PR";"Decrescente";"Colisão traseira";1;0;0;0;0;0;0;0;0;1;0;0;0;0;0
"26/04/2024";"04:35:09";"28";"Com vítima";"122,300";"BR-116/PR";"Crescente";"Queda de moto";0;0;0;1;0;0;0;0;0;0;1;0;0;0;0
"26/04/2024";"03:19:12";"125";"Com vítima";"164,078";"BR-116/PR";"Decrescente";"Colisão lateral no mesmo sentido";1;0;0;1;0;0;0;0;0;0;1;0;0;0;0
"27/04/2024";"02:00:54";"11";"Com vítima";"297,600";"BR-116/PR";"Crescente";"Tombamento";0;0;1;0;0;0;0;0;0;0;0;0;0;0;0
"27/04/2024";"06:10:25";"43";"Sem vítima";"245,100";"BR-116/PR";"Decrescente";"Colisão lateral no mesmo sentido";1;0;1;0;0;0;0;0;0;0;3;0;0;0;0
"27/04/2024";"08:42:42";"56";"Com vítima";"217,200";"BR-116/PR";"Decrescente";"Atropelamento de ciclista";0;1;0;0;0;0;0;0;0;0;0;0;0;0;0
"28/04/2024";"12:36:32";"57";"Sem vítima";"245,555";"BR-116/PR";"Crescente";"Colisão lateral no mesmo sentido";1;0;0;0;0;0;0;0;0;1;2;0;0;0;0
"28/04/2024";"02:16:22";"68";"Com vítima";"10,700";"BR-116/PR";"Crescente";"Engavetamento";3;0;0;0;0;0;0;0;0;0;3;0;0;0;0
"28/04/2024";"04:32:40";"74";"Sem vítima";"116,615";"BR-116/PR";"Decrescente";"Choque";1;0;0;0;0;0;0;0;0;0;1;0;0;0;0
"28/04/2024";"04:34:07";"75";"Com vítima";"62,852";"BR-116/PR";"Crescente";"Colisão frontal";3;0;0;0;0;0;0;0;0;0;2;0;0;0;2
"28/04/2024";"05:25:15";"76";"Sem vítima";"186,776";"BR-116/PR";"Crescente";"Colisão lateral no mesmo sentido";1;0;0;0;1;0;0;0;0;0;2;0;0;0;0
"28/04/2024";"10:03:59";"9";"Sem vítima";"120,555";"BR-116/PR";"Decrescente";"Saída de pista";1;0;0;0;0;0;0;0;0;0;1;0;0;0;0
"28/04/2024";"11:46:27";"12";"Sem vítima";"107,750";"BR-116/PR";"Decrescente";"Choque";1;0;0;0;0;0;0;0;0;0;1;0;0;0;0
"29/04/2024";"06:50:11";"53";"Sem vítima";"119,100";"BR-116/PR";"Decrescente";"Colisão traseira";2;0;0;0;0;0;0;0;0;0;2;0;0;0;0
"29/04/2024";"08:41:32";"71";"Com vítima";"152,500";"BR-116/PR";"Decrescente";"Colisão lateral no mesmo sentido";0;0;0;1;0;0;0;0;0;0;0;0;0;0;0
"29/04/2024";"08:51:36";"72";"Com vítima";"118,100";"BR-116/PR";"Decrescente";"Queda de moto";0;0;0;1;0;0;0;0;0;0;1;0;0;0;0
"29/04/2024";"12:18:26";"90";"Sem vítima";"130,077";"BR-116/PR";"Decrescente";"Colisão lateral no mesmo sentido";1;0;0;0;0;0;0;0;0;0;1;0;0;0;0
"30/04/2024";"02:50:36";"17";"Com vítima";"126,200";"BR-116/PR";"Crescente";"Colisão lateral no mesmo sentido";1;0;0;1;0;0;0;0;0;0;1;0;0;0;0
"30/04/2024";"08:08:42";"53";"Com vítima";"155,950";"BR-116/PR";"Crescente";"Choque";0;0;1;0;0;0;0;0;0;0;0;0;0;0;0
"30/04/2024";"11:16:58";"90";"Com vítima";"118,300";"BR-116/PR";"Crescente";"Colisão lateral no mesmo sentido";1;0;0;1;0;0;0;0;0;0;1;0;0;0;0
"30/04/2024";"03:43:55";"120";"Com vítima";"5,300";"BR-116/PR";"Crescente";"Atropelamento de ciclista";1;1;0;0;0;0;0;0;0;0;0;0;0;0;0
"30/04/2024";"07:48:37";"133";"Com vítima";"128,474";"BR-116/PR";"Decrescente";"Choque";1;0;0;0;0;0;0;0;0;0;0;0;0;0;0
"30/04/2024";"09:24:02";"7";"Sem vítima";"126,158";"BR-116/PR";"Decrescente";"Colisão traseira";0;0;2;0;0;0;0;0;0;0;2;0;0;0;0
"30/04/2024";"11:55:50";"13";"Sem vítima";"121,076";"BR-116/PR";"Crescente";"Choque";1;0;0;0;0;0;0;0;0;0;1;0;0;0;0
"02/05/2024";"09:33:41";"85";"Sem vítima";"175,100";"BR-116/PR";"Decrescente";"Saída de pista";0;0;0;0;0;1;0;0;0;0;1;0;0;0;0
"02/05/2024";"06:06:03";"124";"Sem vítima";"116,200";"BR-116/PR";"Decrescente";"Colisão lateral no mesmo sentido";1;0;0;0;0;0;0;0;0;0;1;0;0;0;0
"03/05/2024";"07:58:09";"67";"Sem vítima";"12,005";"BR-116/PR";"Crescente";"Tombamento";0;0;1;0;0;0;0;0;0;0;0;0;0;0;0
"03/05/2024";"12:49:46";"92";"Sem vítima";"151,500";"BR-116/PR";"Decrescente";"Engavetamento";2;0;0;0;0;0;0;0;0;0;2;0;0;0;0
"03/05/2024";"02:21:04";"103";"Com vítima";"116,707";"BR-116/PR";"Decrescente";"Colisão traseira";1;0;0;1;0;0;0;0;0;0;1;0;0;0;0
"04/05/2024";"09:41:44";"56";"Com vítima";"146,100";"BR-116/PR";"Decrescente";"Colisão lateral no mesmo sentido";0;0;0;2;0;0;0;0;0;0;0;0;0;0;0
"04/05/2024";"02:27:54";"80";"Sem vítima";"233,160";"BR-116/PR";"Crescente";"Colisão lateral no mesmo sentido";2;0;0;0;0;0;0;0;0;0;2;0;0;0;0
"05/05/2024";"09:22:01";"36";"Com vítima";"169,171";"BR-116/PR";"Decrescente";"Colisão lateral no mesmo sentido";2;0;1;0;0;0;0;0;0;0;0;0;0;0;0