data;horario;n_da_ocorrencia;tipo_de_ocorrencia;km;trecho;sentido;tipo_de_acidente;automovel;bicicleta;caminhao;moto;onibus;outros;tracao_animal;transporte_de_cargas_especiais;trator_maquinas;utilitarios;ilesos;levemente_feridos;moderadamente_feridos;gravemente_feridos;mortos
"05/05/2024";"12:53:27";"55";"Com vítima";"235,200";"BR-116/PR";"Decrescente";"Colisão transversal";0;0;0;2;0;0;0;0;0;0;0;0;0;0;0
"05/05/2024";"04:32:36";"83";"Sem vítima";"152,530";"BR-116/PR";"Decrescente";"Colisão transversal";2;0;0;0;0;0;0;0;0;0;2;0;0;0;0
"05/05/2024";"07:15:29";"97";"Com vítima";"143,860";"BR-116/PR";"Crescente";"Colisão frontal";1;0;1;0;0;0;0;0;0;0;0;0;0;0;1
"06/05/2024";"05:05:57";"116";"Com vítima";"210,037";"BR-116/PR";"Crescente";"Colisão transversal";1;0;0;1;0;0;0;0;0;0;1;0;0;0;0
"07/05/2024";"02:02:15";"119";"Sem vítima";"167,200";"BR-116/PR";"Decrescente";"Colisão transversal";1;0;1;0;0;0;0;0;0;0;3;0;0;0;0
"07/05/2024";"04:02:07";"128";"Sem vítima";"116,200";"BR-116/PR";"Decrescente";"Colisão traseira";2;0;0;0;0;0;0;0;0;0;2;0;0;0;0
"07/05/2024";"04:58:18";"130";"Sem vítima";"302,336";"BR-116/PR";"Decrescente";"Saída de pista";0;0;1;0;0;0;0;0;0;0;1;0;0;0;0
"07/05/2024";"05:01:41";"131";"Sem vítima";"120,559";"BR-116/PR";"Crescente";"Colisão lateral no mesmo sentido";1;0;1;0;0;0;0;0;0;0;2;0;0;0;0
"08/05/2024";"06:14:34";"47";"Sem vítima";"120,800";"BR-116/PR";"Crescente";"Colisão traseira";1;0;1;0;0;0;0;0;0;0;2;0;0;0;0
"08/05/2024";"12:12:03";"102";"Com vítima";"131,800";"BR-116/PR";"Decrescente";"Queda de moto";0;0;0;1;0;0;0;0;0;0;0;0;0;0;0
"08/05/2024";"09:14:55";"3";"Com vítima";"123,108";"BR-116/PR";"Crescente";"Choque";1;0;0;0;0;0;0;0;0;0;0;0;0;0;0
"09/05/2024";"04:37:36";"28";"Com vítima";"117,400";"BR-116/PR";"Crescente";"Colisão traseira";0;0;0;1;0;0;0;0;0;0;0;0;0;0;0
"09/05/2024";"03:21:19";"114";"Com vítima";"153,600";"BR-116/PR";"Decrescente";"Colisão lateral no mesmo sentido";1;0;0;1;0;0;0;0;0;0;1;0;0;0;0
"09/05/2024";"06:11:04";"120";"Sem vítima";"134,300";"BR-116/PR";"Crescente";"Saída de pista";1;0;0;0;0;0;0;0;0;0;1;0;0;0;0
"10/05/2024";"09:18:04";"64";"Sem vítima";"129,100";"BR-116/PR";"Decrescente";"Colisão traseira";1;0;1;0;0;0;0;0;0;0;2;0;0;0;0
"10/05/2024";"09:34:36";"66";"Sem vítima";"218,100";"BR-116/PR";"Decrescente";"Saída de pista";0;0;1;0;0;0;0;0;0;0;1;0;0;0;0
"10/05/2024";"10:21:12";"8";"Sem vítima";"139,800";"BR-116/PR";"Crescente";"Choque";1;0;0;0;0;0;0;0;0;0;1;0;0;0;0
"11/05/2024";"09:14:19";"53";"Sem vítima";"23,833";"BR-116/PR";"Decrescente";"Colisão transversal";2;0;0;0;0;0;0;0;0;0;2;0;0;0;0
"11/05/2024";"01:21:37";"77";"Com vítima";"134,900";"BR-116/PR";"Crescente";"Colisão traseira";0;0;0;2;0;0;0;0;0;0;1;0;0;0;0
"11/05/2024";"03:02:08";"84";"Sem vítima";"121,154";"BR-116/PR";"Crescente";"Colisão traseira";2;0;0;0;0;0;0;0;0;0;2;0;0;0;0
"12/05/2024";"01:37:29";"9";"Com vítima";"121,213";"BR-116/PR";"Decrescente";"Colisão traseira";1;0;0;1;0;0;0;0;0;0;1;0;0;0;0
"12/05/2024";"08:33:53";"31";"Sem vítima";"126,456";"BR-116/PR";"Crescente";"Colisão traseira";2;0;0;0;0;0;0;0;0;0;2;0;0;0;0
"12/05/2024";"08:49:17";"33";"Sem vítima";"121,843";"BR-116/PR";"Crescente";"Engavetamento";4;0;0;0;0;0;0;0;0;0;5;0;0;0;0
"12/05/2024";"09:22:59";"35";"Sem vítima";"127,310";"BR-116/PR";"Crescente";"Engavetamento";3;0;0;0;0;0;0;0;0;0;3;0;0;0;0
"12/05/2024";"09:24:02";"36";"Com vítima";"115,400";"BR-116/PR";"Crescente";"Queda de moto";0;0;0;1;0;0;0;0;0;0;0;0;0;0;0
"12/05/2024";"10:11:47";"38";"Com vítima";"121,185";"BR-116/PR";"Decrescente";"Colisão traseira";0;0;0;1;0;0;0;0;0;0;0;0;0;0;0
"12/05/2024";"02:16:31";"66";"Sem vítima";"119,200";"BR-116/PR";"Decrescente";"Colisão lateral no mesmo sentido";1;0;1;0;0;0;0;0;0;0;2;0;0;0;0
"12/05/2024";"04:52:49";"84";"Sem vítima";"125,200";"BR-116/PR";"Decrescente";"Choque";1;0;0;0;0;0;0;0;0;0;1;0;0;0;0
"13/05/2024";"03:41:25";"11";"Sem vítima";"140,100";"BR-116/PR";"Crescente";"Colisão traseira";2;0;0;0;0;0;0;0;0;0;2;0;0;0;0
"13/05/2024";"10:27:20";"66";"Com vítima";"128,500";"BR-116/PR";"Crescente";"Choque";1;0;0;1;0;0;0;0;0;0;1;0;0;0;0
"13/05/2024";"10:42:21";"67";"Com vítima";"116,702";"BR-116/PR";"Crescente";"Engavetamento";3;0;0;0;0;0;0;0;0;0;5;0;0;0;0
"13/05/2024";"02:13:00";"83";"Sem vítima";"128,500";"BR-116/PR";"Decrescente";"Colisão traseira";1;0;0;1;0;0;0;0;0;0;2;0;0;0;0
"13/05/2024";"02:45:05";"85";"Com vítima";"119,162";"BR-116/PR";"Decrescente";"Colisão traseira";1;0;0;1;0;0;0;0;0;0;1;0;0;0;0
"14/05/2024";"04:48:01";"32";"Sem vítima";"120,100";"BR-116/PR";"Crescente";"Colisão traseira";1;0;0;0;0;0;0;0;0;0;1;0;0;0;0
"14/05/2024";"05:03:42";"35";"Sem vítima";"135,100";"BR-116/PR";"Decrescente";"Saída de pista";1;0;0;0;0;0;0;0;0;0;1;0;0;0;0
"14/05/2024";"10:48:29";"83";"Com vítima";"10,300";"BR-116/PR";"Crescente";"Choque";1;0;0;0;0;0;0;0;0;0;2;0;0;0;0
"14/05/2024";"07:09:54";"129";"Sem vítima";"178,100";"BR-116/PR";"Decrescente";"Saída de pista";1;0;0;0;0;0;0;0;0;0;0;0;0;0;0
"15/05/2024";"01:25:25";"9";"Com vítima";"123,500";"BR-116/PR";"Crescente";"Colisão traseira";3;0;0;0;0;0;0;0;0;0;1;0;0;0;0
"15/05/2024";"03:26:06";"12";"Com vítima";"204,400";"BR-116/PR";"Crescente";"Colisão lateral no mesmo sentido";0;0;1;1;0;0;0;0;0;0;2;0;0;0;0
"15/05/2024";"04:20:34";"17";"Com vítima";"124,100";"BR-116/PR";"Crescente";"Colisão lateral no mesmo sentido";1;0;0;1;0;0;0;0;0;0;2;0;0;0;0
"15/05/2024";"02:35:52";"120";"Sem vítima";"119,100";"BR-116/PR";"Decrescente";"Colisão traseira";2;0;0;0;0;0;0;0;0;0;2;0;0;0;0
"16/05/2024";"11:56:21";"84";"Sem vítima";"125,200";"BR-116/PR";"Decrescente";"Colisão lateral no mesmo sentido";1;0;0;0;0;0;0;0;0;1;2;0;0;0;0
"16/05/2024";"03:27:35";"104";"Com vítima";"116,911";"BR-116/PR";"Decrescente";"Colisão traseira";1;0;0;1;0;0;0;0;0;0;1;0;0;0;0
"17/05/2024";"04:04:36";"12";"Com vítima";"121,100";"BR-116/PR";"Crescente";"Queda de moto";0;0;0;1;0;0;0;0;0;0;0;0;0;0;0
"17/05/2024";"06:56:00";"103";"Sem vítima";"307,300";"BR-116/PR";"Crescente";"Choque";0;0;0;0;0;0;0;0;0;1;1;0;0;0;0
"18/05/2024";"05:32:59";"18";"Sem vítima";"0,900";"BR-116/PR";"Crescente";"Saída de pista";1;0;0;0;0;0;0;0;0;0;2;0;0;0;0
"18/05/2024";"09:21:54";"7";"Sem vítima";"153,200";"BR-116/PR";"Crescente";"Choque";1;0;0;0;0;0;0;0;0;0;1;0;0;0;0
"18/05/2024";"11:33:12";"12";"Sem vítima";"123,100";"BR-116/PR";"Decrescente";"Choque";1;0;0;0;0;0;0;0;0;0;0;0;0;0;0
"19/05/2024";"07:15:17";"41";"Sem vítima";"201,255";"BR-116/PR";"Crescente";"Choque";0;0;1;0;0;0;0;0;0;0;1;0;0;0;0
"20/05/2024";"04:43:09";"18";"Com vítima";"116,470";"BR-116/PR";"Crescente";"Colisão traseira";1;0;0;1;0;0;0;0;0;0;1;0;0;0;0
"20/05/2024";"11:20:02";"90";"Sem vítima";"57,500";"BR-116/PR";"Decrescente";"Colisão lateral no mesmo sentido";1;0;1;0;0;0;0;0;0;0;2;0;0;0;0
"20/05/2024";"03:25:37";"110";"Com vítima";"118,299";"BR-116/PR";"Decrescente";"Atropelamento de pedestre";0;0;0;1;0;0;0;0;0;0;0;0;0;0;0
"20/05/2024";"04:47:16";"116";"Com vítima";"116,180";"BR-116/PR";"Decrescente";"Colisão lateral no mesmo sentido";1;0;0;1;0;0;0;0;0;0;1;0;0;0;0
"21/05/2024";"05:24:33";"51";"Com vítima";"116,100";"BR-116/PR";"Crescente";"Colisão lateral no mesmo sentido";1;0;0;1;0;0;0;0;0;0;1;0;0;0;0
"21/05/2024";"03:47:19";"127";"Com vítima";"127,002";"BR-116/PR";"Decrescente";"Atropelamento de pedestre";1;0;0;0;0;0;0;0;0;0;1;0;0;0;0
"21/05/2024";"06:47:37";"139";"Com vítima";"148,736";"BR-116/PR";"Decrescente";"Colisão frontal";1;0;0;1;0;0;0;0;0;0;0;0;0;0;0
"21/05/2024";"07:37:45";"143";"Com vítima";"121,831";"BR-116/PR";"Decrescente";"Colisão lateral no mesmo sentido";1;0;0;1;0;0;0;0;0;0;1;0;0;0;0
"22/05/2024";"02:34:33";"12";"Sem vítima";"48,615";"BR-116/PR";"Crescente";"Atropelamento de animal";0;0;0;0;0;0;0;0;0;1;1;0;0;0;0
"22/05/2024";"05:08:53";"37";"Com vítima";"123,100";"BR-116/PR";"Crescente";"Colisão traseira";1;0;0;1;0;0;0;0;0;0;1;0;0;0;0
"22/05/2024";"05:23:38";"131";"Sem vítima";"210,136";"BR-116/PR";"Decrescente";"Colisão transversal";2;0;0;0;0;0;0;0;0;0;2;0;0;0;0
"23/05/2024";"05:30:57";"25";"Sem vítima";"115,200";"BR-116/PR";"Crescente";"Colisão transversal";1;0;0;1;0;0;0;0;0;0;2;0;0;0;0
"23/05/2024";"06:36:38";"57";"Sem vítima";"49,100";"BR-116/PR";"Decrescente";"Colisão traseira";1;0;1;0;0;0;0;0;0;0;2;0;0;0;0
"23/05/2024";"08:51:52";"73";"Sem vítima";"141,100";"BR-116/PR";"Decrescente";"Engavetamento";4;0;0;0;0;0;0;0;0;0;4;0;0;0;0
"23/05/2024";"12:06:17";"93";"Com vítima";"6,100";"BR-116/PR";"Crescente";"Colisão traseira";1;0;1;0;0;0;0;0;0;0;2;0;0;0;0
"23/05/2024";"12:41:58";"98";"Sem vítima";"145,700";"BR-116/PR";"Crescente";"Colisão traseira";1;0;0;0;0;0;0;0;0;1;2;0;0;0;0
"23/05/2024";"01:50:29";"107";"Com vítima";"245,100";"BR-116/PR";"Decrescente";"Colisão lateral no mesmo sentido";2;0;0;0;0;0;0;0;0;0;2;0;0;0;0
"23/05/2024";"04:36:19";"120";"Sem vítima";"154,010";"BR-116/PR";"Crescente";"Choque";1;0;0;0;0;0;0;0;0;0;1;0;0;0;0
"23/05/2024";"05:00:33";"125";"Com vítima";"120,100";"BR-116/PR";"Crescente";"Engavetamento";1;0;0;1;0;0;0;0;0;0;1;0;0;0;0
"23/05/2024";"06:33:31";"126";"Com vítima";"152,260";"BR-116/PR";"Crescente";"Atropelamento de pedestre";0;0;1;0;0;0;0;0;0;0;1;0;0;0;0
"24/05/2024";"05:43:00";"35";"Sem vítima";"147,100";"BR-116/PR";"Decrescente";"Colisão lateral no mesmo sentido";1;0;1;0;0;0;0;0;0;0;2;0;0;0;0
"24/05/2024";"06:40:40";"36";"Sem vítima";"159,050";"BR-116/PR";"Crescente";"Tombamento";0;0;1;0;0;0;0;0;0;0;1;0;0;0;0
"24/05/2024";"04:27:34";"87";"Sem vítima";"63,100";"BR-116/PR";"Decrescente";"Atropelamento de animal";1;0;0;0;0;0;0;0;0;0;1;0;0;0;0
"24/05/2024";"05:10:11";"90";"Com vítima";"159,700";"BR-116/PR";"Decrescente";"Colisão lateral no mesmo sentido";2;0;0;0;0;0;0;0;0;0;1;0;0;0;0
"25/05/2024";"01:28:33";"10";"Com vítima";"206,800";"BR-116/PR";"Decrescente";"Tombamento";0;0;1;0;0;0;0;0;0;0;0;0;0;0;0
"25/05/2024";"04:47:10";"23";"Sem vítima";"34,100";"BR-116/PR";"Decrescente";"Colisão traseira";1;0;1;0;0;0;0;0;0;0;4;0;0;0;0
"25/05/2024";"07:58:39";"50";"Com vítima";"212,100";"BR-116/PR";"Crescente";"Capotamento";1;0;0;0;0;0;0;0;0;0;0;0;0;0;0
"25/05/2024";"02:01:15";"87";"Sem vítima";"245,787";"BR-116/PR";"Decrescente";"Choque";1;0;0;0;0;0;0;0;0;0;1;0;0;0;0
"25/05/2024";"03:01:44";"89";"Com vítima";"149,900";"BR-116/PR";"Decrescente";"Colisão transversal";2;0;0;0;0;0;0;0;0;0;1;0;0;0;0
"25/05/2024";"06:03:58";"105";"Sem vítima";"156,500";"BR-116/PR";"Crescente";"Choque";1;0;0;0;0;0;0;0;0;0;0;0;0;0;0
"26/05/2024";"05:14:51";"61";"Sem vítima";"221,100";"BR-116/PR";"Decrescente";"Saída de pista";1;0;0;0;0;0;0;0;0;0;2;0;0;0;0
"27/05/2024";"02:30:03";"8";"Com vítima";"174,800";"BR-116/PR";"Crescente";"Choque";0;0;1;0;0;0;0;0;0;0;0;0;0;0;0
"27/05/2024";"05:22:08";"17";"Sem vítima";"208,900";"BR-116/PR";"Decrescente";"Saída de pista";1;0;0;0;0;0;0;0;0;0;1;0;0;0;0
"27/05/2024";"02:38:36";"80";"Sem vítima";"116,700";"BR-116/PR";"Crescente";"Engavetamento";3;0;0;0;0;0;0;0;0;0;3;0;0;0;0
"27/05/2024";"04:55:53";"92";"Sem vítima";"166,200";"BR-116/PR";"Crescente";"Colisão traseira";1;0;1;0;0;0;0;0;0;0;3;0;0;0;0
"27/05/2024";"06:12:07";"95";"Sem vítima";"135,200";"BR-116/PR";"Decrescente";"Colisão frontal";1;0;1;0;0;0;0;0;0;0;1;0;0;0;0
"27/05/2024";"07:56:36";"103";"Sem vítima";"78,500";"BR-116/PR";"Crescente";"Colisão traseira";1;0;1;0;0;0;0;0;0;0;2;0;0;0;0
"27/05/2024";"08:13:35";"104";"Sem vítima";"174,643";"BR-116/PR";"Crescente";"Colisão lateral no mesmo sentido";1;0;1;0;0;0;0;0;0;0;2;0;0;0;0
"28/05/2024";"08:24:18";"84";"Sem vítima";"121,001";"BR-116/PR";"Decrescente";"Engavetamento";4;0;0;0;0;0;0;0;0;0;2;0;0;0;0
"28/05/2024";"10:22:14";"97";"Sem vítima";"118,200";"BR-116/PR";"Decrescente";"Saída de pista";1;0;0;0;0;0;0;0;0;0;1;0;0;0;0
"28/05/2024";"03:12:48";"131";"Sem vítima";"115,500";"BR-116/PR";"Decrescente";"Tombamento";0;0;1;0;0;0;0;0;0;0;2;0;0;0;0
"28/05/2024";"10:21:56";"5";"Com vítima";"37,237";"BR-116/PR";"Crescente";"Capotamento";1;0;0;0;0;0;0;0;0;0;0;0;0;0;0
"29/05/2024";"12:22:50";"79";"Sem vítima";"161,789";"BR-116/PR";"Decrescente";"Colisão traseira";1;0;1;0;0;0;0;0;0;0;2;0;0;0;0
"29/05/2024";"03:30:15";"100";"Sem vítima";"251,720";"BR-116/PR";"Crescente";"Colisão traseira";2;0;0;0;0;0;0;0;0;0;3;0;0;0;0
"29/05/2024";"04:44:58";"107";"Com vítima";"141,724";"BR-116/PR";"Decrescente";"Atropelamento de animal";0;0;0;1;0;0;0;0;0;0;0;0;0;0;0
"30/05/2024";"03:50:52";"13";"Com vítima";"122,100";"BR-116/PR";"Crescente";"Colisão traseira";1;0;1;0;0;0;0;0;0;0;1;0;0;0;0
"30/05/2024";"09:14:34";"50";"Sem vítima";"115,010";"BR-116/PR";"Decrescente";"Colisão lateral no mesmo sentido";1;0;0;0;0;0;0;0;0;0;1;0;0;0;0
"30/05/2024";"05:30:43";"99";"Com vítima";"289,850";"BR-116/PR";"Decrescente";"Tombamento";0;0;1;0;0;0;0;0;0;0;0;0;0;0;0
"30/05/2024";"07:25:29";"103";"Com vítima";"136,125";"BR-116/PR";"Decrescente";"Colisão frontal";1;0;1;0;0;0;0;0;0;0;1;0;0;0;1
"31/05/2024";"03:05:02";"90";"Sem vítima";"143,500";"BR-116/PR";"Decrescente";"Saída de pista";1;0;0;0;0;0;0;0;0;0;3;0;0;0;0
"31/05/2024";"04:57:45";"103";"Sem vítima";"245,200";"BR-116/PR";"Crescente";"Colisão lateral no mesmo sentido";0;0;1;0;0;0;0;0;0;1;2;0;0;0;0
"31/05/2024";"11:47:30";"14";"Sem vítima";"123,361";"BR-116/PR";"Decrescente";"Capotamento";0;0;0;0;0;0;0;0;0;1;1;0;0;0;0
"01/06/2024";"09:46:23";"53";"Com vítima";"122,100";"BR-116/PR";"Decrescente";"Colisão traseira";1;0;0;1;0;0;0;0;0;0;1;0;0;0;0
"01/06/2024";"11:30:21";"60";"Com vítima";"209,200";"BR-116/PR";"Crescente";"Colisão transversal";1;0;0;1;0;0;0;0;0;0;1;0;0;0;0
"01/06/2024";"06:39:41";"96";"Sem vítima";"208,300";"BR-116/PR";"Decrescente";"Colisão lateral no mesmo sentido";2;0;0;0;0;0;0;0;0;0;2;0;0;0;0
"02/06/2024";"09:47:29";"30";"Sem vítima";"126,400";"BR-116/PR";"Decrescente";"Colisão traseira";2;0;0;0;0;0;0;0;0;0;2;0;0;0;0
"02/06/2024";"11:56:15";"39";"Sem vítima";"123,010";"BR-116/PR";"Crescente";"Colisão lateral no mesmo sentido";1;0;0;0;0;0;0;0;0;0;1;0;0;0;0
"02/06/2024";"04:48:00";"71";"Sem vítima";"150,200";"BR-116/PR";"Crescente";"Colisão lateral no mesmo sentido";1;0;0;0;0;0;0;0;0;0;1;0;0;0;0
"03/06/2024";"04:03:31";"21";"Sem vítima";"116,100";"BR-116/PR";"Crescente";"Colisão lateral no mesmo sentido";1;0;1;0;0;0;0;0;0;0;2;0;0;0;0
"03/06/2024";"11:21:14";"88";"Sem vítima";"107,200";"BR-116/PR";"Decrescente";"Colisão lateral no mesmo sentido";2;0;0;0;0;0;0;0;0;0;2;0;0;0;0
"03/06/2024";"01:02:33";"99";"Sem vítima";"303,200";"BR-116/PR";"Decrescente";"Saída de pista";1;0;0;0;0;0;0;0;0;0;1;0;0;0;0
"03/06/2024";"04:50:39";"116";"Sem vítima";"52,100";"BR-116/PR";"Crescente";"Capotamento";1;0;0;0;0;0;0;0;0;0;1;0;0;0;0
"04/06/2024";"12:23:56";"14";"Com vítima";"254,289";"BR-116/PR";"Decrescente";"Tombamento";0;0;1;0;0;0;0;0;0;0;0;0;0;0;0
"04/06/2024";"11:39:54";"97";"Sem vítima";"78,200";"BR-116/PR";"Crescente";"Colisão lateral no mesmo sentido";0;0;2;0;0;0;0;0;0;0;2;0;0;0;0
"04/06/2024";"11:59:35";"99";"Com vítima";"145,500";"BR-116/PR";"Crescente";"Colisão traseira";0;0;1;0;0;0;0;0;0;1;1;0;0;0;0
"04/06/2024";"03:44:06";"124";"Com vítima";"122,200";"BR-116/PR";"Decrescente";"Engavetamento";2;0;1;0;0;0;0;0;0;0;1;0;0;0;0
"04/06/2024";"08:51:39";"132";"Com vítima";"125,874";"BR-116/PR";"Crescente";"Colisão traseira";0;0;1;1;0;0;0;0;0;0;1;0;0;0;0
"05/06/2024";"02:07:30";"96";"Com vítima";"130,100";"BR-116/PR";"Crescente";"Queda de moto";0;0;0;1;0;0;0;0;0;0;1;0;0;0;0
"05/06/2024";"08:01:53";"124";"Com vítima";"122,909";"BR-116/PR";"Crescente";"Colisão traseira";1;0;0;1;0;0;0;0;0;0;1;0;0;0;0
"06/06/2024";"12:41:31";"11";"Sem vítima";"71,034";"BR-116/PR";"Decrescente";"Saída de pista";1;0;0;0;0;0;0;0;0;0;2;0;0;0;0
"06/06/2024";"04:00:58";"100";"Com vítima";"75,099";"BR-116/PR";"Decrescente";"Colisão traseira";0;0;0;0;0;0;0;0;0;2;4;0;0;0;0
"07/06/2024";"07:01:58";"60";"Com vítima";"178,300";"BR-116/PR";"Crescente";"Colisão transversal";1;0;0;1;0;0;0;0;0;0;1;0;0;0;0
"07/06/2024";"10:23:09";"92";"Com vítima";"9,100";"BR-116/PR";"Crescente";"Colisão traseira";0;0;0;1;0;0;0;0;0;0;0;0;0;0;0
"08/06/2024";"04:07:06";"25";"Sem vítima";"58,300";"BR-116/PR";"Crescente";"Colisão lateral no mesmo sentido";1;0;0;0;0;0;0;0;0;0;1;0;0;0;0
"08/06/2024";"09:39:10";"67";"Com vítima";"119,100";"BR-116/PR";"Crescente";"Colisão lateral no mesmo sentido";0;0;1;1;0;0;0;0;0;0;1;0;0;0;0
"08/06/2024";"09:43:29";"68";"Sem vítima";"191,100";"BR-116/PR";"Decrescente";"Colisão traseira";2;0;0;0;0;0;0;0;0;0;2;0;0;0;0
"08/06/2024";"09:51:26";"69";"Com vítima";"121,075";"BR-116/PR";"Crescente";"Colisão lateral no mesmo sentido";0;0;0;2;0;0;0;0;0;0;1;0;0;0;0
"08/06/2024";"01:08:54";"90";"Sem vítima";"152,600";"BR-116/PR";"Decrescente";"Colisão transversal";1;0;1;0;0;0;0;0;0;0;2;0;0;0;0
"08/06/2024";"03:26:40";"100";"Com vítima";"57,100";"BR-116/PR";"Decrescente";"Colisão lateral no mesmo sentido";1;0;0;0;0;0;0;0;0;0;1;0;0;0;0
"08/06/2024";"07:14:27";"118";"Sem vítima";"255,800";"BR-116/PR";"Crescente";"Atropelamento de animal";0;0;1;0;0;0;0;0;0;1;5;0;0;0;0
"08/06/2024";"10:32:51";"11";"Sem vítima";"122,400";"BR-116/PR";"Crescente";"Queda de moto";0;0;0;1;0;0;0;0;0;0;1;0;0;0;0
"09/06/2024";"02:04:09";"16";"Sem vítima";"115,400";"BR-116/PR";"Decrescente";"Queda de moto";0;0;0;1;0;0;0;0;0;0;1;0;0;0;0
"09/06/2024";"02:54:41";"17";"Sem vítima";"121,100";"BR-116/PR";"Crescente";"Saída de pista";1;0;0;0;0;0;0;0;0;0;2;0;0;0;0
"09/06/2024";"08:09:39";"40";"Sem vítima";"152,100";"BR-116/PR";"Decrescente";"Colisão traseira";1;0;0;0;1;0;0;0;0;0;2;0;0;0;0
"09/06/2024";"08:25:02";"43";"Sem vítima";"150,100";"BR-116/PR";"Crescente";"Colisão lateral no mesmo sentido";2;0;0;0;0;0;0;0;0;0;2;0;0;0;0
"11/06/2024";"08:51:07";"80";"Com vítima";"145,100";"BR-116/PR";"Decrescente";"Tombamento";4;0;2;0;0;0;0;0;0;0;4;0;0;0;0
"12/06/2024";"04:54:24";"126";"Com vítima";"159,300";"BR-116/PR";"Crescente";"Colisão lateral no mesmo sentido";0;0;1;0;0;0;0;0;0;1;1;0;0;0;0
"12/06/2024";"06:00:36";"130";"Sem vítima";"126,250";"BR-116/PR";"Decrescente";"Colisão lateral no mesmo sentido";1;0;0;0;0;0;0;0;0;0;1;0;0;0;0
"12/06/2024";"09:57:23";"4";"Com vítima";"30,549";"BR-116/PR";"Crescente";"Colisão frontal";1;0;2;0;0;0;0;0;0;0;2;0;0;0;1
"12/06/2024";"10:51:42";"5";"Sem vítima";"30,800";"BR-116/PR";"Crescente";"Colisão traseira";2;0;1;0;0;0;0;0;0;0;2;0;0;0;0
"13/06/2024";"12:00:30";"90";"Sem vítima";"160,600";"BR-116/PR";"Decrescente";"Queda de moto";0;0;0;1;0;0;0;0;0;0;1;0;0;0;0
"14/06/2024";"03:54:17";"133";"Com vítima";"115,669";"BR-116/PR";"Crescente";"Colisão lateral no mesmo sentido";1;0;0;1;0;0;0;0;0;0;1;0;0;0;0
"14/06/2024";"11:28:20";"9";"Sem vítima";"152,400";"BR-116/PR";"Decrescente";"Choque";1;0;0;0;0;0;0;0;0;0;0;0;0;0;0
"15/06/2024";"07:37:16";"41";"Com vítima";"122,100";"BR-116/PR";"Crescente";"Queda de moto";0;0;0;1;0;0;0;0;0;0;0;0;0;0;0
"15/06/2024";"10:34:27";"55";"Com vítima";"121,662";"BR-116/PR";"Decrescente";"Colisão lateral no mesmo sentido";1;0;0;1;0;0;0;0;0;0;3;0;0;0;0
"15/06/2024";"01:33:18";"78";"Com vítima";"209,377";"BR-116/PR";"Decrescente";"Atropelamento de ciclista";1;1;0;0;0;0;0;0;0;0;1;0;0;0;0
"16/06/2024";"02:53:51";"68";"Sem vítima";"245,719";"BR-116/PR";"Crescente";"Colisão frontal";1;0;0;0;0;0;0;0;0;0;3;0;0;0;0
"16/06/2024";"03:17:40";"70";"Com vítima";"131,300";"BR-116/PR";"Decrescente";"Colisão lateral no mesmo sentido";1;0;1;0;0;0;0;0;0;0;2;0;0;0;0
"16/06/2024";"07:59:39";"87";"Sem vítima";"74,300";"BR-116/PR";"Crescente";"Choque";1;0;0;0;0;0;0;0;0;0;2;0;0;0;0
"16/06/2024";"08:30:01";"89";"Sem vítima";"85,200";"BR-116/PR";"Crescente";"Choque";1;0;0;0;0;0;0;0;0;0;1;0;0;0;0
"17/06/2024";"01:02:12";"4";"Com vítima";"125,767";"BR-116/PR";"Decrescente";"Colisão transversal";2;0;0;0;0;0;0;0;0;0;1;0;0;0;0
"17/06/2024";"04:43:15";"20";"Com vítima";"85,300";"BR-116/PR";"Decrescente";"Colisão lateral no mesmo sentido";1;0;2;0;0;0;0;0;0;0;2;0;0;0;0
"17/06/2024";"10:37:49";"58";"Sem vítima";"117,100";"BR-116/PR";"Decrescente";"Choque";2;0;0;0;0;0;0;0;0;0;2;0;0;0;0
"17/06/2024";"11:38:06";"64";"Sem vítima";"122,625";"BR-116/PR";"Decrescente";"Choque";1;0;0;0;0;0;0;0;0;0;1;0;0;0;0
"17/06/2024";"02:23:46";"88";"Com vítima";"121,200";"BR-116/PR";"Decrescente";"Capotamento";1;0;0;0;0;0;0;0;0;0;1;0;0;0;0