data;horario;n_da_ocorrencia;tipo_de_ocorrencia;km;trecho;sentido;tipo_de_acidente;automovel;bicicleta;caminhao;moto;onibus;outros;tracao_animal;transporte_de_cargas_especiais;trator_maquinas;utilitarios;ilesos;levemente_feridos;moderadamente_feridos;gravemente_feridos;mortos
"17/06/2024";"03:57:09";"94";"Com vítima";"141,100";"BR-116/PR";"Decrescente";"Colisão transversal";2;0;0;0;0;0;0;0;0;0;0;0;0;0;0
"18/06/2024";"03:34:52";"94";"Com vítima";"145,800";"BR-116/PR";"Decrescente";"Atropelamento de ciclista";1;0;0;0;0;0;0;0;0;0;1;0;0;0;0
"19/06/2024";"02:15:06";"81";"Sem vítima";"176,500";"BR-116/PR";"Decrescente";"Choque";0;0;2;0;0;0;0;0;0;0;2;0;0;0;0
"19/06/2024";"03:17:43";"83";"Com vítima";"250,100";"BR-116/PR";"Decrescente";"Colisão transversal";1;0;0;1;0;0;0;0;0;0;1;0;0;0;0
"19/06/2024";"04:04:59";"86";"Sem vítima";"157,100";"BR-116/PR";"Crescente";"Saída de pista";1;0;0;0;0;0;0;0;0;0;1;0;0;0;0
"20/06/2024";"03:35:39";"13";"Sem vítima";"119,950";"BR-116/PR";"Crescente";"Colisão traseira";3;0;0;0;0;0;0;0;0;0;3;0;0;0;0
"20/06/2024";"02:15:36";"105";"Com vítima";"116,100";"BR-116/PR";"Crescente";"Queda de moto";0;0;0;1;0;0;0;0;0;0;0;0;0;0;0
"22/06/2024";"04:12:22";"81";"Sem vítima";"155,002";"BR-116/PR";"Decrescente";"Choque";1;0;0;0;0;0;0;0;0;0;1;0;0;0;0
"22/06/2024";"05:06:42";"84";"Sem vítima";"254,246";"BR-116/PR";"Decrescente";"Capotamento";1;0;0;0;0;0;0;0;0;0;1;0;0;0;0
"23/06/2024";"08:28:00";"71";"Com vítima";"155,100";"BR-116/PR";"Decrescente";"Tombamento";0;0;1;0;0;0;0;0;0;0;0;0;0;0;0
"24/06/2024";"05:20:25";"40";"Sem vítima";"176,100";"BR-116/PR";"Decrescente";"Saída de pista";0;0;1;0;0;0;0;0;0;0;1;0;0;0;0
"24/06/2024";"03:26:45";"100";"Com vítima";"118,200";"BR-116/PR";"Crescente";"Colisão traseira";1;0;0;1;0;0;0;0;0;0;1;0;0;0;0
"25/06/2024";"03:37:31";"99";"Com vítima";"126,350";"BR-116/PR";"Decrescente";"Atropelamento de animal";0;0;0;1;0;0;0;0;0;0;0;0;0;0;0
"25/06/2024";"06:30:48";"115";"Sem vítima";"118,500";"BR-116/PR";"Decrescente";"Colisão lateral no mesmo sentido";1;0;1;0;0;0;0;0;0;0;2;0;0;0;0
"26/06/2024";"10:36:15";"74";"Sem vítima";"2,010";"BR-116/PR";"Decrescente";"Colisão traseira";1;0;0;1;0;0;0;0;0;0;2;0;0;0;0
"26/06/2024";"11:08:44";"77";"Sem vítima";"156,900";"BR-116/PR";"Decrescente";"Saída de pista";1;0;0;0;0;0;0;0;0;0;2;0;0;0;0
"27/06/2024";"10:43:42";"72";"Sem vítima";"141,100";"BR-116/PR";"Crescente";"Saída de pista";0;0;0;0;0;0;0;0;0;1;1;0;0;0;0
"27/06/2024";"02:50:02";"92";"Com vítima";"115,200";"BR-116/PR";"Crescente";"Engavetamento";2;0;0;1;0;0;0;0;0;0;2;0;0;0;0
"28/06/2024";"03:07:50";"13";"Com vítima";"126,471";"BR-116/PR";"Crescente";"Colisão lateral no mesmo sentido";1;0;0;1;0;0;0;0;0;0;1;0;0;0;0
"28/06/2024";"04:11:33";"21";"Sem vítima";"115,550";"BR-116/PR";"Crescente";"Colisão lateral no mesmo sentido";1;0;0;1;0;0;0;0;0;0;2;0;0;0;0
"28/06/2024";"10:01:49";"79";"Sem vítima";"103,700";"BR-116/PR";"Decrescente";"Colisão traseira";0;0;1;0;0;0;0;0;0;1;2;0;0;0;0
"28/06/2024";"10:48:35";"81";"Com vítima";"219,300";"BR-116/PR";"Crescente";"Colisão frontal";1;0;0;0;0;0;0;0;0;1;1;0;0;0;0
"28/06/2024";"11:23:00";"84";"Sem vítima";"122,100";"BR-116/PR";"Crescente";"Colisão lateral no mesmo sentido";0;0;1;0;0;0;0;0;0;0;0;0;0;0;0
"28/06/2024";"04:43:48";"115";"Sem vítima";"1,200";"BR-116/PR";"Decrescente";"Colisão transversal";2;0;0;0;0;0;0;0;0;0;2;0;0;0;0
"29/06/2024";"09:24:03";"43";"Com vítima";"218,782";"BR-116/PR";"Decrescente";"Colisão traseira";0;0;0;1;0;0;0;0;0;0;0;0;0;0;0
"29/06/2024";"10:45:10";"49";"Sem vítima";"182,200";"BR-116/PR";"Crescente";"Choque";0;0;1;0;0;0;0;0;0;0;1;0;0;0;0
"29/06/2024";"11:39:16";"52";"Sem vítima";"142,200";"BR-116/PR";"Decrescente";"Colisão lateral no mesmo sentido";1;0;0;0;0;0;0;0;0;0;1;0;0;0;0
"29/06/2024";"02:01:38";"66";"Sem vítima";"168,576";"BR-116/PR";"Decrescente";"Choque";1;0;0;0;0;0;0;0;0;0;1;0;0;0;0
"29/06/2024";"07:38:32";"90";"Sem vítima";"163,599";"BR-116/PR";"Crescente";"Choque";1;0;0;0;0;0;0;0;0;0;1;0;0;0;0
"30/06/2024";"01:50:41";"8";"Sem vítima";"115,781";"BR-116/PR";"Decrescente";"Colisão lateral no mesmo sentido";2;0;0;0;0;0;0;0;0;0;1;0;0;0;0
"30/06/2024";"07:24:20";"25";"Com vítima";"165,100";"BR-116/PR";"Crescente";"Tombamento";0;0;1;0;0;0;0;0;0;0;0;0;0;0;0
"30/06/2024";"10:34:10";"38";"Com vítima";"139,100";"BR-116/PR";"Decrescente";"Atropelamento de pedestre";1;0;0;0;0;0;0;0;0;0;3;0;0;0;0
"30/06/2024";"04:52:04";"69";"Sem vítima";"125,382";"BR-116/PR";"Crescente";"Engavetamento";3;0;0;0;0;0;0;0;0;0;3;0;0;0;0
"30/06/2024";"05:04:46";"73";"Sem vítima";"115,311";"BR-116/PR";"Crescente";"Colisão traseira";2;0;0;0;0;0;0;0;0;0;2;0;0;0;0
"30/06/2024";"08:56:47";"86";"Sem vítima";"166,010";"BR-116/PR";"Decrescente";"Colisão lateral no mesmo sentido";1;0;1;0;0;0;0;0;0;0;1;0;0;0;0
"01/07/2024";"02:32:55";"9";"Sem vítima";"209,100";"BR-116/PR";"Crescente";"Atropelamento de animal";1;0;1;0;0;0;0;0;0;0;3;0;0;0;0
"02/07/2024";"05:56:05";"50";"Sem vítima";"305,100";"BR-116/PR";"Decrescente";"Saída de pista";0;0;2;0;0;0;0;0;0;0;2;0;0;0;0
"02/07/2024";"12:56:23";"90";"Com vítima";"245,400";"BR-116/PR";"Crescente";"Colisão lateral no mesmo sentido";1;0;1;0;0;0;0;0;0;0;1;0;0;0;0
"02/07/2024";"01:05:19";"91";"Com vítima";"120,650";"BR-116/PR";"Decrescente";"Queda de moto";0;0;0;1;0;0;0;0;0;0;0;0;0;0;0
"02/07/2024";"02:45:51";"99";"Com vítima";"254,700";"BR-116/PR";"Crescente";"Colisão traseira";1;0;0;0;1;0;0;0;0;0;0;0;0;0;0
"03/07/2024";"04:59:24";"32";"Com vítima";"115,100";"BR-116/PR";"Crescente";"Colisão traseira";1;0;0;1;0;0;0;0;0;0;2;0;0;0;0
"03/07/2024";"11:07:02";"67";"Sem vítima";"138,800";"BR-116/PR";"Crescente";"Colisão transversal";0;0;1;0;0;0;0;0;0;1;0;0;0;0;0
"03/07/2024";"04:36:56";"115";"Com vítima";"118,200";"BR-116/PR";"Decrescente";"Queda de moto";0;0;0;1;0;0;0;0;0;0;0;0;0;0;0
"03/07/2024";"10:21:56";"8";"Sem vítima";"208,950";"BR-116/PR";"Crescente";"Saída de pista";1;0;0;0;0;0;0;0;0;0;1;0;0;0;0
"04/07/2024";"02:50:00";"11";"Sem vítima";"157,100";"BR-116/PR";"Crescente";"Colisão transversal";0;0;1;0;0;0;0;0;0;0;1;0;0;0;0
"04/07/2024";"06:58:48";"56";"Sem vítima";"115,100";"BR-116/PR";"Crescente";"Colisão transversal";1;0;0;1;0;0;0;0;0;1;4;0;0;0;0
"04/07/2024";"02:05:56";"93";"Com vítima";"115,100";"BR-116/PR";"Decrescente";"Engavetamento";2;0;0;1;0;0;0;0;0;0;2;0;0;0;0
"05/07/2024";"12:12:49";"7";"Com vítima";"139,860";"BR-116/PR";"Decrescente";"Colisão traseira";2;0;0;0;0;0;0;0;0;0;0;0;0;0;0
"05/07/2024";"04:17:46";"25";"Sem vítima";"152,100";"BR-116/PR";"Crescente";"Colisão traseira";0;0;2;0;0;0;0;0;0;0;3;0;0;0;0
"05/07/2024";"05:20:42";"43";"Com vítima";"166,100";"BR-116/PR";"Crescente";"Atropelamento de ciclista";0;1;1;0;0;0;0;0;0;0;1;0;0;0;0
"05/07/2024";"11:24:10";"85";"Com vítima";"246,306";"BR-116/PR";"Decrescente";"Colisão traseira";0;0;1;1;0;0;0;0;0;0;1;0;0;0;0
"05/07/2024";"03:30:29";"101";"Sem vítima";"134,800";"BR-116/PR";"Crescente";"Colisão traseira";1;0;1;0;0;0;0;0;0;0;2;0;0;0;0
"05/07/2024";"05:21:30";"107";"Sem vítima";"236,200";"BR-116/PR";"Decrescente";"Colisão lateral no mesmo sentido";2;0;0;0;0;0;0;0;0;0;2;0;0;0;0
"05/07/2024";"11:27:19";"6";"Sem vítima";"116,570";"BR-116/PR";"Decrescente";"Choque";1;0;0;0;0;0;0;0;0;0;1;0;0;0;0
"06/07/2024";"12:58:43";"43";"Sem vítima";"211,100";"BR-116/PR";"Crescente";"Saída de pista";1;0;0;0;0;0;0;0;0;0;1;0;0;0;0
"06/07/2024";"08:36:04";"67";"Sem vítima";"188,414";"BR-116/PR";"Crescente";"Saída de pista";1;0;0;0;0;0;0;0;0;0;1;0;0;0;0
"07/07/2024";"10:34:41";"38";"Sem vítima";"210,100";"BR-116/PR";"Decrescente";"Tombamento";0;0;1;0;0;0;0;0;0;0;1;0;0;0;0
"07/07/2024";"12:23:48";"48";"Com vítima";"211,026";"BR-116/PR";"Decrescente";"Capotamento";1;0;0;0;0;0;0;0;0;0;0;0;0;0;0
"07/07/2024";"03:49:07";"68";"Sem vítima";"13,500";"BR-116/PR";"Crescente";"Saída de pista";1;0;0;0;0;0;0;0;0;0;1;0;0;0;0
"07/07/2024";"05:03:36";"74";"Com vítima";"205,625";"BR-116/PR";"Decrescente";"Saída de pista";1;0;0;0;0;0;0;0;0;0;1;0;0;0;0
"07/07/2024";"06:23:31";"77";"Sem vítima";"194,238";"BR-116/PR";"Decrescente";"Choque";0;0;1;0;0;0;0;0;0;0;1;0;0;0;0
"07/07/2024";"09:10:37";"6";"Sem vítima";"146,100";"BR-116/PR";"Decrescente";"Choque";1;0;0;0;0;0;0;0;0;0;1;0;0;0;0
"08/07/2024";"02:44:01";"14";"Sem vítima";"197,486";"BR-116/PR";"Decrescente";"Choque";1;0;0;0;0;0;0;0;0;0;4;0;0;0;0
"08/07/2024";"06:13:34";"48";"Sem vítima";"11,800";"BR-116/PR";"Crescente";"Colisão transversal";1;0;1;0;0;0;0;0;0;0;2;0;0;0;0
"08/07/2024";"06:14:35";"50";"Com vítima";"221,100";"BR-116/PR";"Decrescente";"Colisão lateral no mesmo sentido";1;0;0;0;0;0;0;0;0;1;1;0;0;0;0
"08/07/2024";"09:43:52";"60";"Com vítima";"170,988";"BR-116/PR";"Decrescente";"Engavetamento";0;0;3;0;0;0;0;0;0;0;1;0;0;0;0
"08/07/2024";"02:32:55";"83";"Com vítima";"238,141";"BR-116/PR";"Crescente";"Saída de pista";1;0;0;0;0;0;0;0;0;0;0;0;0;0;0
"09/07/2024";"04:44:54";"19";"Com vítima";"115,100";"BR-116/PR";"Crescente";"Capotamento";1;0;0;0;0;0;0;0;0;0;0;0;0;0;0
"09/07/2024";"07:17:11";"94";"Sem vítima";"133,100";"BR-116/PR";"Crescente";"Colisão frontal";1;0;1;0;0;0;0;0;0;0;2;0;0;0;0
"10/07/2024";"11:26:57";"80";"Sem vítima";"92,100";"BR-116/PR";"Crescente";"Saída de pista";1;0;0;0;0;0;0;0;0;0;6;0;0;0;0
"10/07/2024";"04:13:09";"121";"Com vítima";"152,532";"BR-116/PR";"Decrescente";"Colisão transversal";1;0;0;1;0;0;0;0;0;0;3;0;0;0;0
"10/07/2024";"04:32:55";"123";"Sem vítima";"126,139";"BR-116/PR";"Crescente";"Colisão transversal";1;0;1;0;0;0;0;0;0;0;12;0;0;0;0
"10/07/2024";"08:53:22";"135";"Sem vítima";"168,163";"BR-116/PR";"Crescente";"Tombamento";0;0;1;0;0;0;0;0;0;0;3;0;0;0;0
"10/07/2024";"11:39:26";"6";"Sem vítima";"119,112";"BR-116/PR";"Decrescente";"Choque";1;0;0;0;0;0;0;0;0;0;3;0;0;0;0
"11/07/2024";"05:25:13";"35";"Sem vítima";"161,950";"BR-116/PR";"Decrescente";"Choque";1;0;0;0;0;0;0;0;0;0;3;0;0;0;0
"11/07/2024";"02:17:45";"91";"Sem vítima";"126,200";"BR-116/PR";"Decrescente";"Colisão traseira";1;0;0;0;0;0;0;0;0;0;6;0;0;0;0
"11/07/2024";"02:23:51";"92";"Sem vítima";"4,200";"BR-116/PR";"Crescente";"Colisão lateral no mesmo sentido";1;0;1;0;0;0;0;0;0;0;6;0;0;0;0
"12/07/2024";"02:27:09";"11";"Sem vítima";"130,900";"BR-116/PR";"Decrescente";"Queda de moto";0;0;0;1;0;0;0;0;0;0;1;0;0;0;0
"12/07/2024";"10:51:20";"63";"Sem vítima";"140,400";"BR-116/PR";"Decrescente";"Colisão traseira";1;0;0;0;0;0;0;0;0;0;2;0;0;0;0
"12/07/2024";"06:18:31";"108";"Sem vítima";"166,500";"BR-116/PR";"Crescente";"Saída de pista";1;0;0;0;0;0;0;0;0;0;2;0;0;0;0
"12/07/2024";"08:09:02";"115";"Sem vítima";"141,157";"BR-116/PR";"Crescente";"Colisão traseira";0;0;2;0;0;0;0;0;0;0;2;0;0;0;0
"13/07/2024";"12:16:45";"7";"Sem vítima";"117,098";"BR-116/PR";"Decrescente";"Saída de pista";1;0;0;0;0;0;0;0;0;0;1;0;0;0;0
"13/07/2024";"02:35:46";"64";"Com vítima";"5,800";"BR-116/PR";"Decrescente";"Colisão transversal";2;0;0;0;0;0;0;0;0;0;1;0;0;0;0
"14/07/2024";"12:34:18";"10";"Sem vítima";"155,239";"BR-116/PR";"Decrescente";"Choque";1;0;0;0;0;0;0;0;0;0;1;0;0;0;0
"14/07/2024";"05:21:10";"21";"Sem vítima";"139,900";"BR-116/PR";"Decrescente";"Colisão traseira";2;0;0;0;0;0;0;0;0;0;2;0;0;0;0
"14/07/2024";"06:12:04";"26";"Com vítima";"116,400";"BR-116/PR";"Decrescente";"Capotamento";1;0;0;0;0;0;0;0;0;0;2;0;0;0;0
"14/07/2024";"07:59:12";"36";"Sem vítima";"11,200";"BR-116/PR";"Crescente";"Choque";1;0;0;0;0;0;0;0;0;0;1;0;0;0;0
"14/07/2024";"02:01:08";"67";"Sem vítima";"126,200";"BR-116/PR";"Decrescente";"Engavetamento";6;0;0;0;0;0;0;0;0;0;6;0;0;0;0
"14/07/2024";"07:55:55";"105";"Sem vítima";"126,251";"BR-116/PR";"Decrescente";"Colisão traseira";1;0;0;0;0;0;0;0;0;1;4;0;0;0;0
"14/07/2024";"10:46:31";"7";"Com vítima";"151,360";"BR-116/PR";"Decrescente";"Queda de moto";0;0;0;1;0;0;0;0;0;0;0;0;0;0;0
"15/07/2024";"09:50:13";"57";"Com vítima";"122,075";"BR-116/PR";"Decrescente";"Choque";1;0;0;0;0;0;0;0;0;0;0;0;0;0;0
"15/07/2024";"10:18:09";"61";"Sem vítima";"12,200";"BR-116/PR";"Decrescente";"Colisão lateral no mesmo sentido";2;0;0;0;0;0;0;0;0;0;2;0;0;0;0
"15/07/2024";"06:33:03";"90";"Sem vítima";"299,293";"BR-116/PR";"Crescente";"Atropelamento de animal";0;0;1;0;0;0;0;0;0;0;1;0;0;0;0
"16/07/2024";"02:26:25";"12";"Com vítima";"91,200";"BR-116/PR";"Crescente";"Saída de pista";0;0;1;0;0;0;0;0;0;0;0;0;0;0;0
"16/07/2024";"10:01:23";"64";"Sem vítima";"126,000";"BR-116/PR";"Crescente";"Colisão traseira";1;0;1;0;0;0;0;0;0;0;5;0;0;0;0
"16/07/2024";"02:36:34";"93";"Sem vítima";"138,824";"BR-116/PR";"Crescente";"Colisão frontal";2;0;0;0;0;0;0;0;0;0;2;0;0;0;0
"16/07/2024";"04:02:16";"101";"Sem vítima";"132,984";"BR-116/PR";"Decrescente";"Colisão lateral no mesmo sentido";2;0;0;0;0;0;0;0;0;0;2;0;0;0;0
"17/07/2024";"05:58:43";"45";"Sem vítima";"2,200";"BR-116/PR";"Decrescente";"Colisão transversal";2;0;0;0;0;0;0;0;0;0;2;0;0;0;0
"17/07/2024";"08:40:05";"53";"Com vítima";"124,200";"BR-116/PR";"Crescente";"Colisão lateral no mesmo sentido";0;0;2;0;0;0;0;0;0;0;1;0;0;0;0
"17/07/2024";"01:05:02";"72";"Com vítima";"152,500";"BR-116/PR";"Crescente";"Colisão transversal";1;0;0;1;0;0;0;0;0;0;1;0;0;0;0
"17/07/2024";"02:53:01";"85";"Com vítima";"152,500";"BR-116/PR";"Crescente";"Colisão transversal";1;0;1;0;0;0;0;0;0;0;2;0;0;0;0
"18/07/2024";"03:13:59";"20";"Com vítima";"187,700";"BR-116/PR";"Decrescente";"Colisão frontal";1;0;1;0;0;0;0;0;0;0;1;0;0;0;1
"18/07/2024";"03:58:17";"23";"Com vítima";"126,100";"BR-116/PR";"Crescente";"Colisão traseira";2;0;0;0;0;0;0;0;0;0;1;0;0;0;0
"18/07/2024";"04:25:36";"108";"Sem vítima";"140,875";"BR-116/PR";"Decrescente";"Colisão transversal";1;0;0;0;0;0;0;0;0;1;2;0;0;0;0
"18/07/2024";"04:43:16";"109";"Com vítima";"163,587";"BR-116/PR";"Decrescente";"Atropelamento de pedestre";1;0;0;1;0;0;0;0;0;0;1;0;0;0;1
"18/07/2024";"08:08:33";"117";"Sem vítima";"134,400";"BR-116/PR";"Decrescente";"Colisão traseira";1;0;1;0;0;0;0;0;0;0;6;0;0;0;0
"18/07/2024";"09:59:43";"8";"Com vítima";"118,507";"BR-116/PR";"Decrescente";"Colisão traseira";1;0;0;1;0;0;0;0;0;0;1;0;0;0;0
"19/07/2024";"03:13:32";"14";"Sem vítima";"4,500";"BR-116/PR";"Crescente";"Choque";1;0;0;0;0;0;0;0;0;0;1;0;0;0;0
"19/07/2024";"07:45:25";"60";"Com vítima";"119,200";"BR-116/PR";"Crescente";"Queda de moto";0;0;0;1;0;0;0;0;0;0;0;0;0;0;0
"19/07/2024";"08:00:05";"64";"Sem vítima";"123,200";"BR-116/PR";"Crescente";"Colisão traseira";1;0;0;1;0;0;0;0;0;0;2;0;0;0;0
"19/07/2024";"09:03:14";"68";"Com vítima";"120,779";"BR-116/PR";"Crescente";"Colisão traseira";1;0;0;1;0;0;0;0;0;0;1;0;0;0;0
"19/07/2024";"02:16:39";"104";"Sem vítima";"210,200";"BR-116/PR";"Decrescente";"Colisão transversal";2;0;0;0;0;0;0;0;0;0;2;0;0;0;0
"19/07/2024";"10:54:50";"10";"Sem vítima";"207,200";"BR-116/PR";"Decrescente";"Saída de pista";1;0;0;0;0;0;0;0;0;0;0;0;0;0;0
"20/07/2024";"04:11:47";"18";"Com vítima";"184,600";"BR-116/PR";"Crescente";"Tombamento";0;0;1;0;0;0;0;0;0;0;0;0;0;0;0
"20/07/2024";"07:55:21";"45";"Sem vítima";"0,100";"BR-116/PR";"Decrescente";"Colisão traseira";3;0;0;0;0;0;0;0;0;0;3;0;0;0;0
"20/07/2024";"10:29:46";"60";"Com vítima";"266,100";"BR-116/PR";"Decrescente";"Saída de pista";0;0;0;1;0;0;0;0;0;0;0;0;0;0;0
"20/07/2024";"03:38:11";"91";"Com vítima";"116,700";"BR-116/PR";"Decrescente";"Queda de moto";0;0;0;1;0;0;0;0;0;0;0;0;0;0;0
"21/07/2024";"04:58:10";"68";"Sem vítima";"177,950";"BR-116/PR";"Crescente";"Colisão transversal";2;0;0;0;0;0;0;0;0;0;2;0;0;0;0
"21/07/2024";"05:26:18";"72";"Sem vítima";"153,100";"BR-116/PR";"Decrescente";"Colisão frontal";2;0;0;0;0;0;0;0;0;0;1;0;0;0;0
"22/07/2024";"05:31:59";"47";"Sem vítima";"125,200";"BR-116/PR";"Decrescente";"Colisão traseira";1;0;0;0;0;0;0;0;0;0;1;0;0;0;0
"22/07/2024";"07:26:07";"58";"Com vítima";"107,010";"BR-116/PR";"Crescente";"Queda de moto";0;0;0;1;0;0;0;0;0;0;0;0;0;0;0
"22/07/2024";"10:46:01";"68";"Com vítima";"245,800";"BR-116/PR";"Decrescente";"Colisão transversal";2;0;0;0;0;0;0;0;0;0;4;0;0;0;0
"22/07/2024";"02:17:23";"89";"Sem vítima";"118,175";"BR-116/PR";"Decrescente";"Colisão traseira";2;0;0;0;0;0;0;0;0;0;2;0;0;0;0
"24/07/2024";"03:47:23";"26";"Com vítima";"124,950";"BR-116/PR";"Crescente";"Colisão traseira";0;0;0;1;0;0;0;0;0;1;1;0;0;0;0
"24/07/2024";"04:43:31";"32";"Com vítima";"127,600";"BR-116/PR";"Crescente";"Colisão lateral no mesmo sentido";0;0;1;2;0;0;0;0;0;0;2;0;0;0;0
"24/07/2024";"04:29:00";"110";"Com vítima";"125,780";"BR-116/PR";"Decrescente";"Colisão transversal";0;0;1;0;0;0;0;0;0;1;1;0;0;0;0
"24/07/2024";"06:25:47";"117";"Sem vítima";"125,785";"BR-116/PR";"Crescente";"Colisão transversal";1;0;1;0;0;0;0;0;0;0;2;0;0;0;0
"25/07/2024";"08:12:08";"59";"Com vítima";"122,250";"BR-116/PR";"Crescente";"Colisão lateral no mesmo sentido";0;0;1;1;0;0;0;0;0;0;1;0;0;0;0
"25/07/2024";"11:22:32";"74";"Sem vítima";"126,631";"BR-116/PR";"Crescente";"Colisão traseira";1;0;0;0;0;0;0;0;0;0;1;0;0;0;0
"25/07/2024";"04:44:12";"105";"Com vítima";"139,620";"BR-116/PR";"Crescente";"Colisão frontal";2;0;0;0;0;0;0;0;0;0;0;0;0;0;1
"26/07/2024";"04:10:32";"25";"Sem vítima";"117,100";"BR-116/PR";"Crescente";"Colisão frontal";1;0;0;1;0;0;0;0;0;0;2;0;0;0;0
"26/07/2024";"10:53:08";"81";"Com vítima";"133,100";"BR-116/PR";"Decrescente";"Queda de moto";0;0;0;1;0;0;0;0;0;0;0;0;0;0;0
"26/07/2024";"02:12:37";"108";"Com vítima";"118,228";"BR-116/PR";"Decrescente";"Colisão traseira";1;0;0;1;0;0;0;0;0;0;1;0;0;0;0
"26/07/2024";"02:23:26";"110";"Sem vítima";"3,900";"BR-116/PR";"Crescente";"Colisão transversal";2;0;0;0;0;0;0;0;0;0;2;0;0;0;0
"26/07/2024";"02:51:16";"113";"Com vítima";"149,850";"BR-116/PR";"Decrescente";"Atropelamento de pedestre";0;0;0;0;0;0;0;0;0;0;0;0;0;0;0
"26/07/2024";"06:48:25";"140";"Com vítima";"206,800";"BR-116/PR";"Crescente";"Atropelamento de animal";0;0;0;1;0;0;0;0;0;0;0;0;0;0;0
"26/07/2024";"11:46:31";"4";"Sem vítima";"134,250";"BR-116/PR";"Decrescente";"Colisão traseira";0;0;0;2;0;0;0;0;0;0;3;0;0;0;0
"27/07/2024";"09:59:45";"48";"Sem vítima";"115,200";"BR-116/PR";"Decrescente";"Queda de moto";0;0;0;1;0;0;0;0;0;0;1;0;0;0;0
"27/07/2024";"12:16:40";"61";"Com vítima";"122,100";"BR-116/PR";"Decrescente";"Colisão traseira";1;0;0;1;0;0;0;0;0;0;1;0;0;0;0
"27/07/2024";"03:30:53";"83";"Sem vítima";"190,619";"BR-116/PR";"Crescente";"Atropelamento de animal";1;0;0;0;0;0;0;0;0;0;2;0;0;0;0
"27/07/2024";"04:59:14";"88";"Com vítima";"164,375";"BR-116/PR";"Decrescente";"Choque";1;0;0;0;0;0;0;0;0;0;0;0;0;0;0
"27/07/2024";"10:18:21";"5";"Sem vítima";"131,283";"BR-116/PR";"Decrescente";"Queda de moto";0;0;0;1;0;0;0;0;0;0;0;0;0;0;0
"28/07/2024";"04:38:01";"16";"Sem vítima";"244,111";"BR-116/PR";"Crescente";"Saída de pista";1;0;0;0;0;0;0;0;0;0;3;0;0;0;0
"28/07/2024";"05:44:03";"21";"Com vítima";"130,100";"BR-116/PR";"Crescente";"Colisão lateral no mesmo sentido";2;0;0;0;0;0;0;0;0;0;1;0;0;0;0
"28/07/2024";"11:26:21";"43";"Sem vítima";"68,015";"BR-116/PR";"Decrescente";"Colisão lateral no mesmo sentido";2;0;0;0;0;0;0;0;0;0;2;0;0;0;0
"28/07/2024";"12:32:58";"50";"Sem vítima";"116,900";"BR-116/PR";"Decrescente";"Choque";1;0;0;0;0;0;0;0;0;0;1;0;0;0;0
"28/07/2024";"01:11:41";"57";"Sem vítima";"63,100";"BR-116/PR";"Crescente";"Colisão traseira";1;0;0;0;0;0;0;0;0;0;1;0;0;0;0
"28/07/2024";"07:13:02";"87";"Com vítima";"113,200";"BR-116/PR";"Decrescente";"Capotamento";1;0;0;0;0;0;0;0;0;0;0;0;0;0;0
"28/07/2024";"08:54:58";"93";"Sem vítima";"215,994";"BR-116/PR";"Crescente";"Choque";1;0;0;0;0;0;0;0;0;0;1;0;0;0;0
"29/07/2024";"04:02:26";"15";"Com vítima";"116,600";"BR-116/PR";"Crescente";"Colisão traseira";1;0;0;1;0;0;0;0;0;0;1;0;0;0;0
"29/07/2024";"04:52:57";"25";"Com vítima";"116,600";"BR-116/PR";"Crescente";"Queda de moto";0;0;0;1;0;0;0;0;0;0;0;0;0;0;0
"29/07/2024";"11:57:20";"59";"Com vítima";"211,500";"BR-116/PR";"Decrescente";"Tombamento";0;0;1;0;0;0;0;0;0;0;0;0;0;0;1
"30/07/2024";"04:54:29";"24";"Sem vítima";"57,100";"BR-116/PR";"Decrescente";"Capotamento";1;0;1;0;0;0;0;0;0;0;3;0;0;0;0
"30/07/2024";"02:39:58";"86";"Sem vítima";"121,300";"BR-116/PR";"Crescente";"Engavetamento";3;0;0;1;0;0;0;0;0;0;4;0;0;0;0
"31/07/2024";"03:59:44";"17";"Sem vítima";"209,100";"BR-116/PR";"Decrescente";"Choque";1;0;0;0;0;0;0;0;0;0;1;0;0;0;0
"31/07/2024";"01:50:09";"86";"Com vítima";"152,100";"BR-116/PR";"Decrescente";"Colisão transversal";1;0;0;0;0;0;0;0;0;1;1;0;0;0;0